directorid,annualreportdate,boardid,salary,bonus,estvaloptaward,eqlinkremratio,wealthdelta
69696,2018-12-01,725,1757,,28393,0.96,2114
69696,2015-12-01,725,2294,,,0.68,3152
69696,2016-12-01,725,2376,,,0.92,1938
69696,2021-12-01,725,718,,,,3925
69696,2023-10-01,725,,,,,
69696,2022-12-01,725,63,,,,1667
69696,2017-12-01,725,1750,,6663,0.94,647
69696,2019-12-01,725,1757,,40196,0.97,2923
69696,2020-12-01,725,1494,,,0.97,7200
69696,2015-12-01,725,2294,,,0.68,3152
69696,2016-12-01,725,2376,,,0.92,1938
69696,2018-12-01,725,1757,,28393,0.96,2114
69696,2021-12-01,725,718,,,,3925
69696,2020-12-01,725,1494,,,0.97,7200
69696,2017-12-01,725,1750,,6663,0.94,647
69696,2019-12-01,725,1757,,40196,0.97,2923
69696,2022-12-01,725,63,,,,1667
56477,2019-12-01,881,134,,,0.7,18
56477,2017-12-01,881,18,,,0.89,1
56477,2022-12-01,881,114,,,0.55,60
56477,2020-12-01,881,95,,,0.79,39
56477,2021-12-01,881,95,,,0.8,128
56477,2024-12-01,881,148,,,0.57,128
56477,2018-12-01,881,118,,,0.73,6
56477,2023-12-01,881,120,,,0.77,144
332327,2016-12-01,1355,231,,181,0.63,12
332327,2017-12-01,1355,1523,,,0.24,14
332327,2016-12-01,1355,,,,,
332327,2019-12-01,1355,0,,,1,11
332327,2015-12-01,1355,95,,289,0.82,5
332327,2017-12-01,1355,,,,,
332327,2021-07-01,1355,,,,,
332327,2018-12-01,1355,195,,,0.52,5
332327,2016-12-01,1355,231,,181,0.63,12
332327,2017-12-01,1355,,,,,
541897,2015-12-01,1355,1048,,10351,0.96,1106
541897,2016-12-01,1355,,,,,
541897,2016-12-01,1355,,,,,
541897,2015-12-01,1355,1048,,10351,0.96,1106
1077323,2017-12-01,1355,900,,3659,0.96,285
1077323,2018-12-01,1355,1200,,,0.91,275
1077323,2019-12-01,1355,1250,,,0.92,413
1077323,2021-07-01,1355,,,,,
1077323,2017-12-01,1355,900,,3659,0.96,285
1077323,2018-12-01,1355,1200,,,0.91,275
1077323,2019-12-01,1355,1250,,,0.92,413
879247,2019-12-01,1970,17,,,0.68,3
879247,2021-12-01,1970,130,,,0.57,
879247,2022-12-01,1970,,,,,
879247,2020-12-01,1970,122,,,0.6,3
56477,2018-09-01,2043,100,,,0.55,5
56477,2021-09-01,2043,20,,,0.94,19
56477,2017-09-01,2043,100,,,0.53,3
56477,2022-09-01,2043,0,,,1,23
56477,2023-09-01,2043,130,,,0.66,34
56477,2024-09-01,2043,125,,,0.65,52
56477,2020-09-01,2043,0,,,1,7
56477,2025-09-01,2043,125,,,0.71,71
56477,2016-09-01,2043,106,,,,1
56477,2015-09-01,2043,6,,,,1
56477,2019-09-01,2043,100,,,0.63,6
534543,2020-12-01,2068,1648,,12289,0.94,3120
534543,2021-12-01,2068,1674,,11733,0.94,3117
534543,2019-12-01,2068,1601,,20084,0.97,3339
534543,2018-12-01,2068,1566,,11677,0.95,2294
534543,2022-12-01,2068,1722,0,16583,0.96,4119
534543,2017-12-01,2068,1556,,11387,0.94,1774
534543,2015-12-01,2068,1506,,,0.92,1575
534543,2023-12-01,2068,1787,0,19094,0.96,6989
534543,2016-12-01,2068,1532,,8856,0.94,1142
534543,2024-12-01,2068,1869,0,9322,0.93,6483
534543,2015-12-01,2068,1506,,,0.92,1575
534543,2017-12-01,2068,1556,,11387,0.94,1774
534543,2019-12-01,2068,1601,,20084,0.97,3339
534543,2021-12-01,2068,1674,,11733,0.94,3117
534543,2023-12-01,2068,1787,0,19094,0.96,6989
534543,2018-12-01,2068,1566,,11677,0.95,2294
534543,2022-12-01,2068,1722,0,16583,0.96,4119
534543,2016-12-01,2068,1532,,8856,0.94,1142
534543,2020-12-01,2068,1648,,12289,0.94,3120
534543,2024-12-01,2068,1869,0,9322,0.93,6483
35469,2018-11-01,2145,985,,4800,0.94,524
35469,2016-10-01,2145,828,,4494,0.92,606
35469,2023-10-01,2145,1129,,,0.95,1878
35469,2025-11-01,2145,1200,,,0.97,2465
35469,2020-10-01,2145,1050,,9661,0.96,1015
35469,2019-11-01,2145,1031,,6108,0.93,669
35469,2022-10-01,2145,1075,,,0.94,1739
35469,2024-11-01,2145,1138,,,0.95,2370
35469,2015-10-01,2145,785,,5939,0.94,449
35469,2017-10-01,2145,878,,5449,0.94,1020
35469,2021-10-01,2145,1050,,6926,0.99,2070
35469,2015-10-01,2145,785,,5939,0.94,449
35469,2017-10-01,2145,878,,5449,0.94,1020
35469,2023-10-01,2145,1129,,,0.95,1878
35469,2024-11-01,2145,1138,,,0.95,2370
35469,2025-11-01,2145,1200,,,0.97,2465
35469,2021-10-01,2145,1050,,6926,0.99,2070
35469,2018-11-01,2145,985,,4800,0.94,524
35469,2016-10-01,2145,828,,4494,0.92,606
35469,2022-10-01,2145,1075,,,0.94,1739
35469,2019-11-01,2145,1031,,6108,0.93,669
35469,2020-10-01,2145,1050,,9661,0.96,1015
36387,2022-10-01,2145,88,,,0.71,2
36387,2021-10-01,2145,14,,,0.89,131
36387,2023-10-01,2145,,,,,
542142,2016-10-01,2145,66,,,0.64,5
542142,2019-11-01,2145,77,,,0.74,16
542142,2018-11-01,2145,70,,,0.73,11
542142,2015-10-01,2145,63,,318,0.87,4
542142,2020-10-01,2145,,,,,
542142,2017-10-01,2145,70,,,0.76,10
90127,2020-06-01,2240,,,,,
48076,2015-10-01,2382,85,,,0.63,20
48076,2016-10-01,2382,,,,,
64702,2016-10-01,2382,81,,,0.78,38
64702,2017-10-01,2382,92,,,0.79,78
64702,2018-10-01,2382,95,,,0.56,46
64702,2019-10-01,2382,105,,,0.76,82
64702,2015-10-01,2382,75,,,0.66,20
64702,2023-10-01,2382,95,,,0.74,142
64702,2021-10-01,2382,90,,,0.74,143
64702,2020-10-01,2382,94,,,0.76,93
64702,2025-10-01,2382,110,,,0.77,254
64702,2022-10-01,2382,94,,,0.65,95
64702,2024-10-01,2382,106,,,0.66,204
183402,2016-04-01,2960,,,,,
183402,2015-12-01,2960,,,,,
46796,2019-12-01,3218,,,,,
46796,2021-12-01,3218,,,,,
47456,2020-12-01,3218,,,,,
47456,2021-12-01,3218,,,,,
535295,2020-12-01,4002,,,,,
535295,2024-12-01,4002,,,,,
535295,2023-12-01,4002,,,,,
535295,2021-12-01,4002,,,,,
535295,2019-12-01,4002,,,,,
535295,2022-12-01,4002,,,,,
205003,2020-03-01,6905,,,,,
205003,2022-03-01,6905,,,,,
205003,2015-03-01,6905,,,,,
205003,2016-03-01,6905,,,,,
205003,2019-03-01,6905,,,,,
205003,2024-03-01,6905,,,,,
205003,2018-03-01,6905,,,,,
205003,2023-03-01,6905,,,,,
205003,2017-03-01,6905,,,,,
205003,2021-03-01,6905,,,,,
205003,2025-03-01,6905,,,,,
498587,2020-03-01,6905,,,,,
498587,2016-03-01,6905,,,,,
498587,2021-03-01,6905,,,,,
498587,2017-03-01,6905,,,,,
498587,2018-03-01,6905,,,,,
498587,2019-03-01,6905,,,,,
498587,2015-03-01,6905,,,,,
547579,2025-03-01,6905,,,,,
2025770,2022-03-01,6905,,,,,
2025770,2021-03-01,6905,,,,,
2025770,2023-03-01,6905,,,,,
2025770,2024-03-01,6905,,,,,
2025770,2025-03-01,6905,,,,,
375926,2015-07-01,6908,,,,,
542142,2022-07-01,6908,6,,,0.98,
542142,2023-07-01,6908,0,,,1,
542142,2021-07-01,6908,94,,,0.75,
542142,2024-07-01,6908,,,,,
542142,2020-07-01,6908,70,,,0.74,
1252966,2024-07-01,6908,349,292,,0.15,
1252966,2025-07-01,6908,,,,,
1621914,2019-07-01,6908,825,,,0.96,592
1621914,2018-07-01,6908,748,,,0.96,393
1621914,2020-07-01,6908,,,,,
1621922,2020-07-01,6908,625,,,0.93,209
1621922,2021-07-01,6908,573,,,0.95,252
201483,2018-06-01,7173,90,,,0.45,5
201483,2017-07-01,7173,81,,324,0.84,4
201483,2019-06-01,7173,,,,,
201483,2015-06-01,7173,75,,,0.5,1
201483,2016-07-01,7173,75,,,0.5,3
1207036,2019-03-01,10364,1192,,,0.9,1232
1207036,2023-03-01,10364,1300,,,0.91,224
1207036,2018-03-01,10364,1142,,,0.98,1944
1207036,2020-03-01,10364,1200,,,0.94,1272
1207036,2015-03-01,10364,881,,6786,0.96,1248
1207036,2021-03-01,10364,1250,,,0.97,959
1207036,2022-03-01,10364,1293,,,0.93,374
1207036,2024-03-01,10364,1300,,,0.94,336
1207036,2024-03-01,10364,1300,,,0.94,336
1207036,2017-03-01,10364,1084,,,0.96,1488
1207036,2025-03-01,10364,1300,,,0.95,473
1207036,2020-03-01,10364,1200,,,0.94,1272
1207036,2022-03-01,10364,1293,,,0.93,374
1207036,2015-03-01,10364,881,,6786,0.96,1248
1207036,2018-03-01,10364,1142,,,0.98,1944
1207036,2019-03-01,10364,1192,,,0.9,1232
1207036,2021-03-01,10364,1250,,,0.97,959
1207036,2016-03-01,10364,1019,,,0.95,1265
1207036,2017-03-01,10364,1084,,,0.96,1488
1207036,2025-03-01,10364,1300,,,0.95,473
1207036,2023-03-01,10364,1300,,,0.91,224
1207036,2016-03-01,10364,1019,,,0.95,1265
333387,2016-09-01,11505,,,,,
333387,2015-12-01,11505,,,,,
377031,2015-03-01,12102,,,,,
377031,2017-03-01,12102,,,,,
377031,2018-03-01,12102,,,,,
377031,2015-03-01,12102,,,,,
377031,2016-03-01,12102,,,,,
377031,2016-03-01,12102,,,,,
377031,2019-03-01,12102,,,,,
377031,2017-03-01,12102,,,,,
892665,2019-03-01,12102,,,,,
892665,2024-03-01,12102,,,,,
892665,2023-03-01,12102,,,,,
892665,2020-03-01,12102,,,,,
892665,2022-03-01,12102,,,,,
892665,2021-03-01,12102,,,,,
892665,2025-03-01,12102,,,,,
1302499,2021-03-01,12102,,,,,
1302499,2022-03-01,12102,,,,,
1302499,2023-03-01,12102,,,,,
1302499,2024-03-01,12102,,,,,
1302499,2025-03-01,12102,,,,,
36387,2016-06-01,19863,600,,,0.89,386
1068880,2022-12-01,808,75,,,0.75,20
1068880,2023-12-01,808,75,,,0.87,9
1068880,2019-11-01,808,60,,,0.85,7
1068880,2020-11-01,808,60,,,0.88,16
1068880,2021-12-01,808,75,,,0.83,24
1068880,2018-11-01,808,48,,,0.86,3
1068880,2025-11-01,808,75,,,0.79,25
1068880,2024-11-01,808,75,,,0.81,29
1284093,2023-12-01,808,0,,,1,2
1284093,2024-11-01,808,0,,,1,1
1284093,2025-11-01,808,0,,,1,6
330400,2019-12-01,881,231,500,1322,0.95,155
330400,2020-12-01,881,623,,1248,0.91,346
330400,2021-12-01,881,613,,1920,0.94,621
339239,2023-12-01,881,915,,3212,0.97,899
339239,2024-12-01,881,,,,,
339239,2022-12-01,881,794,4750,1974,0.66,433
542142,2016-12-01,881,886,,6455,0.96,1221
542142,2018-12-01,881,961,,4217,0.95,1739
542142,2023-12-01,881,1200,,9636,0.98,9129
542142,2015-12-01,881,850,300,2497,0.87,241
542142,2017-12-01,881,925,,1776,0.89,1065
542142,2019-12-01,881,1026,,6159,0.99,4992
542142,2020-12-01,881,1096,,6398,0.99,8152
542142,2021-12-01,881,1076,,10380,0.98,11704
542142,2024-12-01,881,1230,,5965,0.98,6631
542142,2022-12-01,881,1149,,4913,0.91,4438
542142,2019-12-01,881,1026,,6159,0.99,4992
542142,2020-12-01,881,1096,,6398,0.99,8152
542142,2015-12-01,881,850,300,2497,0.87,241
542142,2016-12-01,881,886,,6455,0.96,1221
542142,2017-12-01,881,925,,1776,0.89,1065
542142,2021-12-01,881,1076,,10380,0.98,11704
542142,2023-12-01,881,1200,,9636,0.98,9129
542142,2022-12-01,881,1149,,4913,0.91,4438
542142,2018-12-01,881,961,,4217,0.95,1739
542142,2024-12-01,881,1230,,5965,0.98,6631
272786,2016-10-01,1060,90,,,0.69,7
272786,2017-10-01,1060,97,,,0.73,10
272786,2019-10-01,1060,0,,,1,15
272786,2018-10-01,1060,0,,,1,13
272786,2020-10-01,1060,0,,,1,29
272786,2025-10-01,1060,105,,,0.72,30
272786,2015-10-01,1060,90,,,0.64,2
272786,2022-10-01,1060,103,,,0.71,26
272786,2021-10-01,1060,0,,,1,26
272786,2024-10-01,1060,105,,,0.68,48
272786,2023-10-01,1060,105,,,0.62,21
444827,2024-12-01,1703,0,,,,48
444827,2023-12-01,1703,0,,,1,33
1768029,2022-12-01,1703,318,,,0.98,555
1768029,2021-12-01,1703,110,,,1,1152
1768029,2024-12-01,1703,,,,,
1768029,2023-12-01,1703,365,,,,797
333387,2015-03-01,1924,,,,,
333387,2016-09-01,1924,,,,,
333387,2016-03-01,1924,,,,,
747756,2025-09-01,2355,100,,,0.76,17
747756,2022-09-01,2355,100,,,0.77,3
747756,2024-09-01,2355,100,,,0.78,13
747756,2023-09-01,2355,100,,,0.76,7
56477,2024-12-01,2781,122,,,,
56477,2020-12-01,2781,59,,,,
56477,2022-12-01,2781,135,,,,
56477,2023-12-01,2781,151,,,,
56477,2021-12-01,2781,127,,,,
325964,2024-01-01,3118,0,,,1,8
325964,2020-01-01,3118,38,,,0.89,4
325964,2025-01-01,3118,0,,,1,4
325964,2021-01-01,3118,0,,,1,4
325964,2019-01-01,3118,10,,,0.93,1
325964,2022-01-01,3118,0,,,1,3
325964,2023-01-01,3118,0,,,1,4
1754265,2023-07-01,4972,,,,,
1754265,2024-07-01,4972,,,,,
1754265,2022-07-01,4972,,,,,
1754265,2025-07-01,4972,,,,,
327474,2017-12-01,5455,,,,,
327474,2023-12-01,5455,,,,,
327474,2019-12-01,5455,,,,,
327474,2016-12-01,5455,,,,,
327474,2018-12-01,5455,,,,,
327474,2015-12-01,5455,,,,,
327474,2021-12-01,5455,,,,,
327474,2022-12-01,5455,,,,,
327474,2024-12-01,5455,,,,,
327474,2020-12-01,5455,,,,,
1084894,2017-12-01,6175,,,,,
1084894,2019-12-01,6175,,,,,
1084894,2021-12-01,6175,,,,,
1084894,2022-12-01,6175,,,,,
1084894,2015-12-01,6175,,,,,
1084894,2016-12-01,6175,,,,,
1084894,2020-12-01,6175,,,,,
1084894,2024-12-01,6175,,,,,
1084894,2018-12-01,6175,,,,,
1084894,2023-12-01,6175,,,,,
84112,2017-12-01,6177,1500,,6869,0.89,3659
84112,2018-12-01,6177,,,,,
84112,2015-12-01,6177,1483,,15199,0.94,4683
84112,2016-12-01,6177,1500,,8743,0.92,4346
84112,2016-12-01,6177,1500,,8743,0.92,4346
84112,2015-12-01,6177,1483,,15199,0.94,4683
84112,2017-12-01,6177,1500,,6869,0.89,3659
540927,2015-12-01,6177,642,,2340,0.88,375
540927,2016-12-01,6177,692,,4422,0.91,432
540927,2017-12-01,6177,833,,4620,0.9,474
1203855,2016-12-01,6177,1063,,6569,0.92,629
1203855,2017-12-01,6177,1267,,8055,0.91,713
1203855,2018-12-01,6177,1354,,,0.82,504
1203855,2015-12-01,6177,871,,2725,0.9,540
1203855,2018-12-01,6177,1354,,,0.82,504
1203855,2016-12-01,6177,1063,,6569,0.92,629
1203855,2017-12-01,6177,1267,,8055,0.91,713
1203855,2019-11-01,6177,,,,,
52347,2018-12-01,6959,0,,,,60
52347,2022-09-01,6959,,,,,
52347,2015-12-01,6959,431,,,0.98,258
52347,2021-12-01,6959,,,,,
52347,2020-12-01,6959,170,,,0.57,25
52347,2021-12-01,6959,250,500,,0.94,185
52347,2016-12-01,6959,1000,,,0.12,179
52347,2019-12-01,6959,228,,,0.55,67
52347,2015-12-01,6959,,,,,
52347,2017-12-01,6959,660,,,0.94,305
52347,2015-12-01,6959,431,,,0.98,258
52347,2021-12-01,6959,250,500,,0.94,185
52347,2017-12-01,6959,660,,,0.94,305
52347,2019-12-01,6959,,,,,
52347,2016-12-01,6959,1000,,,0.12,179
205153,2020-12-01,6959,1000,,,0.94,679
205153,2017-12-01,6959,861,,,0.93,356
205153,2018-12-01,6959,1000,,,0.93,461
205153,2021-12-01,6959,,,,,
205153,2019-12-01,6959,1000,,,0.94,563
205153,2021-12-01,6959,,,,,
205153,2016-12-01,6959,718,,,0.9,319
205153,2017-12-01,6959,861,,,0.93,356
205153,2018-12-01,6959,1000,,,0.93,461
205153,2020-12-01,6959,1000,,,0.94,679
205153,2015-12-01,6959,690,,,0.94,273
205153,2019-12-01,6959,1000,,,0.94,563
271741,2016-12-01,6959,205,,,0.58,3
271741,2015-12-01,6959,2,,,0.99,
271741,2017-12-01,6959,70,,,0.8,14
271741,2018-12-01,6959,,,,,
272180,2016-12-01,6959,938,,,0.97,299
272180,2017-12-01,6959,,,,,
272180,2016-12-01,6959,938,,,0.97,299
272180,2017-12-01,6959,,,,,
545851,2018-12-01,6959,75,,,0.76,10
545851,2021-12-01,6959,,,,,
545851,2017-12-01,6959,7,,,0.99,6
545851,2019-12-01,6959,79,,,0.78,13
545851,2020-12-01,6959,103,,,0.69,17
34852,2019-06-01,8220,,,,,
34852,2021-06-01,8220,,,,,
34852,2023-06-01,8220,,,,,
34852,2018-06-01,8220,,,,,
34852,2022-06-01,8220,,,,,
34852,2020-06-01,8220,,,,,
34852,2024-06-01,8220,,,,,
90127,2017-06-01,8220,,,,,
90127,2016-06-01,8220,,,,,
90127,2018-06-01,8220,,,,,
90127,2015-06-01,8220,,,,,
764621,2016-10-01,8886,100,,,0.59,1
764621,2017-10-01,8886,124,,,0.58,4
764621,2018-10-01,8886,,,,,
48076,2022-12-01,9989,0,,,1,59
48076,2018-12-01,9989,0,,,1,83
48076,2019-12-01,9989,0,,,1,111
48076,2023-12-01,9989,,,,,
48076,2016-12-01,9989,80,,,0.81,93
48076,2015-12-01,9989,527,,441,0.89,123
48076,2020-12-01,9989,0,,,1,128
48076,2017-12-01,9989,0,,,1,102
48076,2021-12-01,9989,0,,,1,120
48076,2015-12-01,9989,527,,441,0.89,123
103257,2015-12-01,9989,,,,,
103257,2015-12-01,9989,,,,,
761557,2020-12-01,9989,87,,,0.74,6
761557,2021-12-01,9989,108,,,0.7,10
761557,2019-12-01,9989,47,,,0.84,5
761557,2022-12-01,9989,,,,,
535295,2015-05-01,10597,,,,,
1068227,2015-05-01,10597,,,,,
272786,2016-01-01,11375,,,,,
272786,2018-12-01,11375,,,,,
272786,2015-01-01,11375,,,,,
272786,2021-01-01,11375,,,,,
272786,2017-12-01,11375,,,,,
272786,2020-01-01,11375,,,,,
272786,2016-12-01,11375,,,,,
272802,2020-01-01,11375,,,,,
272802,2021-12-01,11375,,,,,
272802,2016-01-01,11375,,,,,
272802,2016-12-01,11375,,,,,
272802,2025-01-01,11375,,,,,
272802,2017-12-01,11375,,,,,
272802,2022-12-01,11375,,,,,
272802,2021-01-01,11375,,,,,
272802,2023-12-01,11375,,,,,
272802,2018-12-01,11375,,,,,
272802,2015-01-01,11375,,,,,
1077323,2022-09-01,14967,90,,,0.52,3
1077323,2025-09-01,14967,90,,,0.58,6
1077323,2021-09-01,14967,98,,206,0.77,2
1077323,2019-09-01,14967,60,,,0.68,1
1077323,2020-09-01,14967,70,,323,0.87,3
1077323,2023-09-01,14967,90,,,0.53,4
1077323,2024-09-01,14967,90,,,0.59,6
33049,2019-02-01,14982,0,,,1,147
33049,2015-02-01,14982,0,,,1,86
33049,2018-01-01,14982,0,,,1,195
33049,2021-01-01,14982,0,,,1,232
33049,2022-01-01,14982,0,,,1,322
33049,2023-01-01,14982,0,,,1,353
33049,2025-02-01,14982,0,,,1,490
33049,2016-01-01,14982,0,,,1,109
33049,2020-02-01,14982,0,,,1,189
33049,2024-01-01,14982,0,,,1,410
33049,2017-01-01,14982,0,,,1,125
552052,2017-12-01,16949,510,,1572,0.9,187
552052,2018-12-01,16949,674,,779,0.79,119
552052,2021-12-01,16949,803,,,0.9,277
552052,2017-12-01,16949,510,,1572,0.9,187
552052,2018-12-01,16949,674,,779,0.79,119
552052,2024-12-01,16949,315,,,0.89,5128
552052,2020-12-01,16949,628,,,0.91,322
552052,2022-12-01,16949,785,,,0.88,176
552052,2019-12-01,16949,617,,1740,0.88,1572
552052,2016-12-01,16949,511,,436,0.79,101
552052,2020-12-01,16949,628,,,0.91,322
552052,2023-12-01,16949,865,,,0.82,7685
1931869,2024-12-01,16949,411,775,,0.69,26
1931869,2024-12-01,16949,411,775,,0.69,26
52347,2015-12-01,17580,218,,,0.56,11
52347,2019-12-01,17580,,,,,
52347,2016-12-01,17580,168,,,0.58,13
52347,2018-12-01,17580,105,,,0.68,10
52347,2017-12-01,17580,105,,,0.71,9
1010281,2023-12-01,18319,,,,,
1096288,2016-03-01,19084,,,,,
1096288,2015-03-01,19084,,,,,
1096288,2017-03-01,19084,,,,,
1010281,2021-12-01,19739,0,,,1,17
1010281,2024-12-01,19739,0,,,1,35
1010281,2019-12-01,19739,60,,,0.73,3
1010281,2023-12-01,19739,0,,,1,30
36387,2021-08-01,19863,,,,,
36387,2015-06-01,19863,590,160,,0.9,424
36387,2018-06-01,19863,700,,,0.92,500
36387,2020-06-01,19863,825,,,0.9,232
36387,2019-06-01,19863,800,,,0.91,421
36387,2017-06-01,19863,660,,,0.91,431
36387,2017-06-01,19863,660,,,0.91,431
36387,2018-06-01,19863,700,,,0.92,500
36387,2016-06-01,19863,600,,,0.89,386
36387,2019-06-01,19863,800,,,0.91,421
36387,2020-06-01,19863,825,,,0.9,232
36387,2015-06-01,19863,590,160,,0.9,424
761557,2015-06-01,19863,470,216,,0.87,184
330400,2017-12-01,19880,,,,,
330400,2015-12-01,19880,,,,,
330400,2016-12-01,19880,,,,,
330400,2019-05-01,19880,,,,,
647302,2024-12-01,21489,,,,,
647302,2023-12-01,21489,,,,,
549027,2016-10-01,24637,,,,,
549027,2017-09-01,24637,,,,,
549027,2018-09-01,24637,,,,,
549027,2019-09-01,24637,,,,,
549027,2024-09-01,24637,,,,,
549027,2022-10-01,24637,,,,,
549027,2025-09-01,24637,,,,,
549027,2020-10-01,24637,,,,,
549027,2021-10-01,24637,,,,,
549027,2023-09-01,24637,,,,,
1127175,2020-12-01,25578,106,,,0.63,6
1127175,2022-12-01,25578,,,,,
1127175,2018-12-01,25578,0,,119,1,1
1127175,2019-12-01,25578,107,,,0.63,4
1127175,2021-12-01,25578,100,,,0.7,11
333755,2018-02-01,25895,1000,,,0.97,1270
333755,2016-02-01,25895,975,,,0.93,515
333755,2019-02-01,25895,1075,,,0.93,1246
333755,2019-07-01,25895,,,,,
333755,2017-02-01,25895,1000,,,0.91,679
333755,2015-02-01,25895,900,,,0.96,851
333755,2015-02-01,25895,900,,,0.96,851
333755,2017-02-01,25895,1000,,,0.91,679
333755,2018-02-01,25895,1000,,,0.97,1270
333755,2016-02-01,25895,975,,,0.93,515
333755,2019-02-01,25895,1075,,,0.93,1246
456223,2019-09-01,27025,,,,,
456223,2015-10-01,27025,,,,,
456223,2020-10-01,27025,,,,,
456223,2016-10-01,27025,,,,,
456223,2017-09-01,27025,,,,,
456223,2018-09-01,27025,,,,,
456223,2019-09-01,27025,,,,,
807018,2020-10-01,27025,,,,,
647592,2023-03-01,27081,,,,,
647592,2017-03-01,27081,,,,,
647592,2021-03-01,27081,,,,,
647592,2020-03-01,27081,,,,,
647592,2024-03-01,27081,,,,,
647592,2022-03-01,27081,,,,,
647592,2025-03-01,27081,,,,,
647592,2018-03-01,27081,,,,,
647592,2019-03-01,27081,,,,,
647592,2015-03-01,27081,,,,,
647592,2016-03-01,27081,,,,,
347211,2017-12-01,27435,0,,,,
347211,2022-12-01,27435,,,,,
347211,2015-12-01,27435,0,,,,
347211,2019-12-01,27435,963,,,0.93,2885
347211,2018-12-01,27435,0,,,,
347211,2020-12-01,27435,1044,,9388,0.95,4862
347211,2021-12-01,27435,1134,,10296,0.96,4612
347211,2016-12-01,27435,0,,,,
347211,2022-12-01,27435,,,,,
347211,2019-12-01,27435,963,,,0.93,2885
347211,2020-12-01,27435,1044,,9388,0.95,4862
347211,2021-12-01,27435,1134,,10296,0.96,4612
657839,2022-12-01,27435,190,,34834,1,1454
657839,2022-12-01,27435,190,,34834,1,1454
657839,2023-12-01,27435,,,,,
1134582,2017-07-01,28776,,,,,
1134582,2015-06-01,28776,,,,,
1134582,2019-03-01,28776,,,,,
1134582,2018-07-01,28776,,,,,
1134582,2016-07-01,28776,,,,,
49801,2016-04-01,29774,1000,,,0.91,306
49801,2015-04-01,29774,1473,,,0.91,147
49801,2017-03-01,29774,,,,,
49801,2017-03-01,29774,,,,,
49801,2016-04-01,29774,1000,,,0.91,306
49801,2015-04-01,29774,1473,,,0.91,147
330136,2018-12-01,32166,,,,,
330136,2020-12-01,32166,,,,,
330136,2021-12-01,32166,,,,,
330136,2017-12-01,32166,,,,,
330136,2023-12-01,32166,,,,,
330136,2015-12-01,32166,,,,,
330136,2022-12-01,32166,,,,,
330136,2024-12-01,32166,,,,,
330136,2019-12-01,32166,,,,,
330136,2016-12-01,32166,,,,,
330139,2016-12-01,32166,,,,,
330139,2015-12-01,32166,,,,,
49801,2015-03-01,68576,,,,,
46796,2017-12-01,3218,,,,,
46796,2022-12-01,3218,,,,,
46796,2018-12-01,3218,,,,,
46796,2020-12-01,3218,,,,,
46796,2024-12-01,3218,,,,,
46796,2023-12-01,3218,,,,,
485800,2015-12-01,3578,12,,,0.9,3
485800,2016-12-01,3578,104,,,0.5,6
485800,2017-12-01,3578,,,,,
106062,2018-12-01,4002,,,,,
106062,2016-12-01,4002,,,,,
106062,2016-12-01,4002,,,,,
106062,2017-12-01,4002,,,,,
106062,2019-12-01,4002,,,,,
205183,2016-12-01,4002,,,,,
205183,2015-12-01,4002,,,,,
732483,2024-12-01,9826,,,,,
1302499,2018-04-01,11887,,,,,
1302499,2019-09-01,11887,,,,,
34345,2016-10-01,14722,,,,,
34345,2017-10-01,14722,,,,,
34345,2016-10-01,14722,33,,,0.88,69
34345,2015-10-01,14722,1500,,,,
34345,2015-10-01,14722,1500,,,,
82157,2024-10-01,14722,0,,,1,23
82157,2023-10-01,14722,0,,,1,14
82157,2020-10-01,14722,62,,,0.81,6
82157,2022-10-01,14722,0,,,1,11
82157,2021-10-01,14722,35,,,0.9,17
1192124,2015-10-01,14722,725,1500,,,
657839,2019-12-01,16530,0,,,1,12
657839,2021-12-01,16530,,,,,
657839,2016-12-01,16530,0,,,1,2
657839,2018-12-01,16530,0,,,1,5
657839,2020-12-01,16530,0,,,1,8
657839,2017-12-01,16530,0,,,1,4
552050,2015-12-01,16949,0,,,,
552050,2016-12-01,16949,735,,,0.49,7157
552050,2018-12-01,16949,1005,,,0.36,215
552050,2021-12-01,16949,,,,,
552050,2017-12-01,16949,832,,,0.63,505
552050,2019-12-01,16949,930,,,0.22,579
552050,2020-12-01,16949,930,,,0.5,668
552050,2017-12-01,16949,832,,,0.63,505
552050,2016-12-01,16949,735,,,0.49,7157
552050,2019-12-01,16949,930,,,0.22,579
552050,2020-12-01,16949,930,,,0.5,668
552050,2018-12-01,16949,1005,,,0.36,215
552050,2021-12-01,16949,,,,,
552052,2015-12-01,16949,0,,,,
552052,2023-12-01,16949,865,,,0.82,7685
552052,2024-12-01,16949,,,,,
552052,2021-12-01,16949,803,,,0.9,277
552052,2016-12-01,16949,511,,436,0.79,101
552052,2019-12-01,16949,617,,1740,0.88,1572
552052,2022-12-01,16949,785,,,0.88,176
552052,2024-12-01,16949,315,,,0.89,5128
486930,2024-06-01,18449,,,,,
535295,2017-06-01,18449,,,,,
535295,2018-06-01,18449,,,,,
535295,2019-06-01,18449,,,,,
535295,2016-06-01,18449,,,,,
761557,2021-01-01,19750,935,,,0.96,798
761557,2022-01-01,19750,992,,,0.93,309
761557,2024-02-01,19750,1139,,,0.98,723
761557,2023-01-01,19750,1058,,,0.93,391
761557,2018-02-01,19750,764,,,0.91,246
761557,2024-02-01,19750,1139,,,0.98,723
761557,2019-02-01,19750,792,,,0.87,225
761557,2021-01-01,19750,935,,,0.96,798
761557,2022-01-01,19750,992,,,0.93,309
761557,2018-02-01,19750,764,,,0.91,246
761557,2020-02-01,19750,977,,,0.97,396
761557,2025-02-01,19750,1179,,,0.95,1132
201550,2017-10-01,20600,,,,,
201550,2015-09-01,20600,,,,,
201550,2016-10-01,20600,,,,,
201550,2018-05-01,20600,,,,,
647592,2022-10-01,21581,,,,,
647592,2023-10-01,21581,,,,,
647592,2016-10-01,21581,,,,,
647592,2019-10-01,21581,,,,,
647592,2020-10-01,21581,,,,,
647592,2021-10-01,21581,,,,,
647592,2024-10-01,21581,,,,,
647592,2015-10-01,21581,,,,,
647592,2018-10-01,21581,,,,,
647592,2017-10-01,21581,,,,,
1448606,2016-04-01,21903,787,45,,0.75,88
1448606,2017-04-01,21903,875,,,0.93,267
1448606,2018-04-01,21903,925,,,0.95,506
1448606,2020-04-01,21903,950,,,0.87,312
1448606,2024-04-01,21903,1000,,,0.97,981
1448606,2025-04-01,21903,1000,,,0.94,717
1448606,2021-04-01,21903,968,,,0.95,495
1448606,2022-04-01,21903,991,,,0.93,482
1448606,2015-04-01,21903,480,,2269,0.9,138
1448606,2019-04-01,21903,925,,,0.93,488
1448606,2022-04-01,21903,991,,,0.93,482
1448606,2023-04-01,21903,1000,,,0.9,471
1448606,2017-04-01,21903,875,,,0.93,267
1448606,2021-04-01,21903,968,,,0.95,495
1448606,2018-04-01,21903,925,,,0.95,506
1448606,2020-04-01,21903,950,,,0.87,312
1448606,2024-04-01,21903,1000,,,0.97,981
1448606,2019-04-01,21903,925,,,0.93,488
1448606,2023-04-01,21903,1000,,,0.9,471
1448606,2016-04-01,21903,787,45,,0.75,88
1448606,2025-04-01,21903,1000,,,0.94,717
332806,2019-12-01,25377,,,,,
332806,2021-12-01,25377,,,,,
332806,2023-12-01,25377,,,,,
332806,2020-12-01,25377,,,,,
332806,2022-12-01,25377,,,,,
332806,2024-12-01,25377,,,,,
325964,2016-01-01,26560,73,,,,3
325964,2021-01-01,26560,76,,,0.72,17
325964,2023-01-01,26560,128,,,0.62,21
325964,2019-02-01,26560,91,,,0.65,11
325964,2022-01-01,26560,101,,,0.55,16
325964,2025-02-01,26560,155,,,0.56,31
325964,2020-02-01,26560,94,,,0.66,15
325964,2024-02-01,26560,150,,,0.6,28
325964,2017-01-01,26560,86,,,0.66,5
325964,2018-02-01,26560,91,,,0.67,8
325964,2015-01-01,26560,0,,,1,2
330139,2017-12-01,27006,,,,,
330139,2019-12-01,27006,,,,,
330139,2018-12-01,27006,,,,,
83652,2017-09-01,27025,,,,,
83652,2021-10-01,27025,,,,,
83652,2019-09-01,27025,,,,,
83652,2016-10-01,27025,,,,,
83652,2015-10-01,27025,,,,,
83652,2022-10-01,27025,,,,,
83652,2023-09-01,27025,,,,,
83652,2024-09-01,27025,,,,,
83652,2018-09-01,27025,,,,,
83652,2020-10-01,27025,,,,,
204362,2018-09-01,27025,,,,,
49516,2015-07-01,27411,1200,,1919,0.88,512
49516,2017-06-01,27411,1200,,,0.62,303
49516,2018-06-01,27411,854,,,0.94,340
49516,2019-06-01,27411,,,,,
49516,2020-07-01,27411,175,,,0.64,191
49516,2021-07-01,27411,100,,,0.74,5
49516,2019-06-01,27411,116,,,0.68,628
49516,2016-07-01,27411,1246,,2513,0.8,205
49516,2022-07-01,27411,,,,,
49516,2016-07-01,27411,1246,,2513,0.8,205
49516,2018-06-01,27411,854,,,0.94,340
49516,2017-06-01,27411,1200,,,0.62,303
49516,2015-07-01,27411,1200,,1919,0.88,512
82157,2023-06-01,27411,93,,,0.72,10
82157,2025-06-01,27411,110,,,0.78,43
82157,2024-06-01,27411,83,,,0.84,29
181113,2025-06-01,27411,,,,,
181113,2023-06-01,27411,74,,,0.75,2
181113,2024-06-01,27411,86,,,0.84,7
486930,2016-07-01,27411,610,,1005,0.81,55
486930,2017-06-01,27411,600,,3251,0.94,182
486930,2015-07-01,27411,392,,1118,0.92,56
540099,2018-06-01,27411,122,,,0.68,7
540099,2017-06-01,27411,51,,,0.8,2
540099,2020-07-01,27411,125,,,0.71,3
540099,2021-07-01,27411,143,,,0.67,5
540099,2022-07-01,27411,139,,,0.61,2
540099,2023-06-01,27411,,,,,
540099,2019-06-01,27411,125,,,0.66,7
540099,2025-06-01,27411,76,,,0.83,4
547579,2020-07-01,27411,1100,,4232,0.92,703
547579,2022-07-01,27411,1100,,2942,0.91,1281
547579,2024-06-01,27411,677,,8949,0.97,1883
547579,2025-06-01,27411,1100,,9686,0.97,2235
547579,2019-06-01,27411,1085,,2971,0.91,632
547579,2018-06-01,27411,954,,9402,0.96,658
547579,2023-06-01,27411,973,,3167,0.87,1223
547579,2021-07-01,27411,1100,,9396,0.96,1510
547579,2017-06-01,27411,785,,4001,0.93,270
547579,2018-06-01,27411,954,,9402,0.96,658
547579,2023-06-01,27411,973,,3167,0.87,1223
547579,2024-06-01,27411,677,,8949,0.97,1883
547579,2020-07-01,27411,1100,,4232,0.92,703
547579,2022-07-01,27411,1100,,2942,0.91,1281
547579,2021-07-01,27411,1100,,9396,0.96,1510
547579,2016-07-01,27411,623,,1005,0.8,84
547579,2019-06-01,27411,1085,,2971,0.91,632
547579,2025-06-01,27411,1100,,9686,0.97,2235
486930,2023-01-01,27923,,,,,
64702,2015-10-01,29816,500,,3884,0.93,819
64702,2017-10-01,29816,525,,7410,0.96,1265
64702,2020-10-01,29816,540,,9737,0.97,2586
64702,2022-10-01,29816,540,,2017,0.95,1425
64702,2024-10-01,29816,725,,2638,0.89,1723
64702,2025-10-01,29816,360,,2472,0.93,1278
64702,2021-10-01,29816,540,,5266,0.97,3159
64702,2023-10-01,29816,679,,5210,0.97,1997
64702,2018-10-01,29816,535,,4235,0.94,1334
64702,2019-10-01,29816,540,,8282,0.97,1774
64702,2015-10-01,29816,500,,3884,0.93,819
64702,2018-10-01,29816,535,,4235,0.94,1334
64702,2021-10-01,29816,540,,5266,0.97,3159
64702,2025-10-01,29816,360,,2472,0.93,1278
64702,2022-10-01,29816,540,,2017,0.95,1425
64702,2016-10-01,29816,500,,5466,0.95,920
64702,2020-10-01,29816,540,,9737,0.97,2586
64702,2023-10-01,29816,679,,5210,0.97,1997
64702,2024-10-01,29816,725,,2638,0.89,1723
64702,2016-10-01,29816,500,,5466,0.95,920
64702,2019-10-01,29816,540,,8282,0.97,1774
64702,2017-10-01,29816,525,,7410,0.96,1265
64712,2017-10-01,29816,525,,7410,0.96,804
64712,2022-10-01,29816,,,,,
64712,2018-10-01,29816,535,,4235,0.94,906
64712,2016-10-01,29816,500,,5466,0.95,502
64712,2019-10-01,29816,540,,8282,0.97,1426
64712,2016-10-01,29816,500,,5466,0.95,502
64712,2022-10-01,29816,,,,,
64712,2017-10-01,29816,525,,7410,0.96,804
64712,2015-10-01,29816,500,,3884,0.93,334
64712,2020-10-01,29816,540,,9737,0.97,1461
64712,2021-10-01,29816,540,,5266,0.97,1531
64712,2015-10-01,29816,500,,3884,0.93,334
64712,2020-10-01,29816,540,,9737,0.97,1461
64712,2021-10-01,29816,540,,5266,0.97,1531
64712,2019-10-01,29816,540,,8282,0.97,1426
64712,2018-10-01,29816,535,,4235,0.94,906
545851,2025-10-01,29816,31,,,0.94,761
1864086,2024-10-01,29816,803,,4948,0.95,1453
1864086,2025-10-01,29816,884,,8999,0.95,803
1864086,2025-10-01,29816,884,,8999,0.95,803
1864086,2020-10-01,29816,430,,7148,0.96,561
1864086,2023-10-01,29816,594,,3908,0.97,1375
1864086,2021-10-01,29816,500,,3762,0.95,995
1864086,2024-10-01,29816,803,,4948,0.95,1453
1864086,2022-10-01,29816,500,,1729,0.94,876
1864086,2023-10-01,29816,594,,3908,0.97,1375
1108033,2016-12-01,30004,0,,,,
1108033,2019-12-01,30004,,,,,
1108033,2015-12-01,30004,0,,,,
1108033,2018-12-01,30004,0,,,,
1108033,2017-12-01,30004,0,,,,
141731,2016-12-01,33264,123,,,0.61,19
141731,2017-12-01,33264,119,,,0.63,24
141731,2018-12-01,33264,,,,,
52347,2020-12-01,2257,46,,,0.88,2
52347,2025-07-01,2257,,,,,
52347,2022-12-01,2257,80,,,0.77,8
52347,2024-12-01,2257,295,,,0.51,17
52347,2021-12-01,2257,66,,,0.84,9
52347,2023-12-01,2257,140,,,0.71,15
206474,2019-12-01,2257,,,,,
206474,2015-12-01,2257,65,,,0.89,44
206474,2016-12-01,2257,65,,,0.9,50
206474,2018-12-01,2257,65,,,0.82,62
206474,2017-12-01,2257,65,,,0.85,77
545851,2016-12-01,2257,,,,,
545851,2021-12-01,2257,825,309,,0.96,2005
545851,2016-12-01,2257,183,201,9320,0.97,255
545851,2022-12-01,2257,844,313,,0.96,1282
545851,2019-12-01,2257,794,240,,0.97,1383
545851,2024-12-01,2257,850,0,,0.97,1736
545851,2020-12-01,2257,819,248,,0.95,1947
545851,2015-12-01,2257,51,,,0.91,24
545851,2018-12-01,2257,769,210,,0.87,591
545851,2025-07-01,2257,,,,,
545851,2023-12-01,2257,850,0,,0.98,1722
545851,2017-12-01,2257,750,206,,0.93,501
545851,2019-12-01,2257,794,240,,0.97,1383
545851,2023-12-01,2257,850,0,,0.98,1722
545851,2021-12-01,2257,825,309,,0.96,2005
545851,2020-12-01,2257,819,248,,0.95,1947
545851,2024-12-01,2257,850,0,,0.97,1736
545851,2018-12-01,2257,769,210,,0.87,591
545851,2016-12-01,2257,183,201,9320,0.97,255
545851,2017-12-01,2257,750,206,,0.93,501
545851,2022-12-01,2257,844,313,,0.96,1282
507661,2017-12-01,4327,,,,,
507661,2015-12-01,4327,,,,,
507661,2016-12-01,4327,,,,,
507661,2018-12-01,4327,,,,,
333171,2019-12-01,6098,,,,,
333171,2018-12-01,6098,80,,,0.45,1
593280,2015-01-01,6727,,,,,
540451,2024-03-01,7368,90,,,0.61,4
540451,2023-03-01,7368,80,,,0.66,3
540451,2025-03-01,7368,100,,,0.37,4
540451,2022-03-01,7368,57,,,0.67,1
895019,2020-12-01,8311,,,,,
895019,2021-12-01,8311,,,,,
895019,2023-12-01,8311,,,,,
895019,2022-12-01,8311,,,,,
180412,2016-01-01,8542,,,,,
180412,2017-01-01,8542,,,,,
1269387,2017-01-01,8542,,,,,
1269387,2017-12-01,8542,,,,,
1269387,2018-12-01,8542,,,,,
1269387,2020-04-01,8542,,,,,
513708,2015-12-01,11340,,,,,
513708,2019-12-01,11340,,,,,
513708,2016-12-01,11340,,,,,
513708,2020-12-01,11340,,,,,
513708,2022-12-01,11340,,,,,
513708,2024-12-01,11340,,,,,
513708,2018-12-01,11340,,,,,
513708,2017-12-01,11340,,,,,
513708,2023-12-01,11340,,,,,
513708,2021-12-01,11340,,,,,
205003,2023-12-01,11590,,,,,
205003,2025-07-01,11590,,,,,
205003,2022-12-01,11590,,,,,
205003,2021-12-01,11590,,,,,
544257,2017-12-01,11590,,,,,
544257,2025-07-01,11590,,,,,
544257,2025-07-01,11590,,,,,
544257,2019-12-01,11590,,,,,
544257,2021-12-01,11590,,,,,
544257,2022-12-01,11590,,,,,
544257,2023-12-01,11590,,,,,
544257,2018-12-01,11590,,,,,
544257,2023-12-01,11590,,,,,
544257,2020-12-01,11590,,,,,
320726,2017-12-01,17053,,,,,
320726,2018-12-01,17053,,,,,
320726,2015-12-01,17053,,,,,
320726,2019-12-01,17053,,,,,
320726,2016-12-01,17053,,,,,
320726,2020-12-01,17053,,,,,
320726,2021-12-01,17053,,,,,
52347,2016-06-01,17984,143,,,0.55,9
52347,2020-06-01,17984,143,,,0.61,22
52347,2015-06-01,17984,91,,,0.64,5
52347,2017-06-01,17984,143,,,0.58,6
52347,2024-06-01,17984,185,,,0.73,25
52347,2021-06-01,17984,143,,,0.67,3
52347,2022-06-01,17984,143,,,0.56,5
52347,2025-06-01,17984,188,,,0.67,31
52347,2023-06-01,17984,164,,,0.73,12
52347,2019-06-01,17984,143,,,0.63,12
52347,2018-06-01,17984,143,,,0.58,9
339239,2020-06-01,17984,103,,,0.69,5
339239,2019-06-01,17984,51,,,0.77,2
339239,2023-06-01,17984,103,,,0.77,3
339239,2022-06-01,17984,103,,,0.63,13
339239,2024-06-01,17984,113,,,0.78,10
339239,2025-06-01,17984,113,,,0.74,14
339239,2021-06-01,17984,103,,,0.74,11
61667,2024-03-01,20566,681,21,,0.95,397
61667,2021-03-01,20566,421,13,,0.92,44
61667,2023-03-01,20566,643,76,,0.96,343
61667,2025-03-01,20566,,,,,
61667,2018-03-01,20566,413,29,,0.88,182
61667,2020-03-01,20566,470,,,0.8,111
61667,2023-03-01,20566,643,76,,0.96,343
61667,2024-03-01,20566,681,21,,0.95,397
61667,2015-03-01,20566,302,13,,0.86,76
61667,2016-03-01,20566,327,13,,0.93,100
61667,2022-03-01,20566,566,46,,0.96,236
61667,2021-03-01,20566,421,13,,0.92,44
61667,2025-03-01,20566,,,,,
61667,2022-03-01,20566,566,46,,0.96,236
61667,2017-03-01,20566,356,28,,0.92,165
339239,2025-03-01,20566,14,,,0.88,0
444827,2018-02-01,22406,85,,,0.62,
444827,2023-01-01,22406,,,,,
444827,2020-02-01,22406,85,,,0.8,11
444827,2015-01-01,22406,85,,,0.62,
444827,2022-01-01,22406,85,,,0.72,
444827,2016-01-01,22406,100,,,0.48,
444827,2021-01-01,22406,43,,,0.95,
444827,2019-02-01,22406,105,,,0.7,8
444827,2017-01-01,22406,85,,,0.66,4
324013,2015-06-01,23799,,,,,
324013,2016-06-01,23799,,,,,
324013,2017-09-01,23799,,,,,
64712,2024-12-01,23991,,,,,
64712,2023-12-01,23991,,,,,
200556,2019-09-01,24637,,,,,
200556,2016-10-01,24637,,,,,
200556,2021-10-01,24637,,,,,
200556,2017-09-01,24637,,,,,
200556,2024-09-01,24637,,,,,
200556,2025-09-01,24637,,,,,
200556,2022-10-01,24637,,,,,
200556,2017-09-01,24637,,,,,
200556,2020-10-01,24637,,,,,
200556,2015-10-01,24637,,,,,
200556,2018-09-01,24637,,,,,
200556,2023-09-01,24637,,,,,
833256,2015-12-01,24733,,,,,
833256,2016-09-01,24733,,,,,
640531,2019-09-01,25529,1199,,,0.93,1029
640531,2018-09-01,25529,1391,,14701,0.95,941
640531,2017-09-01,25529,1156,,,0.81,279
640531,2018-09-01,25529,1391,,14701,0.95,941
640531,2020-09-01,25529,1529,,,0.9,1781
640531,2015-09-01,25529,1142,,,0.94,659
640531,2019-09-01,25529,1199,,,0.93,1029
640531,2021-09-01,25529,,,,,
640531,2020-09-01,25529,1529,,,0.9,1781
640531,2016-09-01,25529,1139,,,0.79,716
640531,2015-09-01,25529,1142,,,0.94,659
640531,2017-09-01,25529,1156,,,0.81,279
640531,2021-09-01,25529,,,,,
640531,2016-09-01,25529,1139,,,0.79,716
1284093,2025-09-01,25529,1350,,,0.96,798
1284093,2024-09-01,25529,1350,,,0.97,767
1284093,2024-09-01,25529,1350,,,0.97,767
1284093,2019-09-01,25529,1112,,,0.88,441
1284093,2020-09-01,25529,1000,,,0.9,877
1284093,2023-09-01,25529,1346,,,0.92,386
1284093,2021-09-01,25529,1033,,,0.92,812
1284093,2022-09-01,25529,1150,,,0.72,785
1284093,2023-09-01,25529,1346,,,0.92,386
1284093,2015-09-01,25529,523,,,0.94,218
1284093,2018-09-01,25529,917,,,0.93,455
1284093,2021-09-01,25529,1033,,,0.92,812
1284093,2022-09-01,25529,1150,,,0.72,785
1284093,2025-09-01,25529,1350,,,0.96,798
181113,2015-01-01,26182,,,,,
205405,2016-01-01,26992,1081,,9001,0.93,453
205405,2016-05-01,26992,,,,,
205405,2016-01-01,26992,1081,,9001,0.93,453
1123639,2016-01-01,26992,430,,1298,0.83,67
275794,2018-09-01,27190,,,,,
275794,2015-09-01,27190,,,,,
275794,2017-09-01,27190,,,,,
275794,2016-09-01,27190,,,,,
745229,2019-09-01,27190,,,,,
745229,2020-09-01,27190,,,,,
745229,2018-09-01,27190,,,,,
745229,2021-09-01,27190,,,,,
745229,2022-03-01,27190,,,,,
1068227,2017-03-01,29774,667,,,0.53,2519
1068227,2019-03-01,29774,1000,,,,1221
1068227,2018-03-01,29774,1000,,,0.94,2295
1068227,2017-03-01,29774,667,,,0.53,2519
1068227,2019-03-01,29774,1000,,,,1221
1068227,2018-03-01,29774,1000,,,0.94,2295
1068227,2020-04-01,29774,,,,,
1068227,2020-04-01,29774,,,,,
1096288,2021-04-01,29774,754,1300,,0.84,233
1096288,2020-04-01,29774,569,,,0.94,234
1096288,2024-03-01,29774,950,,,0.95,702
1096288,2025-03-01,29774,950,,,0.96,924
1096288,2020-04-01,29774,569,,,0.94,234
1096288,2024-03-01,29774,950,,,0.95,702
1096288,2023-03-01,29774,940,,,0.94,432
1096288,2025-03-01,29774,950,,,0.96,924
1096288,2021-04-01,29774,754,1300,,0.84,233
1096288,2022-04-01,29774,886,,,0.96,554
1096288,2022-04-01,29774,886,,,0.96,554
1096288,2023-03-01,29774,940,,,0.94,432
271741,2023-12-01,30004,42,,,0.85,5
271741,2024-12-01,30004,75,,,0.84,17
33503,2020-10-01,33048,93,,,0.76,9
33503,2019-09-01,33048,0,,,1,6
33503,2024-09-01,33048,,,,,
33503,2023-09-01,33048,139,,,0.48,14
33503,2022-10-01,33048,0,,,1,12
33503,2018-09-01,33048,0,,,1,4
33503,2021-10-01,33048,0,,,1,16
141731,2018-09-01,33048,145,,,0.58,73
141731,2017-09-01,33048,119,,,0.61,60
141731,2015-10-01,33048,58,,,0.8,51
141731,2016-10-01,33048,115,,,0.66,49
141731,2019-09-01,33048,,,,,
33569,2017-01-01,69444,1150,,10036,0.93,1385
33569,2020-01-01,69444,1435,,11674,0.95,2239
33569,2016-01-01,69444,1077,41,12275,0.92,1369
33569,2015-01-01,69444,1000,,15348,0.94,920
33569,2018-01-01,69444,1150,,,0.5,1508
33569,2019-01-01,69444,1343,298,21318,0.96,1614
33569,2021-01-01,69444,,,,,
33569,2016-01-01,69444,1077,41,12275,0.92,1369
33569,2021-01-01,69444,,,,,
33569,2019-01-01,69444,1343,298,21318,0.96,1614
33569,2015-01-01,69444,1000,,15348,0.94,920
33569,2017-01-01,69444,1150,,10036,0.93,1385
33569,2020-01-01,69444,1435,,11674,0.95,2239
33569,2018-01-01,69444,1150,,,0.5,1508
271741,2015-01-01,69444,650,25,,0.49,339
375926,2016-01-01,69444,1550,,12039,0.95,29311
375926,2022-01-01,69444,1550,,19015,0.96,71024
375926,2019-01-01,69444,1550,,29517,0.98,55427
375926,2015-01-01,69444,1440,,61039,0.98,25861
375926,2020-01-01,69444,1550,,15567,0.95,64193
375926,2021-01-01,69444,1550,,26910,0.97,73648
375926,2023-01-01,69444,1550,4,17324,0.95,48683
375926,2024-01-01,69444,1550,3,26865,0.98,40903
375926,2025-01-01,69444,1550,3,28249,0.98,46370
375926,2018-01-01,69444,1550,,,0.67,43442
375926,2020-01-01,69444,1550,,15567,0.95,64193
375926,2021-01-01,69444,1550,,26910,0.97,73648
375926,2024-01-01,69444,1550,3,26865,0.98,40903
375926,2016-01-01,69444,1550,,12039,0.95,29311
45781,2015-12-01,81913,,,,,
45781,2019-12-01,81913,,,,,
45781,2021-12-01,81913,,,,,
45781,2018-12-01,81913,,,,,
45781,2017-12-01,81913,,,,,
45781,2024-12-01,81913,,,,,
45781,2022-12-01,81913,,,,,
45781,2023-12-01,81913,,,,,
45781,2016-12-01,81913,,,,,
45781,2020-12-01,81913,,,,,
507530,2015-12-01,89511,,,,,
507530,2017-12-01,89511,,,,,
507530,2018-12-01,89511,,,,,
507530,2016-12-01,89511,,,,,
206108,2024-12-01,550958,,,,,
8391,2016-12-01,10024,529,,,0.97,309
8391,2015-12-01,10024,487,,,0.81,53
47456,2018-12-01,13273,342,,347,0.78,33
47456,2015-12-01,13273,1727,,9286,0.89,9842
47456,2015-12-01,13273,1727,,9286,0.89,9842
47456,2017-12-01,13273,1253,,4472,0.88,4744
47456,2016-12-01,13273,1737,,3785,0.82,5385
47456,2017-12-01,13273,1253,,4472,0.88,4744
47456,2018-12-01,13273,,,,,
47456,2019-12-01,13273,,,,,
47456,2016-12-01,13273,1737,,3785,0.82,5385
48201,2016-12-01,13273,1465,,6940,0.9,2339
48201,2018-12-01,13273,,,,,
48201,2017-12-01,13273,1539,,11523,0.92,2306
48201,2015-12-01,13273,1186,,3844,0.83,1338
48201,2016-12-01,13273,1465,,6940,0.9,2339
48201,2018-12-01,13273,,,,,
48201,2017-12-01,13273,1539,,11523,0.92,2306
1015485,2022-12-01,13273,1691,,22739,0.96,1560
1015485,2019-12-01,13273,1268,5675,7175,0.66,291
1015485,2020-12-01,13273,1703,,5819,0.92,440
1015485,2019-12-01,13273,1268,5675,7175,0.66,291
1015485,2023-12-01,13273,1741,,8751,0.93,1968
1015485,2024-12-01,13273,1771,,14748,0.94,2465
1015485,2021-12-01,13273,1650,,11761,0.95,912
1015485,2020-12-01,13273,1703,,5819,0.92,440
1015485,2023-12-01,13273,1741,,8751,0.93,1968
1015485,2024-12-01,13273,1771,,14748,0.94,2465
1015485,2022-12-01,13273,1691,,22739,0.96,1560
1015485,2021-12-01,13273,1650,,11761,0.95,912
376561,2023-12-01,16049,1085,,705,0.69,36
376561,2021-12-01,16049,1053,,2156,0.91,409
376561,2024-12-01,16049,1085,,859,0.61,65
376561,2020-12-01,16049,1053,,1801,0.89,520
376561,2022-12-01,16049,1085,,989,0.83,93
376561,2015-12-01,16049,0,,,,
376561,2017-12-01,16049,941,,6048,0.96,1858
376561,2016-12-01,16049,920,,1016,0.84,343
376561,2018-12-01,16049,969,,3058,0.93,947
376561,2021-12-01,16049,1053,,2156,0.91,409
376561,2022-12-01,16049,1085,,989,0.83,93
376561,2020-12-01,16049,1053,,1801,0.89,520
376561,2016-12-01,16049,920,,1016,0.84,343
376561,2017-12-01,16049,941,,6048,0.96,1858
376561,2019-12-01,16049,1017,,3266,0.88,601
376561,2023-12-01,16049,1085,,705,0.69,36
376561,2024-12-01,16049,1085,,859,0.61,65
376561,2018-12-01,16049,969,,3058,0.93,947
376561,2019-12-01,16049,1017,,3266,0.88,601
1084894,2015-09-01,16112,,,,,
2025770,2024-12-01,18515,,,,,
2025770,2023-12-01,18515,,,,,
45781,2015-06-01,18926,579,,,0.86,211
45781,2017-03-01,18926,,,,,
45781,2016-07-01,18926,601,,,0.76,201
45781,2015-06-01,18926,579,,,0.86,211
45781,2016-07-01,18926,601,,,0.76,201
84112,2016-12-01,20121,,,,,
84112,2015-12-01,20121,,,,,
84112,2017-12-01,20121,,,,,
84112,2018-12-01,20121,,,,,
92037,2015-12-01,21606,,,,,
92037,2018-12-01,21606,,,,,
92037,2017-12-01,21606,,,,,
92037,2016-12-01,21606,,,,,
92037,2017-12-01,21606,,,,,
205003,2019-12-01,21606,,,,,
205003,2023-10-01,21606,,,,,
205003,2018-12-01,21606,,,,,
205003,2022-12-01,21606,,,,,
205003,2020-12-01,21606,,,,,
205003,2020-12-01,21606,,,,,
205003,2017-12-01,21606,,,,,
205003,2021-12-01,21606,,,,,
205183,2020-12-01,21606,,,,,
205183,2021-12-01,21606,,,,,
205183,2022-12-01,21606,,,,,
205183,2023-10-01,21606,,,,,
327486,2023-10-01,21606,,,,,
327486,2020-12-01,21606,,,,,
327486,2022-12-01,21606,,,,,
327486,2021-12-01,21606,,,,,
327486,2019-12-01,21606,,,,,
889340,2021-12-01,21606,,,,,
889340,2020-12-01,21606,,,,,
889340,2023-10-01,21606,,,,,
889340,2022-12-01,21606,,,,,
82157,2017-12-01,21710,,,,,
82157,2018-12-01,21710,,,,,
82157,2016-12-01,21710,,,,,
82157,2020-12-01,21710,,,,,
82157,2015-12-01,21710,,,,,
82157,2019-12-01,21710,,,,,
201483,2015-12-01,21710,,,,,
201483,2016-12-01,21710,,,,,
201483,2017-12-01,21710,,,,,
201483,2018-12-01,21710,,,,,
275263,2023-12-01,21710,,,,,
275263,2024-12-01,21710,,,,,
275263,2024-12-01,21710,,,,,
536199,2020-12-01,21710,,,,,
536199,2018-12-01,21710,,,,,
536199,2019-12-01,21710,,,,,
536199,2022-12-01,21710,,,,,
536199,2023-12-01,21710,,,,,
536199,2021-12-01,21710,,,,,
2295328,2023-12-01,21710,,,,,
2295328,2024-12-01,21710,,,,,
104962,2017-12-01,21929,,,,,
104962,2018-12-01,21929,,,,,
104962,2020-12-01,21929,,,,,
104962,2016-12-01,21929,,,,,
104962,2022-12-01,21929,,,,,
104962,2024-12-01,21929,,,,,
104962,2015-12-01,21929,,,,,
104962,2019-12-01,21929,,,,,
104962,2021-12-01,21929,,,,,
104962,2023-12-01,21929,,,,,
206587,2017-12-01,21929,,,,,
206587,2021-12-01,21929,,,,,
206587,2019-12-01,21929,,,,,
206587,2024-12-01,21929,,,,,
206587,2016-12-01,21929,,,,,
206587,2023-12-01,21929,,,,,
206587,2015-12-01,21929,,,,,
206587,2022-12-01,21929,,,,,
206587,2018-12-01,21929,,,,,
206587,2020-12-01,21929,,,,,
206587,2024-12-01,21929,,,,,
1313292,2024-12-01,21929,,,,,
33316,2015-05-01,22209,85,,,0.7,12
33316,2016-05-01,22209,92,,,0.45,14
33316,2020-05-01,22209,,,,,
33316,2019-05-01,22209,120,,,0.57,50
33316,2017-05-01,22209,105,,,0.6,17
33316,2018-05-01,22209,105,,,0.68,25
48076,2025-05-01,22209,130,,,0.53,21
48076,2024-05-01,22209,105,,,0.64,22
48076,2023-05-01,22209,73,,,0.73,5
103257,2020-05-01,22209,,,,,
103257,2024-05-01,22209,1558,,8491,0.91,1625
103257,2021-05-01,22209,1500,13600,20667,0.67,1926
103257,2025-05-01,22209,,,,,
103257,2015-05-01,22209,81,,,0.84,4
103257,2017-05-01,22209,95,,,0.62,9
103257,2019-05-01,22209,105,,,0.6,16
103257,2023-05-01,22209,1500,,11233,0.96,1881
103257,2023-05-01,22209,1500,,11233,0.96,1881
103257,2024-05-01,22209,1558,,8491,0.91,1625
103257,2021-05-01,22209,1500,13600,20667,0.67,1926
103257,2022-05-01,22209,1500,,9232,0.93,1766
103257,2022-05-01,22209,1500,,9232,0.93,1766
103257,2016-05-01,22209,89,,,0.46,8
103257,2020-05-01,22209,548,,16713,0.99,433
103257,2018-05-01,22209,95,,,0.7,14
103257,2020-05-01,22209,548,,16713,0.99,433
103257,2025-05-01,22209,,,,,
1134582,2024-12-01,23423,,,,,
1134582,2023-12-01,23423,,,,,
34345,2016-06-01,25150,110,,,0.65,2
34345,2019-06-01,25150,110,,,0.68,2
34345,2018-06-01,25150,110,,,0.58,
34345,2020-06-01,25150,118,,,0.63,2
34345,2021-06-01,25150,120,,,0.63,35
34345,2017-06-01,25150,110,,,0.61,2
34345,2015-06-01,25150,110,,,0.61,0
34345,2022-06-01,25150,135,,,0.6,2
34345,2023-06-01,25150,,,,,
1047323,2024-12-01,25598,,,,,
499383,2021-10-01,29093,0,,,1,5
499383,2024-09-01,29093,,,,,
499383,2017-10-01,29093,0,,,1,1
499383,2022-10-01,29093,0,,,1,7
499383,2023-10-01,29093,0,,,1,8
499383,2018-09-01,29093,0,,194,1,1
499383,2019-09-01,29093,0,,,1,
499383,2020-09-01,29093,0,,,1,2
549027,2024-02-01,29160,,,,,
549027,2025-12-01,29160,,,,,
549027,2022-02-01,29160,,,,,
549027,2023-02-01,29160,,,,,
549027,2021-02-01,29160,,,,,
549027,2025-02-01,29160,,,,,
549027,2019-02-01,29160,,,,,
549027,2018-02-01,29160,,,,,
549027,2020-02-01,29160,,,,,
1134582,2021-06-01,30123,1116,,15679,0.98,5843
1134582,2023-06-01,30123,1184,,,0.98,4122
1134582,2024-06-01,30123,,,,,
1134582,2020-06-01,30123,0,,,,
1134582,2016-06-01,30123,0,,,,
1134582,2019-06-01,30123,0,,,,
1134582,2022-06-01,30123,1183,,,0.93,4375
1134582,2024-06-01,30123,,,,,
1134582,2017-06-01,30123,0,,,,
1134582,2018-06-01,30123,0,,,,
1134582,2023-06-01,30123,1184,,,0.98,4122
1134582,2022-06-01,30123,1183,,,0.93,4375
1134582,2015-06-01,30123,0,,,,
1134582,2021-06-01,30123,1116,,15679,0.98,5843
2008711,2024-06-01,30123,760,,4404,0.92,413
2008711,2025-06-01,30123,936,,2034,0.91,323
2008711,2022-06-01,30123,562,,,0.83,358
2008711,2023-06-01,30123,590,,,0.68,314
2008711,2021-06-01,30123,530,,5797,0.96,457
2008711,2025-06-01,30123,936,,2034,0.91,323
2008711,2024-06-01,30123,760,,4404,0.92,413
36387,2025-06-01,33382,114,,,0.68,24
36387,2021-07-01,33382,88,,,0.82,11
36387,2022-07-01,33382,98,,,0.65,9
36387,2019-06-01,33382,102,,,0.72,3
36387,2020-07-01,33382,88,,,0.7,4
36387,2023-06-01,33382,98,,,0.72,10
36387,2024-06-01,33382,98,,,0.8,25
204362,2020-07-01,33382,721,,,0.84,47
204362,2021-07-01,33382,715,,,0.94,171
204362,2019-06-01,33382,135,250,,0.82,18
204362,2022-07-01,33382,,,,,
205405,2016-07-01,33382,39,,,0.67,1
205405,2017-06-01,33382,,,,,
325964,2015-07-01,33382,0,,19645,1,661
325964,2018-06-01,33382,1250,,,0.91,436
325964,2020-07-01,33382,,,,,
325964,2019-06-01,33382,1250,,,0.88,305
325964,2017-06-01,33382,1150,,15682,0.97,646
325964,2020-07-01,33382,,,,,
325964,2020-07-01,33382,,,,,
325964,2017-06-01,33382,1150,,15682,0.97,646
325964,2019-06-01,33382,1250,,,0.88,305
325964,2018-06-01,33382,1250,,,0.91,436
325964,2016-07-01,33382,1050,,,0.8,141
325964,2016-07-01,33382,1050,,,0.8,141
453077,2022-07-01,33382,129,,,0.68,3
453077,2025-06-01,33382,,,,,
453077,2023-06-01,33382,95,,,0.72,5
453077,2024-06-01,33382,95,,,0.81,14
1621914,2022-07-01,33382,1250,,,0.92,506
1621914,2020-07-01,33382,409,,,0.99,276
1621914,2024-06-01,33382,1245,,,0.98,1377
1621914,2021-07-01,33382,1250,,,0.97,790
1621914,2023-06-01,33382,1144,,,0.88,408
1621914,2025-06-01,33382,,,,,
1621914,2022-07-01,33382,1250,,,0.92,506
1621914,2025-06-01,33382,,,,,
1621914,2020-07-01,33382,409,,,0.99,276
1621914,2021-07-01,33382,1250,,,0.97,790
1621914,2023-06-01,33382,1144,,,0.88,408
1621914,2024-06-01,33382,1245,,,0.98,1377
1621922,2025-06-01,33382,836,61,,0.95,498
1621922,2025-06-01,33382,836,61,,0.95,498
56076,2015-06-01,39594,,,,,
2299828,2023-12-01,66037,,,,,
33316,2018-12-01,78916,,,,,
33316,2022-12-01,78916,,,,,
33316,2023-12-01,78916,,,,,
33316,2020-12-01,78916,,,,,
33503,2022-12-01,81625,,,,,
33503,2023-12-01,81625,,,,,
657842,2024-12-01,117536,,,,,
657842,2021-12-01,117536,,,,,
657842,2022-12-01,117536,,,,,
657842,2023-12-01,117536,,,,,
510070,2021-12-01,550958,,,,,
510070,2019-12-01,550958,,,,,
510070,2020-12-01,550958,,,,,
510070,2022-12-01,550958,,,,,
510070,2023-12-01,550958,,,,,
183256,2016-12-01,566156,,,,,
183256,2015-12-01,566156,,,,,
183256,2017-12-01,566156,,,,,
1094011,2022-03-01,600759,,,,,
1094011,2019-03-01,600759,,,,,
1094011,2024-03-01,600759,,,,,
1094011,2017-03-01,600759,,,,,
1094011,2023-03-01,600759,,,,,
1094011,2021-03-01,600759,,,,,
1094011,2016-03-01,600759,,,,,
1094011,2018-03-01,600759,,,,,
1094011,2020-03-01,600759,,,,,
601215,2023-12-01,620488,,,,,
601215,2019-12-01,620488,,,,,
601215,2021-12-01,620488,,,,,
601215,2022-12-01,620488,,,,,
601215,2024-12-01,620488,,,,,
601215,2018-12-01,620488,,,,,
601215,2020-12-01,620488,,,,,
182411,2015-12-01,754434,,,,,
182411,2016-12-01,754434,,,,,
182411,2017-11-01,754434,,,,,
332806,2016-12-01,897123,,,,,
1010281,2020-12-01,19739,120,,,0.65,8
1010281,2022-12-01,19739,0,,,1,17
327057,2017-01-01,19750,,,,,
327057,2017-01-01,19750,,,,,
327057,2015-01-01,19750,850,,3331,0.94,986
327057,2016-01-01,19750,957,,2195,0.87,469
327057,2017-01-01,19750,,,,,
327057,2015-01-01,19750,850,,3331,0.94,986
327057,2016-01-01,19750,957,,2195,0.87,469
761557,2023-01-01,19750,1058,,,0.93,391
761557,2025-02-01,19750,1179,,,0.95,1132
761557,2020-02-01,19750,977,,,0.97,396
761557,2017-01-01,19750,404,2100,,0.86,150
761557,2017-01-01,19750,404,2100,,0.86,150
761557,2019-02-01,19750,792,,,0.87,225
61502,2018-03-01,20566,740,48,,0.91,399
61502,2025-03-01,20566,399,,,0.98,259
61502,2019-03-01,20566,750,22,,0.94,368
61502,2016-03-01,20566,646,31,,0.95,243
61502,2017-03-01,20566,619,51,,0.93,354
61502,2024-03-01,20566,399,14,,0.91,257
61502,2020-03-01,20566,811,,,0.82,217
61502,2025-03-01,20566,,,,,
61502,2022-03-01,20566,485,38,,0.9,280
61502,2016-03-01,20566,646,31,,0.95,243
61502,2022-03-01,20566,485,38,,0.9,280
61502,2023-03-01,20566,485,55,,0.95,290
61502,2024-03-01,20566,399,14,,0.91,257
61502,2020-03-01,20566,811,,,0.82,217
61502,2021-03-01,20566,702,22,,0.94,104
61502,2015-03-01,20566,625,28,,0.89,194
61502,2017-03-01,20566,619,51,,0.93,354
61502,2018-03-01,20566,740,48,,0.91,399
61502,2015-03-01,20566,625,28,,0.89,194
61502,2021-03-01,20566,702,22,,0.94,104
61502,2023-03-01,20566,485,55,,0.95,290
61502,2025-03-01,20566,399,,,0.98,259
83377,2018-01-01,22806,1000,,,0.98,8240
83377,2023-01-01,22806,997,,,0.96,17659
83377,2015-01-01,22806,998,,,0.93,759
83377,2017-01-01,22806,996,,,0.98,3920
83377,2021-01-01,22806,1017,,,0.98,14290
83377,2016-01-01,22806,1019,,,0.93,1135
83377,2019-01-01,22806,997,,,0.9,5151
83377,2022-01-01,22806,996,,,0.98,20548
83377,2024-01-01,22806,997,,,0.99,51512
83377,2020-01-01,22806,997,,,0.95,8030
83377,2022-01-01,22806,996,,,0.98,20548
83377,2020-01-01,22806,997,,,0.95,8030
83377,2025-01-01,22806,1486,,,0.98,110820
83377,2018-01-01,22806,1000,,,0.98,8240
83377,2023-01-01,22806,997,,,0.96,17659
83377,2016-01-01,22806,1019,,,0.93,1135
83377,2024-01-01,22806,997,,,0.99,51512
83377,2017-01-01,22806,996,,,0.98,3920
83377,2021-01-01,22806,1017,,,0.98,14290
83377,2015-01-01,22806,998,,,0.93,759
83377,2025-01-01,22806,1486,,,0.98,110820
83377,2019-01-01,22806,997,,,0.9,5151
200418,2017-12-01,23134,0,,,,
200418,2020-12-01,23134,,,,,
200418,2018-12-01,23134,0,,,,
200418,2015-12-01,23134,0,,,,
200418,2019-12-01,23134,0,,,,
200418,2016-12-01,23134,0,,,,
1269387,2024-12-01,23134,1200,,,0.96,827
1269387,2021-12-01,23134,950,285,,0.94,489
1269387,2020-12-01,23134,0,,,,
1269387,2022-12-01,23134,985,,,0.93,422
1269387,2023-12-01,23134,1131,,,0.96,899
1269387,2024-12-01,23134,1200,,,0.96,827
1269387,2021-12-01,23134,950,285,,0.94,489
1269387,2023-12-01,23134,1131,,,0.96,899
1269387,2022-12-01,23134,985,,,0.93,422
601215,2017-12-01,23141,,,,,
601215,2024-12-01,23141,,,,,
601215,2024-12-01,23141,,,,,
601215,2016-12-01,23141,,,,,
601215,2020-12-01,23141,,,,,
601215,2022-12-01,23141,,,,,
601215,2015-12-01,23141,,,,,
601215,2019-12-01,23141,,,,,
601215,2021-12-01,23141,,,,,
601215,2023-12-01,23141,,,,,
601215,2018-12-01,23141,,,,,
790419,2015-12-01,23141,,,,,
790419,2016-12-01,23141,,,,,
790419,2023-12-01,23141,,,,,
790419,2020-12-01,23141,,,,,
790419,2024-12-01,23141,,,,,
790419,2022-12-01,23141,,,,,
790419,2018-12-01,23141,,,,,
790419,2019-12-01,23141,,,,,
790419,2021-12-01,23141,,,,,
790419,2017-12-01,23141,,,,,
1694109,2023-12-01,24183,105,,,0.45,8
1694109,2024-12-01,24183,105,,,0.51,12
1694109,2021-01-01,24183,83,,,0.72,4
1694109,2022-01-01,24183,90,,,0.67,8
1694109,2023-01-01,24183,90,,,0.49,8
33491,2018-12-01,25578,113,,,0.55,5
33491,2017-12-01,25578,113,,,0.58,6
33491,2015-12-01,25578,72,,,0.7,2
33491,2016-12-01,25578,113,,,0.64,6
33491,2019-12-01,25578,,,,,
201093,2015-12-01,25954,1200,2880,59044,0.94,24155
201093,2016-12-01,25954,1242,,32718,0.97,16110
201093,2021-12-01,25954,1768,,,0.7,20728
201093,2018-12-01,25954,1331,,28241,0.96,16082
201093,2022-12-01,25954,1812,,,0.7,24170
201093,2019-12-01,25954,1377,,16707,0.93,15479
201093,2022-12-01,25954,1812,,,0.7,24170
201093,2020-12-01,25954,1480,,,0.98,19466
201093,2023-12-01,25954,1875,,,0.7,31602
201093,2015-12-01,25954,1200,2880,59044,0.94,24155
201093,2021-12-01,25954,1768,,,0.7,20728
201093,2019-12-01,25954,1377,,16707,0.93,15479
201093,2017-12-01,25954,1286,,28255,0.96,16481
201093,2024-12-01,25954,1941,,,0.64,22876
201093,2020-12-01,25954,1480,,,0.98,19466
201093,2023-12-01,25954,1875,,,0.7,31602
201093,2016-12-01,25954,1242,,32718,0.97,16110
201093,2017-12-01,25954,1286,,28255,0.96,16481
201093,2024-12-01,25954,1941,,,0.64,22876
201093,2018-12-01,25954,1331,,28241,0.96,16082
333171,2016-03-01,29924,0,,,,
333171,2019-03-01,29924,0,,,,
333171,2024-03-01,29924,0,,,,
333171,2015-03-01,29924,0,,,,
333171,2018-03-01,29924,0,,,,
333171,2020-03-01,29924,0,,,1,
333171,2021-03-01,29924,0,,,,
333171,2022-03-01,29924,0,,,,
333171,2025-03-01,29924,0,,,,677
333171,2017-03-01,29924,0,,,,
333171,2023-03-01,29924,0,,,,
333171,2025-03-01,29924,0,,,,677
333171,2018-03-01,29924,0,,,,
333171,2024-03-01,29924,0,,,,
333171,2016-03-01,29924,0,,,,
333171,2020-03-01,29924,0,,,1,
333171,2023-03-01,29924,0,,,,
333171,2017-03-01,29924,0,,,,
333171,2021-03-01,29924,0,,,,
333171,2022-03-01,29924,0,,,,
333171,2019-03-01,29924,0,,,,
13520,2017-12-01,30509,1188,,20274,0.96,3511
13520,2019-12-01,30509,1296,,22897,0.96,4512
13520,2023-12-01,30509,809,2000,15572,0.9,4906
13520,2018-12-01,30509,1131,,12549,0.95,3527
13520,2020-12-01,30509,1337,,24566,0.97,5128
13520,2022-12-01,30509,1430,4550,16684,0.8,4347
13520,2015-12-01,30509,1140,,15838,0.95,2614
13520,2018-12-01,30509,1131,,12549,0.95,3527
13520,2024-12-01,30509,600,1000,10806,0.91,4564
13520,2016-12-01,30509,1164,,22377,0.96,3220
13520,2021-12-01,30509,1377,4125,15994,0.81,4746
13520,2017-12-01,30509,1188,,20274,0.96,3511
13520,2019-12-01,30509,1296,,22897,0.96,4512
13520,2024-12-01,30509,600,1000,10806,0.91,4564
13520,2015-12-01,30509,1140,,15838,0.95,2614
13520,2016-12-01,30509,1164,,22377,0.96,3220
13520,2021-12-01,30509,1377,4125,15994,0.81,4746
13520,2022-12-01,30509,1430,4550,16684,0.8,4347
13520,2023-12-01,30509,809,2000,15572,0.9,4906
13520,2020-12-01,30509,1337,,24566,0.97,5128
1853290,2023-12-01,30509,1100,2500,10678,0.82,1215
1853290,2024-12-01,30509,1242,2380,21612,0.89,1655
1853290,2021-12-01,30509,878,1875,8612,0.82,752
1853290,2019-12-01,30509,712,,6693,0.94,469
1853290,2021-12-01,30509,878,1875,8612,0.82,752
1853290,2022-12-01,30509,912,2070,10010,0.83,914
1853290,2023-12-01,30509,1100,2500,10678,0.82,1215
1853290,2024-12-01,30509,1242,2380,21612,0.89,1655
1853290,2022-12-01,30509,912,2070,10010,0.83,914
1853290,2020-12-01,30509,779,,8503,0.94,693
1853290,2018-12-01,30509,669,,3974,0.91,332
200418,2017-12-01,32422,,,,,
200418,2018-12-01,32422,,,,,
200418,2015-12-01,32422,,,,,
200418,2020-12-01,32422,,,,,
200418,2022-12-01,32422,,,,,
200418,2024-12-01,32422,,,,,
200418,2023-12-01,32422,,,,,
200418,2016-12-01,32422,,,,,
200418,2019-12-01,32422,,,,,
200418,2021-12-01,32422,,,,,
327486,2018-12-01,32622,,,,,
327486,2016-12-01,32622,,,,,
327486,2019-12-01,32622,,,,,
327486,2015-12-01,32622,,,,,
327486,2017-12-01,32622,,,,,
61667,2024-12-01,55772,106,,,0.42,2
61667,2023-12-01,55772,10,,,0.89,2
33316,2019-12-01,78916,,,,,
33316,2021-12-01,78916,,,,,
32603,2018-02-01,423340,,,,,
601215,2017-02-01,469036,,,,,
601215,2016-12-01,469036,,,,,
601215,2015-12-01,469036,,,,,
447596,2019-12-01,580845,650,,,0.96,2784
447596,2016-12-01,580845,600,90,,0.95,896
447596,2020-12-01,580845,650,,,0.99,4597
447596,2024-12-01,580845,981,,,0.98,7940
447596,2018-12-01,580845,644,,,0.96,1743
447596,2023-12-01,580845,823,,,0.96,7136
447596,2022-12-01,580845,752,,,0.98,4477
447596,2017-12-01,580845,600,90,,0.95,1806
447596,2022-12-01,580845,752,,,0.98,4477
447596,2023-12-01,580845,823,,,0.96,7136
447596,2021-12-01,580845,712,,,0.97,6086
447596,2020-12-01,580845,650,,,0.99,4597
447596,2016-12-01,580845,600,90,,0.95,896
447596,2015-12-01,580845,0,,,,
447596,2021-12-01,580845,712,,,0.97,6086
447596,2017-12-01,580845,600,90,,0.95,1806
447596,2018-12-01,580845,644,,,0.96,1743
447596,2019-12-01,580845,650,,,0.96,2784
447596,2024-12-01,580845,981,,,0.98,7940
647592,2015-10-01,590389,,,,,
647592,2016-10-01,590389,,,,,
647592,2017-10-01,590389,,,,,
535295,2017-12-01,599918,,,,,
535295,2018-09-01,599918,,,,,
535295,2016-12-01,599918,,,,,
536199,2017-12-01,624566,,,,,
536199,2016-12-01,624566,,,,,
536199,2018-12-01,624566,,,,,
106062,2016-03-01,631381,,,,,
106062,2018-03-01,631381,,,,,
106062,2023-03-01,631381,,,,,
106062,2017-03-01,631381,,,,,
106062,2021-03-01,631381,,,,,
106062,2022-03-01,631381,,,,,
106062,2020-03-01,631381,,,,,
106062,2019-03-01,631381,,,,,
106062,2024-03-01,631381,,,,,
106062,2025-03-01,631381,,,,,
272180,2021-12-01,733353,,,,,
272180,2022-12-01,733353,,,,,
272180,2019-12-01,733353,,,,,
272180,2020-12-01,733353,,,,,
272180,2019-12-01,733353,,,,,
102722,2018-11-01,817439,1121,,,0.77,6040
102722,2020-11-01,817439,1171,,,0.68,3973
102722,2017-10-01,817439,1100,,,0.99,9018
102722,2021-10-01,817439,1200,,,0.99,2478
102722,2024-11-01,817439,1226,,,,18096
332806,2015-12-01,897123,860,,,0.82,314
332806,2016-12-01,897123,,,,,
332806,2015-12-01,897123,860,,,0.82,314
332806,2016-12-01,897123,,,,,
488928,2017-12-01,897123,750,,,0.94,270
488928,2021-12-01,897123,900,,,0.84,375
488928,2016-12-01,897123,650,,,0.82,76
488928,2018-12-01,897123,875,,,0.79,211
488928,2020-12-01,897123,900,,,0.93,409
488928,2024-12-01,897123,1006,,,0.9,515
488928,2023-12-01,897123,965,,,0.9,614
488928,2022-12-01,897123,922,,,0.95,687
488928,2023-12-01,897123,965,,,0.9,614
488928,2017-12-01,897123,750,,,0.94,270
488928,2016-12-01,897123,650,,,0.82,76
488928,2019-12-01,897123,900,,,0.87,252
488928,2018-12-01,897123,875,,,0.79,211
488928,2020-12-01,897123,900,,,0.93,409
488928,2019-12-01,897123,900,,,0.87,252
488928,2022-12-01,897123,922,,,0.95,687
488928,2015-12-01,897123,571,,,0.74,181
488928,2024-12-01,897123,1006,,,0.9,515
488928,2021-12-01,897123,900,,,0.84,375
330139,2020-12-01,952385,,,,,
330139,2019-12-01,952385,,,,,
330139,2023-03-01,952385,,,,,
330139,2017-12-01,952385,,,,,
330139,2018-12-01,952385,,,,,
330139,2021-12-01,952385,,,,,
92037,2020-12-01,1361407,,,,,
92037,2021-12-01,1361407,,,,,
1068227,2023-12-01,1361407,,,,,
347211,2015-10-01,1590106,,,,,
1055310,2017-12-01,1606380,451,,1985,0.84,5632
1055310,2022-12-01,1606380,797,,6709,0.94,25458
1055310,2018-12-01,1606380,625,,8923,0.95,9177
1055310,2023-12-01,1606380,622,,,0.95,30631
1055310,2024-12-01,1606380,597,,,0.96,51072
1055310,2015-12-01,1606380,0,,,,
1055310,2019-12-01,1606380,750,,8117,0.95,14000
1055310,2020-12-01,1606380,797,,10396,0.96,19831
1055310,2022-12-01,1606380,797,,6709,0.94,25458
1055310,2019-12-01,1606380,750,,8117,0.95,14000
1055310,2021-12-01,1606380,797,,27903,0.98,48139
1055310,2017-12-01,1606380,451,,1985,0.84,5632
1055310,2024-12-01,1606380,597,,,0.96,51072
1055310,2016-12-01,1606380,438,,956,0.85,3888
1055310,2018-12-01,1606380,625,,8923,0.95,9177
1055310,2023-12-01,1606380,622,,,0.95,30631
1055310,2016-12-01,1606380,438,,956,0.85,3888
1055310,2020-12-01,1606380,797,,10396,0.96,19831
1055310,2021-12-01,1606380,797,,27903,0.98,48139
1058303,2015-12-01,1635432,,,,,
1058303,2019-12-01,1635432,,,,,
1058303,2021-12-01,1635432,,,,,
1058303,2018-12-01,1635432,,,,,
1058303,2023-12-01,1635432,,,,,
1058303,2020-12-01,1635432,,,,,
1058303,2022-12-01,1635432,,,,,
1058303,2024-12-01,1635432,,,,,
1058303,2017-12-01,1635432,,,,,
1058303,2016-12-01,1635432,,,,,
82157,2018-12-01,1656513,1370,,,0.97,707
82157,2019-12-01,1656513,1345,,,0.95,3010
82157,2015-12-01,1656513,1248,1448,10543,0.85,4288
82157,2016-12-01,1656513,1264,,1970,0.93,1484
82157,2020-12-01,1656513,,,,,
82157,2017-12-01,1656513,1292,,,0.93,1220
82157,2017-12-01,1656513,1292,,,0.93,1220
82157,2020-12-01,1656513,,,,,
82157,2018-12-01,1656513,1370,,,0.97,707
82157,2016-12-01,1656513,1264,,1970,0.93,1484
82157,2019-12-01,1656513,1345,,,0.95,3010
350055,2024-12-01,1656513,124,,,0.58,5
350055,2023-12-01,1656513,67,,,0.81,3
1096978,2023-12-01,1656513,1193,,,0.97,1344
1096978,2024-12-01,1656513,1263,,,0.93,857
1096978,2020-12-01,1656513,760,,,0.96,903
1096978,2021-12-01,1656513,1344,,,0.93,802
1096978,2022-12-01,1656513,1098,,,0.96,836
1096978,2023-12-01,1656513,1193,,,0.97,1344
1096978,2021-12-01,1656513,1344,,,0.93,802
1096978,2022-12-01,1656513,1098,,,0.96,836
1096978,2024-12-01,1656513,1263,,,0.93,857
1096978,2020-12-01,1656513,760,,,0.96,903
1096978,2019-12-01,1656513,745,,,0.94,701
1318835,2016-08-01,1656815,,,,,
1318835,2015-08-01,1656815,,,,,
34345,2021-12-01,1673114,0,,,1,2
34345,2022-12-01,1673114,,,,,
657842,2017-12-01,1686117,,,,,
657842,2023-12-01,1686117,,,,,
657842,2018-12-01,1686117,,,,,
657842,2020-12-01,1686117,,,,,
657842,2016-12-01,1686117,,,,,
657842,2022-12-01,1686117,,,,,
657842,2021-12-01,1686117,,,,,
657842,2015-12-01,1686117,,,,,
657842,2019-12-01,1686117,,,,,
507530,2015-09-01,1686589,,,,,
456223,2016-08-01,1734179,,,,,
456223,2015-12-01,1734179,,,,,
1201064,2015-12-01,1799407,,,,,
1201064,2016-12-01,1799407,,,,,
507530,2015-12-01,1809747,,,,,
507530,2017-12-01,1809747,,,,,
507530,2016-12-01,1809747,,,,,
507530,2018-12-01,1809747,,,,,
102722,2024-12-01,1820060,102,,,0.95,21
513708,2019-06-01,1901100,,,,,
33049,2018-12-01,1951118,1600,,11097,0.92,2562
33049,2019-12-01,1951118,1684,,15886,0.95,3073
33049,2022-12-01,1951118,1800,,8569,0.94,3839
33049,2020-12-01,1951118,1643,,22779,0.96,3277
33049,2021-12-01,1951118,1800,,17642,0.96,5131
33049,2023-12-01,1951118,1800,,8746,0.95,4675
33049,2020-12-01,1951118,1643,,22779,0.96,3277
33049,2022-12-01,1951118,1800,,8569,0.94,3839
33049,2024-12-01,1951118,1800,,7058,0.93,4034
33049,2018-12-01,1951118,1600,,11097,0.92,2562
33049,2019-12-01,1951118,1684,,15886,0.95,3073
33049,2016-12-01,1951118,390,,,0.94,1877
33049,2016-12-01,1951118,390,,,0.94,1877
33049,2017-12-01,1951118,1600,,8538,0.96,2571
33049,2023-12-01,1951118,1800,,8746,0.95,4675
33049,2024-12-01,1951118,1800,,7058,0.93,4034
33049,2017-12-01,1951118,1600,,8538,0.96,2571
33049,2021-12-01,1951118,1800,,17642,0.96,5131
1010281,2015-12-01,1951118,1040,,3131,0.83,765
1010281,2016-12-01,1951118,,,,,
1010281,2015-12-01,1951118,1040,,3131,0.83,765
1010281,2016-12-01,1951118,,,,,
2299828,2023-12-01,1959651,,,,,
2299828,2024-12-01,1959651,,,,,
536199,2016-12-01,2000830,,,,,
536199,2015-12-01,2000830,,,,,
536199,2018-12-01,2000830,,,,,
536199,2017-12-01,2000830,,,,,
536199,2019-12-01,2000830,,,,,
1252966,2018-12-01,2055862,,,,,
1252966,2020-12-01,2055862,,,,,
1252966,2023-12-01,2055862,,,,,
1252966,2019-12-01,2055862,,,,,
1252966,2021-12-01,2055862,,,,,
1252966,2017-12-01,2055862,,,,,
1252966,2016-12-01,2055862,,,,,
1252966,2022-12-01,2055862,,,,,
657842,2017-12-01,2061627,,,,,
657842,2018-12-01,2061627,,,,,
657842,2015-12-01,2061627,,,,,
657842,2016-12-01,2061627,,,,,
183266,2016-12-01,2062001,,,,,
183266,2018-12-01,2062001,,,,,
183266,2017-12-01,2062001,,,,,
183266,2015-12-01,2062001,,,,,
833256,2023-01-01,2210362,,,,,
833256,2022-01-01,2210362,,,,,
833256,2020-01-01,2210362,,,,,
833256,2021-01-01,2210362,,,,,
1108033,2023-12-01,2288291,,,,1,8
1108033,2024-12-01,2288291,,,,,
272786,2024-12-01,2360912,,,,,
272786,2023-12-01,2360912,,,,,
330139,2015-12-01,2364297,,,,,
330139,2016-12-01,2364297,,,,,
330139,2020-12-01,2364297,,,,,
330139,2024-12-01,2364297,,,,,
330139,2019-12-01,2364297,,,,,
330139,2021-12-01,2364297,,,,,
330139,2018-12-01,2364297,,,,,
330139,2017-12-01,2364297,,,,,
330139,2022-12-01,2364297,,,,,
330139,2023-12-01,2364297,,,,,
507661,2021-12-01,2433698,50,,,,25
507661,2023-12-01,2433698,52,,,,11
507661,2016-12-01,2433698,30,,,,4
507661,2020-12-01,2433698,46,,,,18
507661,2017-12-01,2433698,40,,,,8
507661,2018-12-01,2433698,40,,,,6
507661,2022-12-01,2433698,51,,,,13
507661,2019-12-01,2433698,40,,,,4
182411,2019-06-01,2550972,,,,,
182411,2017-01-01,2550972,,,,,
182411,2017-12-01,2550972,,,,,
1396615,2023-03-01,2837689,,,,,
56477,2015-02-01,130797,,,,,
345845,2021-12-01,247122,,,,,
345845,2015-12-01,247122,,,,,
345845,2019-12-01,247122,,,,,
345845,2016-12-01,247122,,,,,
345845,2018-12-01,247122,,,,,
345845,2020-12-01,247122,,,,,
345845,2017-12-01,247122,,,,,
32603,2019-02-01,423340,,,,,
32603,2020-01-01,423340,,,,,
32603,2022-01-01,423340,,,,,
32603,2023-11-01,423340,,,,,
32603,2016-12-01,423340,,,,,
32603,2021-01-01,423340,,,,,
32603,2023-02-01,423340,,,,,
486395,2021-01-01,423340,,,,,
486395,2020-01-01,423340,,,,,
486395,2022-01-01,423340,,,,,
486395,2019-02-01,423340,,,,,
486395,2015-12-01,423340,,,,,
486395,2018-02-01,423340,,,,,
486395,2016-12-01,423340,,,,,
486395,2022-01-01,423340,,,,,
321651,2019-12-01,488272,,,,,
321651,2021-12-01,488272,,,,,
321651,2018-12-01,488272,,,,,
321651,2023-12-01,488272,,,,,
321651,2020-12-01,488272,,,,,
321651,2024-12-01,488272,,,,,
321651,2022-12-01,488272,,,,,
321651,2017-12-01,488272,,,,,
321651,2015-12-01,488272,,,,,
321651,2016-12-01,488272,,,,,
321685,2017-12-01,488272,,,,,
321685,2018-12-01,488272,,,,,
321685,2015-12-01,488272,,,,,
321685,2016-12-01,488272,,,,,
321685,2019-12-01,488272,,,,,
321685,2017-12-01,488272,,,,,
321685,2023-12-01,488272,,,,,
321685,2021-12-01,488272,,,,,
321685,2022-12-01,488272,,,,,
321685,2020-12-01,488272,,,,,
321685,2024-12-01,488272,,,,,
183256,2017-12-01,488479,,,,,
183256,2023-12-01,488479,,,,,
183256,2016-12-01,488479,,,,,
183256,2022-12-01,488479,,,,,
183256,2024-12-01,488479,,,,,
183256,2021-12-01,488479,,,,,
183256,2018-12-01,488479,,,,,
183256,2020-12-01,488479,,,,,
183256,2015-12-01,488479,,,,,
183256,2019-12-01,488479,,,,,
56076,2016-12-01,550205,87,,,0.84,34
56076,2015-12-01,550205,51,,,0.76,24
56076,2017-07-01,550205,,,,,
206474,2016-12-01,786736,0,,,1,1
206474,2019-12-01,786736,6,,,0.97,1
206474,2017-12-01,786736,0,,,1,1
206474,2018-12-01,786736,0,,,1,1
206474,2020-12-01,786736,,,,,
206474,2015-12-01,786736,0,,,1,1
541897,2019-12-01,883059,,,,,
541897,2018-12-01,883059,,,,,
541897,2020-12-01,883059,,,,,
1396615,2015-06-01,896908,,,,,
375436,2022-01-01,924663,,,,,
375436,2020-12-01,924663,,,,,
375436,2019-12-01,924663,,,,,
732483,2021-02-01,932690,,,,,
732483,2022-02-01,932690,,,,,
601215,2015-12-01,1221537,,,,,
601215,2019-12-01,1221537,,,,,
601215,2018-12-01,1221537,,,,,
601215,2017-12-01,1221537,,,,,
601215,2021-12-01,1221537,,,,,
601215,2016-12-01,1221537,,,,,
601215,2020-12-01,1221537,,,,,
350055,2023-12-01,1261396,,,,,
330136,2023-12-01,1483379,,,,,
330136,2022-12-01,1483379,,,,,
1074205,2023-12-01,1483379,,,,,
843302,2015-12-01,1516839,,,,,
843302,2017-12-01,1516839,,,,,
843302,2019-07-01,1516839,,,,,
843302,2016-12-01,1516839,,,,,
2413290,2023-12-01,1562505,,,,,
2413290,2022-12-01,1562505,,,,,
2413290,2019-12-01,1562505,,,,,
2413290,2020-12-01,1562505,,,,,
2413290,2021-12-01,1562505,,,,,
375436,2018-05-01,1569335,,,,,
375436,2015-12-01,1569335,,,,,
375436,2016-12-01,1569335,,,,,
375436,2016-12-01,1569335,,,,,
375436,2018-05-01,1569335,,,,,
52347,2015-12-01,1628350,,,,,
52347,2016-12-01,1628350,,,,,
52347,2017-12-01,1628350,,,,,
52347,2018-10-01,1628350,,,,,
1054826,2023-12-01,1637547,,,,,
1054826,2024-12-01,1637547,,,,,
2032686,2024-12-01,1687694,,,,,
34852,2015-12-01,1703716,,,,,
56477,2015-12-01,1703716,,,,,
1706999,2023-07-01,1792728,,,,,
1706999,2025-07-01,1792728,,,,,
1706999,2022-07-01,1792728,,,,,
1706999,2021-07-01,1792728,,,,,
1706999,2020-07-01,1792728,,,,,
1706999,2024-07-01,1792728,,,,,
271741,2015-01-01,1813585,0,,,,
271741,2021-01-01,1813585,110,,,0.72,53
271741,2023-01-01,1813585,,,,,
271741,2023-01-01,1813585,66,,,0.87,34
271741,2016-01-01,1813585,0,,,,
271741,2019-01-01,1813585,0,,,,
271741,2020-01-01,1813585,104,,,0.74,71
271741,2022-01-01,1813585,2740,,,0.09,39
271741,2023-01-01,1813585,66,,,0.87,34
271741,2022-01-01,1813585,,,,,
271741,2024-03-01,1813585,,,,,
271741,2017-01-01,1813585,0,,,,
271741,2018-01-01,1813585,0,,,,
271741,2022-01-01,1813585,2740,,,0.09,39
339339,2017-01-01,1813585,0,,,,
339339,2018-01-01,1813585,0,,,,
339339,2019-01-01,1813585,0,,,,
339339,2016-01-01,1813585,0,,,,
339339,2020-01-01,1813585,675,,,0.97,498
339339,2021-01-01,1813585,850,,,0.97,684
339339,2022-01-01,1813585,,,,,
339339,2020-01-01,1813585,675,,,0.97,498
339339,2021-01-01,1813585,850,,,0.97,684
339339,2022-01-01,1813585,,,,,
1252966,2023-01-01,1813585,730,8000,,0.73,267
1252966,2024-03-01,1813585,,,,,
1252966,2023-01-01,1813585,730,8000,,0.73,267
833256,2020-12-01,1813890,,,,,
833256,2019-12-01,1813890,,,,,
1252966,2015-12-01,1813890,,,,,
1252966,2019-12-01,1813890,,,,,
1252966,2016-12-01,1813890,,,,,
1252966,2018-12-01,1813890,,,,,
1252966,2017-12-01,1813890,,,,,
1252966,2021-08-01,1813890,,,,,
1252966,2020-12-01,1813890,,,,,
1026,2018-12-01,1874926,,,,,
1026,2017-12-01,1874926,,,,,
732483,2020-01-01,1916059,,,,,
732483,2020-12-01,1916059,,,,,
732483,2021-12-01,1916059,,,,,
732483,2018-01-01,1916059,,,,,
732483,2019-01-01,1916059,,,,,
732483,2022-12-01,1916059,,,,,
732483,2022-12-01,1916059,,,,,
732483,2023-12-01,1916059,,,,,
1114611,2021-12-01,1916059,,,,,
1114611,2021-12-01,1916059,,,,,
1114611,2022-12-01,1916059,,,,,
1114611,2023-12-01,1916059,,,,,
1264832,2021-12-01,1916059,,,,,
1264832,2018-01-01,1916059,,,,,
1264832,2020-01-01,1916059,,,,,
1264832,2020-12-01,1916059,,,,,
1264832,2019-01-01,1916059,,,,,
1264832,2022-12-01,1916059,,,,,
1074205,2022-12-01,1929138,1200,,3891,0.9,659
1074205,2024-12-01,1929138,1300,,4110,0.91,885
1074205,2020-12-01,1929138,1100,,5099,0.93,649
1074205,2021-12-01,1929138,1200,,9536,0.96,1115
1074205,2019-12-01,1929138,690,,1753,0.89,457
1074205,2023-12-01,1929138,1200,,7721,0.94,1038
1074205,2024-12-01,1929138,1300,,4110,0.91,885
1074205,2023-12-01,1929138,1200,,7721,0.94,1038
1074205,2017-12-01,1929138,655,300,1364,0.77,270
1074205,2018-12-01,1929138,675,,1186,0.82,300
1074205,2015-12-01,1929138,626,,1004,0.8,137
1074205,2020-12-01,1929138,1100,,5099,0.93,649
1074205,2016-12-01,1929138,636,,1259,0.82,173
1074205,2019-12-01,1929138,690,,1753,0.89,457
1074205,2021-12-01,1929138,1200,,9536,0.96,1115
1074205,2022-12-01,1929138,1200,,3891,0.9,659
1075570,2016-12-01,1929138,1150,,5875,0.92,675
1075570,2017-12-01,1929138,1190,,7115,0.93,1069
1075570,2019-12-01,1929138,,,,,
1075570,2015-12-01,1929138,1115,,4323,0.9,476
1075570,2021-12-01,1929138,,,,,
1075570,2018-12-01,1929138,1200,,6406,0.92,1124
1075570,2019-12-01,1929138,,,,,
1075570,2015-12-01,1929138,1115,,4323,0.9,476
1075570,2018-12-01,1929138,1200,,6406,0.92,1124
1075570,2016-12-01,1929138,1150,,5875,0.92,675
1075570,2020-12-01,1929138,0,,,,543
1075570,2017-12-01,1929138,1190,,7115,0.93,1069
1396615,2019-06-01,1986935,,,,,
1396615,2022-06-01,1986935,,,,,
1396615,2020-06-01,1986935,,,,,
1396615,2021-06-01,1986935,,,,,
1015485,2015-12-01,1987466,,,,,
1015485,2016-12-01,1987466,,,,,
1015485,2017-12-01,1987466,,,,,
1015485,2018-07-01,1987466,,,,,
1201064,2020-12-01,2010080,,,,,
1201064,2023-12-01,2010080,,,,,
1201064,2021-12-01,2010080,,,,,
1201064,2022-12-01,2010080,,,,,
1201064,2024-12-01,2010080,,,,,
1127175,2015-12-01,2010192,,,,,
1127175,2016-09-01,2010192,,,,,
2204699,2021-12-01,2057832,,,,,
2204699,2023-12-01,2057832,,,,,
2204699,2019-12-01,2057832,,,,,
2204699,2020-12-01,2057832,,,,,
2204699,2022-12-01,2057832,,,,,
2204699,2024-12-01,2057832,,,,,
345845,2020-12-01,2125688,,,,,
345845,2022-12-01,2125688,,,,,
345845,2023-12-01,2125688,,,,,
345845,2025-07-01,2125688,,,,,
345845,2020-12-01,2125688,,,,,
345845,2021-12-01,2125688,,,,,
333755,2024-12-01,2168985,,,,,
333755,2022-12-01,2168985,,,,,
333755,2023-12-01,2168985,,,,,
333755,2021-12-01,2168985,,,,,
181113,2018-03-01,2204149,803,,,0.89,199
181113,2019-03-01,2204149,826,,,0.89,184
181113,2024-03-01,2204149,995,,,0.93,295
181113,2015-03-01,2204149,0,,,,
181113,2016-04-01,2204149,771,,,0.85,179
181113,2025-03-01,2204149,1034,,,0.89,243
181113,2016-04-01,2204149,771,,,0.85,179
181113,2017-04-01,2204149,794,,,0.9,235
181113,2023-04-01,2204149,956,,,0.92,229
181113,2025-03-01,2204149,1034,,,0.89,243
181113,2020-03-01,2204149,851,,,0.89,205
181113,2022-04-01,2204149,920,,,0.88,246
181113,2017-04-01,2204149,794,,,0.9,235
181113,2021-04-01,2204149,885,,,0.94,447
181113,2023-04-01,2204149,956,,,0.92,229
181113,2020-03-01,2204149,851,,,0.89,205
181113,2019-03-01,2204149,826,,,0.89,184
181113,2024-03-01,2204149,995,,,0.93,295
181113,2022-04-01,2204149,920,,,0.88,246
181113,2021-04-01,2204149,885,,,0.94,447
181113,2018-03-01,2204149,803,,,0.89,199
46796,2017-12-01,2207218,,,,,
46796,2015-12-01,2207218,,,,,
46796,2016-12-01,2207218,,,,,
46796,2018-12-01,2207218,,,,,
1077323,2016-06-01,2301441,,,,,
1077323,2015-07-01,2301441,,,,,
540927,2020-12-01,2349326,,,,,
540927,2018-12-01,2349326,,,,,
540927,2019-12-01,2349326,,,,,
540927,2017-12-01,2349326,,,,,
556870,2021-06-01,2371983,60,,,,26
556870,2024-06-01,2371983,70,,,0.78,28
556870,2019-06-01,2371983,50,,,,5
556870,2020-06-01,2371983,60,,,,13
556870,2023-06-01,2371983,70,,,0.82,25
556870,2018-06-01,2371983,10,,,,
556870,2022-06-01,2371983,70,,,0.66,24
556870,2025-06-01,2371983,70,,,0.81,35
1026,2019-12-01,2441992,,,,,
1026,2020-12-01,2441992,,,,,
1026,2018-12-01,2441992,,,,,
32603,2016-04-01,2445859,,,,,
32603,2023-02-01,2445859,,,,,
32603,2024-02-01,2445859,,,,,
32603,2025-02-01,2445859,,,,,
32603,2020-01-01,2445859,,,,,
32603,2018-02-01,2445859,,,,,
32603,2017-02-01,2445859,,,,,
32603,2019-02-01,2445859,,,,,
32603,2021-01-01,2445859,,,,,
32603,2022-01-01,2445859,,,,,
206474,2018-02-01,2445859,,,,,
206474,2016-04-01,2445859,,,,,
206474,2019-02-01,2445859,,,,,
206474,2020-01-01,2445859,,,,,
206474,2017-02-01,2445859,,,,,
333755,2017-02-01,2445859,,,,,
333755,2020-01-01,2445859,,,,,
333755,2019-02-01,2445859,,,,,
333755,2018-02-01,2445859,,,,,
333755,2016-04-01,2445859,,,,,
507530,2017-12-01,2481688,,,,,
507530,2016-12-01,2481688,,,,,
1203855,2021-12-01,2481688,,,,,
1203855,2019-12-01,2481688,,,,,
1203855,2020-12-01,2481688,,,,,
1203855,2022-12-01,2481688,,,,,
1203855,2023-12-01,2481688,,,,,
486395,2025-12-01,2643067,,,,,
486395,2024-12-01,2643067,,,,,
486395,2025-12-01,2643067,,,,,
324013,2019-12-01,2673818,,,,,
1396615,2019-01-01,2837689,,,,,
1396615,2018-01-01,2837689,,,,,
657839,2018-12-01,2843881,,,,,
657839,2019-12-01,2843881,,,,,
657839,2021-12-01,2843881,,,,,
657839,2023-03-01,2843881,,,,,
657839,2020-12-01,2843881,,,,,
507530,2018-12-01,2959246,863,1800,34468,0.93,2657
507530,2021-12-01,2959246,990,,32346,0.98,48786
507530,2020-12-01,2959246,946,1900,62623,0.96,20534
507530,2023-12-01,2959246,1563,,8172,0.89,14497
507530,2019-12-01,2959246,921,1018,7844,0.8,3606
507530,2024-12-01,2959246,1626,,3466,0.84,5892
507530,2022-12-01,2959246,1423,,20689,0.95,29653
507530,2021-12-01,2959246,990,,32346,0.98,48786
507530,2022-12-01,2959246,1423,,20689,0.95,29653
507530,2018-12-01,2959246,863,1800,34468,0.93,2657
507530,2023-12-01,2959246,1563,,8172,0.89,14497
507530,2019-12-01,2959246,921,1018,7844,0.8,3606
507530,2020-12-01,2959246,946,1900,62623,0.96,20534
507530,2024-12-01,2959246,1626,,3466,0.84,5892
330136,2023-12-01,2971376,,,,,
330136,2025-11-01,2971376,,,,,
206474,2023-01-01,3022441,52,,,0.82,2
206474,2024-01-01,3022441,55,,,0.83,5
206474,2025-01-01,3022441,55,,,0.87,10
2118690,2021-12-01,3059049,,,,,
2118690,2023-12-01,3059049,,,,,
2118690,2022-12-01,3059049,,,,,
2118690,2024-12-01,3059049,,,,,
1075579,2020-12-01,3158781,,,,,
1075579,2021-12-01,3158781,,,,,
541897,2022-12-01,3307774,,,,,
541897,2024-12-01,3307774,,,,,
764621,2022-06-01,3251209,,,,,
347211,2024-12-01,3279550,,,,,
141731,2015-12-01,33264,99,,,0.64,16
1996477,2024-12-01,33850,,,,,
339239,2022-02-01,33857,,,,,
339239,2018-03-01,33857,577,,,0.87,74
339239,2021-04-01,33857,950,,,0.95,285
339239,2020-03-01,33857,888,,,0.85,159
339239,2021-04-01,33857,950,,,0.95,285
339239,2018-03-01,33857,577,,,0.87,74
339239,2019-03-01,33857,700,,,0.96,247
339239,2017-04-01,33857,500,,,0.81,50
339239,2016-04-01,33857,495,,,0.77,48
339239,2019-03-01,33857,700,,,0.96,247
339239,2020-03-01,33857,888,,,0.85,159
339239,2015-03-01,33857,480,,,0.74,99
350055,2015-03-01,33857,788,,,0.85,220
350055,2016-04-01,33857,800,,,0.87,258
350055,2018-03-01,33857,,,,,
350055,2017-04-01,33857,800,,,0.9,292
350055,2016-04-01,33857,800,,,0.87,258
350055,2018-03-01,33857,,,,,
350055,2017-04-01,33857,800,,,0.9,292
350055,2015-03-01,33857,788,,,0.85,220
33491,2015-12-01,78304,,,,,
33491,2016-12-01,78304,,,,,
33491,2021-12-01,78304,,,,,
33491,2017-12-01,78304,,,,,
33491,2023-12-01,78304,,,,,
33491,2020-12-01,78304,,,,,
33491,2022-12-01,78304,,,,,
33491,2018-12-01,78304,,,,,
33491,2024-12-01,78304,,,,,
33491,2019-12-01,78304,,,,,
46796,2015-12-01,78337,,,,,
46796,2016-12-01,78337,,,,,
46796,2017-12-01,78337,,,,,
46796,2018-12-01,78337,,,,,
1084894,2019-12-01,81883,,,,,
1084894,2021-12-01,81883,,,,,
1084894,2020-12-01,81883,,,,,
1084894,2018-12-01,81883,,,,,
2347499,2024-12-01,105052,,,,,
485621,2024-12-01,264872,,,,,
485621,2021-12-01,264872,,,,,
485621,2025-12-01,264872,,,,,
485621,2023-12-01,264872,,,,,
485621,2022-12-01,264872,,,,,
1908442,2023-12-01,264872,,,,,
1908442,2025-12-01,264872,,,,,
1908442,2024-12-01,264872,,,,,
1908442,2022-12-01,264872,,,,,
1301965,2018-12-01,374642,,,,,
1301965,2019-12-01,374642,,,,,
1301965,2016-12-01,374642,,,,,
1301965,2017-12-01,374642,,,,,
272786,2016-12-01,440155,1500,,,0.94,521
272786,2015-12-01,440155,1538,,,0.87,496
272786,2017-12-01,440155,,,,,
272786,2016-12-01,440155,1500,,,0.94,521
272786,2015-12-01,440155,1538,,,0.87,496
272786,2017-12-01,440155,,,,,
1123231,2016-12-01,440155,697,,,0.93,228
1123231,2015-12-01,440155,675,,,0.8,207
1694109,2022-12-01,440155,,,,,
1694109,2017-12-01,440155,1088,,,0.94,211
1694109,2021-12-01,440155,1533,,,0.89,417
1694109,2019-12-01,440155,1388,,,0.92,418
1694109,2018-12-01,440155,1277,,,0.93,331
1694109,2020-12-01,440155,1488,,,0.89,382
1694109,2019-12-01,440155,1388,,,0.92,418
1694109,2022-12-01,440155,,,,,
1694109,2016-12-01,440155,519,1500,,0.72,51
1694109,2018-12-01,440155,1277,,,0.93,331
1694109,2020-12-01,440155,1488,,,0.89,382
1694109,2017-12-01,440155,1088,,,0.94,211
1694109,2021-12-01,440155,1533,,,0.89,417
345845,2015-12-01,461859,,,,,
330400,2019-06-01,462108,,,,,
330400,2015-06-01,462108,,,,,
330400,2019-06-01,462108,,,,,
330400,2017-06-01,462108,,,,,
330400,2018-06-01,462108,,,,,
330400,2016-06-01,462108,,,,,
1302499,2021-06-01,462108,,,,,
1302499,2023-06-01,462108,,,,,
1302499,2024-06-01,462108,,,,,
1302499,2022-06-01,462108,,,,,
1302499,2025-06-01,462108,,,,,
1302499,2020-06-01,462108,,,,,
2204699,2025-06-01,462108,,,,,
205405,2016-12-01,482471,,,,,
205405,2015-12-01,482471,,,,,
205405,2018-07-01,482471,,,,,
1252966,2016-12-01,561710,,,,,
1252966,2022-07-01,561710,,,,,
1252966,2020-12-01,561710,,,,,
1252966,2018-12-01,561710,,,,,
1252966,2019-12-01,561710,,,,,
1252966,2017-12-01,561710,,,,,
507661,2015-12-01,663972,,,,,
507661,2016-03-01,663972,,,,,
180412,2020-12-01,954950,,,,,
180412,2021-12-01,954950,,,,,
180412,2019-12-01,954950,,,,,
180412,2022-12-01,954950,,,,,
180412,2024-11-01,954950,,,,,
182411,2016-10-01,955593,,,,,
182411,2015-12-01,955593,,,,,
833256,2015-02-01,1005313,,,,,
833256,2016-01-01,1005313,,,,,
833256,2017-01-01,1005313,,,,,
833256,2018-01-01,1005313,,,,,
332806,2015-12-01,1066217,,,,,
332806,2016-07-01,1066217,,,,,
333755,2016-12-01,1383236,,,,,
333755,2015-12-01,1383236,,,,,
982110,2022-12-01,1475027,,,,,
1055310,2015-06-01,1642854,,,,,
1055310,2016-06-01,1642854,,,,,
1055310,2019-06-01,1642854,,,,,
1055310,2021-02-01,1642854,,,,,
1055310,2017-06-01,1642854,,,,,
1055310,2020-06-01,1642854,,,,,
1055310,2018-06-01,1642854,,,,,
205153,2025-03-01,1649258,,,,,
205153,2024-06-01,1649258,,,,,
508234,2015-06-01,1649258,,,,,
508234,2019-06-01,1649258,,,,,
508234,2022-06-01,1649258,,,,,
508234,2016-06-01,1649258,,,,,
508234,2025-03-01,1649258,,,,,
508234,2021-06-01,1649258,,,,,
508234,2023-06-01,1649258,,,,,
508234,2017-06-01,1649258,,,,,
508234,2018-06-01,1649258,,,,,
508234,2020-06-01,1649258,,,,,
508234,2024-06-01,1649258,,,,,
34345,2018-03-01,1649487,,,,,
48201,2023-12-01,1670028,,,,,
48201,2021-12-01,1670028,,,,,
48201,2015-12-01,1670028,,,,,
48201,2018-12-01,1670028,,,,,
48201,2019-12-01,1670028,,,,,
48201,2022-12-01,1670028,,,,,
48201,2024-12-01,1670028,,,,,
48201,2017-12-01,1670028,,,,,
48201,2016-12-01,1670028,,,,,
48201,2020-12-01,1670028,,,,,
1093467,2017-12-01,1674246,,,,,
1093467,2018-12-01,1674246,,,,,
1093467,2020-12-01,1674246,,,,,
1093467,2015-12-01,1674246,,,,,
1093467,2019-12-01,1674246,,,,,
1093467,2021-12-01,1674246,,,,,
1093467,2022-12-01,1674246,,,,,
1093467,2016-12-01,1674246,,,,,
1315152,2017-03-01,1731778,,,,,
1315152,2015-12-01,1731778,,,,,
843302,2015-12-01,1732906,,,,,
843302,2016-12-01,1732906,,,,,
1068227,2015-12-01,1732906,,,,,
1402205,2018-09-01,1823647,,,,,
1402205,2019-09-01,1823647,,,,,
1402205,2021-09-01,1823647,,,,,
1402205,2020-09-01,1823647,,,,,
1402205,2022-09-01,1823647,,,,,
182411,2015-01-01,1894867,,,,,
182411,2018-01-01,1894867,,,,,
182411,2016-01-01,1894867,,,,,
182411,2017-01-01,1894867,,,,,
104962,2018-12-01,1955677,,,,,
104962,2015-12-01,1955677,,,,,
104962,2019-12-01,1955677,,,,,
104962,2017-12-01,1955677,,,,,
104962,2020-12-01,1955677,,,,,
104962,2016-12-01,1955677,,,,,
513708,2020-12-01,1955677,,,,,
513708,2018-12-01,1955677,,,,,
513708,2022-08-01,1955677,,,,,
513708,2019-12-01,1955677,,,,,
513708,2021-12-01,1955677,,,,,
513708,2017-12-01,1955677,,,,,
1093467,2020-12-01,1955677,,,,,
1093467,2022-08-01,1955677,,,,,
1093467,2019-12-01,1955677,,,,,
1093467,2021-12-01,1955677,,,,,
34345,2015-12-01,1989910,,,,,
34345,2018-09-01,1989910,,,,,
34345,2016-12-01,1989910,,,,,
444827,2018-09-01,1989910,,,,,
377031,2016-12-01,2060108,,,,,
377031,2018-12-01,2060108,,,,,
377031,2015-12-01,2060108,,,,,
377031,2017-12-01,2060108,,,,,
843302,2018-12-01,2060108,,,,,
843302,2020-12-01,2060108,,,,,
843302,2022-12-01,2060108,,,,,
843302,2019-12-01,2060108,,,,,
843302,2021-12-01,2060108,,,,,
1047323,2018-06-01,2129696,1018,,3957,0.95,762
1047323,2020-06-01,2129696,964,,7919,0.94,1052
1047323,2019-06-01,2129696,1025,,4644,0.93,780
1047323,2022-06-01,2129696,1075,,5642,0.94,827
1047323,2021-06-01,2129696,1053,,7411,0.95,899
1047323,2015-06-01,2129696,0,,,,
1047323,2023-06-01,2129696,,,,,
1047323,2017-06-01,2129696,975,,3373,0.9,589
1047323,2019-06-01,2129696,1025,,4644,0.93,780
1047323,2020-06-01,2129696,964,,7919,0.94,1052
1047323,2022-06-01,2129696,1075,,5642,0.94,827
1047323,2018-06-01,2129696,1018,,3957,0.95,762
1047323,2016-06-01,2129696,0,,,,
1047323,2017-06-01,2129696,975,,3373,0.9,589
1047323,2021-06-01,2129696,1053,,7411,0.95,899
1047323,2023-06-01,2129696,,,,,
334096,2016-12-01,2166779,,,,,
334096,2018-12-01,2166779,,,,,
334096,2019-12-01,2166779,,,,,
334096,2017-12-01,2166779,,,,,
334096,2021-07-01,2166779,,,,,
334096,2015-12-01,2166779,,,,,
540927,2019-12-01,2199844,,,,,
540927,2020-12-01,2199844,,,,,
540927,2022-08-01,2199844,,,,,
272786,2022-12-01,2224949,,,,,
272786,2023-12-01,2224949,,,,,
272786,2024-12-01,2224949,,,,,
1093063,2019-12-01,2292952,,,,,
1093063,2021-12-01,2292952,,,,,
1093063,2022-12-01,2292952,,,,,
1093063,2024-12-01,2292952,,,,,
1093063,2018-12-01,2292952,,,,,
1093063,2023-12-01,2292952,,,,,
1093063,2020-12-01,2292952,,,,,
330139,2020-03-01,2295075,,,,,
330139,2018-03-01,2295075,7,,,,2
330139,2019-03-01,2295075,54,,,,0
272786,2018-12-01,2376180,,,,,
272786,2021-02-01,2376180,,,,,
272786,2017-12-01,2376180,,,,,
272786,2019-12-01,2376180,,,,,
895019,2023-12-01,2419952,,,,,
895019,2018-12-01,2419952,,,,,
895019,2019-12-01,2419952,,,,,
895019,2021-12-01,2419952,,,,,
895019,2022-12-01,2419952,,,,,
895019,2020-12-01,2419952,,,,,
895019,2024-12-01,2419952,,,,,
540927,2020-12-01,2454355,,,,,
540927,2018-12-01,2454355,,,,,
540927,2019-12-01,2454355,,,,,
182411,2023-12-01,2487378,,,,,
182411,2022-12-01,2487378,,,,,
182411,2019-12-01,2487378,,,,,
182411,2021-12-01,2487378,,,,,
182411,2018-12-01,2487378,,,,,
182411,2020-12-01,2487378,,,,,
182411,2017-12-01,2487378,,,,,
61502,2021-12-01,2493954,,,,,
61502,2024-12-01,2493954,,,,,
61502,2023-12-01,2493954,,,,,
61502,2022-12-01,2493954,,,,,
205153,2022-12-01,2524449,,,,,
205153,2016-12-01,2524449,,,,,
205153,2024-07-01,2524449,,,,,
205153,2017-12-01,2524449,,,,,
205153,2018-12-01,2524449,,,,,
46796,2020-07-01,2617910,,,,,
46796,2019-12-01,2617910,,,,,
540099,2025-08-01,2660935,,,,,
540099,2021-08-01,2660935,,,,,
540099,2022-08-01,2660935,,,,,
540099,2023-08-01,2660935,,,,,
540099,2024-08-01,2660935,,,,,
1068227,2020-08-01,2719470,,,,,
182411,2018-12-01,2722675,,,,,
182411,2017-12-01,2722675,,,,,
182411,2019-09-01,2722675,,,,,
443474,2018-09-01,2762605,,,,,
443474,2023-02-01,2762605,,,,,
443474,2021-09-01,2762605,,,,,
443474,2020-09-01,2762605,,,,,
443474,2019-09-01,2762605,,,,,
32603,2019-12-01,2808215,,,,,
32603,2019-02-01,2808215,,,,,
593280,2019-12-01,2918725,,,,,
593280,2020-12-01,2918725,,,,,
593280,2022-12-01,2918725,,,,,
593280,2024-12-01,2918725,,,,,
593280,2023-12-01,2918725,,,,,
593280,2018-12-01,2918725,,,,,
593280,2021-12-01,2918725,,,,,
1068880,2019-12-01,2918725,,,,,
1068880,2018-12-01,2918725,,,,,
444827,2023-05-01,2920393,,,,,
444827,2018-12-01,2920393,,,,,
444827,2020-12-01,2920393,,,,,
444827,2019-12-01,2920393,,,,,
444827,2021-12-01,2920393,,,,,
598932,2020-12-01,3003712,,,,,
598932,2022-12-01,3003712,,,,,
598932,2021-12-01,3003712,,,,,
275794,2019-12-01,3046623,,,,,
275794,2020-12-01,3046623,,,,,
275794,2021-12-01,3046623,,,,,
271741,2021-07-01,3046780,,,,,
271741,2020-01-01,3046780,,,,,
377031,2020-01-01,3046780,,,,,
377031,2021-07-01,3046780,,,,,
31551,2023-12-01,3129357,,,,,
31551,2022-12-01,3129357,,,,,
541897,2023-12-01,3307774,,,,,
33491,2023-12-01,3233660,,,,,
33491,2022-12-01,3233660,,,,,
46796,2023-12-01,3235375,,,,,
46796,2022-12-01,3235375,,,,,
48201,2020-12-01,3312119,,,,,
48201,2021-12-01,3312119,,,,,
48201,2023-12-01,3312119,,,,,
48201,2022-12-01,3312119,,,,,
48201,2024-12-01,3312119,,,,,
203273,2023-03-01,3363030,,,,,
203273,2021-12-01,3363030,,,,,
206108,2023-06-01,3364707,,,,,
206108,2021-12-01,3364707,,,,,
347211,2023-12-01,3391256,,,,,
347211,2025-10-01,3391256,,,,,
347211,2024-12-01,3391256,,,,,
1808923,2023-12-01,3411706,,,,,
375926,2017-01-01,69444,1550,,5717,0.9,31419
375926,2023-01-01,69444,1550,4,17324,0.95,48683
375926,2017-01-01,69444,1550,,5717,0.9,31419
375926,2018-01-01,69444,1550,,,0.67,43442
375926,2025-01-01,69444,1550,3,28249,0.98,46370
375926,2015-01-01,69444,1440,,61039,0.98,25861
375926,2019-01-01,69444,1550,,29517,0.98,55427
375926,2022-01-01,69444,1550,,19015,0.96,71024
1108033,2023-01-01,69444,,,,,
1108033,2021-01-01,69444,1000,2,20181,0.97,4422
1108033,2022-01-01,69444,1068,1,19331,0.97,4392
1108033,2023-01-01,69444,,,,,
1108033,2022-01-01,69444,1068,1,19331,0.97,4392
1108033,2019-01-01,69444,900,,16397,0.97,3311
1108033,2020-01-01,69444,900,87,9729,0.94,3854
1808923,2017-12-01,103852,,,,,
1808923,2016-12-01,103852,,,,,
1808923,2021-06-01,103852,,,,,
1808923,2015-12-01,103852,,,,,
1808923,2019-12-01,103852,,,,,
1808923,2018-12-01,103852,,,,,
1026,2022-12-01,440155,154,,16645,0.99,300
1026,2023-12-01,440155,1600,,,0.6,296
1026,2024-12-01,440155,1600,,,0.89,206
1026,2024-12-01,440155,1600,,,0.89,206
1026,2022-12-01,440155,154,,16645,0.99,300
1026,2023-12-01,440155,1600,,,0.6,296
499383,2015-04-01,465157,,,,,
1015485,2016-12-01,787113,,,,,
1015485,2017-12-01,787113,,,,,
1015485,2015-12-01,787113,,,,,
1015485,2018-12-01,787113,,,,,
2113430,2023-12-01,787113,,,,,
2113430,2021-12-01,787113,,,,,
2113430,2022-12-01,787113,,,,,
2113430,2019-12-01,787113,,,,,
2113430,2020-12-01,787113,,,,,
732483,2021-09-01,930452,,,,,
732483,2020-09-01,930452,,,,,
747756,2023-12-01,949452,,,,,
747756,2024-12-01,949452,,,,,
497854,2015-12-01,1281285,,,,,
497854,2016-12-01,1281285,,,,,
497854,2019-12-01,1281285,,,,,
497854,2017-12-01,1281285,,,,,
497854,2018-12-01,1281285,,,,,
333171,2018-12-01,1586322,,,,,
333171,2021-12-01,1586322,,,,,
333171,2016-12-01,1586322,,,,,
333171,2023-12-01,1586322,,,,,
333171,2017-12-01,1586322,,,,,
333171,2020-12-01,1586322,,,,,
333171,2022-12-01,1586322,,,,,
333171,2024-12-01,1586322,,,,,
333171,2015-12-01,1586322,,,,,
333171,2019-12-01,1586322,,,,,
544533,2019-12-01,1644741,,,,,
544533,2020-12-01,1644741,,,,,
732483,2021-12-01,1683470,,,,,
732483,2019-12-01,1683470,,,,,
732483,2020-12-01,1683470,,,,,
1376569,2016-12-01,1692432,,,,,
1376569,2021-12-01,1692432,,,,,
1376569,2023-12-01,1692432,,,,,
1376569,2017-12-01,1692432,,,,,
1376569,2015-12-01,1692432,,,,,
1376569,2019-12-01,1692432,,,,,
1376569,2020-12-01,1692432,,,,,
1376569,2022-12-01,1692432,,,,,
1376569,2024-12-01,1692432,,,,,
1376569,2018-12-01,1692432,,,,,
8391,2017-12-01,1706477,,,,,
8391,2019-02-01,1706477,,,,,
103257,2018-12-01,1830138,750,,,0.97,1387
103257,2017-12-01,1830138,526,,33792,0.99,896
103257,2019-12-01,1830138,900,,,0.96,1346
103257,2019-12-01,1830138,,,,,
103257,2019-12-01,1830138,900,,,0.96,1346
103257,2018-12-01,1830138,750,,,0.97,1387
103257,2020-12-01,1830138,,,,,
103257,2017-12-01,1830138,526,,33792,0.99,896
206474,2023-12-01,1830138,1325,,,0.96,4961
206474,2024-12-01,1830138,1350,,,0.97,8091
206474,2019-12-01,1830138,129,,28157,1,578
206474,2020-12-01,1830138,1000,,,0.97,1449
206474,2019-12-01,1830138,129,,28157,1,578
206474,2020-12-01,1830138,1000,,,0.97,1449
206474,2021-12-01,1830138,1000,,210303,1,4814
206474,2024-12-01,1830138,1350,,,0.97,8091
206474,2023-12-01,1830138,1325,,,0.96,4961
206474,2021-12-01,1830138,1000,,210303,1,4814
206474,2022-12-01,1830138,1167,,,0.95,2593
206474,2022-12-01,1830138,1167,,,0.95,2593
843302,2017-12-01,1830138,159,,,0.99,1117
843302,2016-12-01,1830138,0,,,,
843302,2018-12-01,1830138,,,,,
843302,2017-12-01,1830138,,,,,
843302,2015-12-01,1830138,0,,,,
1768029,2017-12-01,1953153,,,,,
1768029,2019-08-01,1953153,,,,,
1768029,2016-12-01,1953153,,,,,
1768029,2018-12-01,1953153,,,,,
104962,2015-12-01,1985116,,,,,
104962,2017-12-01,1985116,,,,,
104962,2016-12-01,1985116,,,,,
104962,2019-12-01,1985116,,,,,
104962,2018-12-01,1985116,,,,,
345845,2016-12-01,2006211,,,,,
345845,2022-12-01,2006211,,,,,
345845,2020-12-01,2006211,,,,,
345845,2024-12-01,2006211,,,,,
345845,2018-12-01,2006211,,,,,
345845,2021-12-01,2006211,,,,,
345845,2017-12-01,2006211,,,,,
345845,2023-12-01,2006211,,,,,
345845,2019-12-01,2006211,,,,,
345845,2015-12-01,2006211,,,,,
1015485,2018-12-01,2058040,,,,,
33049,2015-12-01,2059247,,,,,
33049,2016-10-01,2059247,,,,,
347211,2017-12-01,2066810,,,,,
347211,2016-12-01,2066810,,,,,
347211,2019-10-01,2066810,,,,,
347211,2015-12-01,2066810,,,,,
347211,2018-12-01,2066810,,,,,
330139,2019-12-01,2141505,,,,,
330139,2018-12-01,2141505,,,,,
764621,2020-06-01,2154420,,,,,
764621,2022-07-01,2154420,,,,,
764621,2019-06-01,2154420,,,,,
764621,2021-06-01,2154420,,,,,
982110,2018-12-01,2164651,,,,,
982110,2015-12-01,2164651,,,,,
982110,2017-12-01,2164651,,,,,
982110,2016-12-01,2164651,,,,,
1109557,2015-12-01,2164733,,,,,
1109557,2016-12-01,2164733,,,,,
1480344,2020-12-01,2164733,,,,,
1480344,2016-12-01,2164733,,,,,
1480344,2019-12-01,2164733,,,,,
1480344,2021-12-01,2164733,,,,,
1480344,2018-12-01,2164733,,,,,
1480344,2022-12-01,2164733,,,,,
1480344,2017-12-01,2164733,,,,,
1960636,2023-09-01,2164733,,,,,
1960636,2022-12-01,2164733,,,,,
205153,2022-03-01,2176902,,,,,
205153,2023-03-01,2176902,,,,,
205153,2021-03-01,2176902,,,,,
205153,2023-11-01,2176902,,,,,
1123639,2024-12-01,2231001,277,,,0.92,35
1123639,2024-12-01,2231001,277,,,0.92,35
1449249,2020-12-01,2231001,477,,5490,0.96,447
1449249,2024-12-01,2231001,,,,,
1449249,2023-12-01,2231001,817,,,0.71,123
1449249,2022-12-01,2231001,851,,,0.88,337
1449249,2021-12-01,2231001,889,,1204,0.87,374
1449249,2024-12-01,2231001,,,,,
1449249,2021-12-01,2231001,889,,1204,0.87,374
1449249,2020-12-01,2231001,477,,5490,0.96,447
1449249,2023-12-01,2231001,817,,,0.71,123
1449249,2024-12-01,2231001,,,,,
1449249,2019-12-01,2231001,146,,2191,0.96,143
1449249,2022-12-01,2231001,851,,,0.88,337
271741,2024-12-01,2232357,18,,,0.96,4
1760716,2020-12-01,2243091,,,,,
1760716,2022-12-01,2243091,,,,,
1760716,2023-12-01,2243091,,,,,
1760716,2019-12-01,2243091,,,,,
1760716,2021-12-01,2243091,,,,,
1760716,2018-12-01,2243091,,,,,
1760716,2024-12-01,2243091,,,,,
182411,2017-12-01,2311588,,,,,
182411,2018-12-01,2311588,,,,,
86007,2018-12-01,2336569,,,,,
86007,2019-12-01,2336569,,,,,
182411,2016-12-01,2342613,,,,,
182411,2017-12-01,2342613,,,,,
182411,2018-12-01,2342613,,,,,
182411,2020-12-01,2342613,,,,,
182411,2024-11-01,2342613,,,,,
182411,2019-12-01,2342613,,,,,
347211,2015-12-01,2344697,,,,,
347211,2016-12-01,2344697,,,,,
34345,2018-10-01,2358912,588,,,0.3,136
34345,2018-10-01,2358912,,,,,
34345,2019-10-01,2358912,,,,,
34345,2016-10-01,2358912,1500,,12259,0.98,2657
34345,2017-10-01,2358912,1500,,,0.95,2221
34345,2017-10-01,2358912,1500,,,0.95,2221
34345,2018-10-01,2358912,588,,,0.3,136
34345,2016-10-01,2358912,1500,,12259,0.98,2657
52347,2025-10-01,2358912,29,,,0.87,2
182411,2016-10-01,2358912,100,,,0.7,5
182411,2017-10-01,2358912,0,,,1,6
182411,2018-10-01,2358912,0,,,1,8
182411,2019-10-01,2358912,0,,,1,14
182411,2020-10-01,2358912,0,,,1,10
182411,2021-10-01,2358912,,,,,
1192124,2019-10-01,2358912,1100,,,0.93,473
1192124,2021-10-01,2358912,1225,,,0.94,529
1192124,2024-10-01,2358912,1300,,,0.94,743
1192124,2025-10-01,2358912,1350,,,0.94,1027
1192124,2018-10-01,2358912,950,,,0.93,501
1192124,2020-10-01,2358912,1077,,,0.87,299
1192124,2023-10-01,2358912,1300,,,0.93,604
1192124,2022-10-01,2358912,1275,,,0.92,528
1192124,2017-10-01,2358912,753,,,0.93,463
1192124,2024-10-01,2358912,1300,,,0.94,743
1192124,2020-10-01,2358912,1077,,,0.87,299
1192124,2023-10-01,2358912,1300,,,0.93,604
1192124,2019-10-01,2358912,1100,,,0.93,473
1192124,2016-10-01,2358912,725,,4243,0.97,469
1192124,2021-10-01,2358912,1225,,,0.94,529
1192124,2018-10-01,2358912,950,,,0.93,501
1192124,2025-10-01,2358912,1350,,,0.94,1027
1192124,2022-10-01,2358912,1275,,,0.92,528
732483,2021-02-01,2384199,,,,,
732483,2017-02-01,2384199,,,,,
732483,2022-02-01,2384199,,,,,
732483,2023-02-01,2384199,,,,,
732483,2024-02-01,2384199,,,,,
732483,2018-02-01,2384199,,,,,
732483,2020-02-01,2384199,,,,,
732483,2016-02-01,2384199,,,,,
732483,2019-02-01,2384199,,,,,
540927,2021-12-01,2425335,,,,,
540927,2022-12-01,2425335,,,,,
540927,2023-12-01,2425335,,,,,
540927,2020-12-01,2425335,,,,,
1123231,2017-02-01,2607844,,,,,
1123231,2018-03-01,2607844,,,,,
1618087,2019-12-01,2645381,,,,,
1618087,2021-12-01,2645381,,,,,
1618087,2020-12-01,2645381,,,,,
1618087,2022-12-01,2645381,,,,,
1618087,2018-12-01,2645381,,,,,
320726,2018-12-01,2680801,,,,,
320726,2017-12-01,2680801,,,,,
1123231,2024-11-01,2682816,,,,,
2347499,2021-12-01,2714699,,,,,
2347499,2020-12-01,2714699,,,,,
2347499,2023-12-01,2714699,,,,,
2347499,2025-05-01,2714699,,,,,
2347499,2022-12-01,2714699,,,,,
182411,2024-12-01,2784622,,,,,
182411,2024-12-01,2784622,,,,,
183266,2024-12-01,2828277,,,,,
206474,2020-12-01,2897876,,,,,
206474,2021-12-01,2897876,,,,,
206474,2024-03-01,2897876,,,,,
206474,2022-12-01,2897876,,,,,
764621,2024-12-01,3066258,,,,,
598932,2024-12-01,3066882,,,,,
598932,2023-12-01,3066882,,,,,
598932,2021-12-01,3066882,,,,,
598932,2022-12-01,3066882,,,,,
183266,2024-12-01,3187074,,,,,
541897,2025-08-01,3239382,,,,,
541897,2020-12-01,3239382,,,,,
541897,2022-12-01,3239382,,,,,
541897,2024-12-01,3239382,,,,,
541897,2021-12-01,3239382,,,,,
541897,2023-12-01,3239382,,,,,
541897,2023-12-01,3242125,,,,,
541897,2021-12-01,3242125,,,,,
541897,2020-12-01,3242125,,,,,
541897,2022-12-01,3242125,,,,,
541897,2024-12-01,3242125,,,,,
47456,2020-12-01,3279294,,,,,
47456,2021-12-01,3279294,,,,,
327474,2022-03-01,3291073,,,,,
327474,2023-03-01,3291073,,,,,
327474,2025-03-01,3291073,,,,,
327474,2024-03-01,3291073,,,,,
1754265,2024-03-01,3291073,,,,,
1754265,2025-03-01,3291073,,,,,
1754265,2023-03-01,3291073,,,,,
180412,2023-12-01,3306369,,,,,
180412,2023-01-01,3306369,,,,,
180412,2022-01-01,3306369,,,,,
180412,2022-01-01,3306369,,,,,
180412,2020-12-01,3306369,,,,,
180412,2023-01-01,3306369,,,,,
180412,2023-12-01,3306369,,,,,
180412,2024-12-01,3306369,,,,,
540927,2023-08-01,3337363,,,,,
1275602,2021-12-01,3382543,0,,,,
1275602,2022-12-01,3382543,0,,,,
1275602,2024-12-01,3382543,400,,,0.98,9353
1275602,2023-12-01,3382543,400,,,1,3072
1275602,2023-12-01,3382543,400,,,1,3072
1275602,2024-12-01,3382543,400,,,0.98,9353
1808923,2024-12-01,3411706,,,,,
1808923,2021-12-01,3411706,,,,,
1808923,2022-12-01,3411706,,,,,
271741,2021-12-01,3414461,,,,,
49801,2022-12-01,3478054,,,,,
1075579,2023-12-01,3551499,,,,,
1908442,2023-12-01,3551499,,,,,
1396615,2023-06-01,3618674,,,,,
1396615,2024-06-01,3618674,,,,,
1252966,2024-03-01,3764008,,,,,
206108,2023-12-01,3766335,,,,,
747756,2024-12-01,3783925,,,,,
61667,2025-06-01,3984869,,,,,
84112,2022-12-01,616,,,,1,33
84112,2023-12-01,616,,,,1,37
84112,2024-12-01,616,,,,1,50
84112,2020-12-01,616,,,,1,20
84112,2021-12-01,616,2,,,0.99,25
536199,2024-12-01,2621,,,,,
69696,2019-12-01,7204,0,,,1,67
102722,2019-11-01,817439,1100,,,0.52,8620
102722,2025-11-01,817439,1200,,,0.99,39711
102722,2016-10-01,817439,1012,,,0.94,4448
102722,2022-10-01,817439,1200,,,0.99,2792
102722,2023-10-01,817439,1200,,,1,8322
102722,2018-11-01,817439,1121,,,0.77,6040
102722,2024-11-01,817439,1226,,,,18096
102722,2022-10-01,817439,1200,,,0.99,2792
102722,2025-11-01,817439,1200,,,0.99,39711
102722,2016-10-01,817439,1012,,,0.94,4448
102722,2023-10-01,817439,1200,,,1,8322
102722,2021-10-01,817439,1200,,,0.99,2478
102722,2015-11-01,817439,910,,,0.77,3716
102722,2019-11-01,817439,1100,,,0.52,8620
102722,2015-11-01,817439,910,,,0.77,3716
102722,2020-11-01,817439,1171,,,0.68,3973
102722,2017-10-01,817439,1100,,,0.99,9018
205183,2019-11-01,817439,111,,,0.67,5
205183,2025-11-01,817439,159,,,0.79,123
205183,2021-10-01,817439,115,,,0.69,17
205183,2018-11-01,817439,80,,,0.74,2
205183,2020-11-01,817439,115,,,0.74,10
205183,2024-11-01,817439,143,,,0.69,59
205183,2023-10-01,817439,126,,,0.73,28
205183,2022-10-01,817439,115,,,0.63,15
1318835,2015-05-01,864509,,,,,
1318835,2016-05-01,864509,,,,,
1318835,2021-05-01,864509,,,,,
1318835,2020-05-01,864509,,,,,
1318835,2017-05-01,864509,,,,,
1318835,2018-05-01,864509,,,,,
1318835,2019-05-01,864509,,,,,
200418,2023-12-01,935898,,,,,
200418,2021-12-01,935898,,,,,
200418,2022-12-01,935898,,,,,
200418,2024-12-01,935898,,,,,
180412,2015-12-01,956484,,,,,
180412,2018-07-01,956484,,,,,
180412,2016-12-01,956484,,,,,
598932,2015-06-01,956561,,,,,
598932,2016-03-01,956561,,,,,
544533,2016-12-01,1017709,,,,,
544533,2015-12-01,1017709,,,,,
544533,2017-12-01,1017709,,,,,
544533,2018-12-01,1017709,,,,,
52347,2019-12-01,1025581,,,,,
52347,2018-12-01,1025581,,,,,
52347,2020-08-01,1025581,,,,,
52347,2017-12-01,1025581,,,,,
205153,2018-12-01,1025581,,,,,
205153,2020-08-01,1025581,,,,,
205153,2019-12-01,1025581,,,,,
205153,2017-12-01,1025581,,,,,
203273,2019-12-01,1633075,111,,,0.63,10
203273,2022-12-01,1633075,113,,,0.54,8
203273,2023-12-01,1633075,,,,,
203273,2020-12-01,1633075,101,,,0.68,9
203273,2016-12-01,1633075,0,,,,
203273,2017-12-01,1633075,73,,,0.72,4
203273,2021-12-01,1633075,111,,,0.59,11
203273,2018-12-01,1633075,94,,,0.58,5
203273,2015-12-01,1633075,0,,,,
1754265,2021-12-01,1633075,474,525,,0.61,92
1706999,2017-12-01,1637939,,,,,
1706999,2018-12-01,1637939,,,,,
1706999,2015-12-01,1637939,,,,,
1706999,2016-12-01,1637939,,,,,
1302499,2017-06-01,1729162,,,,,
1302499,2021-06-01,1729162,,,,,
1302499,2018-06-01,1729162,,,,,
1302499,2019-06-01,1729162,,,,,
1302499,2020-06-01,1729162,,,,,
1302499,2022-06-01,1729162,,,,,
495149,2019-12-01,1743287,,,,,
495149,2016-12-01,1743287,,,,,
495149,2022-05-01,1743287,,,,,
495149,2016-12-01,1743287,,,,,
495149,2021-12-01,1743287,,,,,
495149,2018-12-01,1743287,,,,,
495149,2020-12-01,1743287,,,,,
495149,2015-12-01,1743287,,,,,
495149,2017-12-01,1743287,,,,,
1396615,2021-04-01,1809422,,,,,
1396615,2020-09-01,1809422,,,,,
1396615,2017-09-01,1809422,,,,,
1396615,2018-09-01,1809422,,,,,
1396615,2019-09-01,1809422,,,,,
843302,2015-10-01,1827789,,,,,
497854,2015-12-01,1888229,,,,,
497854,2016-12-01,1888229,,,,,
497854,2018-12-01,1888229,,,,,
497854,2017-12-01,1888229,,,,,
377031,2016-01-01,1895620,0,,,,
377031,2017-01-01,1895620,0,,,1,16
377031,2025-01-01,1895620,0,,,1,78
377031,2018-01-01,1895620,0,,,1,28
377031,2023-01-01,1895620,0,,,1,44
377031,2024-01-01,1895620,0,,,1,81
377031,2019-01-01,1895620,0,,,1,5
377031,2020-01-01,1895620,0,,,1,343
377031,2021-01-01,1895620,0,,,1,85
377031,2022-01-01,1895620,0,,,1,61
377031,2015-01-01,1895620,0,,,,
1109557,2018-12-01,1904829,,,,,
1109557,2017-12-01,1904829,,,,,
275794,2019-06-01,1919261,,,,,
833256,2015-02-01,1961459,,,,,
833256,2016-01-01,1961459,,,,,
833256,2017-01-01,1961459,,,,,
833256,2018-01-01,1961459,,,,,
2347499,2024-12-01,1967527,,,,,
2347499,2023-12-01,1967527,,,,,
1108033,2016-12-01,2006706,46,,,0.8,2
1108033,2021-12-01,2006706,10,,,0.96,25
1108033,2019-12-01,2006706,0,,,1,14
1108033,2022-10-01,2006706,,,,,
1108033,2017-12-01,2006706,0,,,1,7
1108033,2018-12-01,2006706,0,,,1,11
1108033,2020-12-01,2006706,0,,,1,29
1488593,2016-12-01,2028975,,,,,
1488593,2017-11-01,2028975,,,,,
1488593,2015-12-01,2028975,,,,,
1093830,2015-12-01,2053236,,,,,
843302,2020-09-01,2120721,,,,,
1779146,2023-06-01,2129696,925,,1503,0.73,76
1779146,2023-06-01,2129696,925,,1503,0.73,76
1779146,2019-06-01,2129696,450,,353,0.73,55
1779146,2022-06-01,2129696,654,,1031,0.84,151
1779146,2020-06-01,2129696,483,,840,0.8,77
1779146,2021-06-01,2129696,640,,1021,0.84,121
1779146,2024-12-01,2129696,,,,,
1252966,2018-10-01,2167653,,,,,
657842,2017-12-01,2200546,115,,,,0
657842,2016-12-01,2200546,105,,,,0
657842,2019-12-01,2200546,,,,,
657842,2015-12-01,2200546,126,,,,0
657842,2018-12-01,2200546,123,,,,0
1491972,2019-12-01,2200546,528,311,,0.47,10
1491972,2021-12-01,2200546,775,0,,0.87,178
1491972,2020-12-01,2200546,675,0,,0.84,66
1491972,2022-12-01,2200546,806,0,,0.84,210
1491972,2024-12-01,2200546,872,0,,0.72,71
1491972,2017-12-01,2200546,413,438,,0.78,82
1491972,2018-12-01,2200546,494,0,,0.57,18
1491972,2023-12-01,2200546,834,0,,0.78,119
1760716,2024-12-01,2200546,4,,,,
1890670,2024-05-01,2297028,,,,,
1758691,2018-12-01,2297491,,,,,
1758691,2021-01-01,2297491,,,,,
1758691,2019-12-01,2297491,,,,,
271741,2019-02-01,2297998,,,,,
271741,2017-12-01,2297998,,,,,
271741,2015-12-01,2297998,,,,,
271741,2016-12-01,2297998,,,,,
488928,2017-11-01,2298018,,,,,
488928,2015-11-01,2298018,,,,,
488928,2016-11-01,2298018,,,,,
488928,2016-11-01,2298018,,,,,
488928,2018-06-01,2298018,,,,,
1026,2016-12-01,2298387,95,,,,15
1026,2018-12-01,2298387,95,,,,22
1026,2022-12-01,2298387,190,,,0.27,33
1026,2021-12-01,2298387,195,,,0.18,41
1026,2017-12-01,2298387,95,,,,21
1026,2020-12-01,2298387,155,,,,57
1026,2023-12-01,2298387,,,,,
1026,2015-12-01,2298387,45,,,,25
1026,2019-12-01,2298387,107,,,,44
843302,2020-02-01,2355566,,,,,
843302,2016-01-01,2355566,,,,,
843302,2017-01-01,2355566,,,,,
843302,2021-01-01,2355566,,,,,
843302,2018-01-01,2355566,,,,,
843302,2019-01-01,2355566,,,,,
35469,2017-12-01,2456520,,,,,
35469,2019-12-01,2456520,,,,,
35469,2021-03-01,2456520,,,,,
35469,2018-12-01,2456520,,,,,
35469,2016-12-01,2456520,,,,,
327474,2021-03-01,2456520,,,,,
327474,2019-12-01,2456520,,,,,
327474,2018-12-01,2456520,,,,,
327474,2017-12-01,2456520,,,,,
982110,2021-12-01,2504679,,,,,
982110,2020-12-01,2504679,,,,,
982110,2017-12-01,2504679,,,,,
982110,2022-12-01,2504679,,,,,
982110,2018-12-01,2504679,,,,,
982110,2016-12-01,2504679,,,,,
982110,2024-12-01,2504679,,,,,
982110,2019-12-01,2504679,,,,,
982110,2023-12-01,2504679,,,,,
507530,2023-12-01,2528046,,,,,
507530,2022-12-01,2528046,,,,,
507530,2020-12-01,2528046,,,,,
507530,2021-12-01,2528046,,,,,
507530,2024-12-01,2528046,,,,,
272786,2019-10-01,2595940,,,,,
272786,2017-01-01,2595940,,,,,
1488593,2020-12-01,2725802,,,,,
1488593,2024-12-01,2725802,,,,,
1488593,2018-12-01,2725802,,,,,
1488593,2019-12-01,2725802,,,,,
1488593,2021-12-01,2725802,,,,,
1488593,2022-12-01,2725802,,,,,
1488593,2017-12-01,2725802,,,,,
1488593,2023-12-01,2725802,,,,,
497854,2022-12-01,2825901,,,,,
497854,2021-12-01,2825901,,,,,
497854,2020-12-01,2825901,,,,,
2277545,2024-12-01,2825901,,,,,
2277545,2023-12-01,2825901,,,,,
895019,2024-12-01,3021203,,,,,
1203855,2021-12-01,3022341,,,,,
1203855,2022-08-01,3022341,,,,,
1315152,2020-03-01,3049380,,,,,
1315152,2021-03-01,3049380,,,,,
1315152,2022-10-01,3049380,,,,,
513708,2020-12-01,3049405,,,,,
513708,2023-12-01,3049405,,,,,
513708,2021-12-01,3049405,,,,,
513708,2022-12-01,3049405,,,,,
513708,2019-12-01,3049405,,,,,
895019,2024-03-01,3049858,,,,,
2299828,2024-12-01,3051757,,,,,
2299828,2023-12-01,3051757,,,,,
2299828,2022-12-01,3051757,,,,,
2299828,2020-12-01,3051757,,,,,
2299828,2021-12-01,3051757,,,,,
272786,2022-12-01,3092905,,,,,
272786,2023-12-01,3092905,,,,,
272786,2019-12-01,3092905,,,,,
272786,2024-12-01,3092905,,,,,
272786,2020-12-01,3092905,,,,,
272786,2021-12-01,3092905,,,,,
272786,2023-12-01,3092905,,,,,
541897,2020-12-01,3307774,,,,,
541897,2021-12-01,3307774,,,,,
183256,2023-05-01,3296863,,,,,
45781,2024-12-01,3356450,,,,,
180412,2023-12-01,3356450,,,,,
180412,2024-12-01,3356450,,,,,
1996885,2023-01-01,3384931,,,,,
1996885,2022-01-01,3384931,,,,,
1996885,2024-01-01,3384931,,,,,
1996885,2025-01-01,3384931,,,,,
180412,2022-12-01,3387599,,,,,
180412,2021-12-01,3387599,,,,,
180412,2023-12-01,3387599,,,,,
206108,2022-12-01,3427649,,,,,
206108,2023-12-01,3427649,,,,,
206108,2024-12-01,3427649,,,,,
205153,2025-02-01,3485298,,,,,
205153,2023-01-01,3485298,,,,,
205153,2024-01-01,3485298,,,,,
1396615,2023-06-01,3597877,,,,,
1396615,2024-06-01,3597877,,,,,
2680998,2023-06-01,3597877,,,,,
1618087,2024-03-01,3684000,1705,3116,,0.87,331
1618087,2025-03-01,3684000,1744,3009,,0.8,571
843302,2024-12-01,3684926,,,,,
843302,2023-12-01,3684926,,,,,
1779146,2024-12-01,3901563,,,,,
345845,2024-12-01,3907518,,,,,
513708,2023-12-01,1384,4,,,0.97,2
513708,2024-12-01,1384,61,,,0.83,4
745229,2016-06-01,3101,525,,1170,0.83,169
745229,2015-06-01,3101,450,,665,0.84,145
1621914,2024-06-01,3101,125,,,0.74,0
1621914,2025-06-01,3101,130,,,0.73,16
1621914,2022-06-01,3101,85,,,0.74,2
1621914,2023-06-01,3101,120,,,0.74,5
857412,2015-12-01,5118,1290,,,0.75,237
857412,2017-12-01,5118,1588,,,0.74,325
857412,2022-12-01,5118,1700,0,,0.7,864
857412,2024-12-01,5118,,,,,
857412,2016-12-01,5118,1513,,,0.7,228
857412,2019-12-01,5118,1650,,,0.73,561
857412,2023-12-01,5118,0,,,1,649
857412,2020-12-01,5118,1687,,,0.74,841
857412,2021-12-01,5118,1700,,,0.71,917
857412,2015-12-01,5118,1290,,,0.75,237
857412,2020-12-01,5118,1687,,,0.74,841
857412,2016-12-01,5118,1513,,,0.7,228
857412,2017-12-01,5118,1588,,,0.74,325
857412,2018-12-01,5118,1638,,,0.74,287
857412,2019-12-01,5118,1650,,,0.73,561
857412,2022-12-01,5118,1700,0,,0.7,864
857412,2023-12-01,5118,0,,,1,649
857412,2018-12-01,5118,1638,,,0.74,287
69696,2015-12-01,7204,0,,,1,40
69696,2021-12-01,7204,0,,,1,82
69696,2017-12-01,7204,0,,,1,49
69696,2022-12-01,7204,,,,,
69696,2016-12-01,7204,0,,,1,42
69696,2020-12-01,7204,0,,,1,71
69696,2018-12-01,7204,0,,,1,54
84112,2016-12-01,8663,52,,,0.59,2
84112,2018-12-01,8663,,,,,
84112,2017-12-01,8663,115,,170,0.69,1
545851,2024-12-01,11985,11,,,0.97,4
444827,2022-12-01,15207,120,,,0.62,
333755,2020-12-01,16506,1174,2000,,0.84,709
747756,2018-12-01,16506,328,,,,
747756,2015-12-01,16506,300,,,,
747756,2024-12-01,16506,400,,,,10
747756,2016-12-01,16506,300,,,,
747756,2017-12-01,16506,300,,,,
747756,2021-12-01,16506,345,,,,
747756,2022-12-01,16506,362,,,,6
747756,2023-12-01,16506,400,,,,7
747756,2019-12-01,16506,345,,,,
747756,2020-12-01,16506,345,,,,5
747756,2016-01-01,17478,1613,,21476,0.96,2318
747756,2022-01-01,17478,1650,,19906,0.96,7256
747756,2019-12-01,17478,1650,,17215,0.94,5169
747756,2017-01-01,17478,1600,,24420,0.96,3244
747756,2021-01-01,17478,1650,,20577,0.95,6035
747756,2017-12-01,17478,1600,,28776,0.97,4590
747756,2018-12-01,17478,1642,,15347,0.94,4068
747756,2023-12-01,17478,,,,,
747756,2018-12-01,17478,1642,,15347,0.94,4068
747756,2021-01-01,17478,1650,,20577,0.95,6035
747756,2022-01-01,17478,1650,,19906,0.96,7256
747756,2016-01-01,17478,1613,,21476,0.96,2318
747756,2017-01-01,17478,1600,,24420,0.96,3244
747756,2019-12-01,17478,1650,,17215,0.94,5169
747756,2017-12-01,17478,1600,,28776,0.97,4590
747756,2023-01-01,17478,0,,,1,460
879247,2024-12-01,17478,1600,0,10631,0.93,2542
879247,2023-01-01,17478,0,,8721,1,2888
879247,2025-12-01,17478,1600,0,26708,0.97,3965
879247,2023-12-01,17478,1585,0,12024,0.95,2459
879247,2017-12-01,17478,897,,9394,0.97,1403
879247,2024-12-01,17478,1600,0,10631,0.93,2542
879247,2021-01-01,17478,1022,,10295,0.95,2130
879247,2018-12-01,17478,934,,6747,0.93,1349
879247,2025-12-01,17478,1600,0,26708,0.97,3965
879247,2019-12-01,17478,970,,8391,0.94,1835
879247,2017-01-01,17478,875,,7471,0.94,953
879247,2022-01-01,17478,1030,,9400,0.95,2639
879247,2023-01-01,17478,0,,8721,1,2888
879247,2023-12-01,17478,1585,0,12024,0.95,2459
205405,2023-08-01,20589,1255,,,0.96,1475
205405,2024-08-01,20589,1417,,,0.96,1804
2107029,2023-12-01,22589,,,,,
453077,2025-02-01,3929783,,,,,
1621914,2025-02-01,3929783,,,,,
34345,2025-03-01,3945567,,,,,
327474,2015-10-01,1573,772,,5601,0.97,1059
327474,2020-10-01,1573,204,,,0.61,228
327474,2016-09-01,1573,823,,3140,0.85,547
327474,2019-09-01,1573,200,,,0.49,139
327474,2017-09-01,1573,800,,2517,0.94,726
327474,2018-09-01,1573,,,,,
327474,2021-10-01,1573,,,,,
327474,2018-09-01,1573,565,,,0.61,407
327474,2016-09-01,1573,823,,3140,0.85,547
327474,2015-10-01,1573,772,,5601,0.97,1059
327474,2017-09-01,1573,800,,2517,0.94,726
327474,2018-09-01,1573,565,,,0.61,407
327486,2017-09-01,1573,850,,2797,0.95,409
327486,2022-09-01,1573,1124,,,0.86,274
327486,2023-09-01,1573,1171,,,0.93,439
327486,2018-09-01,1573,895,,,0.8,334
327486,2020-10-01,1573,1044,,,0.97,633
327486,2016-09-01,1573,660,,4634,0.89,334
327486,2021-10-01,1573,1070,,,0.94,809
327486,2019-09-01,1573,972,,,0.86,270
327486,2024-09-01,1573,1175,,,0.91,587
327486,2017-09-01,1573,850,,2797,0.95,409
327486,2022-09-01,1573,1124,,,0.86,274
327486,2015-10-01,1573,514,,2139,0.96,328
327486,2020-10-01,1573,1044,,,0.97,633
327486,2019-09-01,1573,972,,,0.86,270
327486,2021-10-01,1573,1070,,,0.94,809
327486,2024-09-01,1573,1175,,,0.91,587
327486,2016-09-01,1573,660,,4634,0.89,334
327486,2018-09-01,1573,895,,,0.8,334
327486,2023-09-01,1573,1171,,,0.93,439
647302,2017-12-01,2079,,,,,
647302,2016-12-01,2079,,,,,
647302,2015-12-01,2079,,,,,
647302,2019-12-01,2079,,,,,
647302,2018-12-01,2079,,,,,
647302,2020-12-01,2079,,,,,
1365884,2020-12-01,2079,,,,,
1365884,2023-12-01,2079,,,,,
1365884,2022-12-01,2079,,,,,
1365884,2024-12-01,2079,,,,,
1365884,2021-12-01,2079,,,,,
183266,2017-12-01,4354,1094,,6732,0.94,1546
183266,2023-12-01,4354,0,,15759,1,1643
183266,2018-12-01,4354,1149,,7519,0.94,1419
183266,2024-12-01,4354,,,,,
183266,2023-12-01,4354,,,,,
183266,2015-12-01,4354,973,,6261,0.94,3219
183266,2020-12-01,4354,1299,,9348,0.95,1475
183266,2021-12-01,4354,1260,,,0.91,1479
183266,2017-12-01,4354,1094,,6732,0.94,1546
183266,2019-12-01,4354,1200,,3515,0.92,1348
183266,2020-12-01,4354,1299,,9348,0.95,1475
183266,2015-12-01,4354,973,,6261,0.94,3219
183266,2016-12-01,4354,1038,,6355,0.94,1371
183266,2021-12-01,4354,1260,,,0.91,1479
183266,2022-12-01,4354,1314,,3824,0.94,1824
183266,2016-12-01,4354,1038,,6355,0.94,1371
183266,2019-12-01,4354,1200,,3515,0.92,1348
183266,2022-12-01,4354,1314,,3824,0.94,1824
183266,2018-12-01,4354,1149,,7519,0.94,1419
183266,2023-12-01,4354,0,,15759,1,1643
1203855,2022-12-01,4354,85,,,0.86,11
1203855,2024-12-01,4354,,,,,
1203855,2023-12-01,4354,99,,,0.8,15
2113430,2024-12-01,4354,1050,,1570,0.91,241
2113430,2024-12-01,4354,1050,,1570,0.91,241
2113430,2023-12-01,4354,65,900,8715,0.95,285
2113430,2023-12-01,4354,65,900,8715,0.95,285
206108,2021-12-01,4427,,,,,
206108,2017-12-01,4427,,,,,
206108,2018-12-01,4427,,,,,
206108,2020-12-01,4427,,,,,
206108,2022-12-01,4427,,,,,
206108,2016-12-01,4427,,,,,
206108,2022-12-01,4427,,,,,
206108,2019-12-01,4427,,,,,
499843,2016-12-01,4427,,,,,
499843,2015-12-01,4427,,,,,
1712387,2023-12-01,4427,,,,,
1712387,2022-12-01,4427,,,,,
1712387,2024-12-01,4427,,,,,
182411,2017-12-01,5480,700,,9094,0.96,1720
182411,2023-12-01,5480,,,,,
182411,2016-12-01,5480,650,,6165,0.96,1020
182411,2022-01-01,5480,720,,11706,0.96,4252
182411,2018-12-01,5480,725,,5956,0.93,1489
182411,2021-01-01,5480,739,,17456,0.97,4864
182411,2019-12-01,5480,725,,7326,0.99,2875
182411,2016-01-01,5480,650,,5124,0.93,857
182411,2022-12-01,5480,0,,,,1047
182411,2015-01-01,5480,0,,,,
182411,2018-12-01,5480,725,,5956,0.93,1489
182411,2022-01-01,5480,720,,11706,0.96,4252
182411,2019-12-01,5480,725,,7326,0.99,2875
182411,2017-12-01,5480,700,,9094,0.96,1720
182411,2016-01-01,5480,650,,5124,0.93,857
182411,2016-12-01,5480,650,,6165,0.96,1020
182411,2021-01-01,5480,739,,17456,0.97,4864
540099,2018-12-01,5480,109,,,0.66,16
540099,2024-12-01,5480,134,,,0.66,3
540099,2021-01-01,5480,139,,,0.7,8
540099,2023-12-01,5480,144,,,0.67,6
540099,2022-01-01,5480,140,,,0.65,5
540099,2016-12-01,5480,107,,,0.67,8
540099,2017-12-01,5480,111,,,0.6,14
540099,2019-12-01,5480,131,,,0.64,4
540099,2016-01-01,5480,96,,,0.68,6
540099,2022-12-01,5480,140,,,0.63,7
550037,2022-12-01,5480,725,,8078,0.99,2205
550037,2024-12-01,5480,750,,12138,0.97,3796
550037,2023-12-01,5480,750,,15670,0.97,4003
550037,2022-01-01,5480,605,,31923,0.98,1448
550037,2018-12-01,5480,500,,,,
550037,2016-01-01,5480,375,,1025,0.86,143
550037,2024-12-01,5480,750,,12138,0.97,3796
550037,2021-01-01,5480,562,,,,
550037,2017-12-01,5480,434,,1604,0.93,462
550037,2019-12-01,5480,550,,,,
550037,2022-12-01,5480,725,,8078,0.99,2205
550037,2023-12-01,5480,750,,15670,0.97,4003
550037,2022-01-01,5480,605,,31923,0.98,1448
550037,2016-12-01,5480,400,,1356,0.95,226
745229,2023-12-01,6382,100,,,0.74,6
745229,2024-12-01,6382,50,,,0.82,9
183256,2017-12-01,6389,,,,,
183256,2016-12-01,6389,,,,,
183256,2018-12-01,6389,,,,,
183256,2015-12-01,6389,,,,,
1448606,2024-12-01,6837,120,,,0.61,12
1448606,2021-12-01,6837,120,,,0.61,2
1448606,2022-12-01,6837,120,,,0.66,8
1448606,2023-12-01,6837,120,,,0.61,10
892665,2018-12-01,9961,772,,864,0.79,205
892665,2015-12-01,9961,609,,609,0.82,109
892665,2016-12-01,9961,700,,2019,0.88,162
892665,2017-12-01,9961,743,,1449,0.85,243
31551,2015-12-01,11430,110,,,0.64,38
31551,2018-12-01,11430,110,,,0.61,43
31551,2020-12-01,11430,152,,,0.4,30
31551,2021-12-01,11430,160,,,0.49,48
31551,2019-12-01,11430,110,,,0.61,48
31551,2017-12-01,11430,110,,,0.66,49
31551,2022-12-01,11430,,,,,
48076,2019-12-01,16239,1227,,63480,0.99,1983
48076,2021-12-01,16239,,,,,
48076,2019-12-01,16239,1227,,63480,0.99,1983
48076,2021-12-01,16239,,,,,
48076,2018-12-01,16239,898,2500,,0.79,286
48076,2020-12-01,16239,1250,,,0.93,1559
48076,2016-12-01,16239,195,,,0.99,0
48076,2017-12-01,16239,850,1750,,0.79,188
48076,2020-12-01,16239,1250,,,0.93,1559
61502,2024-12-01,16239,0,,,,
103257,2017-12-01,16239,,,,,
103257,2016-12-01,16239,0,,,1,16
103257,2015-12-01,16239,0,,,1,10
182411,2023-12-01,16239,0,,,1,16
182411,2024-12-01,16239,,,,,
182411,2022-12-01,16239,0,,,,28
486395,2021-12-01,16239,1099,1750,,0.99,3529
486395,2022-12-01,16239,1302,,,0.83,1734
486395,2024-12-01,16239,,,,,
486395,2023-12-01,16239,1068,,,0.97,3773
486395,2021-12-01,16239,1099,1750,,0.99,3529
486395,2023-12-01,16239,1068,,,0.97,3773
486395,2022-12-01,16239,1302,,,0.83,1734
486395,2024-12-01,16239,,,,,
764621,2017-12-01,16239,1380,,,0.95,453
764621,2016-12-01,16239,1250,,,0.94,958
764621,2018-12-01,16239,,,,,
764621,2016-12-01,16239,1250,,,0.94,958
764621,2017-12-01,16239,1380,,,0.95,453
764621,2015-12-01,16239,1100,,,0.91,1044
764621,2018-12-01,16239,,,,,
764621,2015-12-01,16239,1100,,,0.91,1044
1207036,2021-12-01,16239,,,,,
1207036,2018-12-01,16239,101,,,0.68,4
1207036,2020-12-01,16239,115,,,0.6,7
1207036,2019-12-01,16239,121,,,0.62,8
1207036,2017-12-01,16239,30,,,0.84,2
63117,2025-08-01,17238,1000,,,0.9,2669
63117,2020-08-01,17238,0,,,,
63117,2022-08-01,17238,1249,,,0.91,1157
63117,2024-08-01,17238,1049,,,0.84,1903
63117,2015-08-01,17238,1050,,671,0.77,211
63117,2023-08-01,17238,1255,,,0.95,2214
63117,2016-08-01,17238,1100,,,0.81,268
63117,2019-08-01,17238,0,,,,
63117,2022-08-01,17238,1249,,,0.91,1157
63117,2024-08-01,17238,1049,,,0.84,1903
63117,2025-08-01,17238,1000,,,0.9,2669
63117,2016-08-01,17238,1100,,,0.81,268
63117,2017-08-01,17238,1100,,,0.93,445
63117,2023-08-01,17238,1255,,,0.95,2214
63117,2017-08-01,17238,1100,,,0.93,445
63117,2018-08-01,17238,0,,,,
63117,2021-08-01,17238,0,,,,
63117,2015-08-01,17238,1050,,671,0.77,211
540451,2025-08-01,17238,1177,,,0.94,319
540451,2025-08-01,17238,1177,,,0.94,319
540451,2024-08-01,17238,878,,,0.8,111
540451,2022-08-01,17238,700,,,0.82,123
540451,2023-08-01,17238,717,,,0.89,119
1996477,2023-08-01,17238,991,,,0.93,281
1996477,2023-08-01,17238,991,,,0.93,281
1996477,2024-08-01,17238,,,,,
1996477,2024-08-01,17238,,,,,
1996477,2022-08-01,17238,700,,,0.82,130
33316,2017-12-01,18888,,,,,
33316,2016-12-01,18888,,,,,
33316,2016-12-01,18888,1500,,,0.95,1063
33316,2015-12-01,18888,1500,,,0.93,1157
33316,2015-12-01,18888,1500,,,0.93,1157
33316,2016-12-01,18888,1500,,,0.95,1063
48076,2025-08-01,20589,0,,,1,8
48076,2024-08-01,20589,7,,,0.96,5
56477,2016-09-01,20589,588,,1525,0.89,801
56477,2015-09-01,20589,1062,,1336,0.82,741
56477,2017-08-01,20589,,,,,
56477,2015-09-01,20589,1062,,1336,0.82,741
56477,2016-09-01,20589,588,,1525,0.89,801
56477,2017-08-01,20589,,,,,
205405,2019-08-01,20589,1286,,,0.89,677
205405,2017-08-01,20589,388,,10491,0.98,350
205405,2025-08-01,20589,1446,,,0.96,1656
205405,2018-08-01,20589,1200,,4603,0.92,711
205405,2020-09-01,20589,1369,,,0.89,787
205405,2025-08-01,20589,1446,,,0.96,1656
205405,2022-09-01,20589,1410,,,0.93,1127
205405,2020-09-01,20589,1369,,,0.89,787
205405,2021-09-01,20589,1350,,,0.93,1303
205405,2017-08-01,20589,388,,10491,0.98,350
205405,2023-08-01,20589,1255,,,0.96,1475
205405,2019-08-01,20589,1286,,,0.89,677
205405,2024-08-01,20589,1417,,,0.96,1804
49516,2020-12-01,21105,75,,,0.84,136
49516,2024-12-01,21105,,,,,
49516,2022-12-01,21105,108,,,0.7,206
49516,2023-12-01,21105,100,,,0.75,198
49516,2019-12-01,21105,23,,,0.88,89
49516,2021-12-01,21105,80,,,0.77,208
486930,2023-12-01,22588,,,,,
486930,2024-12-01,22588,,,,,
486930,2024-12-01,22588,,,,,
33503,2015-05-01,23295,950,,61365,0.99,16064
33503,2020-05-01,23295,950,,,,9581
33503,2019-05-01,23295,950,,,,19385
33503,2016-05-01,23295,950,,26010,0.98,15982
33503,2018-05-01,23295,950,,,1,19446
33503,2023-05-01,23295,950,,,0.81,22621
33503,2022-05-01,23295,950,,,0.89,21342
33503,2017-05-01,23295,950,,32437,0.98,15212
33503,2021-05-01,23295,950,,,0.91,14614
33503,2024-05-01,23295,950,,,0.85,21815
33503,2025-05-01,23295,950,,,,24492
33503,2017-05-01,23295,950,,32437,0.98,15212
33503,2020-05-01,23295,950,,,,9581
33503,2021-05-01,23295,950,,,0.91,14614
33503,2022-05-01,23295,950,,,0.89,21342
33503,2024-05-01,23295,950,,,0.85,21815
33503,2019-05-01,23295,950,,,,19385
33503,2015-05-01,23295,950,,61365,0.99,16064
33503,2023-05-01,23295,950,,,0.81,22621
33503,2018-05-01,23295,950,,,1,19446
33503,2025-05-01,23295,950,,,,24492
33503,2016-05-01,23295,950,,26010,0.98,15982
86007,2020-05-01,23295,,,,,
86007,2015-05-01,23295,950,,61365,0.99,9491
86007,2016-05-01,23295,950,,26010,0.98,9243
86007,2018-05-01,23295,950,,,1,17925
86007,2019-05-01,23295,950,,,,19816
86007,2016-05-01,23295,950,,26010,0.98,9243
86007,2018-05-01,23295,950,,,1,17925
86007,2020-05-01,23295,,,,,
86007,2015-05-01,23295,950,,61365,0.99,9491
86007,2017-05-01,23295,950,,32437,0.98,11622
86007,2017-05-01,23295,950,,32437,0.98,11622
86007,2019-05-01,23295,950,,,,19816
90127,2023-12-01,26741,0,,,1,8
90127,2024-12-01,26741,0,,,1,19
90127,2022-12-01,26741,6,,,0.6,0
1621922,2021-01-01,29065,0,,,1,3
1621922,2023-12-01,29065,0,,,1,6
1621922,2024-12-01,29065,,,,,
1621922,2022-01-01,29065,0,,,1,4
1621922,2022-12-01,29065,0,,,1,2
1398426,2020-12-01,1986971,,,,,
324013,2020-12-01,2673818,,,,,
324013,2022-12-01,2673818,,,,,
324013,2023-12-01,2673818,,,,,
324013,2021-12-01,2673818,,,,,
330139,2019-11-01,2673857,,,,,
330139,2018-12-01,2673857,,,,,
330139,2017-12-01,2673857,,,,,
1123231,2019-12-01,2676681,,,,,
1123231,2020-12-01,2676681,,,,,
1109557,2024-12-01,2707791,,,,,
1109557,2024-12-01,2707791,,,,,
657839,2020-12-01,2814691,,,,,
657839,2021-12-01,2814691,,,,,
657839,2018-12-01,2814691,,,,,
657839,2019-12-01,2814691,,,,,
657839,2022-12-01,2814691,,,,,
657839,2023-12-01,2814691,,,,,
275263,2023-03-01,2819136,,,,,
275263,2019-12-01,2819136,,,,,
275263,2018-12-01,2819136,,,,,
275263,2021-12-01,2819136,,,,,
275263,2020-12-01,2819136,,,,,
541897,2018-12-01,2819543,,,,,
541897,2023-12-01,2819543,,,,,
541897,2020-12-01,2819543,,,,,
541897,2024-12-01,2819543,,,,,
541897,2022-12-01,2819543,,,,,
541897,2019-12-01,2819543,,,,,
541897,2021-12-01,2819543,,,,,
601215,2023-04-01,2888163,,,,,
601215,2018-12-01,2888163,,,,,
601215,2020-12-01,2888163,,,,,
601215,2019-12-01,2888163,,,,,
601215,2021-12-01,2888163,,,,,
330139,2024-12-01,2889378,,,,,
330139,2020-12-01,2889378,,,,,
330139,2021-12-01,2889378,,,,,
330139,2022-12-01,2889378,,,,,
330139,2023-12-01,2889378,,,,,
330139,2022-12-01,2889378,,,,,
1252966,2019-12-01,2923206,,,,,
1252966,2021-12-01,2923206,,,,,
1252966,2023-12-01,2923206,,,,,
1252966,2020-12-01,2923206,,,,,
1252966,2024-12-01,2923206,,,,,
1252966,2022-12-01,2923206,,,,,
1252966,2018-12-01,2923206,,,,,
1301965,2021-12-01,2991420,,,,,
1301965,2022-12-01,2991420,,,,,
1301965,2024-12-01,2991420,,,,,
1301965,2019-12-01,2991420,,,,,
1301965,2023-12-01,2991420,,,,,
1301965,2020-12-01,2991420,,,,,
206108,2024-12-01,3030076,,,,,
1026,2019-12-01,3030080,,,,,
657839,2021-12-01,3030080,,,,,
657839,2019-12-01,3030080,,,,,
657839,2020-12-01,3030080,,,,,
657839,2022-12-01,3030080,,,,,
2310470,2021-12-01,3198908,,,,,
2310470,2022-12-01,3198908,,,,,
2310470,2023-12-01,3198908,,,,,
2310470,2024-12-01,3198908,,,,,
1093467,2022-12-01,3201625,,,,,
1093467,2020-12-01,3201625,,,,,
1093467,2021-12-01,3201625,,,,,
1093467,2023-12-01,3201625,,,,,
183266,2023-12-01,3275872,,,,,
183266,2024-12-01,3275872,,,,,
347211,2023-12-01,3275872,,,,,
347211,2024-12-01,3275872,,,,,
31551,2023-12-01,3276162,,,,,
324013,2020-12-01,3278230,,,,,
324013,2021-12-01,3278230,,,,,
485621,2022-12-01,3299324,,,,,
485621,2020-12-01,3299324,13,,,,
485621,2021-12-01,3299324,175,,,0.52,4
540927,2023-12-01,3299324,,,,,
540927,2023-12-01,3299324,1023,,,0.94,140
540927,2024-12-01,3299324,1400,,,0.91,270
540927,2024-12-01,3299324,1400,,,0.91,270
540927,2023-12-01,3299324,1023,,,0.94,140
540927,2022-12-01,3299324,0,,,,
2033434,2020-12-01,3299324,872,1000,,0.34,34
2033434,2022-12-01,3299324,1300,,,0.92,219
2033434,2021-12-01,3299324,1300,,,0.91,131
2033434,2023-12-01,3299324,,,,,
2033434,2022-12-01,3299324,1300,,,0.92,219
2033434,2020-12-01,3299324,872,1000,,0.34,34
2033434,2021-12-01,3299324,1300,,,0.91,131
2033434,2023-12-01,3299324,,,,,
485621,2020-12-01,3299965,,,,,
485621,2021-12-01,3299965,,,,,
485621,2022-11-01,3299965,,,,,
764621,2024-12-01,3324776,,,,,
1758691,2022-12-01,3346092,,,,,
1758691,2021-12-01,3346092,,,,,
1758691,2024-12-01,3346092,,,,,
1758691,2023-12-01,3346092,,,,,
33491,2021-12-01,3368629,,,,,
33491,2022-12-01,3368629,,,,,
34345,2023-03-01,3370524,,,,,
34345,2021-12-01,3370524,,,,,
324013,2021-12-01,3370701,,,,,
272802,2024-12-01,3393200,,,,,
272802,2023-12-01,3393200,,,,,
272802,2022-12-01,3393200,,,,,
1396615,2024-06-01,3393854,,,,,
1093467,2023-12-01,3415681,,,,,
1093467,2022-12-01,3415681,,,,,
1975125,2023-12-01,3449260,,,,,
1975125,2022-12-01,3449260,,,,,
1975125,2024-11-01,3449260,,,,,
1975125,2021-12-01,3449260,,,,,
453077,2021-12-01,3469267,0,,,,
453077,2022-12-01,3469267,0,,,,
453077,2024-12-01,3469267,0,,,,
453077,2023-12-01,3469267,0,,,,
1398426,2021-12-01,3469267,0,,,,
1398426,2024-12-01,3469267,0,,,,
1398426,2023-12-01,3469267,0,,,,
1398426,2023-12-01,3469267,,,,,
1398426,2022-12-01,3469267,0,,,,
206108,2022-12-01,3530024,,,,,
206108,2023-12-01,3530024,,,,,
1203855,2024-12-01,3657337,,,,,
1010281,2023-12-01,3659640,,,,,
1010281,2024-12-01,3659640,,,,,
1396615,2024-10-01,3876520,,,,,
544257,2019-12-01,864,,,,,
544257,2017-12-01,864,,,,,
544257,2020-12-01,864,,,,,
544257,2021-12-01,864,,,,,
544257,2015-12-01,864,,,,,
544257,2016-12-01,864,,,,,
544257,2018-12-01,864,,,,,
647302,2022-12-01,864,,,,,
647302,2021-12-01,864,,,,,
647302,2024-12-01,864,,,,,
647302,2023-12-01,864,,,,,
104962,2020-12-01,1391,,,,,
104962,2024-12-01,1391,,,,,
104962,2016-12-01,1391,,,,,
104962,2017-12-01,1391,,,,,
104962,2022-12-01,1391,,,,,
104962,2018-12-01,1391,,,,,
104962,2023-12-01,1391,,,,,
104962,2015-12-01,1391,,,,,
104962,2019-12-01,1391,,,,,
104962,2021-12-01,1391,,,,,
1192124,2017-12-01,2273,0,,,,
1192124,2021-12-01,2273,125,,,0.65,14
1192124,2024-12-01,2273,125,,,0.53,16
1192124,2023-12-01,2273,125,,,0.63,19
1192124,2019-12-01,2273,125,,,0.64,6
1192124,2020-12-01,2273,125,,,0.64,8
1192124,2018-12-01,2273,134,,,0.67,3
1192124,2022-12-01,2273,125,,,0.64,18
1077323,2015-12-01,3684,,,,,
1074205,2022-12-01,4584,0,,,1,5
1074205,2023-12-01,4584,0,,,1,11
1074205,2024-12-01,4584,0,,,1,21
1074205,2021-12-01,4584,0,,,1,1
1093830,2024-12-01,5118,1537,,,0.85,210
1093830,2023-12-01,5118,1257,0,,0.59,195
1093830,2023-12-01,5118,1257,0,,0.59,195
1093830,2019-12-01,5118,891,,,0.72,55
1093830,2022-12-01,5118,1064,0,,0.59,224
1093830,2020-12-01,5118,953,,,0.65,123
1093830,2021-12-01,5118,1020,,,0.61,164
1093830,2024-12-01,5118,1537,,,0.85,210
142122,2022-12-01,6495,1399,0,3115,0.9,913
142122,2023-12-01,6495,1462,,4210,0.92,1180
142122,2015-12-01,6495,0,,,,
142122,2016-12-01,6495,0,,,,
142122,2018-12-01,6495,0,,,,
142122,2019-12-01,6495,0,,,,
142122,2017-12-01,6495,0,,,,
142122,2021-12-01,6495,1354,,4103,0.91,1703
142122,2020-12-01,6495,1355,,6300,0.94,1413
142122,2024-12-01,6495,1513,,2641,0.88,811
142122,2021-12-01,6495,1354,,4103,0.91,1703
142122,2023-12-01,6495,1462,,4210,0.92,1180
142122,2024-12-01,6495,1513,,2641,0.88,811
142122,2020-12-01,6495,1355,,6300,0.94,1413
142122,2022-12-01,6495,1399,0,3115,0.9,913
34345,2018-03-01,7584,,,,,
485621,2021-03-01,7584,0,,,1,11
485621,2023-03-01,7584,,,,,
485621,2020-03-01,7584,0,,,1,1
485621,2022-03-01,7584,0,,,1,16
640531,2017-12-01,12986,0,,,1,3
640531,2018-12-01,12986,,,,,
640531,2016-12-01,12986,0,,,1,0
495149,2024-12-01,14399,87,,,0.7,2
444827,2024-12-01,15207,125,,,0.47,1
332327,2015-12-01,16157,,,,,
332327,2020-12-01,16157,,,,,
332327,2024-12-01,16157,,,,,
332327,2017-12-01,16157,,,,,
332327,2016-12-01,16157,,,,,
332327,2018-12-01,16157,,,,,
332327,2019-12-01,16157,,,,,
332327,2021-12-01,16157,,,,,
332327,2022-12-01,16157,,,,,
332327,2023-12-01,16157,,,,,
485621,2018-12-01,17913,100,,,0.67,65
485621,2015-12-01,17913,100,,,0.67,54
485621,2016-12-01,17913,100,,,0.63,53
485621,2019-12-01,17913,100,,,0.72,86
485621,2020-12-01,17913,100,,,0.68,90
485621,2017-12-01,17913,100,,,0.68,62
485621,2021-12-01,17913,100,,,0.66,103
485621,2022-12-01,17913,,,,,
8391,2018-12-01,19820,83,,,0.47,2
8391,2023-12-01,19820,115,,,0.59,12
8391,2019-12-01,19820,0,,,1,4
8391,2021-12-01,19820,115,,,0.59,10
8391,2024-12-01,19820,160,,,0.52,13
8391,2022-12-01,19820,115,,,0.68,10
8391,2020-12-01,19820,0,,,1,7
205405,2021-09-01,20589,1350,,,0.93,1303
205405,2022-09-01,20589,1410,,,0.93,1127
2107029,2024-12-01,22589,,,,,
56076,2022-12-01,24205,1264,,,0.9,281
56076,2020-12-01,24205,1220,,,0.91,223
56076,2018-12-01,24205,278,950,3067,0.74,43
56076,2019-12-01,24205,1200,,,0.9,137
56076,2023-12-01,24205,,,,,
56076,2022-12-01,24205,1264,,,0.9,281
56076,2019-12-01,24205,1200,,,0.9,137
56076,2021-12-01,24205,1236,,,0.88,239
56076,2021-12-01,24205,1236,,,0.88,239
56076,2023-12-01,24205,,,,,
56076,2018-12-01,24205,278,950,3067,0.74,43
56076,2020-12-01,24205,1220,,,0.91,223
61667,2017-12-01,26497,,,,,
61667,2023-12-01,26497,,,,,
61667,2024-12-01,26497,,,,,
61667,2016-12-01,26497,,,,,
61667,2022-12-01,26497,,,,,
61667,2015-12-01,26497,,,,,
61667,2019-12-01,26497,,,,,
61667,2021-12-01,26497,,,,,
61667,2020-12-01,26497,,,,,
61667,2018-12-01,26497,,,,,
31551,2019-12-01,27219,1659,,20742,0.97,4975
31551,2020-12-01,27219,1702,,19663,0.96,4590
31551,2016-12-01,27219,1527,,24965,0.97,3000
485800,2021-12-01,27219,1320,,12638,0.96,944
485800,2016-12-01,27219,992,,7698,0.93,513
485800,2017-12-01,27219,1018,,3913,0.91,563
485800,2019-12-01,27219,1076,,5531,0.93,896
485800,2022-12-01,27219,1539,0,14790,0.96,1691
485800,2023-12-01,27219,1603,0,9057,0.95,1781
485800,2015-12-01,27219,964,1250,5645,0.83,303
485800,2018-12-01,27219,1044,,6372,0.94,947
485800,2020-12-01,27219,1113,,4994,0.92,706
485800,2021-12-01,27219,1320,,12638,0.96,944
485800,2024-12-01,27219,1624,0,6656,0.94,1655
485800,2022-12-01,27219,1539,0,14790,0.96,1691
485800,2023-12-01,27219,1603,0,9057,0.95,1781
485800,2024-12-01,27219,1624,0,6656,0.94,1655
34852,2024-12-01,27977,,,,,
34852,2017-12-01,27977,,,,,
34852,2022-12-01,27977,,,,,
34852,2018-12-01,27977,,,,,
34852,2021-01-01,27977,,,,,
34852,2022-01-01,27977,,,,,
34852,2023-12-01,27977,,,,,
34852,2019-12-01,27977,,,,,
1074205,2019-12-01,30658,,,,,
1074205,2017-12-01,30658,,,,,
1074205,2018-12-01,30658,,,,,
1074205,2020-12-01,30658,,,,,
1074205,2016-12-01,30658,,,,,
1127175,2018-12-01,852951,,,,,
1127175,2020-12-01,852951,,,,,
1127175,2024-12-01,852951,,,,,
1127175,2021-12-01,852951,,,,,
1127175,2017-12-01,852951,,,,,
1127175,2023-12-01,852951,,,,,
1127175,2016-12-01,852951,,,,,
1127175,2022-12-01,852951,,,,,
1127175,2015-12-01,852951,,,,,
1127175,2019-12-01,852951,,,,,
46796,2024-12-01,3235375,,,,,
46796,2020-12-01,3235375,,,,,
46796,2021-12-01,3235375,,,,,
1047323,2021-12-01,3235952,,,,,
1047323,2023-10-01,3235952,,,,,
1047323,2022-12-01,3235952,,,,,
1134582,2024-12-01,3260477,,,,,
90127,2020-12-01,3267609,,,,,
90127,2021-12-01,3267609,,,,,
90127,2022-09-01,3267609,,,,,
843302,2025-01-01,3267950,,,,,
843302,2025-01-01,3267950,,,,,
843302,2021-01-01,3267950,,,,,
843302,2023-01-01,3267950,,,,,
843302,2024-01-01,3267950,,,,,
843302,2022-01-01,3267950,,,,,
1123231,2024-12-01,3268017,,,,,
345845,2022-10-01,3286810,,,,,
345845,2020-12-01,3286810,,,,,
345845,2021-12-01,3286810,,,,,
833256,2020-12-01,3286846,,,,,
833256,2022-03-01,3286846,,,,,
1123231,2020-12-01,3307623,,,,,
1123231,2023-08-01,3307623,,,,,
1123231,2022-12-01,3307623,,,,,
1123231,2021-12-01,3307623,,,,,
513708,2021-12-01,3353782,,,,,
1890670,2021-12-01,3354426,,,,,
1890670,2023-12-01,3354426,,,,,
1890670,2022-12-01,3354426,,,,,
1890670,2024-12-01,3354426,,,,,
657839,2021-12-01,3397377,,,,,
657839,2023-12-01,3397377,,,,,
657839,2022-12-01,3397377,,,,,
657839,2022-12-01,3468436,,,,,
657839,2023-12-01,3468436,,,,,
657839,2021-12-01,3468436,,,,,
34345,2021-12-01,3482715,,,,,
34345,2022-12-01,3482715,,,,,
485621,2023-12-01,3563743,,,,,
485621,2022-12-01,3563743,,,,,
183256,2025-05-01,3640951,,,,,
183256,2023-12-01,3640951,,,,,
275263,2024-12-01,3649983,,,,,
182411,2022-12-01,3655000,,,,,
182411,2023-12-01,3655000,,,,,
206474,2025-07-01,4004264,,,,,
1860271,2025-07-01,4004264,,,,,
332806,2025-08-01,4011560,,,,,
1616987,2025-11-01,4041540,,,,,
1134582,2019-12-01,2029,,,,,
1134582,2021-12-01,2029,,,,,
1134582,2023-12-01,2029,,,,,
1134582,2018-12-01,2029,,,,,
1134582,2022-12-01,2029,,,,,
1134582,2020-12-01,2029,,,,,
1134582,2024-12-01,2029,,,,,
534543,2017-12-01,4730,28,,,0.95,6
534543,2022-12-01,4730,0,,,1,18
534543,2024-12-01,4730,0,,,1,23
534543,2016-12-01,4730,0,,,,
534543,2018-12-01,4730,0,,,1,9
534543,2019-12-01,4730,135,,,0.6,13
534543,2021-12-01,4730,0,,,1,15
534543,2023-12-01,4730,0,,,1,29
534543,2020-12-01,4730,135,,,0.6,12
640531,2020-12-01,4730,92,,,0.6,5
640531,2021-12-01,4730,0,,,1,9
640531,2023-12-01,4730,0,,,1,26
640531,2022-12-01,4730,0,,,1,15
640531,2024-12-01,4730,0,,,1,23
31551,2016-12-01,11430,110,,,0.67,48
205183,2016-12-01,12153,83,,,0.64,18
205183,2017-12-01,12153,138,,,0.44,1
205183,2022-12-01,12153,100,,,0.61,6
205183,2024-12-01,12153,113,,,0.62,13
205183,2020-12-01,12153,100,,,0.49,3
205183,2023-12-01,12153,110,,,0.63,9
205183,2015-12-01,12153,83,,,0.56,14
205183,2019-12-01,12153,110,,,0.54,3
205183,2021-12-01,12153,100,,,0.52,4
205183,2018-12-01,12153,138,,,0.44,19
444827,2023-12-01,15207,120,,,0.59,2
183266,2020-12-01,15783,0,,,1,8
183266,2016-12-01,15783,0,,,1,2
183266,2018-12-01,15783,0,,,1,4
183266,2015-12-01,15783,10,,,0.81,1
183266,2022-12-01,15783,117,,,0.59,10
183266,2024-12-01,15783,94,,,0.64,13
183266,2017-12-01,15783,0,,,1,5
183266,2021-12-01,15783,70,,,0.7,8
183266,2019-12-01,15783,0,,,1,92
183266,2023-12-01,15783,94,,,0.62,10
1249099,2018-12-01,15783,996,,5595,0.89,517
1249099,2015-12-01,15783,899,,7067,0.91,608
1249099,2019-12-01,15783,1044,,9041,0.94,1281
1249099,2021-12-01,15783,1140,,6089,0.92,905
1249099,2023-12-01,15783,1292,,5436,0.93,954
1249099,2020-12-01,15783,1095,,8686,0.94,961
1249099,2022-12-01,15783,1227,,6944,0.94,1173
1249099,2024-12-01,15783,1345,,6726,0.94,1248
1249099,2020-12-01,15783,1095,,8686,0.94,961
1249099,2024-12-01,15783,1345,,6726,0.94,1248
1249099,2015-12-01,15783,899,,7067,0.91,608
1249099,2016-12-01,15783,938,,10053,0.94,715
1249099,2018-12-01,15783,996,,5595,0.89,517
1249099,2019-12-01,15783,1044,,9041,0.94,1281
1249099,2023-12-01,15783,1292,,5436,0.93,954
1249099,2021-12-01,15783,1140,,6089,0.92,905
1249099,2017-12-01,15783,967,,10243,0.93,732
1249099,2016-12-01,15783,938,,10053,0.94,715
1249099,2017-12-01,15783,967,,10243,0.93,732
1249099,2022-12-01,15783,1227,,6944,0.94,1173
593280,2018-12-01,18888,775,,,0.88,132
1068880,2020-12-01,18888,1483,,,0.94,1500
1068880,2024-12-01,18888,1690,,,0.95,7318
1068880,2017-12-01,18888,1400,,,0.93,371
1068880,2021-12-01,18888,1500,,,0.95,2262
1068880,2018-12-01,18888,1400,,,0.97,801
1068880,2022-12-01,18888,1500,0,,0.97,3391
1068880,2023-12-01,18888,1621,0,,0.97,5654
1068880,2017-12-01,18888,1400,,,0.93,371
1068880,2018-12-01,18888,1400,,,0.97,801
1068880,2019-12-01,18888,1400,,,0.95,1097
1068880,2023-12-01,18888,1621,0,,0.97,5654
1068880,2024-12-01,18888,1690,,,0.95,7318
1068880,2020-12-01,18888,1483,,,0.94,1500
1068880,2021-12-01,18888,1500,,,0.95,2262
1068880,2022-12-01,18888,1500,0,,0.97,3391
1068880,2019-12-01,18888,1400,,,0.95,1097
499383,2021-06-01,20601,2500,0,,0.92,5192
499383,2022-06-01,20601,2500,0,,0.91,2646
499383,2023-06-01,20601,2500,0,,0.97,4970
499383,2016-06-01,20601,1200,4464,,0.72,896
499383,2017-06-01,20601,1886,,,0.92,1349
499383,2025-06-01,20601,2500,0,,0.97,7581
499383,2015-06-01,20601,1200,4320,,0.7,861
499383,2024-06-01,20601,2500,,,0.97,7453
499383,2017-06-01,20601,1886,,,0.92,1349
499383,2020-06-01,20601,2500,0,,0.93,3628
499383,2022-06-01,20601,2500,0,,0.91,2646
499383,2016-06-01,20601,1200,4464,,0.72,896
499383,2015-06-01,20601,1200,4320,,0.7,861
499383,2025-06-01,20601,2500,0,,0.97,7581
499383,2018-06-01,20601,1500,,,0.93,1893
499383,2023-06-01,20601,2500,0,,0.97,4970
499383,2019-06-01,20601,2333,0,,0.93,2319
499383,2018-06-01,20601,1500,,,0.93,1893
499383,2019-06-01,20601,2333,0,,0.93,2319
499383,2020-06-01,20601,2500,0,,0.93,3628
499383,2021-06-01,20601,2500,0,,0.92,5192
499383,2024-06-01,20601,2500,,,0.97,7453
181113,2017-12-01,20749,,,,,
181113,2022-12-01,20749,,,,,
181113,2018-12-01,20749,,,,,
181113,2023-12-01,20749,,,,,
181113,2015-12-01,20749,,,,,
181113,2016-12-01,20749,,,,,
181113,2020-12-01,20749,,,,,
181113,2024-12-01,20749,,,,,
181113,2019-12-01,20749,,,,,
181113,2021-12-01,20749,,,,,
534543,2015-12-01,22412,90,,,0.58,7
534543,2017-12-01,22412,,,,,
534543,2016-12-01,22412,90,,,0.72,14
507661,2023-12-01,22589,,,,,
507661,2018-12-01,22589,,,,,
507661,2020-12-01,22589,,,,,
507661,2022-12-01,22589,,,,,
507661,2015-12-01,22589,,,,,
507661,2016-12-01,22589,,,,,
507661,2019-12-01,22589,,,,,
507661,2021-12-01,22589,,,,,
507661,2017-12-01,22589,,,,,
203273,2015-09-01,23786,0,,,,
203273,2021-09-01,23786,800,,,0.95,1832
203273,2018-09-01,23786,800,,,0.97,1704
203273,2023-09-01,23786,850,,,0.94,1859
544533,2024-09-01,23786,800,,,0.95,297
544533,2023-09-01,23786,431,,,0.97,123
544533,2025-09-01,23786,800,,,0.96,480
544533,2024-09-01,23786,800,,,0.95,297
544533,2025-09-01,23786,800,,,0.96,480
544533,2023-09-01,23786,431,,,0.97,123
745229,2023-09-01,23786,93,,,0.74,12
745229,2022-09-01,23786,91,,,0.71,7
745229,2025-09-01,23786,93,,,0.77,23
745229,2021-09-01,23786,34,,,0.94,5
745229,2024-09-01,23786,93,,,0.73,17
485621,2015-12-01,24296,1859,,9644,0.95,2526
485621,2016-12-01,24296,1905,,12439,0.93,2149
485621,2019-12-01,24296,,,,,
485621,2017-12-01,24296,1957,,25932,0.95,3250
485621,2015-12-01,24296,1859,,9644,0.95,2526
485621,2016-12-01,24296,1905,,12439,0.93,2149
485621,2017-12-01,24296,1957,,25932,0.95,3250
485621,2018-12-01,24296,1993,,16314,0.93,3091
485621,2018-12-01,24296,1993,,16314,0.93,3091
485621,2019-12-01,24296,,,,,
1361005,2023-12-01,24296,1788,,4964,0.87,969
1361005,2021-12-01,24296,1688,,33271,0.97,2431
1361005,2024-12-01,24296,1800,,10969,0.94,925
1361005,2018-12-01,24296,1400,,9412,0.92,738
1361005,2019-12-01,24296,1600,,6667,0.91,870
1361005,2020-12-01,24296,1650,,17813,0.95,1152
1361005,2022-12-01,24296,1738,,16108,0.95,2368
1361005,2016-12-01,24296,1118,,3445,0.87,248
1361005,2018-12-01,24296,1400,,9412,0.92,738
1361005,2019-12-01,24296,1600,,6667,0.91,870
1361005,2021-12-01,24296,1688,,33271,0.97,2431
1361005,2024-12-01,24296,1800,,10969,0.94,925
1361005,2022-12-01,24296,1738,,16108,0.95,2368
1361005,2023-12-01,24296,1788,,4964,0.87,969
1361005,2017-12-01,24296,1170,,3191,0.85,385
1361005,2020-12-01,24296,1650,,17813,0.95,1152
200556,2021-01-01,25944,,,,,
200556,2022-01-01,25944,,,,,
200556,2019-12-01,25944,,,,,
200556,2017-12-01,25944,,,,,
200556,2022-12-01,25944,,,,,
200556,2016-01-01,25944,,,,,
200556,2016-12-01,25944,,,,,
200556,2018-12-01,25944,,,,,
200556,2015-01-01,25944,,,,,
49516,2019-12-01,27163,23,,,,25
49516,2022-12-01,27163,0,,,1,97
49516,2020-12-01,27163,0,,,1,86
49516,2021-12-01,27163,0,,,1,129
49516,2023-12-01,27163,0,,,1,108
49516,2024-12-01,27163,0,,,1,152
31551,2020-12-01,27219,1702,,19663,0.96,4590
31551,2015-12-01,27219,1500,,19355,0.96,2461
31551,2017-12-01,27219,1022,,12871,0.97,3183
31551,2022-12-01,27219,,,,,
31551,2016-12-01,27219,1527,,24965,0.97,3000
31551,2018-12-01,27219,1611,,21799,0.97,4370
31551,2019-12-01,27219,1659,,20742,0.97,4975
31551,2021-12-01,27219,1479,,14767,0.96,3955
31551,2015-12-01,27219,1500,,19355,0.96,2461
31551,2022-12-01,27219,,,,,
31551,2021-12-01,27219,1479,,14767,0.96,3955
31551,2018-12-01,27219,1611,,21799,0.97,4370
31551,2017-12-01,27219,1022,,12871,0.97,3183
857412,2020-12-01,29405,10,,,0.89,1
857412,2024-12-01,29405,126,,,0.65,12
857412,2021-12-01,29405,115,,,0.62,3
857412,2023-12-01,29405,120,,,0.64,8
857412,2022-12-01,29405,118,,,0.63,5
201483,2019-12-01,31575,,,,,
201483,2017-12-01,31575,129,,,0.51,6
1398426,2021-12-01,1986971,,,,,
1398426,2019-12-01,1986971,,,,,
1398426,2022-12-01,1986971,,,,,
332806,2019-12-01,2539638,,,,,
332806,2021-12-01,2539638,,,,,
332806,2017-12-01,2539638,,,,,
332806,2023-12-01,2539638,,,,,
332806,2016-12-01,2539638,,,,,
332806,2020-12-01,2539638,,,,,
332806,2024-12-01,2539638,,,,,
332806,2018-12-01,2539638,,,,,
332806,2022-12-01,2539638,,,,,
1599924,2024-04-01,2924705,,,,,
1599924,2023-04-01,2924705,,,,,
1599924,2025-04-01,2924705,,,,,
1599924,2022-04-01,2924705,,,,,
495149,2023-12-01,2934436,,,,,
495149,2022-01-01,2934436,,,,,
495149,2022-12-01,2934436,,,,,
495149,2024-12-01,2934436,,,,,
495149,2021-01-01,2934436,,,,,
1310248,2021-12-01,3165150,,,,,
1310248,2024-12-01,3165150,,,,,
1310248,2020-12-01,3165150,,,,,
1310248,2022-12-01,3165150,,,,,
1310248,2022-12-01,3165150,,,,,
1310248,2023-12-01,3165150,,,,,
2107029,2023-12-01,3251556,,,,,
2107029,2022-12-01,3251556,,,,,
2107029,2020-12-01,3251556,,,,,
2107029,2021-12-01,3251556,,,,,
540927,2021-12-01,3314470,,,,,
540927,2022-12-01,3314470,,,,,
540927,2023-12-01,3314470,,,,,
540927,2020-12-01,3314470,,,,,
540927,2024-12-01,3314470,,,,,
540927,2023-12-01,3314470,,,,,
201483,2015-12-01,31575,124,,,0.52,4
201483,2018-12-01,31575,123,,,0.61,7
201483,2016-12-01,31575,141,,,0.58,5
333755,2017-12-01,31575,0,,,1,14
333755,2024-12-01,31575,165,,,,36
333755,2021-12-01,31575,145,,,0.47,16
333755,2019-12-01,31575,0,,,1,26
333755,2020-12-01,31575,0,,,1,14
333755,2022-12-01,31575,0,,,1,16
333755,2018-12-01,31575,0,,,1,12
333755,2023-12-01,31575,145,,,,6
333755,2016-12-01,31575,104,,,0.65,11
1094011,2020-12-01,665743,,,,,
1094011,2024-12-01,665743,,,,,
1094011,2022-12-01,665743,,,,,
1094011,2019-12-01,665743,,,,,
1094011,2021-12-01,665743,,,,,
1094011,2018-12-01,665743,,,,,
1094011,2023-12-01,665743,,,,,
485800,2023-12-01,867887,143,,,0.55,9
485800,2018-12-01,867887,123,,,0.65,1
485800,2024-12-01,867887,155,,,0.54,12
485800,2021-12-01,867887,145,,,0.54,6
485800,2020-12-01,867887,125,,,0.59,
485800,2019-12-01,867887,135,,,0.55,2
485800,2022-12-01,867887,140,,,0.54,8
33494,2020-12-01,1921326,1688,,13822,0.95,1572
33494,2024-12-01,1921326,1604,0,10965,0.95,2606
33494,2022-12-01,1921326,1700,0,13767,0.95,2781
33494,2018-12-01,1921326,1650,,5463,0.92,1190
33494,2016-12-01,1921326,1600,,8954,0.94,951
33494,2017-12-01,1921326,1638,,16699,0.96,1162
33494,2021-12-01,1921326,1700,,15273,0.95,1890
33494,2015-12-01,1921326,1588,,11828,0.94,1001
33494,2019-12-01,1921326,1650,,8453,0.93,1338
33494,2023-12-01,1921326,1700,0,8601,0.94,2850
33494,2018-12-01,1921326,1650,,5463,0.92,1190
33494,2024-12-01,1921326,1604,0,10965,0.95,2606
33494,2017-12-01,1921326,1638,,16699,0.96,1162
33494,2019-12-01,1921326,1650,,8453,0.93,1338
33494,2022-12-01,1921326,1700,0,13767,0.95,2781
33494,2016-12-01,1921326,1600,,8954,0.94,951
33494,2021-12-01,1921326,1700,,15273,0.95,1890
33494,2023-12-01,1921326,1700,0,8601,0.94,2850
33494,2020-12-01,1921326,1688,,13822,0.95,1572
33494,2015-12-01,1921326,1588,,11828,0.94,1001
1799113,2024-12-01,1921326,1607,0,5787,0.92,1047
1799113,2018-12-01,1921326,554,,344,0.77,45
1799113,2023-12-01,1921326,1427,0,3415,0.89,819
1799113,2024-12-01,1921326,1607,0,5787,0.92,1047
1799113,2021-12-01,1921326,1130,,5173,0.92,534
1799113,2022-12-01,1921326,1330,0,4207,0.9,700
1799113,2019-12-01,1921326,907,,2573,0.89,119
1799113,2020-12-01,1921326,1065,,6417,0.93,305
347211,2018-12-01,2040052,,,,,
347211,2015-12-01,2040052,,,,,
347211,2019-12-01,2040052,,,,,
347211,2020-12-01,2040052,,,,,
347211,2021-12-01,2040052,,,,,
347211,2017-12-01,2040052,,,,,
347211,2016-12-01,2040052,,,,,
32603,2025-01-01,2519758,950,,,0.69,37218
32603,2019-02-01,2519758,0,,,,
32603,2024-02-01,2519758,950,,,0.68,26247
32603,2018-02-01,2519758,0,,,,
32603,2023-02-01,2519758,0,,,,
32603,2020-01-01,2519758,0,,,,
32603,2017-02-01,2519758,0,,,,
32603,2021-01-01,2519758,0,,,,
32603,2022-01-01,2519758,0,,,,
32603,2024-02-01,2519758,950,,,0.68,26247
32603,2025-01-01,2519758,950,,,0.69,37218
47756,2022-12-01,3081537,,,,,
47756,2023-12-01,3081537,,,,,
47756,2021-12-01,3081537,,,,,
47756,2020-12-01,3081537,,,,,
333755,2023-12-01,3081537,,,,,
333755,2024-12-01,3081537,,,,,
377031,2023-12-01,3186282,0,,,1,18
377031,2022-12-01,3186282,0,,,1,10
377031,2020-12-01,3186282,130,,,,4
377031,2021-12-01,3186282,130,,,0.65,8
377031,2024-12-01,3186282,132,,,0.66,24
377031,2025-12-01,3186282,142,,,0.57,21
333755,2022-12-01,3456113,,,,,
333755,2024-12-01,3456113,,,,,
333755,2023-12-01,3456113,,,,,
333755,2021-12-01,3456113,,,,,
205405,2018-08-01,20589,1200,,4603,0.92,711
540099,2016-09-01,20589,,,,,
540099,2015-09-01,20589,783,,752,0.78,282
1075579,2016-12-01,23505,,,,,
1075579,2015-12-01,23505,,,,,
1075579,2017-12-01,23505,,,,,
1075579,2018-12-01,23505,,,,,
340655,2016-12-01,24040,,,,,
340655,2018-12-01,24040,,,,,
340655,2020-12-01,24040,,,,,
340655,2022-12-01,24040,,,,,
340655,2024-12-01,24040,,,,,
340655,2023-12-01,24040,,,,,
340655,2017-12-01,24040,,,,,
340655,2021-12-01,24040,,,,,
340655,2015-12-01,24040,,,,,
340655,2019-12-01,24040,,,,,
1123231,2016-12-01,26081,,,,,
1123231,2017-12-01,26081,,,,,
1123231,2018-12-01,26081,,,,,
1123231,2015-12-01,26081,,,,,
1123231,2019-12-01,26081,,,,,
1123231,2020-12-01,26081,,,,,
2032686,2023-12-01,27977,,,,,
2032686,2024-12-01,27977,,,,,
2032686,2022-12-01,27977,,,,,
1345036,2019-12-01,30261,433,,2311,0.87,160
1345036,2023-12-01,30261,550,,,0.66,297
1345036,2018-12-01,30261,403,,1026,0.84,110
1345036,2024-12-01,30261,900,,1508,0.8,355
1345036,2022-01-01,30261,450,,1389,0.83,259
1345036,2023-01-01,30261,521,,1672,0.82,258
735088,2018-12-01,947629,,,,,
735088,2020-12-01,947629,,,,,
735088,2022-12-01,947629,,,,,
735088,2024-12-01,947629,,,,,
735088,2015-12-01,947629,,,,,
735088,2019-12-01,947629,,,,,
735088,2023-12-01,947629,,,,,
735088,2016-12-01,947629,,,,,
735088,2017-12-01,947629,,,,,
735088,2021-12-01,947629,,,,,
762401,2019-12-01,1560214,,,,,
762401,2019-12-01,1560214,,,,,
762401,2022-12-01,1560214,,,,,
762401,2024-12-01,1560214,,,,,
762401,2020-12-01,1560214,,,,,
762401,2023-12-01,1560214,,,,,
762401,2018-12-01,1560214,,,,,
762401,2021-12-01,1560214,,,,,
1054826,2019-12-01,1560214,,,,,
1054826,2018-12-01,1560214,,,,,
1981116,2023-12-01,1560214,,,,,
1981116,2018-12-01,1560214,,,,,
1981116,2019-12-01,1560214,,,,,
1981116,2022-12-01,1560214,,,,,
1981116,2021-12-01,1560214,,,,,
1981116,2019-12-01,1560214,,,,,
1981116,2020-12-01,1560214,,,,,
1981116,2024-12-01,1560214,,,,,
82157,2020-12-01,1735209,,,,1,4
82157,2021-12-01,1735209,,,,1,7
82157,2022-12-01,1735209,,,,1,7
82157,2023-12-01,1735209,90,,,0.64,8
82157,2024-12-01,1735209,,,,,
180412,2018-12-01,1810090,44,,,,299
180412,2021-12-01,1810090,85,,,0.75,3
180412,2023-12-01,1810090,85,,,0.75,2
180412,2017-12-01,1810090,33,,,,130
180412,2020-12-01,1810090,50,,,0.65,1
180412,2022-12-01,1810090,85,,,0.75,13
180412,2019-12-01,1810090,50,,,,
180412,2024-12-01,1810090,85,,,0.75,25
1197971,2024-12-01,1810090,450,,,0.94,111
1197971,2018-12-01,1810090,450,,,0.84,128
1197971,2020-12-01,1810090,450,,,0.96,4224
1197971,2019-12-01,1810090,450,,,0.95,776
1197971,2022-12-01,1810090,450,,,0.98,5602
1197971,2023-12-01,1810090,450,,,0.96,1354
1197971,2017-12-01,1810090,288,,2501,0.9,23
1197971,2019-12-01,1810090,450,,,0.95,776
1197971,2021-12-01,1810090,450,,,0.98,4905
1197971,2018-12-01,1810090,450,,,0.84,128
1197971,2022-12-01,1810090,450,,,0.98,5602
1197971,2020-12-01,1810090,450,,,0.96,4224
1197971,2023-12-01,1810090,450,,,0.96,1354
1197971,2017-12-01,1810090,288,,2501,0.9,23
1197971,2021-12-01,1810090,450,,,0.98,4905
1197971,2024-12-01,1810090,450,,,0.94,111
332806,2016-12-01,2500705,,,,,
332806,2021-12-01,2500705,,,,,
332806,2018-12-01,2500705,,,,,
332806,2020-12-01,2500705,,,,,
332806,2022-12-01,2500705,,,,,
332806,2017-12-01,2500705,,,,,
332806,2023-12-01,2500705,,,,,
332806,2025-08-01,2500705,,,,,
332806,2019-12-01,2500705,,,,,
182411,2024-12-01,3107574,,,,,
182411,2025-12-01,3107574,,,,,
350055,2024-12-01,3107574,,,,,
350055,2025-12-01,3107574,,,,,
1315152,2024-12-01,3248666,,,,,
31551,2024-12-01,3622326,,,,,
33503,2025-08-01,4007356,,,,,
857412,2021-12-01,5118,1700,,,0.71,917
34717,2017-12-01,9322,,,,,
34717,2024-12-01,9322,,,,,
34717,2022-12-01,9322,,,,,
34717,2016-12-01,9322,,,,,
34717,2018-12-01,9322,,,,,
34717,2020-12-01,9322,,,,,
34717,2023-12-01,9322,,,,,
34717,2015-12-01,9322,,,,,
34717,2019-12-01,9322,,,,,
34717,2021-12-01,9322,,,,,
1962819,2024-12-01,9322,,,,,
33316,2020-12-01,12262,100,,,0.68,30
33316,2019-12-01,12262,100,,,0.68,24
33316,2018-12-01,12262,100,,,0.59,13
33316,2021-12-01,12262,,,,,
33316,2015-12-01,12262,100,,,0.6,8
33316,2016-12-01,12262,100,,,0.6,10
33316,2017-12-01,12262,100,,,0.68,15
444827,2021-07-01,16626,750,938,2726,0.81,2204
444827,2017-07-01,16626,1000,,7989,0.95,2480
444827,2015-07-01,16626,1000,,,0.96,1947
444827,2016-07-01,16626,1000,,9051,0.96,1840
444827,2019-07-01,16626,862,,3586,0.95,4214
444827,2020-07-01,16626,779,750,1019,0.79,1150
444827,2022-07-01,16626,,,,,
444827,2023-07-01,16626,,,,,
444827,2022-07-01,16626,56,,,0.8,2031
444827,2016-07-01,16626,1000,,9051,0.96,1840
444827,2017-07-01,16626,1000,,7989,0.95,2480
444827,2018-07-01,16626,1000,,,0.94,3684
444827,2018-07-01,16626,1000,,,0.94,3684
444827,2015-07-01,16626,1000,,,0.96,1947
444827,2019-07-01,16626,862,,3586,0.95,4214
556870,2021-07-01,16626,1000,,10470,0.97,3272
556870,2023-07-01,16626,1100,,10847,0.97,3058
556870,2019-07-01,16626,911,,7176,0.96,2046
556870,2020-07-01,16626,1038,,12910,0.97,2109
556870,2022-07-01,16626,1100,,13187,0.97,2770
556870,2024-07-01,16626,1200,,14131,0.97,3044
556870,2019-07-01,16626,911,,7176,0.96,2046
556870,2020-07-01,16626,1038,,12910,0.97,2109
556870,2023-07-01,16626,1100,,10847,0.97,3058
556870,2021-07-01,16626,1000,,10470,0.97,3272
556870,2024-07-01,16626,1200,,14131,0.97,3044
556870,2015-07-01,16626,650,,,0.92,579
556870,2016-07-01,16626,725,,4675,0.95,678
556870,2022-07-01,16626,1100,,13187,0.97,2770
556870,2018-07-01,16626,750,,,0.93,1545
747756,2024-12-01,17528,130,,,0.75,15
747756,2022-12-01,17528,45,,,,3
747756,2023-12-01,17528,116,,,0.72,8
205183,2024-12-01,18993,,,,,
205183,2023-12-01,18993,,,,,
203273,2020-09-01,23786,800,,,0.98,1189
203273,2017-09-01,23786,800,,,0.96,655
203273,2016-09-01,23786,0,,,,
203273,2018-09-01,23786,800,,,0.97,1704
203273,2019-09-01,23786,800,,,0.9,914
203273,2022-09-01,23786,881,,,0.92,1470
203273,2023-09-01,23786,850,,,0.94,1859
203273,2024-09-01,23786,,,,,
203273,2020-09-01,23786,800,,,0.98,1189
203273,2017-09-01,23786,800,,,0.96,655
203273,2024-09-01,23786,,,,,
203273,2019-09-01,23786,800,,,0.9,914
203273,2022-09-01,23786,881,,,0.92,1470
203273,2021-09-01,23786,800,,,0.95,1832
206108,2016-12-01,24205,,,,,
206108,2015-06-01,24205,1184,,6289,0.93,717
206108,2015-12-01,24205,612,500,,0.88,595
206108,2015-12-01,24205,612,500,,0.88,595
206108,2016-12-01,24205,,,,,
206108,2015-06-01,24205,1184,,6289,0.93,717
270780,2017-12-01,24205,900,,4833,0.93,212
270780,2018-12-01,24205,,,,,
270780,2016-12-01,24205,811,,1944,0.83,70
270780,2015-06-01,24205,491,,886,0.87,61
270780,2017-12-01,24205,900,,4833,0.93,212
270780,2018-12-01,24205,,,,,
270780,2015-12-01,24205,283,,,0.84,40
270780,2016-12-01,24205,811,,1944,0.83,70
1710096,2023-12-01,24205,605,,,0.9,49
1710096,2024-12-01,24205,1242,,,0.73,61
1710096,2023-12-01,24205,605,,,0.9,49
1710096,2024-12-01,24205,1242,,,0.73,61
183402,2023-12-01,25728,,,,,
183402,2025-12-01,25728,,,,,
183402,2022-12-01,25728,,,,,
183402,2024-12-01,25728,,,,,
141731,2017-02-01,26104,,,,,
141731,2022-02-01,26104,,,,,
141731,2023-02-01,26104,,,,,
141731,2024-02-01,26104,,,,,
141731,2016-02-01,26104,,,,,
141731,2018-02-01,26104,,,,,
141731,2021-02-01,26104,,,,,
141731,2019-02-01,26104,,,,,
141731,2020-02-01,26104,,,,,
141731,2017-02-01,26104,,,,,
141731,2016-02-01,26104,,,,,
141731,2015-02-01,26104,,,,,
141731,2015-02-01,26104,,,,,
486930,2024-02-01,26104,,,,,
486930,2025-02-01,26104,,,,,
106062,2020-12-01,30437,80,,,0.82,53
106062,2022-12-01,30437,0,,,1,84
106062,2018-12-01,30437,70,,,0.68,36
106062,2019-12-01,30437,0,,,1,104
106062,2021-12-01,30437,0,,,1,78
106062,2024-12-01,30437,0,,,1,76
106062,2023-12-01,30437,0,,,1,61
106062,2015-12-01,30437,70,,,0.68,19
106062,2016-12-01,30437,70,,,0.77,26
106062,2017-12-01,30437,70,,,0.75,45
321651,2018-12-01,31454,,,,,
321651,2022-01-01,31454,,,,,
321651,2020-12-01,31454,,,,,
321651,2024-12-01,31454,,,,,
321651,2017-01-01,31454,,,,,
321651,2018-01-01,31454,,,,,
321651,2015-12-01,31454,,,,,
321651,2019-12-01,31454,,,,,
321651,2023-01-01,31454,,,,,
321651,2024-01-01,31454,,,,,
33491,2016-12-01,32537,1300,,4366,0.92,985
33491,2018-12-01,32537,1300,,7090,0.94,1808
33491,2019-12-01,32537,1300,,8817,0.95,1516
33491,2020-12-01,32537,1122,,,0.94,713
33491,2015-12-01,32537,1298,,27378,0.97,1994
33491,2017-12-01,32537,1300,,10680,0.96,1865
33491,2022-12-01,32537,0,,,1,757
33491,2023-12-01,32537,0,,,1,783
33491,2021-12-01,32537,242,,,0.98,842
33491,2015-12-01,32537,1298,,27378,0.97,1994
33491,2017-12-01,32537,1300,,10680,0.96,1865
33491,2020-12-01,32537,1122,,,0.94,713
33491,2023-12-01,32537,0,,,1,783
33491,2019-12-01,32537,1300,,8817,0.95,1516
33491,2018-12-01,32537,1300,,7090,0.94,1808
33491,2021-12-01,32537,242,,,0.98,842
33491,2016-12-01,32537,1300,,4366,0.92,985
33491,2024-12-01,32537,0,,,,99
33491,2022-12-01,32537,0,,,1,757
1890670,2022-12-01,32537,1396,,,0.95,603
1890670,2023-12-01,32537,1500,,,0.95,883
1890670,2020-12-01,32537,1097,,,0.89,175
1890670,2024-12-01,32537,1541,,,0.95,863
1890670,2021-12-01,32537,1222,,,0.94,385
1890670,2024-12-01,32537,1541,,,0.95,863
1890670,2022-12-01,32537,1396,,,0.95,603
1890670,2023-12-01,32537,1500,,,0.95,883
1890670,2021-12-01,32537,1222,,,0.94,385
1890670,2020-12-01,32537,1097,,,0.89,175
1890670,2019-12-01,32537,702,,2466,0.93,105
33569,2021-12-01,58879,,,,,
33569,2023-12-01,58879,,,,,
33569,2022-12-01,58879,,,,,
33569,2024-12-01,58879,,,,,
375436,2018-12-01,1346999,,,,,
375436,2022-12-01,1346999,,,,,
375436,2024-12-01,1346999,,,,,
375436,2020-12-01,1346999,,,,,
375436,2017-12-01,1346999,,,,,
375436,2023-12-01,1346999,,,,,
375436,2019-12-01,1346999,,,,,
375436,2021-12-01,1346999,,,,,
205405,2023-12-01,1961452,130,,,0.59,9
205405,2024-12-01,1961452,133,,,0.57,6
205405,2021-12-01,1961452,79,,,0.72,2
205405,2022-12-01,1961452,113,,,0.62,4
103257,2015-12-01,2308850,0,,,1,49
103257,2022-12-01,2308850,0,,,1,53
103257,2024-12-01,2308850,,,,,
103257,2017-12-01,2308850,0,,,1,95
103257,2021-12-01,2308850,0,,,1,134
103257,2019-12-01,2308850,0,,,1,61
103257,2023-12-01,2308850,0,,,1,53
103257,2016-12-01,2308850,0,,,1,59
103257,2018-12-01,2308850,0,,,1,80
103257,2020-12-01,2308850,0,,,1,138
327474,2022-12-01,3067388,,,,,
327474,2024-12-01,3067388,,,,,
327474,2021-12-01,3067388,,,,,
327474,2023-12-01,3067388,,,,,
272786,2023-12-01,3600558,,,,,
272786,2022-12-01,3600558,,,,,
272786,2024-12-01,3600558,,,,,
1302499,2024-12-01,3764797,,,,,
732483,2022-02-01,1203967,,,,,
732483,2021-02-01,1203967,,,,,
732483,2023-02-01,1203967,,,,,
732483,2024-02-01,1203967,,,,,
206587,2021-12-01,2019000,,,,,
206587,2018-12-01,2019000,,,,,
206587,2020-12-01,2019000,,,,,
206587,2024-12-01,2019000,,,,,
206587,2019-12-01,2019000,,,,,
206587,2023-12-01,2019000,,,,,
206587,2017-12-01,2019000,,,,,
206587,2022-12-01,2019000,,,,,
640531,2024-02-01,2519758,0,,,1,4
640531,2025-01-01,2519758,0,,,1,8
205153,2024-12-01,2551152,,,,,
271741,2020-12-01,2551152,,,,,
271741,2018-12-01,2551152,,,,,
271741,2019-12-01,2551152,,,,,
271741,2017-12-01,2551152,,,,,
271741,2021-12-01,2551152,,,,,
271741,2022-12-01,2551152,,,,,
271741,2016-12-01,2551152,,,,,
544257,2024-12-01,2577361,,,,,
544257,2022-12-01,2577361,,,,,
544257,2021-12-01,2577361,,,,,
544257,2023-12-01,2577361,,,,,
61502,2017-12-01,2670527,,,,,
61502,2018-12-01,2670527,,,,,
61502,2019-12-01,2670527,,,,,
1108033,2024-12-01,2672148,,,,,
1616987,2023-12-01,2696655,650,,,0.1,167
1616987,2024-12-01,2696655,650,,,0.81,217
1616987,2022-12-01,2696655,642,,734,0.8,208
1616987,2021-12-01,2696655,600,,1479,0.92,202
34345,2020-12-01,2797305,,,,,
34345,2019-12-01,2797305,,,,,
34345,2018-12-01,2797305,,,,,
892665,2023-12-01,3030432,50,,,0.92,24
892665,2021-12-01,3030432,0,,,,
892665,2022-12-01,3030432,15,,,0.93,5
892665,2020-12-01,3030432,0,,,,
892665,2024-12-01,3030432,50,,,0.82,31
1758691,2024-12-01,3081537,,,,,
347211,2021-11-01,3239319,,,,,
347211,2022-11-01,3239319,,,,,
732483,2020-12-01,3247599,,,,,
732483,2021-12-01,3247599,,,,,
732483,2022-12-01,3247599,,,,,
339339,2020-12-01,3248666,,,,,
339339,2021-12-01,3248666,,,,,
2489439,2024-12-01,3394496,1250,,4549,0.93,351
2489439,2021-12-01,3394496,1134,,9865,0.92,279
2489439,2022-12-01,3394496,1204,,2676,0.88,332
2489439,2023-12-01,3394496,1244,,3253,0.87,214
2489439,2024-12-01,3394496,1250,,4549,0.93,351
2489439,2023-12-01,3394496,1244,,3253,0.87,214
2489439,2021-12-01,3394496,1134,,9865,0.92,279
2489439,2022-12-01,3394496,1204,,2676,0.88,332
271741,2022-12-01,3395233,,,,,
271741,2021-12-01,3395233,,,,,
271741,2023-12-01,3395233,,,,,
271741,2024-12-01,3395233,,,,,
1808923,2024-12-01,3621577,,,,,
657839,2024-12-01,3806113,,,,,
1201064,2025-06-01,3973318,,,,,
