execid,year,gvkey,exec_fullname,co_per_rol,bonus,eip_unearn_val,option_awards_blk_value,opt_unex_exer_est_val,opt_unex_unexer_est_val,salary,shrown_excl_opts,stock_awards_fv,tdc1
10038,2015,014256,Tunc Doluca,9279,160,4378.5,,4996.939,3255.707,590,1316.763,4285.25,5891.095
10038,2016,014256,Tunc Doluca,9279,0,4313.632,,7543.165,1981.034,600,1408.853,2778.574,4854.605
10038,2017,014256,Tunc Doluca,9279,0,8546.814,,7857.715,1422.9,660,1467.159,3772.23,6584.119
10038,2018,014256,Tunc Doluca,9279,0,0,,5185,0,700,1266.496,4919.967,8085.05
10038,2019,014256,Tunc Doluca,9279,0,0,,5382.2,0,800,1515.373,7004.785,9143.785
10038,2020,014256,Tunc Doluca,9279,0,14514.656,,0,0,825,1424.937,5232.479,7330.479
10038,2021,014256,Tunc Doluca,9279,0,18682.067,,0,0,825,1219.916,5656.888,8559.888
10075,2015,180711,Hock E. Tan,49437,0,0,,119132.071,120939.5,910.461,99.563,0,4025.768
10075,2016,180711,Hock E. Tan,49437,0,20574.408,,229273.392,107449.438,1011.662,109.616,21656.268,24692.047
10075,2017,180711,Hock E. Tan,49437,0,0,,503921.992,39611.25,1100,105.327,99344.543,104232.863
10075,2018,180711,Hock E. Tan,49437,0,90074.16,,374975.502,0,1121.154,109.088,0,5042.937
10075,2019,180711,Hock E. Tan,49437,0,0,,492186.081,0,1100,224.605,0,2366.888
10075,2020,180711,Hock E. Tan,49437,0,210883.53,,92806.25,0,1171.154,217.832,0,3695.852
10075,2021,180711,Hock E. Tan,49437,0,95381.598,,0,0,1200,250.677,54056.808,60703.627
10075,2022,180711,Hock E. Tan,49437,0,163646.099,,0,0,1200,260.514,53913.448,60606.971
10075,2023,180711,Hock E. Tan,49437,0,0,,0,0,1200,209.796,160540,161826.161
10075,2024,180711,Hock E. Tan,49437,0,1689200,,0,0,1226.374,1844.746,0,2634.542
10075,2025,180711,Hock E. Tan,49437,0,3921966.877,,0,0,1200,978.474,202351.08,205278.006
12812,2015,177287,Bruce C. Cozadd,64982,0,0,,12758.297,4397.543,869.616,206.877,4870.279,10677.462
12812,2016,177287,Bruce C. Cozadd,64982,0,0,,10863.721,297.005,917.308,230.403,3824.157,8770.972
12812,2017,177287,Bruce C. Cozadd,64982,0,0,,16032.113,0,950.385,209.142,4711.828,10304.61
12812,2018,177287,Bruce C. Cozadd,64982,0,0,,14032.453,13.563,979.285,209.915,5204.786,11443.133
12812,2019,177287,Bruce C. Cozadd,64982,0,0,,21866.4,2042.086,1014.415,223.383,7001.495,14713.637
12812,2020,177287,Bruce C. Cozadd,64982,0,0,,29309.452,9308.432,1085.123,213.666,5881.195,12573.3
12812,2021,177287,Bruce C. Cozadd,64982,0,4632.901,,12461.208,1006.963,1077.254,235.403,13414.116,15679.311
12812,2022,177287,Bruce C. Cozadd,64982,0,20063.661,,13075.796,1852.574,1199.169,279.643,14873.643,17325.618
12812,2023,177287,Bruce C. Cozadd,64982,0,13832.826,,1760.548,88.777,1196.621,315.956,16973.947,19418.637
12812,2024,177287,Bruce C. Cozadd,64982,0,17581.14,,1875.05,0,1203.514,340.962,5964.72,8692.497
13950,2015,150937,Stephen James Luczo,26698,0,25204.6,,2149.837,4529.23,1200.056,1426.969,7555.14,11647.291
13950,2016,150937,Stephen James Luczo,26698,0,7098.247,,457.016,0,1246.212,1839.935,7339.381,10420.844
13950,2017,150937,Stephen James Luczo,26698,0,9595.818,,3628.671,0,1200.056,1309.578,0,3136.738
13950,2018,150937,Stephen James Luczo,26698,0,8005.3,,851.28,386.946,853.864,1449.317,5659.958,7842.811
13950,2019,150937,Stephen James Luczo,26698,0,0,,0,0,265.387,1068.148,0,381.733
14024,2015,024975,"Aart J. de Geus, Ph.D.",13604,0,1472.461,,11859.388,3241.14,500,712.063,1250.03,4919.139
14024,2016,024975,"Aart J. de Geus, Ph.D.",13604,0,2258.394,,14392.142,5048.718,500,615.143,1749.994,5715.052
14024,2017,024975,"Aart J. de Geus, Ph.D.",13604,0,0,,0,0,525,560.51,1849.978,6652.152
14024,2018,024975,"Aart J. de Geus, Ph.D.",13604,0,2226.372,,24351.217,5725.329,535.1,508.021,2249.988,7432.836
14024,2019,024975,"Aart J. de Geus, Ph.D.",13604,0,6739.672,,42363.951,12735.902,540,503.234,5562.554,9627.625
14024,2020,024975,"Aart J. de Geus, Ph.D.",13604,0,6241.13,,70616.824,19327.118,540,479.789,2300.041,6768.566
14024,2021,024975,"Aart J. de Geus, Ph.D.",13604,0,6481.684,,95341.607,20946.851,540,404.27,5250.326,9974.985
14024,2022,024975,"Aart J. de Geus, Ph.D.",13604,0,3600.077,,53089.077,5932.663,540,417.66,5167.367,10058.496
14024,2023,024975,"Aart J. de Geus, Ph.D.",13604,0,0,,68658.221,7277.63,678.75,429.068,7540.58,12681.076
14024,2024,024975,"Aart J. de Geus, Ph.D.",13604,0,15083.884,,45659.792,3501.569,725,439.937,6234.467,8963.36
14024,2025,024975,"Aart J. de Geus, Ph.D.",13604,0,2059.889,,33074.978,900.656,359.615,442.258,3580.688,5184.942
14027,2015,024975,"Chi-Foon Chan, Ph.D.",13607,0,1472.461,,1701.887,3157.402,500,199.738,1250.03,4917.215
14027,2016,024975,"Chi-Foon Chan, Ph.D.",13607,0,2258.394,,5076.851,5048.718,500,211.486,1749.994,5713.128
14027,2017,024975,"Chi-Foon Chan, Ph.D.",13607,0,0,,788.919,3418.589,525,212.853,1849.978,6652.152
14027,2018,024975,"Chi-Foon Chan, Ph.D.",13607,0,2226.372,,21231.896,5725.329,535.1,214.218,2249.988,7433.124
14027,2019,024975,"Chi-Foon Chan, Ph.D.",13607,0,6739.672,,45985.437,12735.902,540,209.322,5562.554,9628.307
14027,2020,024975,"Chi-Foon Chan, Ph.D.",13607,0,6241.13,,39081.833,19327.118,540,190.162,2300.041,6769.666
14027,2021,024975,"Chi-Foon Chan, Ph.D.",13607,0,6481.684,,25788.281,20946.851,540,167.653,5250.326,9976.485
14027,2022,024975,"Chi-Foon Chan, Ph.D.",13607,0,0,,0,0,336.462,155.12,0,359.853
14085,2015,007346,James J. Peterson,22558,0,3717.82,,0,0,735,192.748,5837.575,7421.663
14085,2016,007346,James J. Peterson,22558,0,64737.4,,0,0,805,262.511,27107.28,27958.781
14085,2017,007346,James J. Peterson,22558,0,48912.795,,0,0,805,213.498,864.32,3546.776
14274,2015,010499,Richard K. Templeton,13869,0,0,,74862.868,13738.509,1140.25,1151.608,4900.017,14911.852
14274,2016,010499,Richard K. Templeton,13869,0,0,,90476.323,31156.797,1164.083,376.679,4900.048,14972.465
14274,2017,010499,Richard K. Templeton,13869,0,0,,0,8400.426,1188.004,858.458,5500.01,16380.444
14274,2018,010499,Richard K. Templeton,13869,0,0,,119447.292,19225.396,1131.252,829.955,6000.091,17576.224
14274,2019,010499,Richard K. Templeton,13869,3550,0,,176296.327,27953.186,1295.833,696.467,6500.045,18431.219
14274,2020,010499,Richard K. Templeton,13869,3745,0,,216300.824,35793.409,1336.667,570.506,6500.027,18857.221
14274,2021,010499,Richard K. Templeton,13869,4125,0,,203509.981,31564.371,1376.667,459.38,6500.124,19195.411
14274,2022,010499,Richard K. Templeton,13869,4550,0,,173197.431,8889.73,1430.417,462.437,7500.048,21629.586
14274,2023,010499,Richard K. Templeton,13869,2000,0,,190896.569,2636.566,808.75,465.69,8750.092,20892.318
14274,2024,010499,Richard K. Templeton,13869,1000,0,,164979.196,5835.548,600,470.918,3750.041,9487.857
14274,2025,010499,Richard K. Templeton,13869,0,0,,79912.368,455.232,600,469.162,3750.139,8288.371
14287,2015,061600,"Josef H. von Rickenbach, Ph.D.",13882,400.435,445.861,,1202.842,4958.551,933.6,521.13,2079.46,5356.544
14287,2016,061600,"Josef H. von Rickenbach, Ph.D.",13882,679.4,595.285,,4007.161,1744.787,966.874,536.353,1984.292,5765.573
14304,2015,061676,"Robert M. Calderoni, CPA",53275,0,3604.874,,0,0,430.556,112.293,18517.329,19894.514
14304,2016,061676,"Robert M. Calderoni, CPA",53275,0,4255.8,,0,0,1000,147.134,0,1144.835
14304,2017,061676,"Robert M. Calderoni, CPA",53275,0,0,,0,0,659.722,63.382,7999.967,8674.447
14304,2021,061676,"Robert M. Calderoni, CPA",53275,500,0,,0,0,250,190.739,19035.805,20348.319
15587,2015,184725,Richard L. Clemmer,66375,1530.511,0,,0,0,1273.33,4188.683,0,4512.657
15587,2016,184725,Richard L. Clemmer,66375,546.815,0,,0,0,1263.58,4553.772,0,3434.463
15587,2017,184725,Richard L. Clemmer,66375,0,0,,0,6422.383,1291.625,563.679,0,3845.829
15587,2018,184725,Richard L. Clemmer,66375,0,0,,379.424,11.612,1369.73,563.679,0,5036.19
15587,2019,184725,Richard L. Clemmer,66375,0,149358.827,,7833.308,0,1345.2,848.878,17455.843,20558.002
15587,2020,184725,Richard L. Clemmer,66375,0,158509.437,,12238.112,0,1275.311,272.647,0,2256.509
15620,2015,031607,"James J. Truchard, Ph.D.",15342,0,0,,0,0,0.001,22221.764,0,0.001
15620,2016,031607,"James J. Truchard, Ph.D.",15342,0,0,,0,0,0.001,21019.425,0,18.234
17260,2015,001327,David J. Aldrich,17159,0,0,,13410.778,16976.304,771.635,236.802,4603.19,10158.055
17260,2016,001327,David J. Aldrich,17159,0,0,,3991.89,7343.434,822.981,171.02,3720.25,7015.382
17260,2017,001327,David J. Aldrich,17159,0,0,,9841.284,7234.929,800,161.965,4802.996,7924.789
17260,2018,001327,David J. Aldrich,17159,0,0,,3271.4,0,486.154,220.883,6636.938,10813.609
18070,2015,012945,Dean A. Foate,18011,0,1425,,4671.849,33.138,910.577,159.543,2332.97,6189.36
18070,2016,012945,Dean A. Foate,18011,0,4378.608,,5309.13,793.709,924.938,239.496,2174.722,5173.528
18070,2017,012945,Dean A. Foate,18011,0,0,,0,0,400,285.835,0,454.469
18346,2015,003969,"Keh-Shew Lu, Ph.D.",30854,0,17235,,1526.3,92.75,591.75,722.803,2829.2,3938.013
18346,2016,003969,"Keh-Shew Lu, Ph.D.",30854,0,25670,,2592.31,46.4,633.792,761.048,2116.4,3462.249
18346,2017,003969,"Keh-Shew Lu, Ph.D.",30854,12.707,19005.486,,2772.6,15,657.418,1095.773,3303.771,5525.314
18346,2018,003969,"Keh-Shew Lu, Ph.D.",30854,26.683,4061.695,,1060,0,689.32,1164.65,3688.02,6144.874
18346,2019,003969,"Keh-Shew Lu, Ph.D.",30854,28.01,10423.095,,11343.6,0,723.713,682.083,4842.72,7143.924
18346,2020,003969,"Keh-Shew Lu, Ph.D.",30854,0,12344.55,,8529.4,0,728.25,861.672,5255.838,7540.194
18346,2021,003969,"Keh-Shew Lu, Ph.D.",30854,168.058,15823.621,,0,0,728.25,442.382,5092.48,7760.878
18346,2022,003969,"Keh-Shew Lu, Ph.D.",30854,204.615,17831.988,,0,0,757.303,392.686,6250.51,9045.646
18346,2023,003969,"Keh-Shew Lu, Ph.D.",30854,0,17070.24,,0,0,805.753,393.176,8365.62,9483.816
18346,2024,003969,"Keh-Shew Lu, Ph.D.",30854,0,12210.66,,0,0,740.192,581.774,3821.6,4823.227
18569,2015,016101,Richard A. Gonzalez,46494,0,21453.361,,5566.892,5682.068,1588.461,382.471,9747.455,18362.787
18569,2016,016101,Richard A. Gonzalez,46494,0,20997.3,,5003.409,3845.343,1600,355.012,9318.854,17738.393
18569,2017,016101,Richard A. Gonzalez,46494,0,30550.689,,3559.635,20478.021,1638.462,314.905,9606.36,19128.539
18569,2018,016101,Richard A. Gonzalez,46494,0,28833.806,,9984.339,3175.178,1650,382.538,11509.09,20820.382
18569,2019,016101,Richard A. Gonzalez,46494,0,27584.726,,16561.981,4071.308,1650,385.507,8887.088,18243.878
18569,2020,016101,Richard A. Gonzalez,46494,0,29975.641,,22532.881,6486.88,1688.462,576.125,11644.996,21783.456
18569,2021,016101,Richard A. Gonzalez,46494,0,39876.112,,19063.121,15443.042,1700,300.59,12573.689,23131.161
18569,2022,016101,Richard A. Gonzalez,46494,0,44772.273,,43528.873,15041.168,1700,673.209,15301.308,25847.971
18569,2023,016101,Richard A. Gonzalez,46494,0,39046.551,,39715.928,4858.201,1700,519.099,13701.891,24330.356
18569,2024,016101,Richard A. Gonzalez,46494,0,39861.131,,45216.669,4165.589,1603.846,386.479,14998.65,26639.59
18580,2015,027794,Charles M. Swoboda,18560,0,540,,0,0,779.615,2.016,3610.4,5416.377
18580,2016,027794,Charles M. Swoboda,18560,0,1223.106,,0,0,785,2.79,5003.146,6048.9
18580,2017,027794,Charles M. Swoboda,18560,0,3171.843,,0,0,785,2.984,4507.033,5313.491
18580,2018,027794,Charles M. Swoboda,18560,0,3568.971,,552,0,328.866,1.441,0,2748.298
18929,2015,012142,Mark Vincent Hurd,44443,0,30778.125,,158142.75,38816.25,950,203.891,21870,41121.896
18929,2016,012142,Mark Vincent Hurd,44443,0,39716.251,,260376.875,44783.125,950,329.044,22190.625,40832.279
18929,2017,012142,Mark Vincent Hurd,44443,0,29564.79,,308555,21420,950,674.871,103700,108295.023
18929,2018,012142,Mark Vincent Hurd,44443,0,10673.362,,375674.25,16638.75,950,813.755,0,2481.646
18929,2019,012142,Mark Vincent Hurd,44443,0,0,,71656.646,0,356.653,0,0,727.444
19583,2015,117768,Jen-Hsun Huang,19666,0,3221.9,,34679.658,3772.592,1018.941,21579.038,6916.9,9431.101
19583,2016,117768,Jen-Hsun Huang,19666,0,22912.85,,175351.414,5582.828,996.216,21428.655,9188.4,12194.238
19583,2017,117768,Jen-Hsun Huang,19666,0,46901.858,,422675.5,0,999.985,21574.2375,9787.985,12993.532
19583,2018,117768,Jen-Hsun Huang,19666,0,11747.003,,236434.25,0,996.514,21503.421,11611.022,13642.838
19583,2019,117768,Jen-Hsun Huang,19666,0,14051.928,,405575.25,0,996.514,21462.889,9676.92,11492.28
19583,2020,117768,Jen-Hsun Huang,19666,0,32237.442,,694690.75,0,1017.355,21375.455,15279.78,19316.401
19583,2021,117768,Jen-Hsun Huang,19666,0,50530.302,,818680.713,0,996.216,84421.722,18660.407,23737.661
19583,2022,117768,Jen-Hsun Huang,19666,0,35042.666,,90900.75,0,996.832,86383.1863,19666.382,21356.924
19583,2023,117768,Jen-Hsun Huang,19666,0,87121.142,,0,0,996.514,86650.718,26676.414,34167.901
19583,2024,117768,Jen-Hsun Huang,19666,0,148853.92,,0,0,1486.199,859129.108,38811.306,49866.251
20238,2015,024782,John T. Hendrickson,20372,0,1456.073,,88.176,332.045,283.25,9.879,1450.103,1936.083
20238,2016,024782,John T. Hendrickson,20372,0,1031.582,,0,0,810.521,14.774,3437.04,5799.897
20238,2017,024782,John T. Hendrickson,20372,0,8076.219,,123.038,1798.411,900,18.61,4200.001,8322.229
20238,2018,024782,John T. Hendrickson,20372,0,2663.225,,0,0,211.731,11.885,0,4369.557
20625,2019,171007,William R. McDermott,64358,0,0,,0,2571.942,128.846,3.6,19684.038,41682.336
20625,2020,171007,William R. McDermott,64358,0,21542.179,,9889.081,35753.661,1000,14.503,18408.206,25124.056
20625,2021,171007,William R. McDermott,64358,0,19441.494,,13323.737,35872.571,1000,39.738,22984.959,165802.037
20625,2022,171007,William R. McDermott,64358,0,18706.072,,8163.393,7510.541,1166.667,17.317,27303.411,38502.528
20625,2023,171007,William R. McDermott,64358,0,9358.167,,43606.432,17810.004,1325,17.177,0,4828.73
20625,2024,171007,William R. McDermott,64358,0,49349.646,,177444.038,125711.743,1350,11.495,31460.267,37558.118
20629,2015,028195,Mark T. Mondello,20791,0,2395.995,,68.8,0,1050,1997.969,5642.594,10485.994
20629,2016,028195,Mark T. Mondello,20791,0,7020.649,,216,0,1100,1987.969,9407.615,10518.415
20629,2017,028195,Mark T. Mondello,20791,0,20051.304,,0,0,1100,1857.619,7928.8,11852.85
20629,2018,028195,Mark T. Mondello,20791,0,19291.448,,0,0,1150,1786.889,8452.294,11396.365
20629,2019,028195,Mark T. Mondello,20791,0,17901.958,,0,0,1215,1949.181,8140.83,11412.434
20629,2020,028195,Mark T. Mondello,20791,0,19518.091,,0,0,1144.904,2096.257,11561.52,13010.703
20629,2021,028195,Mark T. Mondello,20791,0,35030.496,,0,0,1133.221,1123.887,11159.6,15629.573
20629,2022,028195,Mark T. Mondello,20791,0,27774.18,,0,0,1248.846,1306.921,11110.207,16435.268
20629,2023,028195,Mark T. Mondello,20791,0,24955.002,,0,0,1255,1859.194,7976.991,13267.391
20629,2024,028195,Mark T. Mondello,20791,0,26069.837,,0,0,1049.039,1750.192,4686.056,8232.459
20629,2025,028195,Mark T. Mondello,20791,0,31429.116,,0,0,1000,1400.19,4505.556,8297.005
21474,2015,031607,"Alexander M. Davern, CPA",21755,0,0,,0,0,550,74.906,808,1491.335
21474,2016,031607,"Alexander M. Davern, CPA",21755,0,0,,0,0,550,81.855,699.75,1451.67
21474,2017,031607,"Alexander M. Davern, CPA",21755,0,0,,0,0,700,103.013,6364.5,7505.508
21474,2018,031607,"Alexander M. Davern, CPA",21755,0,0,,0,0,725.004,153.818,2213.1,3548.896
21474,2019,031607,"Alexander M. Davern, CPA",21755,1,1862.228,,0,0,775.754,260.6,5340.969,6354.151
21474,2020,031607,"Alexander M. Davern, CPA",21755,0,0,,0,0,267.536,274.648,131.252,593.02
21604,2017,007343,Sanjay Mehrotra,55958,0,0,,0,2156.35,387.692,352.448,6885.622,15373.026
21604,2018,007343,Sanjay Mehrotra,55958,0,3417.529,,3477.59,11970.642,1200,449.756,7499.952,14241.583
21604,2019,007343,Sanjay Mehrotra,55958,0,8828.714,,5011.934,5272.239,1286.154,543.312,11999.963,16944.751
21604,2020,007343,Sanjay Mehrotra,55958,0,16928.332,,7702.769,2752.352,1369.039,721.901,14999.988,19995.487
21604,2021,007343,Sanjay Mehrotra,55958,0,40950.432,,29407.032,1127.375,1350,911.59,18499.995,25316.709
21604,2022,007343,Sanjay Mehrotra,55958,0,26647.945,,13371.08,0,1409.893,1184.119,11749.973,28840.809
21604,2023,007343,Sanjay Mehrotra,55958,0,34059.449,,21383.439,0,1255.476,1184.119,23750.006,25276.954
21604,2024,007343,Sanjay Mehrotra,55958,0,64634.469,,0,0,1416.909,1278.674,23749.623,30060.126
21604,2025,007343,Sanjay Mehrotra,55958,0,93591.08,,0,0,1446.185,1000.148,0,5580.117
21604,2015,061513,Sanjay Mehrotra,21903,0,0,,2829.9,1834.694,1080.769,111.733,5164.375,10726.181
21626,2015,023084,"Gayla J. Delly, CPA",21925,0,3192.874,,1072.453,176.765,890.577,152.503,1342.49,3189.1
21626,2016,023084,"Gayla J. Delly, CPA",21925,0,0,,2427.449,0,693.091,0,2162.528,7446.068
22024,2015,064853,Robert A. Bruggeworth,22351,0,0,,2595.153,0,771.418,239.92,4620.676,6496.194
22024,2016,064853,Robert A. Bruggeworth,22351,0,0,,2412.014,0,794.398,115.455,4854.843,6599.185
22024,2017,064853,Robert A. Bruggeworth,22351,0,0,,0,0,802.936,106.84,5399.959,6941.777
22024,2018,064853,Robert A. Bruggeworth,22351,0,0,,0,0,826.412,90.46,6015.423,7867.849
22024,2019,064853,Robert A. Bruggeworth,22351,0,0,,0,0,851.204,86.617,5999.956,8320.349
22024,2020,064853,Robert A. Bruggeworth,22351,0,0,,0,0,884.934,79.977,6758.964,9778.617
22024,2021,064853,Robert A. Bruggeworth,22351,0,0,,0,0,920.332,74.975,7649.886,10072.684
22024,2022,064853,Robert A. Bruggeworth,22351,0,495.357,,0,0,956.437,90.83,9999.943,11693.756
22024,2023,064853,Robert A. Bruggeworth,22351,0,518.572,,0,0,994.695,210.161,10500.004,12816.409
22024,2024,064853,Robert A. Bruggeworth,22351,0,1007.65,,0,0,1034.482,131.749,10799.901,13106.962
22451,2024,007648,James G. Kelly,74394,39.212,2552.539,,0,0,344.808,115.127,3546.288,4168.901
22632,2022,001161,Victor Peng,69002,4750,844.212,,0,0,793.75,426.09,18258.346,26730.065
22632,2023,001161,Victor Peng,69002,0,18477.106,,728.203,1311.038,915,251.59,7282.753,10843.183
22632,2024,001161,Victor Peng,69002,0,0,,800.529,0,625.962,236.266,9284.667,9934.493
22632,2015,022325,Victor Peng,37665,0,2919.249,,0,0,495,40.869,1166.48,2091.397
22632,2016,022325,Victor Peng,37665,0,3105.682,,0,0,500,33.221,1181.4,2230.102
22632,2017,022325,Victor Peng,37665,0,0,,0,0,576.731,24.343,2546.19,3991.625
22632,2018,022325,Victor Peng,37665,0,0,,0,0,700,43.897,4181.52,6589.807
22632,2019,022325,Victor Peng,37665,0,0,,0,0,887.5,69.519,9324.173,11222.252
22632,2020,022325,Victor Peng,37665,0,0,,0,0,950,99.024,11918.916,14601.229
22832,2015,134932,Keith D. Jackson,68262,0,3127.67,,869.733,41.667,924.231,2681.362,6300.021,7925.625
22832,2016,134932,Keith D. Jackson,68262,0,3257.271,,2076.193,0,906.154,2342.582,6900.002,8726.207
22832,2017,134932,Keith D. Jackson,68262,0,6861.075,,0,0,959.615,2615.171,7500,10733.131
22832,2018,134932,Keith D. Jackson,68262,0,4049.903,,0,0,1016.154,2864.049,9000.057,11893.401
22832,2019,134932,Keith D. Jackson,68262,0,7340.708,,0,0,1048.846,3418.458,7800.033,8894.933
22832,2020,134932,Keith D. Jackson,68262,0,0,,0,0,1021.018,2529.472,5982.515,7056.742
22978,2015,180405,Robert A. Kotick,51675,0,29253.148,,101717.762,0,2294.328,3719.256,0,7225.934
22978,2016,180405,Robert A. Kotick,51675,0,21858.358,,91413.967,0,2375.858,2416.549,24932.065,33065.56
22978,2017,180405,Robert A. Kotick,51675,0,54030.133,,0,154.477,1750,2511.946,19553.653,28698.375
22978,2018,180405,Robert A. Kotick,51675,0,19048.434,,0,0,1756.731,2541.248,7495.745,30841.004
22978,2019,180405,Robert A. Kotick,51675,0,44309.135,,0,26805.17,1756.731,2402.278,6269.752,30122.896
22978,2020,180405,Robert A. Kotick,51675,0,74381.671,,0,94349.805,1494.231,3197.491,149856.77,154613.318
22978,2021,180405,Robert A. Kotick,51675,0,0,,36396.376,0,718.029,3945.616,0,826.549
22978,2022,180405,Robert A. Kotick,51675,0,0,,58459.194,0,62.5,3924.881,0,178.882
23011,2015,006730,John C. Lechleiter,23418,0,30777.819,,0,0,1500,976.078,11350,16562.5
23011,2016,006730,John C. Lechleiter,23418,0,18202.081,,0,0,1500,1068.402,11000,15222.5
23051,2015,024344,"Jeffrey Marc Leiden, M.D., Ph.D.",45515,0,15728.75,,52680.366,18971.499,1297.692,262.325,7038.885,28099.826
23051,2016,024344,"Jeffrey Marc Leiden, M.D., Ph.D.",45515,0,13173.448,,19474.72,315.959,1300,220.64,9800.076,17419.758
23051,2017,024344,"Jeffrey Marc Leiden, M.D., Ph.D.",45515,0,0,,47452.718,14449.638,1300,68.273,8750.114,17227.301
23051,2018,024344,"Jeffrey Marc Leiden, M.D., Ph.D.",45515,0,6799.413,,49616.178,9145.759,1300,23.481,9800.288,18799.147
23051,2019,024344,"Jeffrey Marc Leiden, M.D., Ph.D.",45515,0,6562.151,,37745.649,9601.822,1300,52.931,9334.681,18789.985
23051,2020,024344,"Jeffrey Marc Leiden, M.D., Ph.D.",45515,0,7079.092,,29151.652,0,1121.539,50.116,13335.168,16473.245
23051,2021,024344,"Jeffrey Marc Leiden, M.D., Ph.D.",45515,0,5752.422,,25846.908,0,242.308,90.389,7875.259,8157.239
23051,2022,024344,"Jeffrey Marc Leiden, M.D., Ph.D.",45515,0,3021.794,,27572.724,0,0,48.789,8500.25,8593.18
23051,2023,024344,"Jeffrey Marc Leiden, M.D., Ph.D.",45515,0,0,,33174.313,0,0,14.218,3250.13,3345.152
23462,2016,061676,Kirill Tatarinov,55348,0,19669.188,,0,0,937.5,104.823,18774.012,22273.969
23462,2017,061676,Kirill Tatarinov,55348,0,12190.288,,0,0,525,58.612,9507.536,15011.843
23585,2015,157855,Keith Gordon Block,49398,40.564,0,,22312.009,17010.436,1077,0,0,12253.23
23585,2016,157855,Keith Gordon Block,49398,0,0,,22968.82,11690.804,1150,0,5059.231,12450.686
23585,2017,157855,Keith Gordon Block,49398,0,0,,30546.678,21378.458,1150,19.618,0,2349.889
23585,2018,157855,Keith Gordon Block,49398,298.126,36986.209,,64845.551,24311.537,1342.5,27.502,6500.179,16961.155
23585,2019,157855,Keith Gordon Block,49398,0,19312.098,,69236.41,16927.344,1435,60.147,9000.13,19310.896
23585,2020,157855,Keith Gordon Block,49398,0,23893.571,,743.658,12279.567,514.387,0,0,1232.157
24319,2015,001327,Liam K. Griffin,24897,0,0,,0,6590.205,513.558,38.734,1752.182,4137.054
24319,2016,001327,Liam K. Griffin,24897,0,0,,2541.298,3816.73,660.404,83.709,3465.06,6728.703
24319,2017,001327,Liam K. Griffin,24897,0,0,,182.858,5977.35,850,59.097,5336.604,8701.859
24319,2018,001327,Liam K. Griffin,24897,0,842.696,,539.255,1595.721,894.808,92.838,7150.399,9342.113
24319,2019,001327,Liam K. Griffin,24897,0,3532.012,,0,0,972,77.134,11658.937,13660.593
24319,2020,001327,Liam K. Griffin,24897,0,32599.49,,0,896.234,1043.888,53.132,17430.59,21800.44
24319,2021,001327,Liam K. Griffin,24897,0,16823.438,,1150.942,0,1070.223,115.219,11612.745,16150.421
24319,2022,001327,Liam K. Griffin,24897,0,5325.281,,100.536,0,1124.289,101.458,13087.793,16667.162
24319,2023,001327,Liam K. Griffin,24897,0,8673.553,,0,0,1170.502,142.163,0,2706.51
24319,2024,001327,Liam K. Griffin,24897,0,10173.445,,0,0,1175.002,211.585,15523.244,18096.527
24319,2025,001327,Liam K. Griffin,24897,0,3507.587,,0,0,745.675,211.585,16141.259,30441.57
24349,2016,017928,Ari Bousbib,55641,0,0,,88208.007,2737.272,390.137,1324.361,0,6639.912
24349,2017,017928,Ari Bousbib,55641,0,0,,99974.751,8068.29,1600,1350.569,0,8123.356
24349,2018,017928,Ari Bousbib,55641,0,4435.835,,43630.503,11959.368,1600,1273.439,3911.254,15985.226
24349,2019,017928,Ari Bousbib,55641,0,0,,37789.279,10314.165,1684.47,1195.337,6599.377,21555.899
24349,2020,017928,Ari Bousbib,55641,0,16567.133,,52322.835,14223.382,1643.333,1171.322,8316.609,24677.162
24349,2021,017928,Ari Bousbib,55641,0,26816.278,,135648.436,36677.746,1800,1220.45,14108.891,28080.312
24349,2022,017928,Ari Bousbib,55641,0,18283.359,,88057.106,4575.658,1800,1271.174,16193.875,29714.287
24349,2023,017928,Ari Bousbib,55641,0,0,,15611.107,0,1800,1322.038,16405.071,23553.98
24349,2024,017928,Ari Bousbib,55641,0,28328.685,,78359.751,0,1800,1350.465,15749.918,26025.226
24349,2025,017928,Ari Bousbib,55641,0,34015.045,,79675.412,2156.006,1800,1379.243,15749.957,27438.397
24349,2015,063800,Ari Bousbib,48233,0,1022.493,,67715.2,97.087,1600,2586.996,25599.344,34529.628
24736,2015,024782,"Joseph C. Papa, Jr., M.B.A., R.Ph.",35491,500,9905.472,,10332.58,2215.901,612,118.515,9599.914,11282.453
24736,2016,024782,"Joseph C. Papa, Jr., M.B.A., R.Ph.",35491,0,0,,0,0,464.293,118.515,5914.987,9110.418
24736,2024,176022,"Joseph C. Papa, Jr., M.B.A., R.Ph.",73738,1000,0,,0,10845,800,282.5,516,5862.562
26136,2016,006008,Robert Holmes Swan,54622,2750,0,,0,0,194.8,3.364,8947.2,12212.9
26136,2017,006008,Robert Holmes Swan,54622,1750,6221.7,,0,0,850,68.71,6296.3,11114.7
26136,2018,006008,Robert Holmes Swan,54622,2500,13800.9,,0,0,898,146.204,10898.2,16706.7
26136,2019,006008,Robert Holmes Swan,54622,0,74541.179,,0,20016,1227.3,280.707,61722.6,66935.1
26136,2020,006008,Robert Holmes Swan,54622,0,63841.7,,0,0,1250,432.406,16902,22389.5
26136,2021,006008,Robert Holmes Swan,54622,0,24292.8,,0,0,156.3,426.165,0,605.3
26136,2015,114524,Robert Holmes Swan,32270,0,0,,848.011,0,490.385,307.417,3263.649,9339.229
26171,2015,007648,William R. Nuti,30276,0,7362.558,,740.381,0,1000,368.415,8000.014,11946.691
26171,2016,007648,William R. Nuti,30276,0,23341.712,,1763.568,0,1000,40.561,14999.995,19190.267
26171,2017,007648,William R. Nuti,30276,0,0,,1375.753,0,1000,95.865,9999.991,12435.018
26171,2018,007648,William R. Nuti,30276,0,0,,0,0,361.539,0,13213.434,28009.024
26385,2015,061676,David James Henshall,27217,0,10061.224,,0,0,690,143.318,8523.443,10052.611
26385,2016,061676,David James Henshall,27217,0,11946.82,,0,0,717.5,164.007,4103.145,6003.26
26385,2017,061676,David James Henshall,27217,0,14140.104,,0,0,860.834,233.316,7928.371,9612.475
26385,2018,061676,David James Henshall,27217,0,17252.579,,0,0,1000,227.379,15648.05,19258.103
26385,2019,061676,David James Henshall,27217,0,21687.597,,0,0,1000,339.551,11482.59,14513.856
26385,2020,061676,David James Henshall,27217,0,27498.282,,0,0,1000,384.986,18685.309,22596.498
26385,2021,061676,David James Henshall,27217,0,16586.019,,0,0,775,282.375,11807.434,13607.076
26635,2015,024856,"John F. Milligan, Ph.D.",27491,0,3962.6,,193707.544,5038.593,1186.154,1058.963,2903.132,8276.7
26635,2016,024856,"John F. Milligan, Ph.D.",27491,0,82.853,,85247.876,290.38,1465.385,1146.752,4349.75,13935.212
26635,2017,024856,"John F. Milligan, Ph.D.",27491,0,0,,56166.54,0,1539.462,1157.347,4894.499,15438.459
26635,2018,024856,"John F. Milligan, Ph.D.",27491,0,1.001,,39120.465,0,1581.623,1620.804,17732.873,28572.682
27067,2015,027965,Ganesh Moorthy,27967,13.134,0,,0,0,326.918,178.012,3695.414,4230.209
27067,2016,027965,Ganesh Moorthy,27967,27.692,0,,0,0,356.077,199.695,2546.516,3495.816
27067,2017,027965,Ganesh Moorthy,27967,28.523,0,,0,0,412.713,234.193,2252.328,3292.307
27067,2018,027965,Ganesh Moorthy,27967,12.24,0,,0,0,424.36,282.09,5218.86,5821.601
27067,2019,027965,Ganesh Moorthy,27967,12.404,0,,0,0,469.571,301.929,2330.293,3035.781
27067,2020,027965,Ganesh Moorthy,27967,12.792,0,,0,0,421.014,333.511,3170.38,3891.468
27067,2021,027965,Ganesh Moorthy,27967,46.006,6144.648,,0,0,565.862,720.313,10538.056,12759.667
27067,2022,027965,Ganesh Moorthy,27967,75.599,16470.14,,0,0,643.126,766.614,8714.501,12276.315
27067,2023,027965,Ganesh Moorthy,27967,21.329,5395.16,,0,0,680.723,801.135,829.656,2466.689
27067,2024,027965,Ganesh Moorthy,27967,0,0,,0,0,375.923,823.578,4765.317,5483.531
27208,2015,012142,Safra Ada Catz,28123,0,30778.125,,389938.75,38816.25,950,461.86,21870,40943.812
27208,2016,012142,Safra Ada Catz,28123,0,39716.251,,451389.375,44783.125,950,587.013,22190.625,40729.965
27208,2017,012142,Safra Ada Catz,28123,0,29564.79,,389245,21420,950,929.708,103700,108282.333
27208,2018,012142,Safra Ada Catz,28123,0,10673.362,,354506.25,16638.75,950,1118.592,0,965.981
27208,2019,012142,Safra Ada Catz,28123,0,7561.353,,404282.5,7222.5,950,1118.592,0,964.055
27208,2020,012142,Safra Ada Catz,28123,0,0,,594282.5,0,950,1118.592,0,10631.223
27208,2021,012142,Safra Ada Catz,28123,0,0,,559302.5,311850,950,1118.592,129275,138192.032
27208,2022,012142,Safra Ada Catz,28123,0,0,,317857.5,137025,950,1118.592,0,5250.68
27208,2023,012142,Safra Ada Catz,28123,0,0,,330300,165150,950,1118.592,0,6464.234
27208,2024,012142,Safra Ada Catz,28123,0,0,,422698.619,572000,950,1118.592,0,1113.417
27549,2017,064857,"Douglas S. Ingram, Esq., J.D.",72560,0,0,,0,69267,337.5,383.25,11607.75,56866.241
27549,2018,064857,"Douglas S. Ingram, Esq., J.D.",72560,0,0,,0,245784,650,415.945,0,1433.872
27549,2019,064857,"Douglas S. Ingram, Esq., J.D.",72560,0,0,,0,0,650,395.012,0,1387.072
27549,2020,064857,"Douglas S. Ingram, Esq., J.D.",72560,0,0,,0,0,669.25,340.056,0,1291.947
27549,2021,064857,"Douglas S. Ingram, Esq., J.D.",72560,0,0,,0,182820,729.675,365.082,0,1546.324
27549,2022,064857,"Douglas S. Ingram, Esq., J.D.",72560,0,0,,156634.5,0,740.025,365.082,123314.818,124938.694
27549,2023,064857,"Douglas S. Ingram, Esq., J.D.",72560,0,0,,135922.796,0,799.797,390.307,0,1661.338
27549,2024,064857,"Douglas S. Ingram, Esq., J.D.",72560,0,0,,191277.563,0,846.902,390.307,0,1978.086
28220,2020,006066,James Moon Whitehurst,65235,2000,15961.207,,0,0,1173.864,264.014,22418.227,27178.466
28220,2015,122841,James Moon Whitehurst,38124,0,35348.926,,0,0,975,448.35,9558.468,12725.593
28220,2016,122841,James Moon Whitehurst,38124,0,34365.984,,0,0,1000,417.072,9125.785,11132.589
28220,2017,122841,James Moon Whitehurst,38124,0,60833.454,,0,0,1000,382.057,10095.937,13597.466
28220,2018,122841,James Moon Whitehurst,38124,0,64405.759,,0,0,1074.795,381.933,12447.499,15442.344
28834,2015,011399,Stephen D. Milligan,29956,0,3716.462,,56.234,2525.157,1050,40.005,6761.354,11708.163
28834,2016,011399,Stephen D. Milligan,29956,0,2432.333,,216.638,25.581,1050,95.197,6397.567,10546.392
28834,2017,011399,Stephen D. Milligan,29956,0,15692.3,,1203.899,11919.748,1150,171.009,10142.049,17907.624
28834,2018,011399,Stephen D. Milligan,29956,0,6591.384,,0,0,1250,334.991,16033.99,19738.381
28834,2019,011399,Stephen D. Milligan,29956,0,5636.006,,182.936,228.672,1250,273.194,11601.177,12866.469
28834,2020,011399,Stephen D. Milligan,29956,0,7878.732,,0,0,1274.038,247.152,14405.144,17578.975
28880,2015,027928,Brad D. Smith,30009,0,48696.825,,33879.861,11529.726,1000,184.007,10373.838,16015.331
28880,2016,027928,Brad D. Smith,30009,0,47437.126,,28851.883,5687.189,1000,208.288,11576.785,18788.385
28880,2017,027928,Brad D. Smith,30009,0,39269.502,,46868.05,5298.108,1000,288.75,16451.308,22855.157
28880,2018,027928,Brad D. Smith,30009,0,64437.72,,63477.199,12849.088,1000,300.62,12858.012,21071.738
28880,2019,027928,Brad D. Smith,30009,0,58080.084,,121473.683,10604.83,861.539,322.535,9309.71,13695.818
28880,2020,027928,Brad D. Smith,30009,750,,,,,778.846,355.334,,
28880,2022,027928,Brad D. Smith,30009,0,0,,0,0,317.308,442.739,260.047,893.652
29095,2015,007257,"Kenneth C. Frazier, J.D.",30256,0,24397.664,,37885.122,1683.311,1500,526.147,9912.966,19898.438
29095,2016,007257,"Kenneth C. Frazier, J.D.",30256,0,30770.289,,41063.343,3533.814,1527.404,604.085,7875.521,17023.82
29095,2017,007257,"Kenneth C. Frazier, J.D.",30256,0,0,,0,0,1572.212,714.597,8814.767,17138.429
29095,2018,007257,"Kenneth C. Frazier, J.D.",30256,0,46575.409,,82361.434,19216.781,1610.577,801.725,9456.006,20934.504
29095,2019,007257,"Kenneth C. Frazier, J.D.",30256,0,53353.271,,115164.188,19977.05,1659.482,787.729,11425.398,22570.328
29095,2020,007257,"Kenneth C. Frazier, J.D.",30256,0,44096.744,,92513.741,6286.762,1702.006,591.035,10778.499,19799.788
29095,2021,007257,"Kenneth C. Frazier, J.D.",30256,0,38058.811,,63789.785,1405.424,1478.681,710.665,7390.092,15196.92
29095,2022,007257,"Kenneth C. Frazier, J.D.",30256,0,22324.693,,84261.76,14233.155,1151.099,705.22,5000.005,8510.621
30883,2018,007648,"Michael Dale Hayford, CPA",61010,1010.959,0,,0,0,634.615,18.331,5000.011,14239.889
30883,2019,007648,"Michael Dale Hayford, CPA",61010,0,0,,801.9,6200.991,1000,200.16,6500.007,12780.572
30883,2020,007648,"Michael Dale Hayford, CPA",61010,0,35736.45,,3778.129,6199.051,317.102,317.949,10895.96,28325.266
30883,2021,007648,"Michael Dale Hayford, CPA",61010,0,58067.051,,9010.259,5979.729,984.813,588.345,11331.818,14840.501
30883,2022,007648,"Michael Dale Hayford, CPA",61010,0,13614.038,,0,0,1000,926.457,11597.692,12743.595
30883,2023,007648,"Michael Dale Hayford, CPA",61010,0,4780.964,,686.104,0,869.608,1114.018,12221.825,22632.77
30886,2015,008530,Ian C. Read,32234,0,12408.787,,1798.75,0,1858.75,1677.485,2011.628,14401.404
30886,2016,008530,Ian C. Read,32234,0,15941.379,,34195.606,2252.018,1905.25,962.968,3984.592,16989.764
30886,2017,008530,Ian C. Read,32234,0,0,,20816.766,9503.594,1956.75,1286.587,6631.652,26165.138
30886,2018,008530,Ian C. Read,32234,0,25759.96,,6643.158,40133.442,1992.5,1120.644,7030.63,19549.213
30886,2019,008530,Ian C. Read,32234,0,18285.032,,14001.55,11971.432,1200,690.095,6743.656,15302.208
31185,2015,007257,"Robert M. Davis, J.D.",50560,1250,7669.887,,0,0,963.884,,2103.993,7202.004
31185,2016,007257,"Robert M. Davis, J.D.",50560,1250,9241.648,,83.447,1094.559,991.654,31.913,2428.286,7359.197
31185,2017,007257,"Robert M. Davis, J.D.",50560,0,0,,0,0,1018.269,106.128,2679.655,6159.05
31185,2018,007257,"Robert M. Davis, J.D.",50560,0,13860.316,,11403.994,5763.706,1043.726,137.66,2764.058,6449.773
31185,2019,007257,"Robert M. Davis, J.D.",50560,0,15006.75,,13577.688,5776.829,1075.557,171.055,3046.785,7534.109
31185,2020,007257,"Robert M. Davis, J.D.",50560,0,11461.489,,5196.974,1749.326,1112.795,217.696,2737.406,6227.562
31185,2021,007257,"Robert M. Davis, J.D.",50560,0,18946.941,,5447.83,950.957,1319.959,247.593,6324.576,13486.481
31185,2022,007257,"Robert M. Davis, J.D.",50560,0,41350.176,,18304.676,14121.539,1538.613,271.817,8868.587,18469.834
31185,2023,007257,"Robert M. Davis, J.D.",50560,0,41224.387,,3654.018,0,1603.091,348.327,9997.585,19622.124
31185,2024,007257,"Robert M. Davis, J.D.",50560,0,34032.506,,8920.883,941.536,1623.874,443.602,13077.541,22674.186
31306,2015,175404,Mark R. Widmar,45845,0,11658.255,,0,0,571.154,31.676,873.044,2169.798
31306,2016,175404,Mark R. Widmar,45845,0,0,,0,0,650,142.836,3172.811,4630.286
31306,2017,175404,Mark R. Widmar,45845,0,10420.294,,0,0,750.001,89.501,8063.982,10699.783
31306,2018,175404,Mark R. Widmar,45845,0,2971.648,,0,0,875.273,185.881,5199.983,7032.617
31306,2019,175404,Mark R. Widmar,45845,0,3763.198,,0,0,900,170.89,6000.015,8524.24
31306,2020,175404,Mark R. Widmar,45845,0,8976.396,,0,0,900,140.387,6000.023,8317.673
31306,2021,175404,Mark R. Widmar,45845,0,8454.868,,0,0,900.309,127.748,4699.945,6542.454
31306,2022,175404,Mark R. Widmar,45845,0,22059.873,,0,0,922.222,130.111,4549.997,7207.833
31306,2023,175404,Mark R. Widmar,45845,0,18634.839,,0,0,964.971,118.553,5000.089,7725.497
31306,2024,175404,Mark R. Widmar,45845,0,10165.523,,0,0,1005.812,111.89,5000.053,6386.641
32279,2015,007343,Mark W. Adams,33772,0,701.757,,5375.013,3080.238,783.077,452.266,3376.142,5499.507
32279,2016,007343,Mark W. Adams,33772,0,1890.92,,0,1184.7,318.942,144.198,3674.989,6141.192
32279,2021,031494,Mark W. Adams,66930,375,10432.188,,0,5367.5,750,53.939,9426.563,14810.329
32279,2022,031494,Mark W. Adams,66930,0,1626.307,,1111.455,1313.545,750,829.871,4995.747,6664.87
32279,2023,031494,Mark W. Adams,66930,0,4035.4,,128.429,1798.133,750,499.58,2284.931,3214.342
32279,2024,031494,Mark W. Adams,66930,0,10031.547,,1052.914,75.211,750,640.665,5131.454,5998.416
32279,2025,031494,Mark W. Adams,66930,0,14648.648,,1660.937,0,890,737.784,9681.046,11711.497
32412,2015,001632,Vincent T. Roche,33925,0,3572.03,,4077.474,4397.024,785.192,21.016,3405.368,7814.186
32412,2016,001632,Vincent T. Roche,33925,0,5858.165,,7294.148,4981.462,827.692,32.323,3572.511,7150.024
32412,2017,001632,Vincent T. Roche,33925,0,8130.185,,19573.896,11169,878,21.64,4316.355,10511.761
32412,2018,001632,Vincent T. Roche,33925,0,7339.51,,2870.032,3573.822,984.615,17.376,4949.953,11007.691
32412,2019,001632,Vincent T. Roche,33925,0,9770.022,,4847.649,4523.489,1030.769,21.206,7039.56,11948.434
32412,2020,001632,Vincent T. Roche,33925,0,15396.098,,9798.938,8450.898,1050,27.598,7505.999,12357.918
32412,2021,001632,Vincent T. Roche,33925,0,24112.335,,23225.738,17485.722,1050,25.652,22978.469,30824.323
32412,2022,001632,Vincent T. Roche,33925,0,25270.259,,18317.257,4115.458,1075,70.713,15000.172,22098.295
32412,2023,001632,Vincent T. Roche,33925,0,17777.347,,11285.39,2376.102,1128.846,60.713,14998.15,20544.113
32412,2024,001632,Vincent T. Roche,33925,0,29268.657,,51556.761,25708.182,1137.692,100.326,19999.288,22436.615
32412,2025,001632,Vincent T. Roche,33925,0,45362.454,,72123.698,0,1200,93.781,22002.279,27456.265
32732,2015,061562,Yuval Wasserman,34297,0,858.07908,,2045.138,463.844,600,20.57,1641.895,2794.93
32732,2016,061562,Yuval Wasserman,34297,0,1263.79425,,7755.063,1474.299,625,61.865,2624.97,4149.35
32732,2017,061562,Yuval Wasserman,34297,0,1404.394,,7403.669,1151.698,650,140.999,3900.326,5539.991
32732,2018,061562,Yuval Wasserman,34297,0,676.448,,2443.571,0,700,115.146,2880.846,4316.713
32732,2019,061562,Yuval Wasserman,34297,0,8552.473,,6149.294,0,721,127.635,3246.873,4613.425
32732,2020,061562,Yuval Wasserman,34297,0,10830.288,,9326.862,0,800,124.188,2931.784,5794.389
32732,2021,061562,Yuval Wasserman,34297,0,9050.726,,6518.632,0,819.168,124.188,0,1165.045
32732,2023,065421,Yuval Wasserman,72397,200,0,,0,0,0.001,23.353,2390.72,2590.721
32732,2024,065421,Yuval Wasserman,72397,100,0,,0,0,0,143.108,300.003,670.977
33199,2015,001602,Robert A. Bradway,34806,0,44356.024,,30505.6,0,1505.769,307.875,10199.959,16097.714
33199,2016,001602,Robert A. Bradway,34806,0,16525.824,,17874.78,0,1531.731,352.06,7699.723,16850.001
33199,2017,001602,Robert A. Bradway,34806,0,0,,23426.625,3579.288,1555.962,384.398,8399.812,16899.789
33199,2018,001602,Robert A. Bradway,34806,0,36698.604,,29105.723,9133.781,1566,415.815,8749.818,18555.266
33199,2019,001602,Robert A. Bradway,34806,0,48505.213,,46976.716,26009.667,1600.923,449.745,9799.716,19612.793
33199,2020,001602,Robert A. Bradway,34806,0,33693.856,,29376.999,14055.438,1647.538,544.101,10079.676,20131.408
33199,2021,001602,Robert A. Bradway,34806,0,21910.728,,21940.666,6153.285,1674.061,569.709,11138.622,21721.154
33199,2022,001602,Robert A. Bradway,34806,0,41930.739,,33571.469,7567.83,1722.3,576.875,11138.544,21399.733
33199,2023,001602,Robert A. Bradway,34806,0,40280.173,,64735.874,17889.771,1786.977,620.902,11138.503,22643.65
33199,2024,001602,Robert A. Bradway,34806,0,31542.653,,50993.106,5876.995,1869.242,545.559,12599.93,24428.495
33750,2015,016401,"Jason P. Rhode, Ph.D.",35424,0,2286.326,,16474.798,2152.936,658.5,129.68,2550.828,6160.335
33750,2016,016401,"Jason P. Rhode, Ph.D.",35424,0,5184.86,,20859.786,4966.777,721.154,156.459,2877.85,7331.927
33750,2017,016401,"Jason P. Rhode, Ph.D.",35424,0,2898.057,,5653.023,759.424,775.962,217.411,2660.2,5941.204
33750,2018,016401,"Jason P. Rhode, Ph.D.",35424,0,631.05,,12262.696,271.207,800,233.203,2163.85,4911.321
33750,2019,016401,"Jason P. Rhode, Ph.D.",35424,0,832.824,,12993.007,1653.937,800,211.296,2128.788,6110.871
33750,2020,016401,"Jason P. Rhode, Ph.D.",35424,0,1946.585,,15192.032,2071.531,692.308,206.141,0,2158.91
33918,2019,023084,Jeffrey W. Benck,63770,85,1969.446,,0,0,692.308,18.397,4900.044,5991.248
33918,2020,023084,Jeffrey W. Benck,63770,0,3232.098,,0,0,841.154,47.408,3500,4870.541
33918,2021,023084,Jeffrey W. Benck,63770,0,4176.896,,0,0,919.731,85.544,4375,6736.846
33918,2022,023084,Jeffrey W. Benck,63770,0,6278.983,,0,0,942.923,190.736,3850,6718.65
33918,2023,023084,Jeffrey W. Benck,63770,0,6004.707,,0,0,973.077,263.464,4000,5837.439
33918,2024,023084,Jeffrey W. Benck,63770,0,8404.221,,0,0,1004.615,282.188,4200,6544.395
34151,2015,139662,"James M. Chirico, Jr.",46567,0,112.5,,0,0,675,,825,6657.696
34210,2015,027928,Sasan K. Goodarzi,35937,0,19314.871,,8881.603,1847.117,650,16.702,5925.247,9302.55
34210,2016,027928,Sasan K. Goodarzi,35937,0,21424.954,,11417.523,909.926,725,0,6375.08,10228.586
34210,2017,027928,Sasan K. Goodarzi,35937,0,22186.994,,20992.966,2869.442,750,0,9999.822,13393.308
34210,2018,027928,Sasan K. Goodarzi,35937,0,35638.45,,37376.107,6930.349,750,37.837,8249.827,12644.81
34210,2019,027928,Sasan K. Goodarzi,35937,0,42524.379,,56432.579,6163.73,910.769,62.537,11198.32,17506.677
34210,2020,027928,Sasan K. Goodarzi,35937,0,33707.134,,52189.209,3717.929,1038.462,91.948,13025.683,15574.145
34210,2021,027928,Sasan K. Goodarzi,35937,0,74443.827,,54739.725,22789.168,1000,112.789,15981.685,19179.185
34210,2022,027928,Sasan K. Goodarzi,35937,0,50256.249,,50872.12,7847.022,1100,60.208,17489.821,27174.857
34210,2023,027928,Sasan K. Goodarzi,35937,0,37881.662,,70066.268,6161.443,1100,79.514,17840.333,27305.429
34210,2024,027928,Sasan K. Goodarzi,35937,0,50976.223,,78012.715,11944.308,1200,94.245,24247.389,36572.36
34210,2025,027928,Sasan K. Goodarzi,35937,0,57292.507,,62610.409,15791.96,1300,51.348,24285.384,36845.552
35475,2015,013421,Lip-Bu Tan,37395,0,0,,29711.745,4320.155,650,1478.523,2145,5929.493
35475,2016,013421,Lip-Bu Tan,37395,0,0,,30400.601,6259.399,650,1635.912,3221.42,7610.736
35475,2017,013421,Lip-Bu Tan,37395,0,0,,15847.909,13325.341,700,1654.648,3451.41,7964.748
35475,2018,013421,Lip-Bu Tan,37395,0,0,,25358.837,7783.687,725,2229.947,2750.018,7556.368
35475,2019,013421,Lip-Bu Tan,37395,0,0,,96309.681,12242.429,725,2078.675,14275.22,19146.556
35475,2020,013421,Lip-Bu Tan,37395,0,0,,189451.013,27408.021,738.942,2102.427,3750,9604.64
35475,2021,013421,Lip-Bu Tan,37395,0,97274.7,,217155.794,25278.197,720.192,2052.844,4500.004,11166.016
35700,2015,013599,"Robert J. Hugin, MBA",37640,0,2200.59,,146873.145,29786.675,1483.333,1300.935,5431.237,22472.912
35700,2016,013599,"Robert J. Hugin, MBA",37640,0,5348.924,,160109.851,12442.141,1500,1047.103,4257.765,16526.237
35700,2017,013599,"Robert J. Hugin, MBA",37640,0,8898.673,,0,0,1500,1157.336,4416.517,11954.738
35700,2018,013599,"Robert J. Hugin, MBA",37640,0,0,,0,0,170.892,0,0,422.343
35712,2015,157855,Marc R. Benioff,37655,0,0,,112591.047,34557.785,1550,35687.5,17455.952,33362.903
35712,2016,157855,Marc R. Benioff,37655,0,0,,112298.552,28667.932,1550,34185.3,4373.238,13170.047
35712,2017,157855,Marc R. Benioff,37655,0,0,,95217.425,33716.595,1550,33256.8,0,4653.362
35712,2018,157855,Marc R. Benioff,37655,0,100359.402,,399763.879,23163.389,1550,31458.8,13500.066,28391.846
35712,2019,157855,Marc R. Benioff,37655,0,51529.01,,525799.159,18474.541,1550,30108.8,12000.012,25969.494
35712,2020,157855,Marc R. Benioff,37655,0,83229.159,,448961.641,31152.326,1550,28918.241,12000.089,25740.775
35712,2021,157855,Marc R. Benioff,37655,0,52674.178,,141326.803,17249.744,1550,28781.835,13500.117,28602.112
35712,2022,157855,Marc R. Benioff,37655,3.75,38791.664,,31583.97,1024.112,1550,27671.609,14760.156,29868.893
35712,2023,157855,Marc R. Benioff,37655,2.5,93825.594,,115116.589,26996.026,1550,23026.166,16338.29,39642.173
35712,2024,157855,Marc R. Benioff,37655,2.5,144522.698,,121975.537,30218.523,1550,21969.457,28028.587,55074.656
35959,2015,121440,"Martine A. Rothblatt, J.D., M.B.A., Ph.D.",37941,0,0,,184585.939,0,1078.099,625.437,0,2267.877
35959,2016,121440,"Martine A. Rothblatt, J.D., M.B.A., Ph.D.",37941,0,0,,126050.17,6811.98,1226.949,651.415,0,14812.213
35959,2017,121440,"Martine A. Rothblatt, J.D., M.B.A., Ph.D.",37941,0,0,,0,0,1163.707,691.04,19761.278,35893.548
35959,2018,121440,"Martine A. Rothblatt, J.D., M.B.A., Ph.D.",37941,0,0,,28076.854,0,1208.447,691.04,12796.803,16036.3
35959,2019,121440,"Martine A. Rothblatt, J.D., M.B.A., Ph.D.",37941,0,0,,10992.987,0,1218.038,671.43,0,42991.163
35959,2020,121440,"Martine A. Rothblatt, J.D., M.B.A., Ph.D.",37941,0,0,,79625.31,39736.699,1352.435,679.168,0,3235.915
35959,2021,121440,"Martine A. Rothblatt, J.D., M.B.A., Ph.D.",37941,0,0,,317620.523,73103.399,1367.858,651.845,0,3511.071
35959,2022,121440,"Martine A. Rothblatt, J.D., M.B.A., Ph.D.",37941,0,0,,497331.272,98056.72,1402.29,644.479,0,5322.204
35959,2023,121440,"Martine A. Rothblatt, J.D., M.B.A., Ph.D.",37941,0,16307.042,,296600.988,0,1476.379,644.479,11302.852,16958.057
35959,2024,121440,"Martine A. Rothblatt, J.D., M.B.A., Ph.D.",37941,0,0,,567173.083,0,1512.401,666.422,15614.615,22764.216
35961,2015,121440,"Roger A. Jeffs, Ph.D.",37943,0,0,,6057.158,22776.601,925,20.486,0,16247.932
35961,2016,121440,"Roger A. Jeffs, Ph.D.",37943,0,0,,15728.9,0,484.89,12.109,0,17006.331
36206,2021,061562,"Stephen D. Kelley, J.D.",67220,203.299,4016.019,,0,0,656.571,15.817,5147.212,6506.02
36206,2022,061562,"Stephen D. Kelley, J.D.",67220,0,8340.475,,0,0,897.917,24.91,4567.414,7484.931
36206,2023,061562,"Stephen D. Kelley, J.D.",67220,0,14168.314,,0,0,947.917,51.33,3070.396,5225.726
36206,2024,061562,"Stephen D. Kelley, J.D.",67220,0,13566.29,,220.552,110.276,949.999,72.053,6693.832,8761.961
36206,2015,110039,"Stephen D. Kelley, J.D.",65453,0,0,,740.625,444.375,700,529.653,0,920
36206,2016,110039,"Stephen D. Kelley, J.D.",65453,0,0,,0,567.188,700,271.996,0,1672.67
36206,2017,110039,"Stephen D. Kelley, J.D.",65453,1793.151,0,,847.969,3674.531,800.962,185.025,1972,7859.696
36206,2018,110039,"Stephen D. Kelley, J.D.",65453,2125,0,,0,0,858.656,313.325,0,3919.422
36206,2019,110039,"Stephen D. Kelley, J.D.",65453,2125,0,,971.438,441.563,893.519,291.625,0,4301.32
36206,2020,110039,"Stephen D. Kelley, J.D.",65453,1062.5,0,,0,146.813,504.077,286.2,0,3089.209
36230,2015,150937,"William David Mosley, Ph.D.",38245,0,8721.17,,2051.069,426.83,600.018,113.966,2488.763,4009.176
36230,2016,150937,"William David Mosley, Ph.D.",38245,0,4141.931,,512.934,0,623.095,152.965,2935.78,4303.648
36230,2017,150937,"William David Mosley, Ph.D.",38245,0,9848.159,,355.2,528.968,784.626,174.543,4615.905,7658.252
36230,2018,150937,"William David Mosley, Ph.D.",38245,0,22323.438,,3389.589,8895.829,953.85,214.059,5127.435,9332.073
36230,2019,150937,"William David Mosley, Ph.D.",38245,0,21556.223,,4337.112,2988.364,1084.623,334.774,6528.382,10344.579
36230,2020,150937,"William David Mosley, Ph.D.",38245,0,21300.775,,5336.022,1534.595,1100.008,491.872,7313.257,11698.767
36230,2021,150937,"William David Mosley, Ph.D.",38245,0,37487.477,,30595.017,12415.648,1100.008,521.761,7054.961,11641.189
36230,2022,150937,"William David Mosley, Ph.D.",38245,0,23547.807,,23703.449,3360.598,1100.008,615.997,8095.464,13210.318
36230,2023,150937,"William David Mosley, Ph.D.",38245,0,0,,17419.716,885.102,973.084,668.96,4831.397,7886.863
36230,2024,150937,"William David Mosley, Ph.D.",38245,0,0,,26793.275,8917.01,676.928,668.616,10393.544,13631.727
36230,2025,150937,"William David Mosley, Ph.D.",38245,0,0,,32716.026,13979.505,1100.008,505.668,12964.807,17176.928
36261,2015,177429,Anthony Aquila,38281,12600,0,,5528.783,303.76,890.769,476.454,6756.867,22452.322
36373,2015,030870,Antonio J. Pietri,38410,0,0,,1999.181,569.853,600,100.114286,2624.992,4582.79
36373,2016,030870,Antonio J. Pietri,38410,0,0,,985.79,92.439,600,157.238095,2999.999,5029.755
36373,2017,030870,Antonio J. Pietri,38410,0,0,,3001.377,1177.536,600,252.204762,3525.014,6077.981
36373,2018,030870,Antonio J. Pietri,38410,0,0,,4164.573,4133.856,600,304.642857,3750.029,6325.453
36373,2019,030870,Antonio J. Pietri,38410,0,0,,16864.381,4212.415,600,309.328571,4499.963,7478.887
36373,2020,030870,Antonio J. Pietri,38410,0,0,,14208.099,712.273,600,375.957143,4650.012,7626.325
36373,2021,030870,Antonio J. Pietri,38410,0,0,,20731.687,776.598,600,432.37381,4649.941,8418.919
36373,2022,030870,Antonio J. Pietri,38410,0,0,,30629.901,3382.098,468.75,170.254,4615.153,11757.003
36373,2023,030870,Antonio J. Pietri,38410,0,0,,11939.931,1081.109,750,119.173,0,1402.317
36373,2024,030870,Antonio J. Pietri,38410,0,0,,20861.579,1163.568,750,124.679,10115.548,11541.446
36516,2015,176022,"Robert G. Kramer, Sr.",38561,0,0,,930.358,843.779,525.873,45.188,478.906,1511.979
36516,2016,176022,"Robert G. Kramer, Sr.",38561,0,0,,0,355.717,501.655,48.934,500.007,1475.056
36516,2017,176022,"Robert G. Kramer, Sr.",38561,0,379.288,,806.826,1095.692,510.107,60.04,499.973,1712.371
36516,2018,176022,"Robert G. Kramer, Sr.",38561,0,872.898,,2358.167,1186.798,549.047,65.851,649.931,2214.989
36516,2019,176022,"Robert G. Kramer, Sr.",38561,0,1431.078,,2496.954,331.399,678.021,75.674,1439.958,3693.821
36516,2020,176022,"Robert G. Kramer, Sr.",38561,0,3140.212,,7719.949,3130.017,893.86,89.443,2050.006,5569.977
36516,2021,176022,"Robert G. Kramer, Sr.",38561,0,1889.162,,252.152,0,1026.924,110.352,2800.026,6932.076
36516,2022,176022,"Robert G. Kramer, Sr.",38561,0,1030.305,,0,0,1030.625,137.955,0,3878.58
36516,2023,176022,"Robert G. Kramer, Sr.",38561,0,0,,0,0,777.589,0,1289.53,3916.346
36696,2015,024800,Steven M. Mollenkopf,38760,0,28763.984,,0,0,1141.886,234.336,8000.034,10372.325
36696,2016,024800,Steven M. Mollenkopf,38760,0,18098.658,,0,0,1138.694,345.555,8000.114,11066.012
36696,2017,024800,Steven M. Mollenkopf,38760,0,7419.995,,0,0,1156.079,442.818,8000.035,11591.31
36696,2018,024800,Steven M. Mollenkopf,38760,0,45004.777,,0,0,1390.739,578.913,10000.072,19975.472
36696,2019,024800,Steven M. Mollenkopf,38760,0,45360.516,,0,0,1198.709,696.196,21600.214,23065.053
36696,2020,024800,Steven M. Mollenkopf,38760,0,24099.618,,7128.232,14256.551,1528.659,688.674,18000.269,25930.689
36696,2021,024800,Steven M. Mollenkopf,38760,0,43635.375,,17996.028,8998.041,1064.59,537.192,0,7380.553
36988,2015,062730,Peter A. Leav,49366,0,6832.442,,0,0,700,320.206,6510.209,7928.397
37196,2021,006008,Patrick P. Gelsinger,67355,1750,210471.3,,0,0,1098.5,274.596,169541.4,177905.4
37196,2022,006008,Patrick P. Gelsinger,67355,0,117014,,0,0,1302.1,439.183,8869.6,11614.7
37196,2023,006008,Patrick P. Gelsinger,67355,0,280627.2,,0,0,1067.7,579.563,12426.8,16743.4
37196,2024,006008,Patrick P. Gelsinger,67355,0,0,,0,0,1145.8,645.874,24625.7,27429.9
37497,2015,060900,Roger J. Lynch,39580,0,1200.78,,1567.2,0,486.538,0.173,1162.795,1651.933
37497,2016,060900,Roger J. Lynch,39580,0,1216.53,,1597.2,0,528.846,0.494,2685.879,4221.545
37577,2015,064630,"Strauss H. Zelnick, Esq., J.D.",39662,0,0,,0,0,0.001,393.281,0,22.874
37577,2016,064630,"Strauss H. Zelnick, Esq., J.D.",39662,0,0,,0,0,0.001,294.883,0,23.27
37577,2017,064630,"Strauss H. Zelnick, Esq., J.D.",39662,0,0,,0,0,0.001,224.288,0,42.629
37577,2018,064630,"Strauss H. Zelnick, Esq., J.D.",39662,0,0,,0,0,0.001,224.54,0,113.045
37577,2019,064630,"Strauss H. Zelnick, Esq., J.D.",39662,0,0,,0,0,0.001,360.57,0,87.761
37577,2020,064630,"Strauss H. Zelnick, Esq., J.D.",39662,0,0,,0,0,0.001,141.5,0,138.347
37577,2021,064630,"Strauss H. Zelnick, Esq., J.D.",39662,0,0,,0,0,0.001,181.603,0,142.996
37577,2022,064630,"Strauss H. Zelnick, Esq., J.D.",39662,0,0,,0,0,0.001,212.283,0,115.015
37577,2023,064630,"Strauss H. Zelnick, Esq., J.D.",39662,0,0,,0,0,0.001,274.561,0,274.074
37577,2024,064630,"Strauss H. Zelnick, Esq., J.D.",39662,0,0,,0,0,0.001,365.546,0,106.457
37809,2015,001161,"Lisa T. Su, Ph.D.",46953,300,3746.713,,36.554,73.108,849.992,902.309,3578.932,6559.194
37809,2016,001161,"Lisa T. Su, Ph.D.",46953,0,11737.036,,23710.631,16772.378,886.34,1713.584,7983.393,11724.775
37809,2017,001161,"Lisa T. Su, Ph.D.",46953,0,3041.41,,22226.215,4898.573,924.997,2050.317,6980.739,10894.82
37809,2018,001161,"Lisa T. Su, Ph.D.",46953,0,24849.491,,14353.493,3535.182,961.057,2311.264,8622.802,13356.393
37809,2019,001161,"Lisa T. Su, Ph.D.",46953,0,156847.83,,167704.288,12095.693,1026.442,2603.67,53176.358,58534.289
37809,2020,001161,"Lisa T. Su, Ph.D.",46953,0,236581.622,,268632.38,17105.951,1095.574,2632.852,18840.582,27141.878
37809,2021,001161,"Lisa T. Su, Ph.D.",46953,0,358919.84,,316503.592,17038.138,1076.317,2814.37,19929.804,29498.107
37809,2022,001161,"Lisa T. Su, Ph.D.",46953,0,62842.671,,84294.87,0,1148.889,3850.168,21900.27,30219.921
37809,2023,001161,"Lisa T. Su, Ph.D.",46953,0,22775.14,,13950.276,0,1200,3840.36,0,8500.023
37809,2024,001161,"Lisa T. Su, Ph.D.",46953,0,46932.809,,22980.581,2588.735,1230,4182.16,21699.384,30996.392
40545,2015,160888,Michael R. Hsing,43006,90,6912.239,,0,0,600,1459.807,6359.128,8549.128
40545,2016,160888,Michael R. Hsing,43006,90,9860.097,,0,0,600,1354.719,5228.852,7032.064
40545,2017,160888,Michael R. Hsing,43006,90,10274.723,,0,0,600,1377.829,5909.642,7986.619
40545,2018,160888,Michael R. Hsing,43006,0,12062.566,,0,0,643.846,1279.177,9446.868,11715.714
40545,2019,160888,Michael R. Hsing,43006,0,11592.707,,0,0,650,1356.12,7945.677,9356.946
40545,2020,160888,Michael R. Hsing,43006,0,18819.499,,0,0,650,1174.274,12395.153,14670.153
40545,2021,160888,Michael R. Hsing,43006,0,18645.892,,0,0,711.923,1205.792,13782.908,20254.831
40545,2022,160888,Michael R. Hsing,43006,0,31596.218,,0,0,751.846,1206.981,13865.09,20664.936
40545,2023,160888,Michael R. Hsing,43006,0,55052.755,,0,0,822.877,1053.097,12311.787,14643.469
40545,2024,160888,Michael R. Hsing,43006,0,290812.001,,0,0,980.569,980.763,12268.389,18979.292
40634,2015,012945,Todd P. Kelsey,43103,0,592.8,,823.892,14.052,517.885,32.719,964.261,2653.488
40634,2016,012945,Todd P. Kelsey,43103,0,1815.064,,1419.33,320.623,536.154,42.162,3559.062,4868.153
40634,2017,012945,Todd P. Kelsey,43103,0,3965.417,,1701.323,320.278,840,55.175,3139.087,5363.595
40634,2018,012945,Todd P. Kelsey,43103,0,5549.088,,1122.633,47.034,915,73.522,3453.316,6673.723
40634,2019,012945,Todd P. Kelsey,43103,0,7661.098,,287.905,0,958.75,106.94,3459.586,6519.481
40634,2020,012945,Todd P. Kelsey,43103,0,8978.723,,0,0,1010.481,142.069,4977.568,8202.523
40634,2021,012945,Todd P. Kelsey,43103,0,13176.543,,0,0,1000,140.856,5078.974,7623.221
40634,2022,012945,Todd P. Kelsey,43103,0,13317,,0,0,1023.076,106.819,4077.029,7440.475
40634,2023,012945,Todd P. Kelsey,43103,0,10131.101,,0,0,1083.846,118.964,5562.053,9126.346
40634,2024,012945,Todd P. Kelsey,43103,0,16971.772,,0,0,1049.231,75.771,6127.875,8386.388
40634,2025,012945,Todd P. Kelsey,43103,0,17914.481,,0,0,1100,70.152,7766.185,10839.258
40775,2019,001161,Richard A. Bergman,43251,500,4474.703,,0,562.727,230.768,52.345,6657.033,8240.996
40775,2020,001161,Richard A. Bergman,43251,0,12168.406,,924.404,2010.606,623.074,71.891,3674.048,6069.061
40775,2021,001161,Richard A. Bergman,43251,0,26834.52,,3989.479,3442.557,612.69,89.988,3686.059,6493.02
40775,2015,142814,Richard A. Bergman,46377,0,5144.672,,15502.881,5240.973,700,38.429,1834.848,5578.259
40775,2016,142814,Richard A. Bergman,46377,0,2631.888,,5704.761,43.239,700,51.491,4536.63,7799.268
40775,2017,142814,Richard A. Bergman,46377,0,3101.483,,2989.25,0,560,53.23,3422.28,5872.257
40775,2018,142814,Richard A. Bergman,46377,0,5914.546,,927.187,90.521,700,57.252,5597.768,7012.022
40775,2019,142814,Richard A. Bergman,46377,0,0,,112.125,0,495.833,87.214,5468.45,6893.132
40792,2015,002086,"Ludwig N. Hantson, Ph.D.",43272,0,782.876,,1472.262,80.497,527.397,24.565,1697.388,4569.296
40792,2015,022734,"Ludwig N. Hantson, Ph.D.",51384,0,1709.166,,3076.258,9060.292,1119.231,417.881,4497.392,18580.029
40792,2017,062263,"Ludwig N. Hantson, Ph.D.",59449,0,1145.074,,0,6788.168,900,33.337,9618.758,15310.154
40792,2018,062263,"Ludwig N. Hantson, Ph.D.",59449,0,7397.997,,0,0,1200,46.284,12385.168,16490.25
40792,2019,062263,"Ludwig N. Hantson, Ph.D.",59449,0,14653.568,,0,0,1250,93.497,15243.634,18947.984
40792,2020,062263,"Ludwig N. Hantson, Ph.D.",59449,0,23618.643,,1990.736,132.731,1300,195.656,13670.359,17919.259
41346,2015,024468,"George A. Scangos, Ph.D.",43871,0,16367.208,,0,0,1538.462,71.677,13015.232,16874.386
41346,2016,024468,"George A. Scangos, Ph.D.",43871,0,18079.077,,0,0,1500,82.497,13007.653,17733.788
41346,2017,024468,"George A. Scangos, Ph.D.",43871,0,10236.928,,0,0,60.065,89.751,0,7315.861
41346,2018,035638,"George A. Scangos, Ph.D.",67650,0,15835.692,,0,0,512.019,,0,783.019
41346,2019,035638,"George A. Scangos, Ph.D.",67650,0,0,,2252.931,1906.335,514.583,6620.888,0,785.827
41346,2020,035638,"George A. Scangos, Ph.D.",67650,0,0,,9617.789,2530.98,544.583,6520.888,0,994.883
41346,2021,035638,"George A. Scangos, Ph.D.",67650,0,0,,20636.034,0,575,5620.888,7479.18,20682.838
41346,2022,035638,"George A. Scangos, Ph.D.",67650,0,0,,11321.978,0,638.333,5620.888,2489.73,7479.898
41346,2023,035638,"George A. Scangos, Ph.D.",67650,0,0,,0,0,325,3715.548,0,338.2
41364,2018,018888,Robert A. Stewart,75593,0,0,,0,0,634.615,17,4999.996,11683.805
41364,2019,018888,Robert A. Stewart,75593,0,0,,0,0,1021.168,159.126,5564.449,9525.801
41364,2015,027845,Robert A. Stewart,43891,3000,7677.188,,454.89,1819.914,715,44.224,0,9603.947
41364,2016,027845,Robert A. Stewart,43891,0,4448.852,,0,0,731.749,47.023,0,1495.834
41364,2017,027845,Robert A. Stewart,43891,0,0,,0,0,820.917,49.067,5968.84,9409.169
41809,2016,063080,"Ajei S. Gopal, Ph.D.",54961,201,0,,0,0,183.333,0.086,5000,10413.949
41809,2017,063080,"Ajei S. Gopal, Ph.D.",54961,205.537,5711.733,,2741.55,8224.755,750,25.536,8339.153,10299.056
41809,2018,063080,"Ajei S. Gopal, Ph.D.",54961,210,8804.389,,4997.454,4997.55,768.75,21.175,8214.921,10164.184
41809,2019,063080,"Ajei S. Gopal, Ph.D.",54961,240,30874.528,,25429.214,8476.513,793.75,66.388,17553.073,19591.413
41809,2020,063080,"Ajei S. Gopal, Ph.D.",54961,247.5,41494.3,,56128.682,0,818.75,88.825,12276.512,14089.533
41809,2021,063080,"Ajei S. Gopal, Ph.D.",54961,309.375,44598.929,,63924.158,0,825,62.698,15431.959,18260.634
41809,2022,063080,"Ajei S. Gopal, Ph.D.",54961,312.609,16738.321,,30601.213,0,843.75,110.084,18915.491,21872.498
41809,2023,063080,"Ajei S. Gopal, Ph.D.",54961,0,19730.511,,0,0,850,147.566,21312.677,24633.791
41809,2024,063080,"Ajei S. Gopal, Ph.D.",54961,0,10886.314,,22290.44,0,850,172.267,29379.507,32810.655
42000,2015,162335,"Ronald M. Lombardi, CPA",44581,0,0,,4168.898,738.167,735.479,42.438,2500,4124.182
42000,2016,162335,"Ronald M. Lombardi, CPA",44581,80,0,,4999.093,241.182,800,48.403,599.99,3590.892
42000,2017,162335,"Ronald M. Lombardi, CPA",44581,0,255.429,,1879.462,0,850,142.63,1700.02,4191.403
42000,2018,162335,"Ronald M. Lombardi, CPA",44581,0,1239.321,,1420.556,0,850,99.84,2660.001,4274.546
42000,2019,162335,"Ronald M. Lombardi, CPA",44581,0,2903.882,,2341.194,0,875,197.966,3075,5051.679
42000,2020,162335,"Ronald M. Lombardi, CPA",44581,0,5869.296,,2510.555,0,887.739,236.559,3127.475,5148.033
42000,2021,162335,"Ronald M. Lombardi, CPA",44581,0,12019.074,,1529.871,0,937.321,303.14,3299.969,6031.516
42000,2022,162335,"Ronald M. Lombardi, CPA",44581,0,10097.897,,1505.068,0,1002.322,329.15,3600.031,5583.109
42000,2023,162335,"Ronald M. Lombardi, CPA",44581,0,6858.589,,1474.207,0,1002.632,371.021,3700.034,5763.133
42000,2024,162335,"Ronald M. Lombardi, CPA",44581,0,7552.292,,0,0,1003.564,328.47,4000.008,6193.019
42535,2015,006266,Alex Gorsky,45191,0,11450.815,,19329.188,23745.895,1613.462,178.308,10693.427,21081.598
42535,2016,006266,Alex Gorsky,45191,0,12047.971,,48899.442,24222.002,1600,261.487,21217.802,31816.85
42535,2017,006266,Alex Gorsky,45191,0,0,,0,0,1600,338.096,12354.361,22843.42
42535,2018,006266,Alex Gorsky,45191,0,9250.238,,77220.713,16231.42,1642.308,391.034,8884.237,18662.346
42535,2019,006266,Alex Gorsky,45191,0,6958.98,,123942.557,18492.829,1650,452.623,9956.365,19590.777
42535,2020,006266,Alex Gorsky,45191,0,14613.992,,164017.999,14055.167,1650,477.885,13757.654,23139.974
42535,2021,006266,Alex Gorsky,45191,0,22441.647,,208072.186,15714.732,1650,585.447,14789.176,26039.043
42535,2022,006266,Alex Gorsky,45191,0,0,,0,0,1404.808,768.336,0,4137.302
43232,2015,024468,"John G. Cox, M.B.A.",45949,0,4471.791,,2658.664,0,674.753,30.601,3559.612,4977.848
43232,2016,024468,"John G. Cox, M.B.A.",45949,0,5031.843,,2420.035,0,696.75,30.601,6010.767,7730.964
43232,2015,029819,"John G. Cox, M.B.A.",54369,0,4471.791,,0,0,674.753,,0,1274.098
43232,2016,029819,"John G. Cox, M.B.A.",54369,258.706,5031.843,,0,0,696.75,180.632,0,1731.259
43232,2017,029819,"John G. Cox, M.B.A.",54369,0,0,,5467.671,0,788.698,0,3249.987,15103.35
43392,2015,062263,David L. Hallal,46129,0,335.72,,42204.755,4408.775,1048.461,114.21,6926.092,14719.786
43392,2016,062263,David L. Hallal,46129,0,0,,21634.354,0,1153.846,0,5947.361,13136.341
43585,2015,014256,Matthew J. Murphy,46343,216.414,868.75,,895.451,1510.488,470,23.512,4030.582,5152.613
43722,2019,015855,Vincent Pilette,64780,0,6285.999,,280.5,0,568.75,985.243,19446.262,20596.491
43722,2020,015855,Vincent Pilette,64780,1300,5358.556,,0,0,753.974,1147.676,10278.897,13829.574
43722,2021,015855,Vincent Pilette,64780,0,27855.638,,0,0,885.577,1272.875,11437.131,13517.505
43722,2022,015855,Vincent Pilette,64780,0,19377.192,,0,0,940.385,1664.919,23336.21,25291.364
43722,2023,015855,Vincent Pilette,64780,0,29319.046,,0,0,950,2011.657,13386.893,15362.827
43722,2024,015855,Vincent Pilette,64780,0,37456.359,,0,0,950,2192.344,19831.803,22510.197
44188,2015,006008,Brian Matthew Krzanich,47026,0,12865.7,,9826.006,3238.776,1100,384.974,9799,14633.5
44188,2016,006008,Brian Matthew Krzanich,47026,0,15747.1,,10424.122,1633.025,1250,510.779,11710.6,19076
44188,2017,006008,Brian Matthew Krzanich,47026,0,27034.4,,0,0,1380,250.703,13076.9,21527.7
44188,2018,006008,Brian Matthew Krzanich,47026,0,32219.1,,0,0,694,253.59,15313.3,18008.3
44188,2019,021761,Brian Matthew Krzanich,62463,0,9165.237,,0,0,651.517,0,8749.983,14106.214
44188,2020,021761,Brian Matthew Krzanich,62463,0,10241.758,,0,0,750,160.348,3120.861,7723.661
44188,2021,021761,Brian Matthew Krzanich,62463,0,9485.622,,284.695,2564.28,1000,80.62,5848.625,12648.188
44188,2025,035614,Brian Matthew Krzanich,75204,0,17245.687,,0,0,590.769,213.946,6996.538,8544.306
44576,2015,175404,James A. Hughes,47460,0,21996.645,,0,0,859.615,35.98,2000.004,4527.719
44576,2016,175404,James A. Hughes,47460,0,0,,0,0,527.564,113.304,2800.048,4274.562
44810,2015,016721,Andrew Wilson,47724,0,20804.088,,24805.43,20114.46,1019.231,264.581,13617.852,16730.707
44810,2016,016721,Andrew Wilson,47724,0,31446.675,,54687.937,14373.619,1083.846,262.482,16150.342,19972.718
44810,2017,016721,Andrew Wilson,47724,0,63943.552,,85475.415,0,1141.731,243.928,32025.758,35728.763
44810,2018,016721,Andrew Wilson,47724,0,27000.449,,61474.627,0,1192.308,182.215,17090.598,18320.072
44810,2019,016721,Andrew Wilson,47724,0,29374.437,,51383.099,0,1200,125.549,16022.957,21365.752
44810,2020,016721,Andrew Wilson,47724,0,22310.201,,0,0,1249.615,224.173,32870.225,39165.82
44810,2021,016721,Andrew Wilson,47724,0,18341.061,,0,0,1292.923,172.789,13973.702,19858.539
44810,2022,016721,Andrew Wilson,47724,0,6429.14,,0,0,1300,131.293,11753.683,15688.431
44810,2023,016721,Andrew Wilson,47724,0,3732.007,,0,0,1300,143.837,17978.523,23230.333
44810,2024,016721,Andrew Wilson,47724,0,15760.467,,0,0,1300,144.483,25710.91,30529.835
44939,2015,012141,Satya Nadella,47866,4320,19867.5,,0,0,1200,430.708,12761.263,18294.27
44939,2016,012141,Satya Nadella,47866,4464,28200.992,,0,0,1200,467.659,12013.927,17692.031
44939,2017,012141,Satya Nadella,47866,0,42729.569,,0,0,1450,656.241,11434.557,20014.152
44939,2018,012141,Satya Nadella,47866,0,71207.169,,0,0,1500,756.663,16807.208,25843.263
44939,2019,012141,Satya Nadella,47866,0,71600.414,,0,0,2333.333,947.841,29668.651,42910.215
44939,2020,012141,Satya Nadella,47866,0,72188.66,,0,0,2500,1315.097,30718.608,44321.788
44939,2021,012141,Satya Nadella,47866,0,53527.944,,0,0,2500,1574.939,33036.03,49858.28
44939,2022,012141,Satya Nadella,47866,0,50752.69,,0,0,2500,759.857,42269.559,54946.309
44939,2023,012141,Satya Nadella,47866,0,0,,0,0,2500,792.353,39236.137,48512.537
44939,2024,012141,Satya Nadella,47866,0,239119.144,,0,0,2500,867.989,71236.392,79106.183
44939,2025,012141,Satya Nadella,47866,0,211381.841,,0,0,2500,900.572,84245.496,96496.79
44948,2015,013721,Kristin C. Peck,47875,0,330.648,,0,3158.457,625.5,23.566,866.622,2620.679
44948,2016,013721,Kristin C. Peck,47875,0,855.035,,2199.234,2527.425,636.375,36.334,899.958,2674.683
44948,2017,013721,Kristin C. Peck,47875,300,0,,6914.394,2733.871,655,48.316,933.252,3066.603
44948,2018,013721,Kristin C. Peck,47875,0,971.564,,8167.657,3056.84,675,46.165,999.93,3038.924
44948,2019,013721,Kristin C. Peck,47875,0,3690.448,,15927.553,4906.615,690,40.658,1349.964,3330.164
44948,2020,013721,Kristin C. Peck,47875,0,8755.943,,21497.878,5084.265,1100,34.706,5684.84,10374.312
44948,2021,013721,Kristin C. Peck,47875,0,19426.741,,29062.711,13914.976,1200,40.52,6929.797,13098.491
44948,2022,013721,Kristin C. Peck,47875,0,6783.214,,13434.981,140.782,1200,57.639,8399.841,14003.54
44948,2023,013721,Kristin C. Peck,47875,0,9640.538,,18089.2,4614.941,1200,80.16,8774.86,15237.853
44948,2024,013721,Kristin C. Peck,47875,0,7963.529,,10972.768,38.498,1300,95.006,9562.347,17206.76
44952,2015,013721,Juan Ramn Alaix,47879,0,1424.23,,0,11861.84,1115,55.916,3733.253,8682.187
44952,2016,013721,Juan Ramn Alaix,47879,0,3856.675,,7854.474,10451.909,1150,96.726,4199.957,9466.626
44952,2017,013721,Juan Ramn Alaix,47879,0,0,,25978.774,12716.401,1190,96.711,4866.579,10528.769
44952,2018,013721,Juan Ramn Alaix,47879,0,5145.488,,23366.942,15033.06,1200,96.712,5399.942,11669.4
44952,2019,013721,Juan Ramn Alaix,47879,0,19771.238,,26472.249,25965.482,1200,96.708,15322.769,21145.419
44952,2020,013721,Juan Ramn Alaix,47879,0,0,,0,0,300,214.999,0,504.681
44956,2015,015414,Charles R. Kummeth,47883,0,1095.873,,2807.299,1324.832,625,44.377,2100.024,3436.744
44956,2016,015414,Charles R. Kummeth,47883,0,1874.685,,5262.222,1517.061,800,61.03,3954.41,7468.114
44956,2017,015414,Charles R. Kummeth,47883,0,4965.786,,8627.202,1960.095,880,70.278,5324.866,9076.889
44956,2018,015414,Charles R. Kummeth,47883,0,9402.666,,18328.749,6548.506,911,92.176,7099.854,11439.635
44956,2019,015414,Charles R. Kummeth,47883,0,13278.959,,51877.04,13997.167,957,136.056,8000.166,13011.008
44956,2020,015414,Charles R. Kummeth,47883,0,14562.404,,86185.674,17611.896,1053,161.687,6471.401,11483.782
44956,2021,015414,Charles R. Kummeth,47883,0,21030.3,,217240.668,25716.319,1116,196.801,7899.824,15889.896
44956,2022,015414,Charles R. Kummeth,47883,0,13114.085,,155919.775,22668.555,1183,240.403,7724.568,15370.55
44956,2023,015414,Charles R. Kummeth,47883,0,6822.635,,114887.404,3392.979,1184.2,1278.269,29325.21,30584.644
44956,2024,015414,Charles R. Kummeth,47883,0,2297.386,,63589.197,179.225,1184.2,1282.246,0,1792.917
45376,2015,002403,"Giovanni Caforio, M.D.",48343,0,17781.333,,3143.935,0,1290.323,110.648,10443.9,15640.437
45376,2016,002403,"Giovanni Caforio, M.D.",48343,0,20714.151,,0,0,1513.077,172.418,11823.808,16933.858
45376,2017,002403,"Giovanni Caforio, M.D.",48343,0,24750.25,,0,0,1587.5,290.267,12650.528,18687.123
45376,2018,002403,"Giovanni Caforio, M.D.",48343,0,23054.013,,0,0,1637.5,365.199,13011.542,19379.755
45376,2019,002403,"Giovanni Caforio, M.D.",48343,0,36363.583,,0,0,1650,458.424,12545.753,18767.252
45376,2020,002403,"Giovanni Caforio, M.D.",48343,0,67511.157,,0,0,1687.115,528.98,13457.248,20150.902
45376,2021,002403,"Giovanni Caforio, M.D.",48343,0,89783.626,,0,0,1700,581.104,13965.988,19784.805
45376,2022,002403,"Giovanni Caforio, M.D.",48343,0,85654.721,,0,0,1700,367.935,14289.505,20053.032
45376,2023,002403,"Giovanni Caforio, M.D.",48343,0,11539.021,,0,0,1754.808,432.266,0,5195.864
45625,2015,139804,Thomas T. Edman,48623,0,1953.639,,0,0,643.077,83.997,919.534,2818.117
45625,2016,139804,Thomas T. Edman,48623,0,5718.208,,0,0,650,172.204,847.139,2443.61
45625,2017,139804,Thomas T. Edman,48623,0,6904.077,,0,0,671.923,311.327,1089.864,2615.703
45625,2018,139804,Thomas T. Edman,48623,0,3626.061,,0,0,689.231,462.683,863.218,2035.978
45625,2019,139804,Thomas T. Edman,48623,0,3030.252,,0,0,711.539,489.898,677.017,1956.142
45625,2020,139804,Thomas T. Edman,48623,0,3086.807,,0,0,752.885,556.366,861.985,2610.139
45625,2021,139804,Thomas T. Edman,48623,0,3599.263,,0,0,762.5,590.897,1017.226,2595.084
45625,2022,139804,Thomas T. Edman,48623,0,4662.178,,0,0,824,622.115,1064.521,4003.765
45625,2023,139804,Thomas T. Edman,48623,0,2720.648,,0,0,852,669.749,666.234,2554.41
45625,2024,139804,Thomas T. Edman,48623,0,8074.48,,0,0,907.5,732.069,1892.392,4012.941
45673,2015,183377,Ken Xie,48674,0,3506.625,,4262.197,14.903,425,12767.127,2778.2,3638.585
45673,2016,183377,Ken Xie,48674,0,1807.2,,2843.6,377.4,437.75,12460.375,953.2,2213.445
45673,2017,183377,Ken Xie,48674,0,918.189,,5428.83,1290.47,450.882,12508.811,1862,3960.438
45673,2018,183377,Ken Xie,48674,0,0,,7000.051,6887.349,625,12525.19,2453,6761.686
45673,2019,183377,Ken Xie,48674,0,0,,14981.83,11759.125,750,12534.189,4139.334,9629.923
45673,2020,183377,Ken Xie,48674,0,0,,36552.698,15562.806,793.083,12559.057,4704.899,10650.714
45673,2021,183377,Ken Xie,48674,0,0,,154292.066,51125.396,797,12581.76,6235.385,14203.211
45673,2022,183377,Ken Xie,48674,0,0,,97293.196,9925.743,797,63303.269,5978.827,14200.453
45673,2023,183377,Ken Xie,48674,0,4689.892,,126691.182,4745.628,622,63642.973,15081.692,16301.613
45673,2024,183377,Ken Xie,48674,0,14460.069,,153199.268,4088.895,597,60193.745,11939.796,13143.289
45833,2017,187450,Badrinarayanan Kothandaraman,64394,0,0,,0,2220,287.596,80.677,0,292.011
45833,2018,187450,Badrinarayanan Kothandaraman,64394,0,0,,2499.998,4360.002,450,316.49,2052.45,2717.674
45833,2019,187450,Badrinarayanan Kothandaraman,64394,0,0,,23255.081,19140.85,450,822.489,2844.403,3886.852
45833,2020,187450,Badrinarayanan Kothandaraman,64394,0,0,,243492.975,47172.199,450,870.83,4677.9,5238.605
45833,2021,187450,Badrinarayanan Kothandaraman,64394,0,0,,282392.896,0,450,968.302,0,708.162
45833,2022,187450,Badrinarayanan Kothandaraman,64394,0,12718.08,,246441.802,0,450,1119.233,15611.2,16627.977
45833,2023,187450,Badrinarayanan Kothandaraman,64394,0,3594.208,,72969.811,0,450,1584.696,13041.288,13764.15
45833,2024,187450,Badrinarayanan Kothandaraman,64394,0,6469.656,,0,0,450,1611.632,12156.58,12630.005
45957,2015,031607,Eric Howard Starkloff,48995,0,0,,0,0,331.25,8.139,808,1267.42
45957,2016,031607,Eric Howard Starkloff,48995,0,0,,0,0,356.25,9.831,699.75,1214.146
45957,2017,031607,Eric Howard Starkloff,48995,1,0,,0,0,400,10.594,855.75,1464.749
45957,2018,031607,Eric Howard Starkloff,48995,0,0,,0,0,437.5,21.178,2156.673,2842.329
45957,2019,031607,Eric Howard Starkloff,48995,0,605.938,,0,0,551.25,36.899,1737.863,2445.874
45957,2020,031607,Eric Howard Starkloff,48995,0,5145.198,,0,0,629.271,83.818,10414.68,11465.634
45957,2021,031607,Eric Howard Starkloff,48995,0,7333.591,,0,0,735,137.265,6659.513,8190.384
45957,2022,031607,Eric Howard Starkloff,48995,0,5608.32,,0,0,735,407.78,7266.432,8398.504
46535,2015,061591,George Kurian,49667,44.99,4054.26,,0,0,786.538,60.246,8196.615,9514.322
46535,2016,061591,George Kurian,49667,0,10390.888,,445.652,156.127,875,31.598,6179.678,9005.241
46535,2017,061591,George Kurian,49667,0,17416.16,,5553.139,200.933,925,137.439,9611.646,12859.367
46535,2018,061591,George Kurian,49667,0,13441.435,,5830.608,0,925,206.801,10065.244,13164.969
46535,2019,061591,George Kurian,49667,0,9150.25,,1154.544,0,950,285.501,8531.207,9491.209
46535,2020,061591,George Kurian,49667,0,28344.854,,0,0,968.269,168.826,19410.08,22989.412
46535,2021,061591,George Kurian,49667,0,28289.15,,0,0,991.346,167.825,15745.686,18883.551
46535,2022,061591,George Kurian,49667,0,23094.528,,0,0,1000,283.05,9908.566,11364.543
46535,2023,061591,George Kurian,49667,0,56457.733,,0,0,1000,322.774,10957.609,14315.794
46535,2024,061591,George Kurian,49667,0,28985.508,,0,0,1000,296.805,14568.454,17243.342
46758,2015,024800,Cristiano Renno Amon,49909,0,12367.004,,268.744,0,523.09,1.01,3620.06,4565.455
46758,2016,024800,Cristiano Renno Amon,49909,750,,,,,679.338,3.022,,
46758,2017,024800,Cristiano Renno Amon,49909,0,6591.205,,229.763,0,750.006,36.999,6675.108,8749.741
46758,2018,024800,Cristiano Renno Amon,49909,0,20398.177,,1783.141,0,916.964,50.886,11000.11,13624.899
46758,2019,024800,Cristiano Renno Amon,49909,0,20800.141,,0,0,1111.577,50.434,12200.138,13424.905
46758,2020,024800,Cristiano Renno Amon,49909,0,12956.364,,0,0,1000.022,50.753,10000.248,14610.151
46758,2021,024800,Cristiano Renno Amon,49909,0,31244.513,,0,0,1032.902,119.672,16000.168,20638.924
46758,2022,024800,Cristiano Renno Amon,49909,0,25404.454,,0,0,1150,212.531,0,4754.113
46758,2023,024800,Cristiano Renno Amon,49909,0,14716.626,,0,0,1346.154,273.067,21110.241,23490.335
46758,2024,024800,Cristiano Renno Amon,49909,0,43488.971,,0,0,1350,299.116,20000.084,25931.574
46758,2025,024800,Cristiano Renno Amon,49909,0,47678.699,,0,0,1350,217.483,0,5539.054
46801,2015,175955,"Valentin P. Gapontsev, Ph.D.",49957,0,0,,0,0,687.981,235.931,0,1413.416
46801,2016,175955,"Valentin P. Gapontsev, Ph.D.",49957,0,0,,0,0,735.4,235.931,0,1481.397
46801,2017,175955,"Valentin P. Gapontsev, Ph.D.",49957,0,0,,0,0,832,235.931,0,2284.683
46801,2018,175955,"Valentin P. Gapontsev, Ph.D.",49957,0,0,,0,0,930,189.931,0,1622.735
46801,2019,175955,"Valentin P. Gapontsev, Ph.D.",49957,0,0,,0,0,930,383.638,0,1251.984
46801,2020,175955,"Valentin P. Gapontsev, Ph.D.",49957,0,0,,0,0,930,298.638,0,1943.9
46801,2021,175955,"Valentin P. Gapontsev, Ph.D.",49957,0,0,,0,0,846.154,0,0,3254.034
46804,2015,175955,"Eugene A. Scherbakov, Ph.D.",49960,0,653.186,,2403.092,1014.145,450.449,1.167,823.772,2160.949
46804,2016,175955,"Eugene A. Scherbakov, Ph.D.",49960,0,1472.555,,1934.95,1026.083,510.677,3.11,643.031,1774.672
46804,2017,175955,"Eugene A. Scherbakov, Ph.D.",49960,0,4293.65,,1196.53,6959.111,510,6.477,899.514,2541.88
46804,2018,175955,"Eugene A. Scherbakov, Ph.D.",49960,0,9300.626,,1057.32,352.967,673.694,11.45,2095.549,4068.936
46804,2019,175955,"Eugene A. Scherbakov, Ph.D.",49960,0,4635.412,,2215.442,610.276,616.73,18.929,2152.254,3878.067
46804,2020,175955,"Eugene A. Scherbakov, Ph.D.",49960,0,8220.254,,5835.781,1195.85,627.819,21.783,2441.338,3668.315
46804,2021,175955,"Eugene A. Scherbakov, Ph.D.",49960,0,8488.568,,3742.292,154.546,803.2,24.881,4406.457,7284.851
46804,2022,175955,"Eugene A. Scherbakov, Ph.D.",49960,0,6951.428,,498.406,0,785.174,32.889,0,1635.799
46804,2023,175955,"Eugene A. Scherbakov, Ph.D.",49960,0,3784.572,,760.117,0,864.89,27.258,4416.887,5725.552
46804,2024,175955,"Eugene A. Scherbakov, Ph.D.",49960,0,1259.511,,0,0,315.202,55.8,4994.479,6099.458
47415,2015,013421,"Anirudh Devgan, Ph.D.",50653,0,0,,1066.84,694.76,375,358.409,686.4,1891.594
47415,2016,013421,"Anirudh Devgan, Ph.D.",50653,0,0,,1185.175,1208.875,400,313.381,2339.42,3742.672
47415,2017,013421,"Anirudh Devgan, Ph.D.",50653,0,0,,5320.968,2797.332,434.231,363.324,3554.15,5030.936
47415,2018,013421,"Anirudh Devgan, Ph.D.",50653,0,0,,4900.332,1699.773,500,494.747,1979.99,4355.982
47415,2019,013421,"Anirudh Devgan, Ph.D.",50653,0,0,,14126.092,3626.264,550,395.473,6528.009,9306.519
47415,2020,013421,"Anirudh Devgan, Ph.D.",50653,0,0,,18717.608,10460.307,561.539,271.213,2640.035,5543.89
47415,2021,013421,"Anirudh Devgan, Ph.D.",50653,0,33543,,26784.382,11302.844,604.808,224.604,2499.956,21735.794
47415,2022,013421,"Anirudh Devgan, Ph.D.",50653,0,86698.693,,26529.016,4324.922,725,148.178,25318.495,32216.034
47415,2023,013421,"Anirudh Devgan, Ph.D.",50653,0,133109.398,,38438.24,14831.42,750,67.812,7702.791,17341.862
47415,2024,013421,"Anirudh Devgan, Ph.D.",50653,0,122950.636,,88129.875,19486.233,750,220.285,8686.096,19292.503
47489,2015,027845,William J. Meury,50743,0,4965,,25684.322,5828.642,594.231,26.741,0,6365.837
47489,2016,027845,William J. Meury,50743,0,3336.639,,14285.261,830.717,742.38,38.025,0,1686.051
47489,2017,027845,William J. Meury,50743,0,0,,8965.951,0,873.973,4.672,7162.717,11083.005
47489,2018,027845,William J. Meury,50743,0,3542.792,,3057.429,0,900,4.023,676.926,3710.957
47489,2019,027845,William J. Meury,50743,0,5067.152,,5957.371,0,938.461,33.49,607.473,3714.4
47802,2023,007637,"Scott Andrew Smith, Ph.D.",72278,0,8491.164,,0,0,1023.077,85.35,11200.008,15930.409
47802,2024,007637,"Scott Andrew Smith, Ph.D.",72278,0,16864.521,,0,0,1400,232.807,9800.021,14759.379
47802,2015,013599,"Scott Andrew Smith, Ph.D.",51093,0,464.07,,11844.158,2739.026,641.667,34.307,2072.789,4783.245
47802,2016,013599,"Scott Andrew Smith, Ph.D.",51093,0,1665.411,,12687.006,1681.559,691.667,39.345,2386.838,6463.797
47802,2017,013599,"Scott Andrew Smith, Ph.D.",51093,0,2759.069,,0,0,833,52.339,2658.278,6662.199
47849,2024,023119,Yehoshua Nir,74438,0,1450.889,,0,0,276.926,,3021.768,3340.042
47849,2015,061513,Yehoshua Nir,51147,0,0,,19.342,295.544,429.808,9.48,739.8,1805.586
48040,2015,020228,John R. Chiminski,51367,500,1149.266,,12474,564.668,935.921,63.513,425.015,4911.394
48040,2016,020228,John R. Chiminski,51367,0,2098.412,,3449.411,77.434,975,186.507,764.803,5531.787
48040,2017,020228,John R. Chiminski,51367,0,5719.405,,7929.374,2361.493,975,539.235,900.072,6326.615
48040,2018,020228,John R. Chiminski,51367,0,13212.609,,5585.473,3904.697,1017.61,273.485,2306.42,8526.869
48040,2019,020228,John R. Chiminski,51367,0,20456.361,,1059.582,4547.547,1025,515.256,4147.771,8514.987
48040,2020,020228,John R. Chiminski,51367,0,22547.593,,8274.098,10385.508,963.915,510.771,4620.211,9166.195
48040,2021,020228,John R. Chiminski,51367,0,32246.033,,0,14840.253,1052.569,157.782,6689.674,12581.139
48040,2022,020228,John R. Chiminski,51367,0,16958.686,,2230.948,7194.55,1075,155.66,6510.335,12407.517
48040,2023,020228,John R. Chiminski,51367,0,0,,0,0,700,262.86,4000.069,4807.767
48100,2015,030137,Howard W. Robin,51446,0,1137.375,,19596.869,2459.711,892.62,13.889999,2507.724,4445.988
48100,2016,030137,Howard W. Robin,51446,0,674.85,,5792.937,69.187,920,69.674997,2139.215,4764.143
48100,2017,030137,Howard W. Robin,51446,0,3613.06,,20401.331,17588.069,940.7,117.884994,11157.217,18097.411
48100,2018,030137,Howard W. Robin,51446,0,2249.952,,42045.733,3323.767,968.921,244.754988,7807.334,13330.667
48100,2019,030137,Howard W. Robin,51446,0,3509.455,,14697.004,642.469,1017.4,212.849989,6153.818,9939.25
48100,2020,030137,Howard W. Robin,51446,0,5202,,7510.54,0,1053,255.404987,6998.31,11241.139
48100,2021,030137,Howard W. Robin,51446,0,6385.503,,835.25,64.887,1053,266.819987,7355.04,11153.616
48100,2022,030137,Howard W. Robin,51446,0,1644.433,,0,0,1084.59,384.719981,6737.043,11275.943
48100,2023,030137,Howard W. Robin,51446,0,366.696,,0,84.5,1084.59,632.969968,463.58,3135.576
48100,2024,030137,Howard W. Robin,51446,0,216.412,,0,0,1084.59,974.204951,961.519,3762.693
48198,2015,001891,Mark D. Benjamin,51550,0,730.252,,1697.53,480.853,450,38.888,1395.177,2630.949
48198,2016,001891,Mark D. Benjamin,51550,0,770.64,,2234.075,865.749,525,46.604,1236.816,2591.75
48198,2016,007648,Mark D. Benjamin,54147,215.625,9904.062,,0,0,129.808,,8500.01,8896.387
48198,2017,007648,Mark D. Benjamin,54147,0,0,,0,0,750,36.842,3499.997,4276.771
48291,2025,001327,Philip Gordon Brace,74985,0,9542.513,,0,0,571.154,17.249,22608.588,24536.606
48291,2024,141178,Philip Gordon Brace,74586,0,0,,0,0,203.077,105.585,0,252.51
48291,2015,150937,Philip Gordon Brace,51657,0,3129.75,,0,0,392.316,9.93,3588.65,5026.496
48291,2016,150937,Philip Gordon Brace,51657,0,2692.634,,0,0,610.017,29.109,2935.78,4286.189
48291,2017,150937,Philip Gordon Brace,51657,0,8369.11,,0,429.787,600.018,43.023,3893.419,6252.46
48585,2015,004199,Revathi Advaithi,51994,0,623.179,,497.205,0,609.012,63.591,1611.431,3605.335
48585,2016,004199,Revathi Advaithi,51994,0,3437.692,,748.958,560.201,700.001,44.767,3127.457,5330.597
48585,2017,004199,Revathi Advaithi,51994,0,0,,0,0,742.56,41.489,1672.536,4034.172
48585,2018,004199,Revathi Advaithi,51994,0,4725.387,,1084.683,218.84,772.263,9.78,1706.335,3873.754
48585,2018,030170,Revathi Advaithi,73132,3000,0,,0,0,165.865,,1999.995,5518.765
48585,2019,030170,Revathi Advaithi,73132,0,3273.438,,0,0,1150,93.683,8566.406,10812.931
48585,2020,030170,Revathi Advaithi,73132,0,26949.684,,0,0,862.5,241.919,8970.982,11897.878
48585,2021,030170,Revathi Advaithi,73132,0,26861.2,,0,0,1281.25,789.356,10484.149,14375.624
48585,2022,030170,Revathi Advaithi,73132,0,17400.123,,0,0,1325,1343.471,11020.718,15597.911
48585,2023,030170,Revathi Advaithi,73132,0,22103.981,,0,0,1325,1595.198,6132.966,9861.921
48585,2024,030170,Revathi Advaithi,73132,0,33508.948,,0,0,1326.183,1074.138,0,4988.413
48608,2015,005606,Antonio Fabio Neri,52018,1500,0,,1461.705,0,725.028,4.936,1999.993,6583.267
48608,2015,026156,Antonio Fabio Neri,52200,1500,0,,95.356,0,725.028,4.936,1999.993,6583.267
48608,2016,026156,Antonio Fabio Neri,52200,0,0,,2587.822,2362.97,725.028,187.835,9819.796,12412.937
48608,2017,026156,Antonio Fabio Neri,52200,0,0,,3877.091,5874.401,753.152,385.863,5149.14,5953.699
48608,2018,026156,Antonio Fabio Neri,52200,0,4940.741,,12473.84,106.124,950,169.052,9202.54,12621.288
48608,2019,026156,Antonio Fabio Neri,52200,0,8628.571,,7824.016,0,1100,278.535,10254.482,13665.382
48608,2020,026156,Antonio Fabio Neri,52200,0,4682.111,,658.297,0,1077.083,667.067,10811.086,13451.026
48608,2021,026156,Antonio Fabio Neri,52200,0,10493.237,,3273.196,0,1225,832.518,13118.823,19036.324
48608,2022,026156,Antonio Fabio Neri,52200,0,10157.514,,2365.769,0,1275,1385.291,0,3979.655
48608,2023,026156,Antonio Fabio Neri,52200,0,0,,259.821,0,1300,2023.641,0,4488.746
48608,2024,026156,Antonio Fabio Neri,52200,0,0,,0,0,1300,2085.726,8136.478,11865.595
48608,2025,026156,Antonio Fabio Neri,52200,0,29082.023,,0,0,1350,2101.761,19628.955,23469.026
49137,2015,012215,Hassane S. El-Khoury,52613,1.5,2275.92,,38.559,0,270.65,235.797,4275.12,4565.516
49137,2016,012215,Hassane S. El-Khoury,52613,1.5,1670.24,,57.608,0,401.964,342.074,3572.16,4187.025
49137,2017,012215,Hassane S. El-Khoury,52613,0.5,3615.842,,62.955,0,650,300.349,4852.323,6429.446
49137,2018,012215,Hassane S. El-Khoury,52613,0.5,4455.659,,28.165,0,676.923,512.65,5385.541,7017.882
49137,2019,012215,Hassane S. El-Khoury,52613,1125.333,7514.986,,0,0,726.923,0,8714.981,10571.859
49137,2020,134932,Hassane S. El-Khoury,68274,0,7493.403,,0,0,36.538,,7578.939,7866.313
49137,2021,134932,Hassane S. El-Khoury,68274,285,27399.471,,0,0,950,85.854,9413.592,12825.562
49137,2022,134932,Hassane S. El-Khoury,68274,0,10913.658,,0,0,984.615,338.991,12557.026,16519.702
49137,2023,134932,Hassane S. El-Khoury,68274,0,9788.889,,0,0,1130.769,465.926,17733.531,19965.513
49137,2024,134932,Hassane S. El-Khoury,68274,0,12746.799,,0,0,1200,616.79,29889.669,31131.178
50453,2016,006266,Joaquin Duato,54114,0,3621.741,,15409.353,6837.085,875,69.106,6396.966,10767.252
50453,2017,006266,Joaquin Duato,54114,0,0,,0,0,897.254,94.157,11483.016,16030.261
50453,2018,006266,Joaquin Duato,54114,0,3388.437,,22490.089,5069.53,934.046,115.353,3644.986,8573.995
50453,2019,006266,Joaquin Duato,54114,0,3223.99,,36273.175,6990.602,969.615,177.162,4622.787,9950.302
50453,2020,006266,Joaquin Duato,54114,0,7242.313,,48507.218,6552.479,1021.538,196.791,6798.093,11879.003
50453,2021,006266,Joaquin Duato,54114,0,10866.366,,63006.355,7703.495,1030,245.977,7001.281,12929.525
50453,2022,006266,Joaquin Duato,54114,0,0,,63282.215,5824.665,1490.962,316.393,5940.829,13099.487
50453,2023,006266,Joaquin Duato,54114,0,10286.533,,31274.531,0,1584.615,364.185,11004.52,22006.617
50453,2024,006266,Joaquin Duato,54114,0,14189.226,,17576.248,0,1600,407.782,10787.159,21608.36
50453,2025,006266,Joaquin Duato,54114,0,44756.308,,52079.141,19476.216,1600,356.297,15028.948,27456.874
50499,2016,008530,"Albert Bourla, D.V.M., Ph.D.",54169,0,3365.188,,1616.724,584.259,1117.5,146.43,936.941,6847.333
50499,2017,008530,"Albert Bourla, D.V.M., Ph.D.",54169,0,0,,2094.28,2496.639,1170,156.563,1651.093,6068.632
50499,2018,008530,"Albert Bourla, D.V.M., Ph.D.",54169,0,9497.28,,4144.823,10336.383,1400,283.345,2592.079,9854.557
50499,2019,008530,"Albert Bourla, D.V.M., Ph.D.",54169,0,11634.658,,4016.902,3080.117,1600,212.498,4290.956,16202.515
50499,2020,008530,"Albert Bourla, D.V.M., Ph.D.",54169,0,16695.63,,8621.84,9428.406,1650,124.931,4897.817,19665.79
50499,2021,008530,"Albert Bourla, D.V.M., Ph.D.",54169,0,32375.132,,24447.231,67383.133,1687.5,192.033,6180.808,24303.318
50499,2022,008530,"Albert Bourla, D.V.M., Ph.D.",54169,0,31092.279,,16848.307,41620.997,1737.5,313.34,9296.191,30543.706
50499,2023,008530,"Albert Bourla, D.V.M., Ph.D.",54169,0,17856.307,,185.127,0,1787.5,332.489,8745.187,21553.624
50499,2024,008530,"Albert Bourla, D.V.M., Ph.D.",54169,0,19913.497,,0,0,1800,372.946,4838.694,24648.727
50499,2025,008530,"Albert Bourla, D.V.M., Ph.D.",54169,0,27392.939,,0,0,1800,394.674,9442.705,27581.287
51055,2015,022039,Alistair John Macdonald,54802,0,0,,0,4825.149,461.28,0,349.004,1451.54
51055,2016,022039,Alistair John Macdonald,54802,0,385.716,,1426.439,3687.09,583.262,2.527,2463.606,4372.758
51055,2017,022039,Alistair John Macdonald,54802,0,0,,1894.723,55.306,852.703,8.889,4249.97,5870.074
51055,2018,022039,Alistair John Macdonald,54802,0,3518.244,,1594.572,0,1017.045,85.459,6071.508,7573.682
51055,2019,022039,Alistair John Macdonald,54802,0,6954.352,,2919.07,168.842,1000.913,90.325,5833.08,7596.359
51055,2020,022039,Alistair John Macdonald,54802,636,5712.632,,1512.745,0,909.255,88.727,6096.25,7776.953
51055,2021,022039,Alistair John Macdonald,54802,0,11059.149,,0,0,1114.884,128.548,7111.804,8364.51
51055,2022,022039,Alistair John Macdonald,54802,0,0,,0,0,565.204,167.593,7266.101,7900.61
51061,2016,023084,Paul J. Tufano,54808,193.846,0,,0,0,321.745,4.643,1699.977,2340.728
51061,2017,023084,Paul J. Tufano,54808,0,1668.158,,0,0,1000,23.608,1800.005,4282.281
51061,2018,023084,Paul J. Tufano,54808,0,2386.88,,0,0,1000,94.044,3300.022,5113.072
51061,2019,023084,Paul J. Tufano,54808,0,3805.026,,0,0,1123.077,119.327,3110.658,4257.442
51186,2016,062263,David R. Brennan,54954,0,0,,0,0,230.769,1.968,112.726,551.78
51186,2017,062263,David R. Brennan,54954,0,0,,0,0,1523.077,2.303,245.529,2167.741
51599,2015,184551,"Kishore Seendripu, Ph.D.",55434,0,0,,5113.22,1585.555,400.013,4058.465,1885.27,2299.434
51599,2016,184551,"Kishore Seendripu, Ph.D.",55434,0,0,,11617.343,1190.096,464.747,7719.745,2854.213,3333.945
51599,2017,184551,"Kishore Seendripu, Ph.D.",55434,0,0,,16572.675,226.564,492.299,3874.599,2802.171,3307.981
51599,2018,184551,"Kishore Seendripu, Ph.D.",55434,0,0,,8668.53,0,538.189,4047.247,3549.922,4104.632
51599,2019,184551,"Kishore Seendripu, Ph.D.",55434,0,0,,3928.417,0,550.69,4056.099,4194.182,4761.38
51599,2020,184551,"Kishore Seendripu, Ph.D.",55434,0,0,,3053.456,0,589.152,3897.793,4985.28,5590.381
51599,2021,184551,"Kishore Seendripu, Ph.D.",55434,0,0,,0,0,620.832,3806.669,5573.22,6212.011
51599,2022,184551,"Kishore Seendripu, Ph.D.",55434,0,0,,0,0,700.69,3821.431,7986.169,8702.666
51599,2023,184551,"Kishore Seendripu, Ph.D.",55434,0,0,,0,0,700.69,4142.299,6234.046,6935.229
51599,2024,184551,"Kishore Seendripu, Ph.D.",55434,0,0,,0,0,731.29,4273.191,14959.428,26387.151
51776,2016,015855,Gregory Scott Clark,55633,0,29504.035,,27000.511,65572.729,666.667,2536.832,0,1789.937
51776,2017,015855,Gregory Scott Clark,55633,0,77669.918,,54683.315,15396.667,1000,1750.751,15982.645,17347.581
51776,2018,015855,Gregory Scott Clark,55633,0,1952.276,,59597.306,0,1000,2360.016,1500,4421.038
51776,2019,015855,Gregory Scott Clark,55633,0,0,,0,0,132.925,2360.016,0,313.741
51778,2023,014960,Thomas H. Pike,71822,0,0,,0,0,528.846,,4129.232,4669.318
51778,2015,017928,Thomas H. Pike,55635,0,0,,28627.541,18239.725,1040,38.58,625.016,5259.379
51778,2016,017928,Thomas H. Pike,55635,0,0,,2384.282,0,1055.091,0,7000.017,20612.27
51778,2023,043026,Thomas H. Pike,72023,0,0,,0,6697.899,1078.846,47.827,4128.946,16320.393
51778,2024,043026,Thomas H. Pike,72023,0,0,,0,0,1108.461,159.868,0,1119.906
51831,2015,023119,Zvi Lando,55693,0,0,,9787.199,2368.806,190.26,0,0,293.763
51831,2016,023119,Zvi Lando,55693,0,0,,4999.958,1054.216,158.355,6.583,735.324,1534.053
51831,2017,023119,Zvi Lando,55693,0,0,,7088.715,1561.417,343.763,18.085,530.01,1503.791
51831,2018,023119,Zvi Lando,55693,0,0,,5200.875,642.221,340.926,32.459,436.966,1478.552
51831,2019,023119,Zvi Lando,55693,0,0,,5015.553,3244.45,505.986,13.496,549.986,2081.363
51831,2020,023119,Zvi Lando,55693,0,0,,18517.39,10271.532,477.133,61.255,1979.899,4079.71
51831,2021,023119,Zvi Lando,55693,0,0,,15857.556,4323.942,888.765,45.231,4299.75,7361.336
51831,2022,023119,Zvi Lando,55693,0,2019.148,,11002.844,1505.571,850.952,29.606,0,1925
51831,2023,023119,Zvi Lando,55693,0,1409.897,,1751.671,0,816.851,43.291,6558.293,7500.45
51831,2024,023119,Zvi Lando,55693,0,113.19,,0,0,656.286,58.317,4419.424,5179.86
52398,2015,264416,James P. Scholhamer,56459,0,0,,0,0,370.577,59.949,1848,2358.023
52398,2016,264416,James P. Scholhamer,56459,0,0,,0,0,437.308,115.977,889.5,1629.694
52398,2017,264416,James P. Scholhamer,56459,0,0,,0,0,406.923,92.783,1980,3099.439
52398,2018,264416,James P. Scholhamer,56459,0,0,,0,0,494.62,235.532,1417.762,2297.631
52398,2019,264416,James P. Scholhamer,56459,0,0,,0,0,524.492,228.428,1500.008,2721.64
52398,2020,264416,James P. Scholhamer,56459,0,0,,0,0,590.031,281.505,1999.989,3417.58
52398,2021,264416,James P. Scholhamer,56459,0,0,,0,0,636.538,320.957,3682.347,5201.766
52398,2022,264416,James P. Scholhamer,56459,0,0,,0,0,704.808,290.861,2598.338,4240.223
52398,2023,264416,James P. Scholhamer,56459,0,2199.487,,0,0,736.538,332.248,3507.146,5043.765
52398,2024,264416,James P. Scholhamer,56459,0,4481.866,,0,0,800.577,317.616,4027.382,5781.279
52782,2017,006730,David A. Ricks,57001,0,22610.618,,0,0,1400,136.553,10200,14498
52782,2018,006730,David A. Ricks,57001,0,52283.801,,0,0,1400,170.367,10584,15701
52782,2019,006730,David A. Ricks,57001,0,54564.216,,0,0,1400,290.911,12222,16625
52782,2020,006730,David A. Ricks,57001,0,42928.583,,0,0,1483.333,462.924,13587.5,17824.705
52782,2021,006730,David A. Ricks,57001,0,48872.433,,0,0,1500,561.433,14966,19067.75
52782,2022,006730,David A. Ricks,57001,0,75214.509,,0,0,1500,644.144,16981.25,21398.135
52782,2023,006730,David A. Ricks,57001,0,110477.33,,0,0,1621.154,687.161,18840.25,25125.91
52782,2024,006730,David A. Ricks,57001,0,82969.928,,0,0,1690.385,757.308,19749.324,27496.443
55354,2015,021739,"Colin Shannon, A.C.A.",60380,370.8,0,,30247.021,6006.176,609,0,0,997.782
55354,2016,021739,"Colin Shannon, A.C.A.",60380,345,0,,42509.256,5180.072,746.5,0,0,5253.884
55354,2017,021739,"Colin Shannon, A.C.A.",60380,546,0,,12991.772,6719.763,892.5,0,0,5958.385
55354,2018,021739,"Colin Shannon, A.C.A.",60380,570,0,,37686.093,1679.6,930,30,3073.2,7877.983
55354,2019,021739,"Colin Shannon, A.C.A.",60380,0,0,,48213.45,4758.975,1018.75,63,3166.02,7160.216
55354,2020,021739,"Colin Shannon, A.C.A.",60380,896.5,0,,59283.215,6910.398,1100,56.927,4076.218,9576.713
55599,2015,133885,"Michael M. Morrissey, Ph.D.",60657,480.001,0,,3292.863,47.357,824.423,190.313,595.8,4007.5
55599,2016,133885,"Michael M. Morrissey, Ph.D.",60657,800,0,,41900.085,5866.125,841.154,189.523,1398.601,6748.139
55599,2017,133885,"Michael M. Morrissey, Ph.D.",60657,675.75,0,,28205.002,14030.287,891.781,193.478,1952.8,9439.583
55599,2018,133885,"Michael M. Morrissey, Ph.D.",60657,0,3011.703,,41257.546,2625.388,945.08,211.598,2912.552,7977.535
55599,2019,133885,"Michael M. Morrissey, Ph.D.",60657,0,9211.391,,28711.571,239.8,1005.201,356.971,0,2132.555
55599,2020,133885,"Michael M. Morrissey, Ph.D.",60657,128.159,9673.88,,4314.388,171.336,1058.216,1077.411,0,2349.812
55599,2021,133885,"Michael M. Morrissey, Ph.D.",60657,0,7098.198,,1069.2,0,1093.875,1272.66,0,7529.639
55599,2022,133885,"Michael M. Morrissey, Ph.D.",60657,0,10565.885,,1446.8,0,1144.25,1369.765,14567.256,16877.545
55599,2023,133885,"Michael M. Morrissey, Ph.D.",60657,0,18510.804,,2511.898,414.312,1192.001,1516.112,14259.313,16423.307
55599,2024,133885,"Michael M. Morrissey, Ph.D.",60657,0,32984.666,,10032.027,363.525,1252.636,1782.713,10012.388,12732.048
55683,2015,019998,"August James Troendle, M.D.",60762,0,0,,0,0,270.417,,0,383.954
55683,2016,019998,"August James Troendle, M.D.",60762,0,0,,0,653.5,410,10431.534,0,478.979
55683,2017,019998,"August James Troendle, M.D.",60762,0,0,,0,663,418.542,10366.926,0,598.083
55683,2018,019998,"August James Troendle, M.D.",60762,0,0,,0,1496.5,420.25,8364.827,0,528.29
55683,2019,019998,"August James Troendle, M.D.",60762,0,0,,8700.276,3053,503.583,8403.891,0,5385.078
55683,2020,019998,"August James Troendle, M.D.",60762,500,0,,30013.449,0,607.542,7163.845,1163.914,3459.872
55683,2021,019998,"August James Troendle, M.D.",60762,711,0,,65817.073,2930.889,696.667,6289.662,0,4542.193
55683,2022,019998,"August James Troendle, M.D.",60762,772.5,0,,0,0,770.25,7289.662,0,6088.499
55683,2023,019998,"August James Troendle, M.D.",60762,814.422,0,,8048.286,15621.553,814.275,5539.662,0,1646.031
55683,2024,019998,"August James Troendle, M.D.",60762,649.8,0,,121507.18,0,866.25,6018.034,0,8600.016
55878,2018,006730,Jeffrey N. Simmons,60990,0,8629.703,,0,9221.989,775.185,179.858,2530.654,5379.245
55878,2017,033955,Jeffrey N. Simmons,75166,0,8609.261,,0,0,688.118,,2400,3509.246
55878,2018,033955,Jeffrey N. Simmons,75166,0,8629.703,,0,0,775.185,59.301,2530.654,5379.245
55878,2019,033955,Jeffrey N. Simmons,75166,0,4013.269,,0,0,1000,245.849,13534.347,15801.769
55878,2020,033955,Jeffrey N. Simmons,75166,0,6736.083,,0,0,1025,478.426,6860.049,8958.821
55878,2021,033955,Jeffrey N. Simmons,75166,0,11588.32,,0,0,1046,697.266,9261.02,12060.016
55878,2022,033955,Jeffrey N. Simmons,75166,0,4880.033,,0,0,1125,855.367,7650.028,12713.631
55878,2023,033955,Jeffrey N. Simmons,75166,0,10036.088,,0,2067.345,1200,1017.737,8400.005,13663.169
55878,2024,033955,Jeffrey N. Simmons,75166,0,10555.5,,159.31,323.449,1200,1852.624,9000.028,14833.705
56955,2018,157855,Bret Steven Taylor,62243,0,15717.465,,2739.644,9215.252,900,1388.016,10000.292,21816.653
56955,2019,157855,Bret Steven Taylor,62243,87.44,9856.59,,5189.417,8680.589,900,1350.763,5000.164,11944.513
56955,2020,157855,Bret Steven Taylor,62243,1.5,17063.839,,17011.441,20581,1000,1182.75,6000.049,13919.121
56955,2021,157855,Bret Steven Taylor,62243,0.5,16149.407,,30710.826,12365.286,1067.778,1163.497,10500.476,22794.415
56955,2022,157855,Bret Steven Taylor,62243,0.5,0,,10994.137,0,1400,1136.403,14760.156,26792.798
57347,2017,126721,"Edwin Roks, B.Sc., M.Sc., Ph.D.",62711,0,0,,0,0,375.635,2.57,0,1096.227
57347,2018,126721,"Edwin Roks, B.Sc., M.Sc., Ph.D.",62711,0,932.133,,418.45,1322.511,402.697,4.097,322.413,2023.619
57347,2019,126721,"Edwin Roks, B.Sc., M.Sc., Ph.D.",62711,0,1443.453,,3433.88,3395.157,433.108,5.006,130.2,1818.001
57347,2020,126721,"Edwin Roks, B.Sc., M.Sc., Ph.D.",62711,0,,,,,389.426,6.325,,
57347,2021,126721,"Edwin Roks, B.Sc., M.Sc., Ph.D.",62711,0,610.772,,9574.404,984.387,449.837,7.465,121.241,2320.559
57347,2022,126721,"Edwin Roks, B.Sc., M.Sc., Ph.D.",62711,0,607.463,,8890.592,316.774,520.624,8.348,281.556,2252.446
57347,2023,126721,"Edwin Roks, B.Sc., M.Sc., Ph.D.",62711,0,870.712,,11195.752,417.653,549.971,8.672,295.002,1690.566
57347,2024,126721,"Edwin Roks, B.Sc., M.Sc., Ph.D.",62711,0,1914.518,,12395.186,384.267,900,9.308,983.312,4000.215
57347,2025,126721,"Edwin Roks, B.Sc., M.Sc., Ph.D.",62711,0,0,,13959.549,0,610.451,9.308,1015.546,3991.587
57613,2015,028139,Michael J. Clarke,63020,0,,,,,0,18.164,,
57613,2016,028139,Michael J. Clarke,63020,0,,,,,0,30.56,,
57613,2017,028139,Michael J. Clarke,63020,0,,,,,0,41.728,,
57613,2019,028139,Michael J. Clarke,63020,0,8030,,208.953,1222.5,925,60.432,0,10511.992
57614,2019,028139,Hartmut Liebel,63021,0,1927.2,,0,0,150,,1791,2241
57614,2020,028139,Hartmut Liebel,63021,0,0,,0,0,850.057,0,5910.25,8457.638
57615,2019,028195,Michael Dastoor,63022,0,1739.547,,0,0,625,186.338,1520.621,2860.147
57615,2020,028195,Michael Dastoor,63022,0,2897.628,,0,0,588.942,52.688,2129.183,2747.409
57615,2021,028195,Michael Dastoor,63022,0,7562.49,,0,0,630.817,218.735,3432.227,5215.834
57615,2022,028195,Michael Dastoor,63022,0,6171.705,,0,0,700,59.791,2056.286,4244.748
57615,2023,028195,Michael Dastoor,63022,0,4878.869,,0,0,716.923,2.43,1369.748,3868.355
57615,2024,028195,Michael Dastoor,63022,0,5861.779,,0,0,877.692,30.445,0,2729.897
57615,2025,028195,Michael Dastoor,63022,0,17873.466,,0,0,1176.849,33.407,11268.116,16092.334
57700,2015,171007,Frank Slootman,63117,0,13849.6,,216558.509,2499.875,450,76.419,11660.8,12302.933
57700,2016,171007,Frank Slootman,63117,0,11894.4,,145058.643,280.75,450,193.39,8012.8,9016.517
57700,2017,171007,Frank Slootman,63117,0,0,,70350.269,0,158.654,95.076,18019.753,18350.196
58054,2019,002403,"Christopher S. Boerner, Ph.D.",63520,0,4923.296,,0,0,891.259,21.033,3250.794,5741.651
58054,2020,002403,"Christopher S. Boerner, Ph.D.",63520,0,12822.88,,0,0,952.603,37.224,3210.894,5992.233
58054,2021,002403,"Christopher S. Boerner, Ph.D.",63520,0,18130.632,,0,0,1020.118,41.966,4095.864,6703.029
58054,2022,002403,"Christopher S. Boerner, Ph.D.",63520,0,23657.794,,0,0,1064.049,76.313,4256.197,6880.22
58054,2023,002403,"Christopher S. Boerner, Ph.D.",63520,0,7076.552,,0,0,1256.921,101.205,0,3135.655
58054,2024,002403,"Christopher S. Boerner, Ph.D.",63520,0,19110.46,,0,0,1536.538,125.439,13643.063,18787.618
59360,2015,151630,"Helen I. Torley, M.B. Ch. B., M.R.C.P.",65078,0,0,,895.561,1665.439,624,120.966,1733.75,4616.787
59360,2016,151630,"Helen I. Torley, M.B. Ch. B., M.R.C.P.",65078,0,0,,0,666.527,645,244.159,1799.998,4850.075
59360,2017,151630,"Helen I. Torley, M.B. Ch. B., M.R.C.P.",65078,0,0,,18543.507,4905.781,671,329.486,1900.011,5180.551
59360,2018,151630,"Helen I. Torley, M.B. Ch. B., M.R.C.P.",65078,0,0,,441.254,355.669,725,416.58,2115.64,5799.669
59360,2019,151630,"Helen I. Torley, M.B. Ch. B., M.R.C.P.",65078,0,0,,7402.645,837.068,761,490.522,2184.13,5857.126
59360,2020,151630,"Helen I. Torley, M.B. Ch. B., M.R.C.P.",65078,0,0,,50884.907,11329.535,791.44,537.16,2500.017,6518.875
59360,2021,151630,"Helen I. Torley, M.B. Ch. B., M.R.C.P.",65078,0,919.522,,39130.765,4817.895,830.221,587.177,4060.081,7453.294
59360,2022,151630,"Helen I. Torley, M.B. Ch. B., M.R.C.P.",65078,0,6125.598,,66732.771,9423.116,871.732,623.666,2062.529,6809.467
59360,2023,151630,"Helen I. Torley, M.B. Ch. B., M.R.C.P.",65078,0,4172.13,,28494.996,0,920,676.744,0,5620.847
59360,2024,151630,"Helen I. Torley, M.B. Ch. B., M.R.C.P.",65078,0,13822.636,,47529.02,1682.651,960,733.719,8840.06,12741.422
60254,2016,062921,"Kyle W. Gano, Ph.D.",66138,155.25,,,,,345,61.311,,
60254,2017,062921,"Kyle W. Gano, Ph.D.",66138,215.625,,,,,375,78.742,,
60254,2018,062921,"Kyle W. Gano, Ph.D.",66138,191.473,2338.678,,9741.219,1395.761,403.1,86.145,2656.575,4568.241
60254,2019,062921,"Kyle W. Gano, Ph.D.",66138,266.04,,,,,443.4,91.975,,
60254,2020,062921,"Kyle W. Gano, Ph.D.",66138,207.273,1397.397,,18235.311,793.41,487.7,104.984,2750.21,7211.733
60254,2021,062921,"Kyle W. Gano, Ph.D.",66138,271.425,,,,,517,111.173,,
60254,2022,062921,"Kyle W. Gano, Ph.D.",66138,332.428,4473.745,,0,0,550.605,128.332,1725.086,5421.657
60254,2023,062921,"Kyle W. Gano, Ph.D.",66138,331.602,1851.096,,27738.784,3708.145,602.912,135.392,1812.563,5990.215
60254,2024,062921,"Kyle W. Gano, Ph.D.",66138,536.906,4133.493,,29149.602,2700.744,698.217,140.107,3700.106,8535.422
60255,2015,062921,"Kevin C. Gorman, Ph.D.",66139,345,0,,39226.545,8707.732,575,228.077,824.75,5011.967
60255,2016,062921,"Kevin C. Gorman, Ph.D.",66139,337.44,2834.775,,26588.165,1713.445,592,314.703,2114.413,5289.658
60255,2017,062921,"Kevin C. Gorman, Ph.D.",66139,515.2,2773.843,,18241.304,10261.446,640,346.533,1426.92,7556.374
60255,2018,062921,"Kevin C. Gorman, Ph.D.",66139,425.25,3866.852,,43967.181,4532.141,675,417.597,2998.832,8632.979
60255,2019,062921,"Kevin C. Gorman, Ph.D.",66139,667,5820.584,,74995.862,8470.616,725,432.357,2000.071,9450.826
60255,2020,062921,"Kevin C. Gorman, Ph.D.",66139,542.5,2794.603,,67814.603,1960.232,775,452.972,5375.188,13880.632
60255,2021,062921,"Kevin C. Gorman, Ph.D.",66139,701.25,5650.945,,33450.33,176.214,825,462.844,6406.366,14081.412
60255,2022,062921,"Kevin C. Gorman, Ph.D.",66139,989,13215.081,,0,0,860,491.365,5125.079,11902.527
60255,2023,062921,"Kevin C. Gorman, Ph.D.",66139,1040.6,3501.654,,24293.825,7304.321,946,514.596,7021.386,15750.812
60255,2024,062921,"Kevin C. Gorman, Ph.D.",66139,1141.95,14501.897,,72969.357,4894.597,779.357,524.209,7000.139,16018.637
60423,2020,177287,Renee D. Gala,66327,25,0,,0,2307.4,484.616,0.147,1816.868,4123.4
60423,2021,177287,Renee D. Gala,66327,0,1235.78,,325.9,419.025,616.923,4.862,3577.891,4605.224
60423,2022,177287,Renee D. Gala,66327,0,5282.72,,1422.556,646.634,690.357,8.847,3895.415,5029.436
60423,2023,177287,Renee D. Gala,66327,0,0,,0,0,767.719,16.689,0,1356.991
60423,2024,177287,Renee D. Gala,66327,0,6574.732,,568.55,0,824.923,29.389,5079.392,6628.888
60463,2017,184725,Kurt Sievers,66370,0,,,,,593.786,,,
60463,2018,184725,Kurt Sievers,66370,0,,,,,671.498,,,
60463,2019,184725,Kurt Sievers,66370,0,51392.042,,2033.778,0,745.465,41.264,7564.222,8349.14
60463,2020,184725,Kurt Sievers,66370,0,66383.495,,3173.158,0,759.968,49.603,16063.333,16960.229
60463,2021,184725,Kurt Sievers,66370,0,37180.985,,0,0,1181.8,141.114,16314.944,20911.892
60463,2022,184725,Kurt Sievers,66370,0,47327.773,,0,0,1098.136,176.085,17119.017,20771.851
60463,2023,184725,Kurt Sievers,66370,0,79786.238,,0,0,1192.923,186.437,16852.54,20702.893
60463,2024,184725,Kurt Sievers,66370,0,36861.782,,0,0,1262.863,186.437,17950.484,20694.772
64480,2023,018699,Neil Barua,71043,0,0,,0,0,431.154,14.451,4710.34,6206.313
64480,2024,018699,Neil Barua,71043,0,6423.546,,0,0,800,39.69,13968.399,16399.903
64480,2025,018699,Neil Barua,71043,0,16089.741,,0,0,800,81.536,21720.456,24315.129
64496,2015,024302,Richard F. Pops,71063,0,0,,161370.988,21105.325,881.019,576.497,2849.2,12407.489
64496,2016,024302,Richard F. Pops,71063,0,0,,99614.7,9600.8,911.228,630.406,2258.9,9647.42
64496,2017,024302,Richard F. Pops,71063,0,3010.15,,95230.475,5520.775,964.204,666.352,1909.95,9380.493
64496,2018,024302,Richard F. Pops,71063,0,811.525,,30930.45,0,1002.316,716.433,4876.35,17055.802
64496,2019,024302,Richard F. Pops,71063,0,0,,5463,0,1037.4,759.094,10635.344,14637.147
64496,2020,024302,Richard F. Pops,71063,0,4345.449,,2268,0,1073.712,792.04,2551.714,8041.702
64496,2021,024302,Richard F. Pops,71063,0,7779.377,,3273.113,1968.766,1105.923,865.556,3101.695,8846.588
64496,2022,024302,Richard F. Pops,71063,0,7662.623,,1569.122,2978.127,1144.631,1052.881,4157.121,10314.172
64496,2023,024302,Richard F. Pops,71063,0,14488.741,,3820.407,3158.633,1178.97,1179.675,0,2610.234
64496,2024,024302,Richard F. Pops,71063,0,13055.257,,6434.778,1880.726,1214.339,1290.39,3640.82,10131.193
65036,2023,006994,James S. Cook,71694,0,652.301,,0,0,379.615,40.022,496.351,1321.514
65036,2024,006994,James S. Cook,71694,0,323.165,,0,0,417.077,37.346,460.581,1033.44
65931,2024,020779,Gary L. Steele,72754,291.781,0,,0,0,349.234,6.447,0,862.133
65931,2025,020779,Gary L. Steele,72754,5000,0,,0,0,792.308,7.243,20500.105,32833.555
66237,2015,030170,Michael M. McNamara,73135,481.055,28336.2,,387.334,0,1250,1963.114,9432.392,12744.103
66237,2016,030170,Michael M. McNamara,73135,0,36671.578,,0,0,1250,2398.258,10484.437,14793.605
66237,2017,030170,Michael M. McNamara,73135,0,34708.305,,0,0,1250,2527.526,11658.039,15188.944
66237,2018,030170,Michael M. McNamara,73135,529.066,20648.74,,0,0,937.5,2569.02,9396.082,12754.509
