costat,curcd,datafmt,indfmt,consol,sic,datadate,gvkey,conm,tic,fyear,at,ceq,dltt,lse,ni,revt,xrd,csho,prcc_f,sich,mkt_cap,industry,boardid,companyid,datestartrole,directorid,directorname,companyname,rolename,dateendrole,datestartroleflag,dateendroleflag,seniority,UG,top20_ug,MBA,top20_mba,PhD,top20_phd,MD,top20_md,Master's,top20_masters,dob,gender,diversitynetworklabel,execid,year,salary,bonus,tdc1,stock_awards_fv,cash_comp,pct_equity
A,USD,STD,INDL,C,3674,12/31/15,1161,ADVANCED MICRO DEVICES,AMD,2015,3109.0,-412.0,2032.0,3109.0,-660.0,3991.0,947.0,792.0,2.87,3674.0,2273.04,Semiconductors/Hardware,881.0,881.0,2014-10-08,542142.0,Doctor Lisa Su,ADVANCED MICRO DEVICES INC (AMD),President/CEO,2022-02-14,10.0,10.0,Executive Director,1.0,1.0,0.0,0.0,1.0,1.0,0.0,0.0,1.0,1.0,1969-11-07,F,,37809.0,2015.0,849.992,300.0,6559.194,3578.932,1149.992,0.545635942464882
I,USD,STD,INDL,C,7372,12/31/21,61676,CITRIX SYSTEMS INC,CTXS,2021,6975.517,547.257,3492.341,6975.517,307.499,3217.17,581.6,124.861,94.59,7372.0,11810.60199,Software,6959.0,6959.0,2021-10-01,52347.0,Bob Calderoni,CITRIX SYSTEMS INC (De-listed 09/2022),Chairman/Interim President/Interim CEO,2022-09-30,10.0,10.0,Executive Director,1.0,0.0,0.0,0.0,0.0,0.0,0.0,0.0,0.0,0.0,1959-06-15,M,,14304.0,2021.0,250.0,500.0,20348.319,19035.805,750.0,0.9354976693652188
A,USD,STD,INDL,C,2836,12/31/21,61655,NOVAVAX INC,NVAX,2021,2576.753,-351.673,362.574,2576.753,-1743.751,1146.29,2534.508,75.841,143.07,2836.0,10850.571869999998,Biotech,22589.0,22589.0,2018-03-14,507661.0,Stan Erck,NOVAVAX INC,President/CEO,2023-01-23,10.0,10.0,Executive Director,1.0,0.0,1.0,1.0,0.0,0.0,0.0,0.0,0.0,0.0,1948-04-01,M,,,,,,,,,
A,USD,STD,INDL,C,2836,12/31/25,61655,NOVAVAX INC,NVAX,2025,1176.512,-127.753,265.663,1176.512,440.302,1123.479,342.32,162.576,6.72,2836.0,1092.51072,Biotech,22589.0,22589.0,2025-06-20,2107029.0,John Jacobs,NOVAVAX INC,President/CEO,2027-01-01,10.0,40.0,Executive Director,1.0,0.0,1.0,0.0,0.0,0.0,0.0,0.0,0.0,0.0,1967-06-15,M,,,,,,,,,
A,USD,STD,INDL,C,3679,12/31/20,61562,ADVANCED ENERGY INDS INC,AEIS,2020,1647.662,814.739,400.539,1647.662,134.675,1415.826,143.961,38.293,96.97,3679.0,3713.27221,Semiconductors/Hardware,864.0,864.0,2020-10-29,544257.0,Yuval Wasserman,ADVANCED ENERGY INDUSTRIES INC,President/CEO,2021-03-01,10.0,10.0,Executive Director,1.0,0.0,0.0,0.0,0.0,0.0,0.0,0.0,0.0,0.0,1954-06-15,M,,32732.0,2020.0,800.0,0.0,5794.389,2931.784,800.0,0.5059694818556365
A,USD,STD,INDL,C,3679,12/31/21,61562,ADVANCED ENERGY INDS INC,AEIS,2021,1817.34,870.851,467.913,1817.34,134.736,1455.954,161.831,37.589,91.06,3829.0,3422.85434,Semiconductors/Hardware,864.0,864.0,2021-03-01,647302.0,Steve Kelley,ADVANCED ENERGY INDUSTRIES INC,President/CEO,2027-01-01,10.0,40.0,Executive Director,1.0,1.0,0.0,0.0,0.0,0.0,0.0,0.0,0.0,0.0,1962-06-15,M,,36206.0,2021.0,656.571,203.299,6506.02,5147.212,859.87,0.7911460462771402
A,USD,STD,INDL,C,3679,12/31/22,61562,ADVANCED ENERGY INDS INC,AEIS,2022,1992.168,1066.267,447.722,1992.168,199.66,1845.422,191.02,37.429,85.78,3829.0,3210.6596200000004,Semiconductors/Hardware,864.0,864.0,2021-03-01,647302.0,Steve Kelley,ADVANCED ENERGY INDUSTRIES INC,President/CEO,2027-01-01,10.0,40.0,Executive Director,1.0,1.0,0.0,0.0,0.0,0.0,0.0,0.0,0.0,0.0,1962-06-15,M,,36206.0,2022.0,897.917,0.0,7484.931,4567.414,897.917,0.6102145764603575
A,USD,STD,INDL,C,3679,12/31/23,61562,ADVANCED ENERGY INDS INC,AEIS,2023,2556.757,1144.182,985.009,2556.757,128.284,1655.81,202.439,37.318,108.92,3679.0,4064.67656,Semiconductors/Hardware,864.0,864.0,2021-03-01,647302.0,Steve Kelley,ADVANCED ENERGY INDUSTRIES INC,President/CEO,2027-01-01,10.0,40.0,Executive Director,1.0,1.0,0.0,0.0,0.0,0.0,0.0,0.0,0.0,0.0,1962-06-15,M,,36206.0,2023.0,947.917,0.0,5225.726,3070.396,947.917,0.5875539590097147
A,USD,STD,INDL,C,3679,12/31/24,61562,ADVANCED ENERGY INDS INC,AEIS,2024,2261.894,1203.171,653.873,2261.894,54.214,1482.042,211.834,37.711,115.63,3679.0,4360.52293,Semiconductors/Hardware,864.0,864.0,2021-03-01,647302.0,Steve Kelley,ADVANCED ENERGY INDUSTRIES INC,President/CEO,2027-01-01,10.0,40.0,Executive Director,1.0,1.0,0.0,0.0,0.0,0.0,0.0,0.0,0.0,0.0,1962-06-15,M,,36206.0,2024.0,949.999,0.0,8761.961,6693.832,949.999,0.7639650530286543
A,USD,STD,INDL,C,3679,12/31/25,61562,ADVANCED ENERGY INDS INC,AEIS,2025,2545.8,1362.8,95.7,2545.8,148.4,1798.8,232.4,37.8,209.37,3679.0,7914.186,Semiconductors/Hardware,864.0,864.0,2021-03-01,647302.0,Steve Kelley,ADVANCED ENERGY INDUSTRIES INC,President/CEO,2027-01-01,10.0,40.0,Executive Director,1.0,1.0,0.0,0.0,0.0,0.0,0.0,0.0,0.0,0.0,1962-06-15,M,,36206.0,,,,,,,
I,USD,STD,INDL,C,7372,12/31/15,61676,CITRIX SYSTEMS INC,CTXS,2015,5481.438,1973.446,1324.992,5481.438,319.361,3275.594,563.975,153.817,75.65,7372.0,11636.256050000002,Software,6959.0,6959.0,2015-10-20,52347.0,Bob Calderoni,CITRIX SYSTEMS INC (De-listed 09/2022),Chairman/Interim President/CEO,2016-01-25,10.0,10.0,Executive Director,1.0,0.0,0.0,0.0,0.0,0.0,0.0,0.0,0.0,0.0,1959-06-15,M,,14304.0,2015.0,430.556,0.0,19894.514,18517.329,430.556,0.9307756399578297
I,USD,STD,INDL,C,7372,12/31/16,61676,CITRIX SYSTEMS INC,CTXS,2016,6390.227,2608.727,0.0,6390.227,536.112,3418.265,489.265,156.299,89.31,7372.0,13959.06369,Software,6959.0,6959.0,2016-01-25,272180.0,Kirill Tatarinov,CITRIX SYSTEMS INC (De-listed 09/2022),President/CEO,2017-07-07,10.0,10.0,Executive Director,,,,,,,,,,,,,,23462.0,2016.0,937.5,0.0,22273.969,18774.012,937.5,0.8428678337479951
I,USD,STD,INDL,C,7372,12/31/17,61676,CITRIX SYSTEMS INC,CTXS,2017,5820.176,992.461,2127.474,5820.176,-20.719,2824.686,415.801,143.707,88.0,7372.0,12646.216,Software,6959.0,6959.0,2017-07-10,205153.0,David Henshall,CITRIX SYSTEMS INC (De-listed 09/2022),President/CEO,2021-10-01,10.0,10.0,Executive Director,1.0,0.0,1.0,0.0,0.0,0.0,0.0,0.0,0.0,0.0,1969-06-15,M,,26385.0,2017.0,860.834,0.0,9612.475,7928.371,860.834,0.8248001685309975
I,USD,STD,INDL,C,7372,12/31/18,61676,CITRIX SYSTEMS INC,CTXS,2018,5136.049,551.519,741.825,5136.049,575.667,2973.903,439.984,131.434,102.46,7372.0,13466.72764,Software,6959.0,6959.0,2017-07-10,205153.0,David Henshall,CITRIX SYSTEMS INC (De-listed 09/2022),President/CEO,2021-10-01,10.0,10.0,Executive Director,1.0,0.0,1.0,0.0,0.0,0.0,0.0,0.0,0.0,0.0,1969-06-15,M,,26385.0,2018.0,1000.0,0.0,19258.103,15648.05,1000.0,0.8125436861564195
I,USD,STD,INDL,C,7372,12/31/19,61676,CITRIX SYSTEMS INC,CTXS,2019,4388.926,837.656,952.308,4388.926,681.813,3010.564,518.877,130.067,110.9,7372.0,14424.430300000002,Software,6959.0,6959.0,2017-07-10,205153.0,David Henshall,CITRIX SYSTEMS INC (De-listed 09/2022),President/CEO,2021-10-01,10.0,10.0,Executive Director,1.0,0.0,1.0,0.0,0.0,0.0,0.0,0.0,0.0,0.0,1969-06-15,M,,26385.0,2019.0,1000.0,0.0,14513.856,11482.59,1000.0,0.7911467496990462
I,USD,STD,INDL,C,7372,12/31/20,61676,CITRIX SYSTEMS INC,CTXS,2020,4890.347,112.143,1928.389,4890.347,504.446,3236.7,538.08,122.521,130.1,7372.0,15939.9821,Software,6959.0,6959.0,2017-07-10,205153.0,David Henshall,CITRIX SYSTEMS INC (De-listed 09/2022),President/CEO,2021-10-01,10.0,10.0,Executive Director,1.0,0.0,1.0,0.0,0.0,0.0,0.0,0.0,0.0,0.0,1969-06-15,M,,26385.0,2020.0,1000.0,0.0,22596.498,18685.309,1000.0,0.8269117187981961
I,USD,STD,INDL,C,7372,9/30/15,61685,NUANCE COMMUNICATIONS INC,NUAN,2015,5585.345,2265.252,2118.821,5585.345,-115.01,1931.136,310.332,309.781,16.37,7372.0,5071.1149700000005,Software,27190.0,27190.0,2000-08-21,275794.0,Paul Ricci,NUANCE COMMUNICATIONS INC (Scansoft Inc prior to 10/2005) (De-listed 03/2022),Chairman/CEO,2018-02-28,10.0,10.0,Executive Director,1.0,1.0,0.0,0.0,0.0,0.0,0.0,0.0,1.0,1.0,1956-06-15,M,,,,,,,,,
I,USD,STD,INDL,C,8731,6/30/15,61600,PAREXEL INTERNATIONAL CORP,PRXL,2015,1865.021,665.286,345.374,1865.021,147.821,2330.274,24.0,55.237,64.31,8731.0,3552.29147,Biotech,23799.0,23799.0,2012-07-01,324013.0,Josef Von Rickenbach,PAREXEL INTERNATIONAL CORP (De-listed 09/2017),Chairman/CEO,2017-09-29,10.0,10.0,Executive Director,1.0,0.0,1.0,1.0,0.0,0.0,0.0,0.0,0.0,0.0,1954-06-15,M,,14287.0,2015.0,933.6,400.435,5356.544,2079.46,1334.035,0.38820926328617855
I,USD,STD,INDL,C,7372,9/30/16,61685,NUANCE COMMUNICATIONS INC,NUAN,2016,5661.47,1931.33,2433.152,5661.47,-12.458,1948.903,271.13,287.633,14.5,7372.0,4170.6785,Software,27190.0,27190.0,2000-08-21,275794.0,Paul Ricci,NUANCE COMMUNICATIONS INC (Scansoft Inc prior to 10/2005) (De-listed 03/2022),Chairman/CEO,2018-02-28,10.0,10.0,Executive Director,1.0,1.0,0.0,0.0,0.0,0.0,0.0,0.0,1.0,1.0,1956-06-15,M,,,,,,,,,
I,USD,STD,INDL,C,7372,9/30/17,61685,NUANCE COMMUNICATIONS INC,NUAN,2017,5931.923,1931.382,2241.283,5931.923,-150.996,1939.362,266.097,290.187,15.72,7372.0,4561.739640000001,Software,27190.0,27190.0,2000-08-21,275794.0,Paul Ricci,NUANCE COMMUNICATIONS INC (Scansoft Inc prior to 10/2005) (De-listed 03/2022),Chairman/CEO,2018-02-28,10.0,10.0,Executive Director,1.0,1.0,0.0,0.0,0.0,0.0,0.0,0.0,1.0,1.0,1956-06-15,M,,,,,,,,,
I,USD,STD,INDL,C,7372,9/30/18,61685,NUANCE COMMUNICATIONS INC,NUAN,2018,5302.379,1717.496,2185.361,5302.379,-159.928,2051.661,305.323,287.753,17.32,7372.0,4983.88196,Software,27190.0,27190.0,2018-04-23,745229.0,Mark Benjamin,NUANCE COMMUNICATIONS INC (Scansoft Inc prior to 10/2005) (De-listed 03/2022),CEO,2022-03-04,10.0,10.0,Executive Director,1.0,0.0,0.0,0.0,0.0,0.0,0.0,0.0,0.0,0.0,1970-06-15,M,,48198.0,,,,,,,
I,USD,STD,INDL,C,7372,9/30/19,61685,NUANCE COMMUNICATIONS INC,NUAN,2019,5365.793,2155.006,793.536,5365.793,213.81,1823.092,275.886,285.93,16.31,7372.0,4663.5183,Software,27190.0,27190.0,2018-04-23,745229.0,Mark Benjamin,NUANCE COMMUNICATIONS INC (Scansoft Inc prior to 10/2005) (De-listed 03/2022),CEO,2022-03-04,10.0,10.0,Executive Director,1.0,0.0,0.0,0.0,0.0,0.0,0.0,0.0,0.0,0.0,1970-06-15,M,,48198.0,,,,,,,
I,USD,STD,INDL,C,7372,9/30/20,61685,NUANCE COMMUNICATIONS INC,NUAN,2020,3593.332,1143.933,1212.085,3593.332,21.396,1478.899,226.234,282.952,33.19,7372.0,9391.17688,Software,27190.0,27190.0,2018-04-23,745229.0,Mark Benjamin,NUANCE COMMUNICATIONS INC (Scansoft Inc prior to 10/2005) (De-listed 03/2022),CEO,2022-03-04,10.0,10.0,Executive Director,1.0,0.0,0.0,0.0,0.0,0.0,0.0,0.0,0.0,0.0,1970-06-15,M,,48198.0,,,,,,,
I,USD,STD,INDL,C,7372,9/30/21,61685,NUANCE COMMUNICATIONS INC,NUAN,2021,3386.653,1634.934,580.215,3386.653,-26.726,1362.379,249.2,315.651,55.04,7372.0,17373.43104,Software,27190.0,27190.0,2018-04-23,745229.0,Mark Benjamin,NUANCE COMMUNICATIONS INC (Scansoft Inc prior to 10/2005) (De-listed 03/2022),CEO,2022-03-04,10.0,10.0,Executive Director,1.0,0.0,0.0,0.0,0.0,0.0,0.0,0.0,0.0,0.0,1970-06-15,M,,48198.0,,,,,,,
A,USD,STD,INDL,C,2836,12/31/20,62921,NEUROCRINE BIOSCIENCES INC,NBIX,2020,1734.7,1126.2,412.3,1734.7,407.3,1045.9,439.5,93.5,95.85,2836.0,8961.975,Biotech,21929.0,21929.0,2017-11-20,206587.0,Doctor Kevin Gorman,NEUROCRINE BIOSCIENCES INC,President/CEO,2024-10-11,10.0,10.0,Executive Director,0.0,0.0,1.0,1.0,1.0,1.0,0.0,0.0,0.0,0.0,1957-06-15,M,,60255.0,2020.0,775.0,542.5,13880.632,5375.188,1317.5,0.38724375086091184
A,USD,STD,INDL,C,2836,12/31/21,62921,NEUROCRINE BIOSCIENCES INC,NBIX,2021,2072.5,1374.0,440.4,2072.5,89.6,1133.5,433.4,94.9,85.17,2836.0,8082.633000000001,Biotech,21929.0,21929.0,2017-11-20,206587.0,Doctor Kevin Gorman,NEUROCRINE BIOSCIENCES INC,President/CEO,2024-10-11,10.0,10.0,Executive Director,0.0,0.0,1.0,1.0,1.0,1.0,0.0,0.0,0.0,0.0,1957-06-15,M,,60255.0,2021.0,825.0,701.25,14081.412,6406.366,1526.25,0.4549519607834782
A,USD,STD,INDL,C,2836,12/31/22,62921,NEUROCRINE BIOSCIENCES INC,NBIX,2022,2368.7,1707.8,93.5,2368.7,154.5,1488.7,463.8,96.5,119.44,2836.0,11525.96,Biotech,21929.0,21929.0,2017-11-20,206587.0,Doctor Kevin Gorman,NEUROCRINE BIOSCIENCES INC,President/CEO,2024-10-11,10.0,10.0,Executive Director,0.0,0.0,1.0,1.0,1.0,1.0,0.0,0.0,0.0,0.0,1957-06-15,M,,60255.0,2022.0,860.0,989.0,11902.527,5125.079,1849.0,0.4305874710471146
A,USD,STD,INDL,C,2836,12/31/23,62921,NEUROCRINE BIOSCIENCES INC,NBIX,2023,3251.4,2232.0,258.3,3251.4,249.7,1887.1,708.9,98.7,131.76,2836.0,13004.712,Biotech,21929.0,21929.0,2017-11-20,206587.0,Doctor Kevin Gorman,NEUROCRINE BIOSCIENCES INC,President/CEO,2024-10-11,10.0,10.0,Executive Director,0.0,0.0,1.0,1.0,1.0,1.0,0.0,0.0,0.0,0.0,1957-06-15,M,,60255.0,2023.0,946.0,1040.6,15750.812,7021.386,1986.6,0.4457793033146482
A,USD,STD,INDL,C,2836,12/31/24,62921,NEUROCRINE BIOSCIENCES INC,NBIX,2024,3718.7,2589.7,455.1,3718.7,341.3,2355.3,743.6,99.4,136.5,2836.0,13568.1,Biotech,21929.0,21929.0,2024-10-11,1313292.0,Doctor Kyle Gano,NEUROCRINE BIOSCIENCES INC,President/CEO,2027-01-01,10.0,40.0,Executive Director,1.0,0.0,1.0,1.0,1.0,1.0,0.0,0.0,0.0,0.0,1972-06-15,M,,60254.0,2024.0,698.217,536.906,8535.422,3700.106,1235.123,0.4335000659604177
A,USD,STD,INDL,C,2836,12/31/25,62921,NEUROCRINE BIOSCIENCES INC,NBIX,2025,4631.5,3253.1,415.3,4631.5,478.6,2860.5,1033.1,100.1,141.83,2836.0,14197.183,Biotech,21929.0,21929.0,2024-10-11,1313292.0,Doctor Kyle Gano,NEUROCRINE BIOSCIENCES INC,President/CEO,2027-01-01,10.0,40.0,Executive Director,1.0,0.0,1.0,1.0,1.0,1.0,0.0,0.0,0.0,0.0,1972-06-15,M,,60254.0,,,,,,,
I,USD,STD,INDL,C,7372,12/31/17,63080,ANSYS INC,ANSS,2017,2941.623,2245.831,0.0,2941.623,259.251,1095.25,202.746,84.192,147.59,7372.0,12425.89728,Software,2257.0,2257.0,2017-01-01,545851.0,Doctor Ajei Gopal,ANSYS INC (De-listed 07/2025),President/CEO,2025-07-17,10.0,10.0,Executive Director,1.0,0.0,0.0,0.0,1.0,1.0,0.0,0.0,1.0,1.0,1961-06-15,M,,41809.0,2017.0,750.0,205.537,10299.056,8339.153,955.537,0.8097007143178947
I,USD,STD,INDL,C,7372,12/31/18,63080,ANSYS INC,ANSS,2018,3265.964,2649.547,0.0,3265.964,419.375,1293.636,233.802,83.634,142.94,7372.0,11954.64396,Software,2257.0,2257.0,2017-01-01,545851.0,Doctor Ajei Gopal,ANSYS INC (De-listed 07/2025),President/CEO,2025-07-17,10.0,10.0,Executive Director,1.0,0.0,0.0,0.0,1.0,1.0,0.0,0.0,1.0,1.0,1961-06-15,M,,41809.0,2018.0,768.75,210.0,10164.184,8214.921,978.75,0.808222381649132
I,USD,STD,INDL,C,8731,6/30/16,61600,PAREXEL INTERNATIONAL CORP,PRXL,2016,2036.2,633.4,484.8,2036.2,154.9,2426.3,19.2,52.9,62.88,8731.0,3326.352,Biotech,23799.0,23799.0,2012-07-01,324013.0,Josef Von Rickenbach,PAREXEL INTERNATIONAL CORP (De-listed 09/2017),Chairman/CEO,2017-09-29,10.0,10.0,Executive Director,1.0,0.0,1.0,1.0,0.0,0.0,0.0,0.0,0.0,0.0,1954-06-15,M,,14287.0,2016.0,966.874,679.4,5765.573,1984.292,1646.274,0.3441621500586325
A,USD,STD,INDL,C,3572,4/30/25,61591,NETAPP INC,NTAP,2024,10823.0,1040.0,2701.0,10823.0,1186.0,6572.0,1012.0,201.0,89.75,3572.0,18039.75,Semiconductors/Hardware,21903.0,21903.0,2020-07-01,1448606.0,George Kurian,NETAPP INC (Network Appliance Inc prior to 03/2008),CEO,2027-01-01,10.0,40.0,Executive Director,1.0,1.0,1.0,1.0,0.0,0.0,0.0,0.0,0.0,0.0,1966-06-15,M,,46535.0,2024.0,1000.0,0.0,17243.342,14568.454,1000.0,0.8448741549057021
I,USD,STD,INDL,C,7372,12/31/20,63080,ANSYS INC,ANSS,2020,5940.59,4097.872,919.058,5940.59,433.887,1681.297,355.371,86.572,363.8,7372.0,31494.893600000003,Software,2257.0,2257.0,2017-01-01,545851.0,Doctor Ajei Gopal,ANSYS INC (De-listed 07/2025),President/CEO,2025-07-17,10.0,10.0,Executive Director,1.0,0.0,0.0,0.0,1.0,1.0,0.0,0.0,1.0,1.0,1961-06-15,M,,41809.0,2020.0,818.75,247.5,14089.533,12276.512,1066.25,0.871321427048008
A,USD,STD,INDL,C,7372,12/31/25,60849,FIGMA INC,FIG,2025,2348.207,1510.641,55.845,2348.207,-1250.463,1055.788,1029.7,513.043,37.37,7372.0,19172.41691,Software,2159823.0,2159823.0,2009-10-23,731568.0,Barry Allan,CI FIRST ASSET INVESTMENT GRADE BOND ETF (First Asset Investment Grade Bond ETF prior to 04/2019),President/CEO/Chief Investment Officer,2027-01-01,10.0,40.0,Executive Director,1.0,0.0,1.0,0.0,0.0,0.0,0.0,0.0,0.0,0.0,1900-01-01,M,,,,,,,,,
I,USD,STD,INDL,C,7371,12/31/22,39482,THOUGHTWORKS HOLDG INC,TWKS,2022,1461.85,778.222,421.741,1461.85,-105.393,1296.238,,315.682,10.19,7371.0,3216.79958,Software,3449260.0,3449260.0,2021-09-15,1975125.0,Guo Xiao,THOUGHTWORKS HOLDING INC (De-listed 11/2024),President/CEO,2024-06-17,10.0,10.0,Executive Director,1.0,0.0,0.0,0.0,0.0,0.0,0.0,0.0,1.0,1.0,1974-06-15,M,,,,,,,,,
I,USD,STD,INDL,C,7371,12/31/23,39482,THOUGHTWORKS HOLDG INC,TWKS,2023,1327.236,773.13,315.826,1327.236,-68.661,1126.816,,322.407,4.81,7371.0,1550.7776699999995,Software,3449260.0,3449260.0,2021-09-15,1975125.0,Guo Xiao,THOUGHTWORKS HOLDING INC (De-listed 11/2024),President/CEO,2024-06-17,10.0,10.0,Executive Director,1.0,0.0,0.0,0.0,0.0,0.0,0.0,0.0,1.0,1.0,1974-06-15,M,,,,,,,,,
A,USD,STD,INDL,C,3674,12/31/21,39822,GLOBALFOUNDRIES INC,GFS,2021,15027.602,7975.526,2006.38,15027.602,-250.313,6585.079,478.161,531.846,64.97,3674.0,34554.03462,Semiconductors/Hardware,3469267.0,3469267.0,2021-10-28,453077.0,Doctor Tom Caulfield,GLOBALFOUNDRIES INC,President/CEO,2025-04-28,10.0,10.0,Executive Director,1.0,1.0,0.0,0.0,1.0,1.0,0.0,0.0,1.0,1.0,1959-06-15,M,,31092.0,,,,,,,
A,USD,STD,INDL,C,3674,12/31/22,39822,GLOBALFOUNDRIES INC,GFS,2022,17841.0,9913.0,2558.0,17841.0,1448.0,8108.0,482.0,547.755,53.89,3674.0,29518.51695,Semiconductors/Hardware,3469267.0,3469267.0,2021-10-28,453077.0,Doctor Tom Caulfield,GLOBALFOUNDRIES INC,President/CEO,2025-04-28,10.0,10.0,Executive Director,1.0,1.0,0.0,0.0,1.0,1.0,0.0,0.0,1.0,1.0,1959-06-15,M,,31092.0,,,,,,,
A,USD,STD,INDL,C,3674,12/31/23,39822,GLOBALFOUNDRIES INC,GFS,2023,18044.0,11104.0,2151.0,18044.0,1020.0,7392.0,428.0,553.548,60.6,3674.0,33545.0088,Semiconductors/Hardware,3469267.0,3469267.0,2021-10-28,453077.0,Doctor Tom Caulfield,GLOBALFOUNDRIES INC,President/CEO,2025-04-28,10.0,10.0,Executive Director,1.0,1.0,0.0,0.0,1.0,1.0,0.0,0.0,1.0,1.0,1959-06-15,M,,31092.0,,,,,,,
A,USD,STD,INDL,C,3674,12/31/24,39822,GLOBALFOUNDRIES INC,GFS,2024,16799.0,10776.0,1477.0,16799.0,-265.0,6750.0,496.0,552.913,42.91,3674.0,23725.49683,Semiconductors/Hardware,3469267.0,3469267.0,2021-10-28,453077.0,Doctor Tom Caulfield,GLOBALFOUNDRIES INC,President/CEO,2025-04-28,10.0,10.0,Executive Director,1.0,1.0,0.0,0.0,1.0,1.0,0.0,0.0,1.0,1.0,1959-06-15,M,,31092.0,,,,,,,
A,USD,STD,INDL,C,3674,12/31/25,39822,GLOBALFOUNDRIES INC,GFS,2025,17141.0,11928.0,1552.0,17141.0,885.0,6791.0,518.0,555.888,34.92,3674.0,19411.60896,Semiconductors/Hardware,3469267.0,3469267.0,2025-04-28,1398426.0,Tim Breen,GLOBALFOUNDRIES INC,CEO,2027-01-01,10.0,40.0,Executive Director,0.0,0.0,1.0,0.0,0.0,0.0,0.0,0.0,0.0,0.0,1977-06-15,M,,,,,,,,,
A,USD,STD,INDL,C,3572,6/30/25,51008,SANDISK CORP,SNDK,2025,12985.0,9216.0,2022.0,12985.0,-1641.0,7355.0,1132.0,146.0,45.35,3572.0,6621.1,Semiconductors/Hardware,3929783.0,3929783.0,2025-02-24,1621914.0,David Goeckeler,SANDISK CORP,Chairman/CEO,2027-01-01,10.0,40.0,Executive Director,1.0,0.0,1.0,1.0,0.0,0.0,0.0,0.0,1.0,0.0,1962-06-15,M,,,,,,,,,
A,USD,STD,INDL,C,7372,12/31/25,51461,CIRCLE INTERNET GROUP INC,CRCL,2025,78713.207,3329.327,11.978,78713.207,-69.508,2746.642,,242.259,79.3,7372.0,19211.1387,Software,3973318.0,3973318.0,2025-06-05,1201064.0,Jeremy Allaire,CIRCLE INTERNET GROUP INC,Chairman/CEO,2027-01-01,10.0,40.0,Executive Director,1.0,0.0,0.0,0.0,0.0,0.0,0.0,0.0,0.0,0.0,1971-05-13,M,,,,,,,,,
A,USD,STD,INDL,C,8731,12/31/23,43026,FORTREA HOLDINGS INC,FTRE,2023,4357.2,1738.8,1632.4,4357.2,-3.4,3114.5,,88.8,34.9,8731.0,3099.12,Biotech,3659640.0,3659640.0,2023-06-30,1010281.0,Tom Pike,FORTREA HOLDINGS INC,Chairman/President/CEO,2025-05-13,10.0,10.0,Executive Director,1.0,0.0,0.0,0.0,0.0,0.0,0.0,0.0,0.0,0.0,1959-06-15,M,,51778.0,2023.0,1078.846,0.0,16320.393,4128.946,1078.846,0.2529930498609929
A,USD,STD,INDL,C,8731,12/31/24,43026,FORTREA HOLDINGS INC,FTRE,2024,3579.2,1362.4,1110.3,3579.2,-328.5,2700.2,,89.7,18.65,8731.0,1672.905,Biotech,3659640.0,3659640.0,2023-06-30,1010281.0,Tom Pike,FORTREA HOLDINGS INC,Chairman/President/CEO,2025-05-13,10.0,10.0,Executive Director,1.0,0.0,0.0,0.0,0.0,0.0,0.0,0.0,0.0,0.0,1959-06-15,M,,51778.0,2024.0,1108.461,0.0,1119.906,0.0,1108.461,0.0
A,USD,STD,INDL,C,8731,12/31/25,43026,FORTREA HOLDINGS INC,FTRE,2025,2715.7,563.5,1102.0,2715.7,-986.2,2723.4,,93.1,17.25,8731.0,1605.975,Biotech,3659640.0,3659640.0,2025-08-04,1908442.0,Anshul Thakral,FORTREA HOLDINGS INC,President/CEO,2027-01-01,10.0,40.0,Executive Director,1.0,1.0,1.0,1.0,0.0,0.0,0.0,0.0,1.0,1.0,1977-06-15,M,,,,,,,,,
A,USD,STD,INDL,C,3674,3/31/24,43285,ARM HOLDINGS PLC,ARM,2023,7927.0,5295.0,194.0,7927.0,306.0,3233.0,1979.0,1040.33,124.99,3674.0,130030.84669999998,Semiconductors/Hardware,3684000.0,3684000.0,2023-09-14,1618087.0,Rene Haas,ARM HOLDINGS PLC,CEO,2027-01-01,10.0,40.0,Executive Director,1.0,0.0,0.0,0.0,0.0,0.0,0.0,0.0,0.0,0.0,1962-07-23,M,,,,,,,,,
A,USD,STD,INDL,C,3674,3/31/25,43285,ARM HOLDINGS PLC,ARM,2024,8932.0,6839.0,316.0,8932.0,792.0,4007.0,2071.0,1056.514,106.79,3674.0,112825.13006,Semiconductors/Hardware,3684000.0,3684000.0,2023-09-14,1618087.0,Rene Haas,ARM HOLDINGS PLC,CEO,2027-01-01,10.0,40.0,Executive Director,1.0,0.0,0.0,0.0,0.0,0.0,0.0,0.0,0.0,0.0,1962-07-23,M,,,,,,,,,
A,USD,STD,INDL,C,3572,4/30/24,61591,NETAPP INC,NTAP,2023,9887.0,1146.0,2212.0,9887.0,986.0,6268.0,1029.0,206.0,102.21,3572.0,21055.26,Semiconductors/Hardware,21903.0,21903.0,2020-07-01,1448606.0,George Kurian,NETAPP INC (Network Appliance Inc prior to 03/2008),CEO,2027-01-01,10.0,40.0,Executive Director,1.0,1.0,1.0,1.0,0.0,0.0,0.0,0.0,0.0,0.0,1966-06-15,M,,46535.0,2023.0,1000.0,0.0,14315.794,10957.609,1000.0,0.7654209749036623
A,USD,STD,INDL,C,3572,4/30/16,61591,NETAPP INC,NTAP,2015,10037.0,2881.0,1490.0,10037.0,229.0,5546.0,861.0,281.0,23.64,3572.0,6642.84,Semiconductors/Hardware,21903.0,21903.0,2015-06-01,1448606.0,George Kurian,NETAPP INC (Network Appliance Inc prior to 03/2008),CEO,2016-05-20,10.0,10.0,Executive Director,1.0,1.0,1.0,1.0,0.0,0.0,0.0,0.0,0.0,0.0,1966-06-15,M,,46535.0,2015.0,786.538,44.99,9514.322,8196.615,831.528,0.861502795469819
A,USD,STD,INDL,C,3572,4/30/17,61591,NETAPP INC,NTAP,2016,9493.0,2780.0,744.0,9493.0,509.0,5519.0,779.0,269.0,39.85,3572.0,10719.65,Semiconductors/Hardware,21903.0,21903.0,2016-05-20,1448606.0,George Kurian,NETAPP INC (Network Appliance Inc prior to 03/2008),President/CEO,2020-07-01,10.0,10.0,Executive Director,1.0,1.0,1.0,1.0,0.0,0.0,0.0,0.0,0.0,0.0,1966-06-15,M,,46535.0,2016.0,875.0,0.0,9005.241,6179.678,875.0,0.6862312735439284
A,USD,STD,INDL,C,3572,4/30/18,61591,NETAPP INC,NTAP,2017,9865.0,2067.0,1541.0,9865.0,76.0,5911.0,783.0,263.0,66.58,3572.0,17510.54,Semiconductors/Hardware,21903.0,21903.0,2016-05-20,1448606.0,George Kurian,NETAPP INC (Network Appliance Inc prior to 03/2008),President/CEO,2020-07-01,10.0,10.0,Executive Director,1.0,1.0,1.0,1.0,0.0,0.0,0.0,0.0,0.0,0.0,1966-06-15,M,,46535.0,2017.0,925.0,0.0,12859.367,9611.646,925.0,0.7474431673036472
A,USD,STD,INDL,C,3572,4/30/19,61591,NETAPP INC,NTAP,2018,8741.0,1090.0,1144.0,8741.0,1169.0,6146.0,827.0,240.0,72.85,3572.0,17484.0,Semiconductors/Hardware,21903.0,21903.0,2016-05-20,1448606.0,George Kurian,NETAPP INC (Network Appliance Inc prior to 03/2008),President/CEO,2020-07-01,10.0,10.0,Executive Director,1.0,1.0,1.0,1.0,0.0,0.0,0.0,0.0,0.0,0.0,1966-06-15,M,,46535.0,2018.0,925.0,0.0,13164.969,10065.244,925.0,0.7645474896294857
A,USD,STD,INDL,C,3572,4/30/20,61591,NETAPP INC,NTAP,2019,7522.0,242.0,1239.0,7522.0,819.0,5412.0,847.0,219.0,43.77,3572.0,9585.63,Semiconductors/Hardware,21903.0,21903.0,2016-05-20,1448606.0,George Kurian,NETAPP INC (Network Appliance Inc prior to 03/2008),President/CEO,2020-07-01,10.0,10.0,Executive Director,1.0,1.0,1.0,1.0,0.0,0.0,0.0,0.0,0.0,0.0,1966-06-15,M,,46535.0,2019.0,950.0,0.0,9491.209,8531.207,950.0,0.8988535601734194
A,USD,STD,INDL,C,3572,4/30/21,61591,NETAPP INC,NTAP,2020,9360.0,685.0,2703.0,9360.0,730.0,5744.0,881.0,222.0,74.69,3572.0,16581.18,Semiconductors/Hardware,21903.0,21903.0,2020-07-01,1448606.0,George Kurian,NETAPP INC (Network Appliance Inc prior to 03/2008),CEO,2027-01-01,10.0,40.0,Executive Director,1.0,1.0,1.0,1.0,0.0,0.0,0.0,0.0,0.0,0.0,1966-06-15,M,,46535.0,2020.0,968.269,0.0,22989.412,19410.08,968.269,0.8443051958005712
A,USD,STD,INDL,C,3572,4/30/22,61591,NETAPP INC,NTAP,2021,10026.0,838.0,2643.0,10026.0,937.0,6318.0,881.0,220.0,73.25,3572.0,16115.0,Semiconductors/Hardware,21903.0,21903.0,2020-07-01,1448606.0,George Kurian,NETAPP INC (Network Appliance Inc prior to 03/2008),CEO,2027-01-01,10.0,40.0,Executive Director,1.0,1.0,1.0,1.0,0.0,0.0,0.0,0.0,0.0,0.0,1966-06-15,M,,46535.0,2021.0,991.346,0.0,18883.551,15745.686,991.346,0.8338307768491212
I,USD,STD,INDL,C,2836,12/31/15,62263,ALEXION PHARMACEUTICALS INC,ALXN,2015,13133.23,8258.616,3432.557,13133.23,144.385,2604.047,709.472,225.647,190.75,2836.0,43042.16525,Biotech,1355.0,1355.0,2015-04-01,541897.0,David Hallal,ALEXION PHARMACEUTICALS INC (De-listed 07/2021),CEO,2016-12-11,10.0,10.0,Executive Director,1.0,0.0,0.0,0.0,0.0,0.0,0.0,0.0,0.0,0.0,1967-06-15,M,,43392.0,2015.0,1048.461,0.0,14719.786,6926.092,1048.461,0.47052939492462725
I,USD,STD,INDL,C,2836,12/31/16,62263,ALEXION PHARMACEUTICALS INC,ALXN,2016,13253.0,8694.0,3121.0,13253.0,399.0,3084.0,757.0,224.0,122.35,2836.0,27406.4,Biotech,1355.0,1355.0,2016-12-11,332327.0,Dave Brennan,ALEXION PHARMACEUTICALS INC (De-listed 07/2021),Interim CEO,2017-03-27,10.0,10.0,Executive Director,1.0,0.0,0.0,0.0,0.0,0.0,0.0,0.0,0.0,0.0,1953-08-17,M,,51186.0,2016.0,230.769,0.0,551.78,112.726,230.769,0.20429519011200117
I,USD,STD,INDL,C,2836,12/31/17,62263,ALEXION PHARMACEUTICALS INC,ALXN,2017,13583.3,8893.1,3063.6,13583.3,443.3,3551.1,909.4,222.3,119.59,2836.0,26584.857000000004,Biotech,1355.0,1355.0,2017-03-27,1077323.0,Doctor Ludwig Hantson,ALEXION PHARMACEUTICALS INC (De-listed 07/2021),CEO,2021-07-21,10.0,10.0,Executive Director,0.0,0.0,0.0,0.0,1.0,0.0,0.0,0.0,1.0,0.0,1962-08-01,M,,40792.0,2017.0,900.0,0.0,15310.154,9618.758,900.0,0.6282600423222392
I,USD,STD,INDL,C,2836,12/31/18,62263,ALEXION PHARMACEUTICALS INC,ALXN,2018,13931.9,9165.3,2862.7,13931.9,77.6,4131.2,1913.4,223.5,97.36,2836.0,21759.96,Biotech,1355.0,1355.0,2017-03-27,1077323.0,Doctor Ludwig Hantson,ALEXION PHARMACEUTICALS INC (De-listed 07/2021),CEO,2021-07-21,10.0,10.0,Executive Director,0.0,0.0,0.0,0.0,1.0,0.0,0.0,0.0,1.0,0.0,1962-08-01,M,,40792.0,2018.0,1200.0,0.0,16490.25,12385.168,1200.0,0.7510600506359818
I,USD,STD,INDL,C,2836,12/31/19,62263,ALEXION PHARMACEUTICALS INC,ALXN,2019,17544.6,11271.8,2612.0,17544.6,2404.3,4991.1,881.9,221.3,108.15,2836.0,23933.595,Biotech,1355.0,1355.0,2017-03-27,1077323.0,Doctor Ludwig Hantson,ALEXION PHARMACEUTICALS INC (De-listed 07/2021),CEO,2021-07-21,10.0,10.0,Executive Director,0.0,0.0,0.0,0.0,1.0,0.0,0.0,0.0,1.0,0.0,1962-08-01,M,,40792.0,2019.0,1250.0,0.0,18947.984,15243.634,1250.0,0.8044989904994642
I,USD,STD,INDL,C,2836,12/31/20,62263,ALEXION PHARMACEUTICALS INC,ALXN,2020,18103.0,11651.2,2664.0,18103.0,603.4,6069.9,1002.9,219.5,156.24,2836.0,34294.68,Biotech,1355.0,1355.0,2017-03-27,1077323.0,Doctor Ludwig Hantson,ALEXION PHARMACEUTICALS INC (De-listed 07/2021),CEO,2021-07-21,10.0,10.0,Executive Director,0.0,0.0,0.0,0.0,1.0,0.0,0.0,0.0,1.0,0.0,1962-08-01,M,,40792.0,2020.0,1300.0,0.0,17919.259,13670.359,1300.0,0.7628864006039536
A,USD,STD,INDL,C,3572,4/30/23,61591,NETAPP INC,NTAP,2022,9818.0,1159.0,2637.0,9818.0,1274.0,6362.0,956.0,212.0,62.89,3572.0,13332.68,Semiconductors/Hardware,21903.0,21903.0,2020-07-01,1448606.0,George Kurian,NETAPP INC (Network Appliance Inc prior to 03/2008),CEO,2027-01-01,10.0,40.0,Executive Director,1.0,1.0,1.0,1.0,0.0,0.0,0.0,0.0,0.0,0.0,1966-06-15,M,,46535.0,2022.0,1000.0,0.0,11364.543,9908.566,1000.0,0.8718842455873501
I,USD,STD,INDL,C,7372,12/31/19,63080,ANSYS INC,ANSS,2019,4838.887,3453.379,515.299,4838.887,451.295,1515.892,298.21,85.734,257.41,7372.0,22068.78894,Software,2257.0,2257.0,2017-01-01,545851.0,Doctor Ajei Gopal,ANSYS INC (De-listed 07/2025),President/CEO,2025-07-17,10.0,10.0,Executive Director,1.0,0.0,0.0,0.0,1.0,1.0,0.0,0.0,1.0,1.0,1961-06-15,M,,41809.0,2019.0,793.75,240.0,19591.413,17553.073,1033.75,0.8959574789220155
I,USD,STD,INDL,C,7372,12/31/21,63080,ANSYS INC,ANSS,2021,6324.314,4484.048,857.954,6324.314,454.627,1906.715,404.87,87.079,401.12,7372.0,34929.12848,Software,2257.0,2257.0,2017-01-01,545851.0,Doctor Ajei Gopal,ANSYS INC (De-listed 07/2025),President/CEO,2025-07-17,10.0,10.0,Executive Director,1.0,0.0,0.0,0.0,1.0,1.0,0.0,0.0,1.0,1.0,1961-06-15,M,,41809.0,2021.0,825.0,309.375,18260.634,15431.959,1134.375,0.845094370765002
A,USD,STD,INDL,C,3674,1/31/21,117768,NVIDIA CORP,NVDA,2020,28791.0,16893.0,6598.0,28791.0,4332.0,16675.0,3924.0,620.0,519.59,3674.0,322145.80000000005,Semiconductors/Hardware,22806.0,22806.0,1993-04-01,83377.0,Jensen Huang,NVIDIA CORP,President/CEO,2027-01-01,20.0,40.0,Executive Director,1.0,0.0,0.0,0.0,0.0,0.0,0.0,0.0,1.0,1.0,1963-02-17,M,Asian Association Network,19583.0,2020.0,1017.355,0.0,19316.401,15279.78,1017.355,0.7910262372374647
A,USD,STD,INDL,C,3674,12/31/17,110039,AMKOR TECHNOLOGY INC,AMKR,2017,4521.509,1667.328,1240.581,4521.509,260.706,4186.497,166.614,239.184,10.05,3674.0,2403.7992,Semiconductors/Hardware,2079.0,2079.0,2013-05-08,647302.0,Steve Kelley,AMKOR TECHNOLOGY INC,President/CEO,2020-06-17,10.0,10.0,Executive Director,1.0,1.0,0.0,0.0,0.0,0.0,0.0,0.0,0.0,0.0,1962-06-15,M,,36206.0,2017.0,800.962,1793.151,7859.696,1972.0,2594.1130000000003,0.2509002892732747
A,USD,STD,INDL,C,2836,12/31/25,64857,SAREPTA THERAPEUTICS INC,SRPT,2025,3349.703,1140.622,1028.352,3349.703,-713.41,2198.237,1522.066,104.964,21.52,2836.0,2258.82528,Biotech,3218.0,3218.0,2025-07-16,46796.0,Doug Ingram,SAREPTA THERAPEUTICS INC (AVI BioPharma Inc prior to 07/2012),CEO,2027-01-01,10.0,40.0,Executive Director,1.0,0.0,0.0,0.0,0.0,0.0,0.0,0.0,0.0,0.0,1962-08-31,M,,27549.0,,,,,,,
A,USD,STD,INDL,C,3674,12/31/25,74813,QNITY ELECTRONICS INC,Q,2025,14070.0,7093.0,4458.0,14070.0,692.0,4754.0,354.0,209.479,81.65,3674.0,17103.96035,Semiconductors/Hardware,3463500.0,3463500.0,2025-10-17,1402205.0,Mark Ayranto,SILVERCO MINING LTD (Quetzal Copper Corp prior to 11/2025),President/CEO,2027-01-01,10.0,40.0,Executive Director,1.0,0.0,1.0,0.0,0.0,0.0,0.0,0.0,0.0,0.0,1976-01-01,M,,,,,,,,,
A,USD,STD,INDL,C,7372,12/31/15,103487,SAP SE,SAP,2015,44945.401,25265.635,9370.231,44945.401,3327.198,22579.119,3089.386,1197.953,79.1,7372.0,94758.0823,Software,27081.0,27081.0,2012-04-01,647592.0,Lino Saputo Jr,SAPUTO INC,Vice Chairman/CEO,2017-08-01,10.0,10.0,Executive Director,1.0,0.0,0.0,0.0,1.0,0.0,0.0,0.0,0.0,0.0,1966-06-01,M,,,,,,,,,
A,USD,STD,INDL,C,7372,12/31/16,103487,SAP SE,SAP,2016,46721.09,27831.955,6804.985,46721.09,3847.259,23279.822,3212.029,1198.624,86.43,7372.0,103597.07232,Software,27081.0,27081.0,2012-04-01,647592.0,Lino Saputo Jr,SAPUTO INC,Vice Chairman/CEO,2017-08-01,10.0,10.0,Executive Director,1.0,0.0,0.0,0.0,1.0,0.0,0.0,0.0,0.0,0.0,1966-06-01,M,,,,,,,,,
A,USD,STD,INDL,C,7372,12/31/17,103487,SAP SE,SAP,2017,51089.893,30666.92,6013.404,51089.893,4830.44,28204.814,4029.774,1193.405,112.36,7372.0,134090.9858,Software,27081.0,27081.0,2017-08-01,647592.0,Lino Saputo Jr,SAPUTO INC,Chairman/CEO,2022-01-13,10.0,10.0,Executive Director,1.0,0.0,0.0,0.0,1.0,0.0,0.0,0.0,0.0,0.0,1966-06-01,M,,,,,,,,,
A,USD,STD,INDL,C,7372,12/31/18,103487,SAP SE,SAP,2018,58951.922,33009.687,12061.496,58951.922,4674.617,28286.985,4149.109,1193.65,99.55,7372.0,118827.8575,Software,27081.0,27081.0,2017-08-01,647592.0,Lino Saputo Jr,SAPUTO INC,Chairman/CEO,2022-01-13,10.0,10.0,Executive Director,1.0,0.0,0.0,0.0,1.0,0.0,0.0,0.0,0.0,0.0,1966-06-01,M,,,,,,,,,
A,USD,STD,INDL,C,7372,12/31/19,103487,SAP SE,SAP,2019,67572.23,34502.629,14476.157,67572.23,3726.769,30919.5,4816.408,1193.65,133.99,7372.0,159937.16350000002,Software,27081.0,27081.0,2017-08-01,647592.0,Lino Saputo Jr,SAPUTO INC,Chairman/CEO,2022-01-13,10.0,10.0,Executive Director,1.0,0.0,0.0,0.0,1.0,0.0,0.0,0.0,0.0,0.0,1966-06-01,M,,,,,,,,,
A,USD,STD,INDL,C,7372,12/31/20,103487,SAP SE,SAP,2020,70481.33,35820.456,16393.25,70481.33,6201.711,32952.842,5368.789,1179.579,130.39,7372.0,153805.30581,Software,27081.0,27081.0,2017-08-01,647592.0,Lino Saputo Jr,SAPUTO INC,Chairman/CEO,2022-01-13,10.0,10.0,Executive Director,1.0,0.0,0.0,0.0,1.0,0.0,0.0,0.0,0.0,0.0,1966-06-01,M,,,,,,,,,
A,USD,STD,INDL,C,7372,12/31/21,103487,SAP SE,SAP,2021,80942.334,44188.516,12487.836,80942.334,5977.784,31665.423,5902.72,1179.579,140.11,7372.0,165270.81369,Software,27081.0,27081.0,2017-08-01,647592.0,Lino Saputo Jr,SAPUTO INC,Chairman/CEO,2022-01-13,10.0,10.0,Executive Director,1.0,0.0,0.0,0.0,1.0,0.0,0.0,0.0,0.0,0.0,1966-06-01,M,,,,,,,,,
A,USD,STD,INDL,C,7372,12/31/22,103487,SAP SE,SAP,2022,77119.371,42948.476,9353.632,77119.371,2441.007,32993.142,6589.865,1167.118,103.19,7372.0,120434.90641999998,Software,27081.0,27081.0,2022-01-13,647592.0,Lino Saputo Jr,SAPUTO INC,Chairman/President/CEO,2024-08-09,10.0,10.0,Executive Director,1.0,0.0,0.0,0.0,1.0,0.0,0.0,0.0,0.0,0.0,1966-06-01,M,,,,,,,,,
A,USD,STD,INDL,C,7372,12/31/23,103487,SAP SE,SAP,2023,75533.776,47703.39,8128.71,75533.776,6785.715,34494.513,6990.204,1167.229,154.59,7372.0,180441.93111,Software,27081.0,27081.0,2022-01-13,647592.0,Lino Saputo Jr,SAPUTO INC,Chairman/President/CEO,2024-08-09,10.0,10.0,Executive Director,1.0,0.0,0.0,0.0,1.0,0.0,0.0,0.0,0.0,0.0,1966-06-01,M,,,,,,,,,
A,USD,STD,INDL,C,3674,12/31/15,110039,AMKOR TECHNOLOGY INC,AMKR,2015,4031.3,1207.883,1519.107,4031.3,56.812,2884.603,82.017,237.005,6.08,3674.0,1440.9904,Semiconductors/Hardware,2079.0,2079.0,2013-05-08,647302.0,Steve Kelley,AMKOR TECHNOLOGY INC,President/CEO,2020-06-17,10.0,10.0,Executive Director,1.0,1.0,0.0,0.0,0.0,0.0,0.0,0.0,0.0,0.0,1962-06-15,M,,36206.0,2015.0,700.0,0.0,920.0,0.0,700.0,0.0
A,USD,STD,INDL,C,3674,12/31/16,110039,AMKOR TECHNOLOGY INC,AMKR,2016,4092.086,1383.588,1439.638,4092.086,164.19,3893.635,117.206,238.665,10.55,3674.0,2517.91575,Semiconductors/Hardware,2079.0,2079.0,2013-05-08,647302.0,Steve Kelley,AMKOR TECHNOLOGY INC,President/CEO,2020-06-17,10.0,10.0,Executive Director,1.0,1.0,0.0,0.0,0.0,0.0,0.0,0.0,0.0,0.0,1962-06-15,M,,36206.0,2016.0,700.0,0.0,1672.67,0.0,700.0,0.0
A,USD,STD,INDL,C,3674,12/31/18,110039,AMKOR TECHNOLOGY INC,AMKR,2018,4495.447,1830.54,1217.732,4495.447,127.092,4316.466,157.182,239.385,6.56,3674.0,1570.3656,Semiconductors/Hardware,2079.0,2079.0,2013-05-08,647302.0,Steve Kelley,AMKOR TECHNOLOGY INC,President/CEO,2020-06-17,10.0,10.0,Executive Director,1.0,1.0,0.0,0.0,0.0,0.0,0.0,0.0,0.0,0.0,1962-06-15,M,,36206.0,2018.0,858.656,2125.0,3919.422,0.0,2983.656,0.0
A,USD,STD,INDL,C,2836,12/31/23,64857,SAREPTA THERAPEUTICS INC,SRPT,2023,3264.576,859.337,1273.48,3264.576,-535.977,1243.336,877.387,93.732,96.43,2836.0,9038.57676,Biotech,3218.0,3218.0,2017-06-26,46796.0,Doug Ingram,SAREPTA THERAPEUTICS INC (AVI BioPharma Inc prior to 07/2012),President/CEO,2025-07-16,10.0,10.0,Executive Director,1.0,0.0,0.0,0.0,0.0,0.0,0.0,0.0,0.0,0.0,1962-08-31,M,,27549.0,2023.0,799.797,0.0,1661.338,0.0,799.797,0.0
A,USD,STD,INDL,C,3674,12/31/19,110039,AMKOR TECHNOLOGY INC,AMKR,2019,4695.615,1963.739,1410.97,4695.615,120.888,4052.65,137.638,240.805,13.0,3674.0,3130.465,Semiconductors/Hardware,2079.0,2079.0,2013-05-08,647302.0,Steve Kelley,AMKOR TECHNOLOGY INC,President/CEO,2020-06-17,10.0,10.0,Executive Director,1.0,1.0,0.0,0.0,0.0,0.0,0.0,0.0,0.0,0.0,1962-06-15,M,,36206.0,2019.0,893.519,2125.0,4301.32,0.0,3018.5190000000002,0.0
A,USD,STD,INDL,C,3674,12/31/20,110039,AMKOR TECHNOLOGY INC,AMKR,2020,5022.311,2325.699,1102.815,5022.311,338.138,5050.589,140.727,242.829,15.08,3674.0,3661.86132,Semiconductors/Hardware,2079.0,2079.0,2020-06-17,1365884.0,Giel Rutten,AMKOR TECHNOLOGY INC,President/CEO,2025-12-31,10.0,10.0,Executive Director,1.0,0.0,0.0,0.0,0.0,0.0,0.0,0.0,1.0,0.0,1957-06-15,M,,,,,,,,,
A,USD,STD,INDL,C,3674,12/31/21,110039,AMKOR TECHNOLOGY INC,AMKR,2021,6038.554,2942.276,1122.325,6038.554,642.995,6138.329,166.037,244.315,24.79,3674.0,6056.56885,Semiconductors/Hardware,2079.0,2079.0,2020-06-17,1365884.0,Giel Rutten,AMKOR TECHNOLOGY INC,President/CEO,2025-12-31,10.0,10.0,Executive Director,1.0,0.0,0.0,0.0,0.0,0.0,0.0,0.0,1.0,0.0,1957-06-15,M,,,,,,,,,
A,USD,STD,INDL,C,3674,12/31/22,110039,AMKOR TECHNOLOGY INC,AMKR,2022,6821.757,3668.752,1219.11,6821.757,765.823,7091.585,149.429,245.091,23.98,3674.0,5877.28218,Semiconductors/Hardware,2079.0,2079.0,2020-06-17,1365884.0,Giel Rutten,AMKOR TECHNOLOGY INC,President/CEO,2025-12-31,10.0,10.0,Executive Director,1.0,0.0,0.0,0.0,0.0,0.0,0.0,0.0,1.0,0.0,1957-06-15,M,,,,,,,,,
A,USD,STD,INDL,C,3674,12/31/23,110039,AMKOR TECHNOLOGY INC,AMKR,2023,6771.125,3962.308,1176.463,6771.125,359.813,6503.065,177.473,245.888,33.27,3674.0,8180.693760000001,Semiconductors/Hardware,2079.0,2079.0,2020-06-17,1365884.0,Giel Rutten,AMKOR TECHNOLOGY INC,President/CEO,2025-12-31,10.0,10.0,Executive Director,1.0,0.0,0.0,0.0,0.0,0.0,0.0,0.0,1.0,0.0,1957-06-15,M,,,,,,,,,
A,USD,STD,INDL,C,3674,12/31/24,110039,AMKOR TECHNOLOGY INC,AMKR,2024,6944.328,4149.545,1104.122,6944.328,354.012,6317.692,162.951,246.684,25.69,3674.0,6337.31196,Semiconductors/Hardware,2079.0,2079.0,2020-06-17,1365884.0,Giel Rutten,AMKOR TECHNOLOGY INC,President/CEO,2025-12-31,10.0,10.0,Executive Director,1.0,0.0,0.0,0.0,0.0,0.0,0.0,0.0,1.0,0.0,1957-06-15,M,,,,,,,,,
I,USD,STD,INDL,C,7372,2/29/16,122841,RED HAT INC,RHT,2015,4155.099,1334.432,723.942,4155.099,199.365,2046.93,413.322,181.186,65.35,7372.0,11840.5051,Software,25895.0,25895.0,2008-01-01,333755.0,Jim Whitehurst,RED HAT INC (De-listed 07/2019),President/CEO,2019-07-09,10.0,10.0,Executive Director,1.0,1.0,1.0,1.0,0.0,0.0,0.0,0.0,0.0,0.0,1967-01-01,M,,28220.0,2015.0,975.0,0.0,12725.593,9558.468,975.0,0.7511216176723552
I,USD,STD,INDL,C,7372,2/28/17,122841,RED HAT INC,RHT,2016,4535.185,1247.32,745.633,4535.185,253.703,2411.803,480.668,176.902,82.81,7372.0,14649.25462,Software,25895.0,25895.0,2008-01-01,333755.0,Jim Whitehurst,RED HAT INC (De-listed 07/2019),President/CEO,2019-07-09,10.0,10.0,Executive Director,1.0,1.0,1.0,1.0,0.0,0.0,0.0,0.0,0.0,0.0,1967-01-01,M,,28220.0,2016.0,1000.0,0.0,11132.589,9125.785,1000.0,0.819736091936925
I,USD,STD,INDL,C,7372,2/28/18,122841,RED HAT INC,RHT,2017,5466.546,1470.23,744.194,5466.546,258.803,2920.461,578.33,177.074,147.4,7372.0,26100.7076,Software,25895.0,25895.0,2008-01-01,333755.0,Jim Whitehurst,RED HAT INC (De-listed 07/2019),President/CEO,2019-07-09,10.0,10.0,Executive Director,1.0,1.0,1.0,1.0,0.0,0.0,0.0,0.0,0.0,0.0,1967-01-01,M,,28220.0,2017.0,1000.0,0.0,13597.466,10095.937,1000.0,0.7424866515569886
I,USD,STD,INDL,C,7372,2/28/19,122841,RED HAT INC,RHT,2018,5588.289,1613.932,231.54,5588.289,433.988,3362.069,668.542,176.801,182.6,7372.0,32283.862599999997,Software,25895.0,25895.0,2008-01-01,333755.0,Jim Whitehurst,RED HAT INC (De-listed 07/2019),President/CEO,2019-07-09,10.0,10.0,Executive Director,1.0,1.0,1.0,1.0,0.0,0.0,0.0,0.0,0.0,0.0,1967-01-01,M,,28220.0,2018.0,1074.795,0.0,15442.344,12447.499,1074.795,0.80606279720229
A,USD,STD,INDL,C,3674,1/31/16,117768,NVIDIA CORP,NVDA,2015,7370.0,4469.0,10.0,7370.0,614.0,5010.0,1331.0,539.0,29.29,3674.0,15787.31,Semiconductors/Hardware,22806.0,22806.0,1993-04-01,83377.0,Jensen Huang,NVIDIA CORP,President/CEO,2027-01-01,20.0,40.0,Executive Director,1.0,0.0,0.0,0.0,0.0,0.0,0.0,0.0,1.0,1.0,1963-02-17,M,Asian Association Network,19583.0,2015.0,1018.941,0.0,9431.101,6916.9,1018.941,0.7334138400171941
A,USD,STD,INDL,C,3674,1/31/17,117768,NVIDIA CORP,NVDA,2016,9841.0,5762.0,1989.0,9841.0,1666.0,6910.0,1463.0,585.0,109.18,3674.0,63870.3,Semiconductors/Hardware,22806.0,22806.0,1993-04-01,83377.0,Jensen Huang,NVIDIA CORP,President/CEO,2027-01-01,20.0,40.0,Executive Director,1.0,0.0,0.0,0.0,0.0,0.0,0.0,0.0,1.0,1.0,1963-02-17,M,Asian Association Network,19583.0,2016.0,996.216,0.0,12194.238,9188.4,996.216,0.7535034169416736
A,USD,STD,INDL,C,3674,1/31/18,117768,NVIDIA CORP,NVDA,2017,11241.0,7471.0,1985.0,11241.0,3047.0,9714.0,1797.0,606.0,245.8,3674.0,148954.80000000002,Semiconductors/Hardware,22806.0,22806.0,1993-04-01,83377.0,Jensen Huang,NVIDIA CORP,President/CEO,2027-01-01,20.0,40.0,Executive Director,1.0,0.0,0.0,0.0,0.0,0.0,0.0,0.0,1.0,1.0,1963-02-17,M,Asian Association Network,19583.0,2017.0,999.985,0.0,12993.532,9787.985,999.985,0.7532967171666642
A,USD,STD,INDL,C,3674,1/31/19,117768,NVIDIA CORP,NVDA,2018,13292.0,9342.0,1988.0,13292.0,4141.0,11716.0,2376.0,606.0,143.75,3674.0,87112.5,Semiconductors/Hardware,22806.0,22806.0,1993-04-01,83377.0,Jensen Huang,NVIDIA CORP,President/CEO,2027-01-01,20.0,40.0,Executive Director,1.0,0.0,0.0,0.0,0.0,0.0,0.0,0.0,1.0,1.0,1963-02-17,M,Asian Association Network,19583.0,2018.0,996.514,0.0,13642.838,11611.022,996.514,0.8510708695654087
A,USD,STD,INDL,C,2836,12/31/24,64857,SAREPTA THERAPEUTICS INC,SRPT,2024,3963.173,1527.742,1329.597,3963.173,235.239,1901.979,804.522,96.9,121.59,2836.0,11782.071000000002,Biotech,3218.0,3218.0,2017-06-26,46796.0,Doug Ingram,SAREPTA THERAPEUTICS INC (AVI BioPharma Inc prior to 07/2012),President/CEO,2025-07-16,10.0,10.0,Executive Director,1.0,0.0,0.0,0.0,0.0,0.0,0.0,0.0,0.0,0.0,1962-08-31,M,,27549.0,2024.0,846.902,0.0,1978.086,0.0,846.902,0.0
A,USD,STD,INDL,C,7372,2/29/20,65986,BLACKBERRY LTD,BB,2019,3888.0,2529.0,120.0,3888.0,-152.0,1040.0,259.0,554.199,5.17,7372.0,2865.2088299999996,Software,26104.0,26104.0,2013-11-04,141731.0,John Chen,BLACKBERRY LTD (Research In Motion Ltd prior to 07/2013),Chairman (Executive)/CEO,2023-11-04,10.0,10.0,Executive Director,1.0,1.0,0.0,0.0,0.0,0.0,0.0,0.0,1.0,1.0,1955-07-01,M,Asian Association Network,9349.0,,,,,,,
I,USD,STD,INDL,C,7372,12/31/22,63080,ANSYS INC,ANSS,2022,6687.945,4865.851,866.376,6687.945,523.71,2065.553,433.661,86.95,241.59,7372.0,21006.2505,Software,2257.0,2257.0,2017-01-01,545851.0,Doctor Ajei Gopal,ANSYS INC (De-listed 07/2025),President/CEO,2025-07-17,10.0,10.0,Executive Director,1.0,0.0,0.0,0.0,1.0,1.0,0.0,0.0,1.0,1.0,1961-06-15,M,,41809.0,2022.0,843.75,312.609,21872.498,18915.491,1156.359,0.8648070741622654
A,USD,STD,INDL,C,3674,3/31/22,64853,QORVO INC,QRVO,2021,7509.072,4553.218,2108.609,7509.072,1033.353,4645.714,623.636,106.303,124.1,3674.0,13192.2023,Semiconductors/Hardware,2204149.0,2204149.0,2015-01-02,181113.0,Bob Bruggeworth,QORVO INC,President/CEO,2027-01-01,10.0,40.0,Executive Director,1.0,0.0,0.0,0.0,0.0,0.0,0.0,0.0,0.0,0.0,1961-04-01,M,,22024.0,2021.0,920.332,0.0,10072.684,7649.886,920.332,0.7594684793050195
I,USD,STD,INDL,C,7372,12/31/23,63080,ANSYS INC,ANSS,2023,7322.875,5390.364,854.396,7322.875,500.412,2269.949,494.869,86.906,362.88,7372.0,31536.44928,Software,2257.0,2257.0,2017-01-01,545851.0,Doctor Ajei Gopal,ANSYS INC (De-listed 07/2025),President/CEO,2025-07-17,10.0,10.0,Executive Director,1.0,0.0,0.0,0.0,1.0,1.0,0.0,0.0,1.0,1.0,1961-06-15,M,,41809.0,2023.0,850.0,0.0,24633.791,21312.677,850.0,0.8651805562529941
I,USD,STD,INDL,C,7372,12/31/24,63080,ANSYS INC,ANSS,2024,8051.431,6086.44,841.144,8051.431,575.692,2544.809,528.014,87.536,337.33,7372.0,29528.51888,Software,2257.0,2257.0,2017-01-01,545851.0,Doctor Ajei Gopal,ANSYS INC (De-listed 07/2025),President/CEO,2025-07-17,10.0,10.0,Executive Director,1.0,0.0,0.0,0.0,1.0,1.0,0.0,0.0,1.0,1.0,1961-06-15,M,,41809.0,2024.0,850.0,0.0,32810.655,29379.507,850.0,0.8954257999421226
A,USD,STD,INDL,C,7372,12/31/20,63290,PEGASYSTEMS INC,PEGA,2020,1604.262,542.172,577.256,1604.262,-61.373,1017.517,236.986,80.89,133.26,7372.0,10779.4014,Software,24040.0,24040.0,2005-01-03,340655.0,Alan Trefler,PEGASYSTEMS INC,Chairman/CEO,2027-01-01,10.0,40.0,Executive Director,1.0,1.0,0.0,0.0,0.0,0.0,0.0,0.0,0.0,0.0,1956-03-10,M,,,,,,,,,
A,USD,STD,INDL,C,7372,12/31/21,63290,PEGASYSTEMS INC,PEGA,2021,1593.531,416.088,678.54,1593.531,-63.04,1211.653,260.63,81.712,111.82,7372.0,9137.03584,Software,24040.0,24040.0,2005-01-03,340655.0,Alan Trefler,PEGASYSTEMS INC,Chairman/CEO,2027-01-01,10.0,40.0,Executive Director,1.0,1.0,0.0,0.0,0.0,0.0,0.0,0.0,0.0,0.0,1956-03-10,M,,,,,,,,,
A,USD,STD,INDL,C,7372,12/31/22,63290,PEGASYSTEMS INC,PEGA,2022,1357.672,130.843,672.761,1357.672,-345.582,1317.845,294.349,82.436,34.24,7372.0,2822.6086400000004,Software,24040.0,24040.0,2005-01-03,340655.0,Alan Trefler,PEGASYSTEMS INC,Chairman/CEO,2027-01-01,10.0,40.0,Executive Director,1.0,1.0,0.0,0.0,0.0,0.0,0.0,0.0,0.0,0.0,1956-03-10,M,,,,,,,,,
A,USD,STD,INDL,C,7372,12/31/23,63290,PEGASYSTEMS INC,PEGA,2023,1510.736,353.838,566.269,1510.736,67.808,1432.616,295.512,83.84,48.86,7372.0,4096.4224,Software,24040.0,24040.0,2005-01-03,340655.0,Alan Trefler,PEGASYSTEMS INC,Chairman/CEO,2027-01-01,10.0,40.0,Executive Director,1.0,1.0,0.0,0.0,0.0,0.0,0.0,0.0,0.0,0.0,1956-03-10,M,,,,,,,,,
A,USD,STD,INDL,C,7372,12/31/24,63290,PEGASYSTEMS INC,PEGA,2024,1768.273,585.48,67.647,1768.273,99.189,1497.18,298.074,86.112,93.2,7372.0,8025.6384,Software,24040.0,24040.0,2005-01-03,340655.0,Alan Trefler,PEGASYSTEMS INC,Chairman/CEO,2027-01-01,10.0,40.0,Executive Director,1.0,1.0,0.0,0.0,0.0,0.0,0.0,0.0,0.0,0.0,1956-03-10,M,,,,,,,,,
A,USD,STD,INDL,C,7372,12/31/25,63290,PEGASYSTEMS INC,PEGA,2025,1631.844,787.381,60.825,1631.844,393.437,1745.812,312.681,170.347,59.72,7372.0,10173.12284,Software,24040.0,24040.0,2005-01-03,340655.0,Alan Trefler,PEGASYSTEMS INC,Chairman/CEO,2027-01-01,10.0,40.0,Executive Director,1.0,1.0,0.0,0.0,0.0,0.0,0.0,0.0,0.0,0.0,1956-03-10,M,,,,,,,,,
A,USD,STD,INDL,C,3674,3/31/16,64853,QORVO INC,QRVO,2015,6596.819,4999.672,988.13,6596.819,-28.845,2610.726,448.763,127.386,50.41,3674.0,6421.528259999999,Semiconductors/Hardware,2204149.0,2204149.0,2015-01-02,181113.0,Bob Bruggeworth,QORVO INC,President/CEO,2027-01-01,10.0,40.0,Executive Director,1.0,0.0,0.0,0.0,0.0,0.0,0.0,0.0,0.0,0.0,1961-04-01,M,,22024.0,2015.0,771.418,0.0,6496.194,4620.676,771.418,0.7112897182565668
A,USD,STD,INDL,C,3674,3/31/17,64853,QORVO INC,QRVO,2016,6522.323,4896.722,989.154,6522.323,-16.558,3032.574,470.836,126.464,68.56,3674.0,8670.37184,Semiconductors/Hardware,2204149.0,2204149.0,2015-01-02,181113.0,Bob Bruggeworth,QORVO INC,President/CEO,2027-01-01,10.0,40.0,Executive Director,1.0,0.0,0.0,0.0,0.0,0.0,0.0,0.0,0.0,0.0,1961-04-01,M,,22024.0,2016.0,794.398,0.0,6599.185,4854.843,794.398,0.7356731172106858
A,USD,STD,INDL,C,3674,3/31/18,64853,QORVO INC,QRVO,2017,6381.519,4775.564,983.29,6381.519,-40.288,2973.536,445.103,126.322,70.45,3674.0,8899.384900000001,Semiconductors/Hardware,2204149.0,2204149.0,2015-01-02,181113.0,Bob Bruggeworth,QORVO INC,President/CEO,2027-01-01,10.0,40.0,Executive Director,1.0,0.0,0.0,0.0,0.0,0.0,0.0,0.0,0.0,0.0,1961-04-01,M,,22024.0,2017.0,802.936,0.0,6941.777,5399.959,802.936,0.7778928939952983
A,USD,STD,INDL,C,3674,3/31/19,64853,QORVO INC,QRVO,2018,5808.024,4359.679,919.27,5808.024,133.125,3090.325,450.482,119.063,71.73,3674.0,8540.388990000001,Semiconductors/Hardware,2204149.0,2204149.0,2015-01-02,181113.0,Bob Bruggeworth,QORVO INC,President/CEO,2027-01-01,10.0,40.0,Executive Director,1.0,0.0,0.0,0.0,0.0,0.0,0.0,0.0,0.0,0.0,1961-04-01,M,,22024.0,2018.0,826.412,0.0,7867.849,6015.423,826.412,0.7645575048529782
A,USD,STD,INDL,C,3674,3/31/20,64853,QORVO INC,QRVO,2019,6560.682,4292.665,1625.308,6560.682,334.325,3239.141,484.414,114.625,80.63,3674.0,9242.21375,Semiconductors/Hardware,2204149.0,2204149.0,2015-01-02,181113.0,Bob Bruggeworth,QORVO INC,President/CEO,2027-01-01,10.0,40.0,Executive Director,1.0,0.0,0.0,0.0,0.0,0.0,0.0,0.0,0.0,0.0,1961-04-01,M,,22024.0,2019.0,851.204,0.0,8320.349,5999.956,851.204,0.7211183088594
A,USD,STD,INDL,C,3674,3/31/21,64853,QORVO INC,QRVO,2020,7221.47,4629.425,1795.722,7221.47,733.611,4015.307,570.395,112.557,182.7,3674.0,20564.1639,Semiconductors/Hardware,2204149.0,2204149.0,2015-01-02,181113.0,Bob Bruggeworth,QORVO INC,President/CEO,2027-01-01,10.0,40.0,Executive Director,1.0,0.0,0.0,0.0,0.0,0.0,0.0,0.0,0.0,0.0,1961-04-01,M,,22024.0,2020.0,884.934,0.0,9778.617,6758.964,884.934,0.6911983565774178
A,USD,STD,INDL,C,3674,3/31/23,64853,QORVO INC,QRVO,2022,6691.903,3902.794,2117.229,6691.903,103.152,3569.399,649.841,98.649,101.57,3674.0,10019.77893,Semiconductors/Hardware,2204149.0,2204149.0,2015-01-02,181113.0,Bob Bruggeworth,QORVO INC,President/CEO,2027-01-01,10.0,40.0,Executive Director,1.0,0.0,0.0,0.0,0.0,0.0,0.0,0.0,0.0,0.0,1961-04-01,M,,22024.0,2022.0,956.437,0.0,11693.756,9999.943,956.437,0.8551523565225749
A,USD,STD,INDL,C,7372,2/28/17,65986,BLACKBERRY LTD,BB,2016,3263.0,2057.0,591.0,3263.0,-1206.0,1309.0,306.0,530.497,6.96,7372.0,3692.25912,Software,26104.0,26104.0,2013-11-04,141731.0,John Chen,BLACKBERRY LTD (Research In Motion Ltd prior to 07/2013),Chairman (Executive)/CEO,2023-11-04,10.0,10.0,Executive Director,1.0,1.0,0.0,0.0,0.0,0.0,0.0,0.0,1.0,1.0,1955-07-01,M,Asian Association Network,9349.0,,,,,,,
A,USD,STD,INDL,C,3674,3/31/24,64853,QORVO INC,QRVO,2023,6554.635,3556.372,1599.85,6554.635,-70.322,3769.506,682.249,95.798,114.83,3674.0,11000.48434,Semiconductors/Hardware,2204149.0,2204149.0,2015-01-02,181113.0,Bob Bruggeworth,QORVO INC,President/CEO,2027-01-01,10.0,40.0,Executive Director,1.0,0.0,0.0,0.0,0.0,0.0,0.0,0.0,0.0,0.0,1961-04-01,M,,22024.0,2023.0,994.695,0.0,12816.409,10500.004,994.695,0.8192625563057484
A,USD,STD,INDL,C,3674,3/31/25,64853,QORVO INC,QRVO,2024,5933.131,3392.312,1594.498,5933.131,55.615,3718.971,747.709,92.92,72.41,3674.0,6728.3372,Semiconductors/Hardware,2204149.0,2204149.0,2015-01-02,181113.0,Bob Bruggeworth,QORVO INC,President/CEO,2027-01-01,10.0,40.0,Executive Director,1.0,0.0,0.0,0.0,0.0,0.0,0.0,0.0,0.0,0.0,1961-04-01,M,,22024.0,2024.0,1034.482,0.0,13106.962,10799.901,1034.482,0.8239820181061027
A,USD,STD,INDL,C,7372,3/31/16,64630,TAKE-TWO INTERACTIVE SFTWR,TTWO,2015,2590.277,581.385,497.935,2590.277,-8.302,1413.698,119.807,86.573,37.67,7372.0,3261.20491,Software,29924.0,29924.0,2011-01-01,333171.0,Strauss Zelnick,TAKE TWO INTERACTIVE SOFTWARE INC,Chairman (Executive)/CEO,2027-01-01,10.0,40.0,Executive Director,1.0,0.0,1.0,1.0,0.0,0.0,0.0,0.0,0.0,0.0,1957-06-26,M,,37577.0,2015.0,0.001,0.0,22.874,0.0,0.001,0.0
A,USD,STD,INDL,C,7372,3/31/17,64630,TAKE-TWO INTERACTIVE SFTWR,TTWO,2016,3149.154,1003.728,251.929,3149.154,67.303,1779.748,137.915,102.621,59.27,7372.0,6082.34667,Software,29924.0,29924.0,2011-01-01,333171.0,Strauss Zelnick,TAKE TWO INTERACTIVE SOFTWARE INC,Chairman (Executive)/CEO,2027-01-01,10.0,40.0,Executive Director,1.0,0.0,1.0,1.0,0.0,0.0,0.0,0.0,0.0,0.0,1957-06-26,M,,37577.0,2016.0,0.001,0.0,23.27,0.0,0.001,0.0
A,USD,STD,INDL,C,7372,3/31/18,64630,TAKE-TWO INTERACTIVE SFTWR,TTWO,2017,3737.841,1488.97,8.068,3737.841,173.533,1792.892,207.63,114.038,97.78,7372.0,11150.63564,Software,29924.0,29924.0,2011-01-01,333171.0,Strauss Zelnick,TAKE TWO INTERACTIVE SOFTWARE INC,Chairman (Executive)/CEO,2027-01-01,10.0,40.0,Executive Director,1.0,0.0,1.0,1.0,0.0,0.0,0.0,0.0,0.0,0.0,1957-06-26,M,,37577.0,2017.0,0.001,0.0,42.629,0.0,0.001,0.0
A,USD,STD,INDL,C,7372,3/31/19,64630,TAKE-TWO INTERACTIVE SFTWR,TTWO,2018,4243.065,2040.58,0.0,4243.065,333.837,2668.394,230.17,112.181,94.37,7372.0,10586.52097,Software,29924.0,29924.0,2011-01-01,333171.0,Strauss Zelnick,TAKE TWO INTERACTIVE SOFTWARE INC,Chairman (Executive)/CEO,2027-01-01,10.0,40.0,Executive Director,1.0,0.0,1.0,1.0,0.0,0.0,0.0,0.0,0.0,0.0,1957-06-26,M,,37577.0,2018.0,0.001,0.0,113.045,0.0,0.001,0.0
A,USD,STD,INDL,C,7372,3/31/20,64630,TAKE-TWO INTERACTIVE SFTWR,TTWO,2019,4948.832,2539.244,152.059,4948.832,404.459,3088.97,296.398,113.506,118.61,7372.0,13462.94666,Software,29924.0,29924.0,2011-01-01,333171.0,Strauss Zelnick,TAKE TWO INTERACTIVE SOFTWARE INC,Chairman (Executive)/CEO,2027-01-01,10.0,40.0,Executive Director,1.0,0.0,1.0,1.0,0.0,0.0,0.0,0.0,0.0,0.0,1957-06-26,M,,37577.0,2019.0,0.001,0.0,87.761,0.0,0.001,0.0
A,USD,STD,INDL,C,7372,3/31/21,64630,TAKE-TWO INTERACTIVE SFTWR,TTWO,2020,6028.218,3331.892,159.671,6028.218,588.886,3372.772,317.311,115.163,176.7,7372.0,20349.302099999997,Software,29924.0,29924.0,2011-01-01,333171.0,Strauss Zelnick,TAKE TWO INTERACTIVE SOFTWARE INC,Chairman (Executive)/CEO,2027-01-01,10.0,40.0,Executive Director,1.0,0.0,1.0,1.0,0.0,0.0,0.0,0.0,0.0,0.0,1957-06-26,M,,37577.0,2020.0,0.001,0.0,138.347,0.0,0.001,0.0
A,USD,STD,INDL,C,7372,3/31/22,64630,TAKE-TWO INTERACTIVE SFTWR,TTWO,2021,6546.219,3809.659,211.297,6546.219,418.022,3504.8,406.566,115.367,153.74,7372.0,17736.52258,Software,29924.0,29924.0,2011-01-01,333171.0,Strauss Zelnick,TAKE TWO INTERACTIVE SOFTWARE INC,Chairman (Executive)/CEO,2027-01-01,10.0,40.0,Executive Director,1.0,0.0,1.0,1.0,0.0,0.0,0.0,0.0,0.0,0.0,1957-06-26,M,,37577.0,2021.0,0.001,0.0,142.996,0.0,0.001,0.0
A,USD,STD,INDL,C,7372,3/31/23,64630,TAKE-TWO INTERACTIVE SFTWR,TTWO,2022,15862.1,9042.5,2080.0,15862.1,-1124.7,5349.9,892.5,168.9,119.3,7372.0,20149.77,Software,29924.0,29924.0,2011-01-01,333171.0,Strauss Zelnick,TAKE TWO INTERACTIVE SOFTWARE INC,Chairman (Executive)/CEO,2027-01-01,10.0,40.0,Executive Director,1.0,0.0,1.0,1.0,0.0,0.0,0.0,0.0,0.0,0.0,1957-06-26,M,,37577.0,2022.0,0.001,0.0,115.015,0.0,0.001,0.0
A,USD,STD,INDL,C,7372,3/31/24,64630,TAKE-TWO INTERACTIVE SFTWR,TTWO,2023,12216.9,5667.9,3445.6,12216.9,-3744.2,5349.6,948.2,170.8,148.49,7372.0,25362.092000000004,Software,29924.0,29924.0,2011-01-01,333171.0,Strauss Zelnick,TAKE TWO INTERACTIVE SOFTWARE INC,Chairman (Executive)/CEO,2027-01-01,10.0,40.0,Executive Director,1.0,0.0,1.0,1.0,0.0,0.0,0.0,0.0,0.0,0.0,1957-06-26,M,,37577.0,2023.0,0.001,0.0,274.074,0.0,0.001,0.0
A,USD,STD,INDL,C,7372,3/31/25,64630,TAKE-TWO INTERACTIVE SFTWR,TTWO,2024,9180.7,2137.7,2895.9,9180.7,-4478.9,5633.6,1005.2,177.1,207.25,7372.0,36703.975,Software,29924.0,29924.0,2011-01-01,333171.0,Strauss Zelnick,TAKE TWO INTERACTIVE SOFTWARE INC,Chairman (Executive)/CEO,2027-01-01,10.0,40.0,Executive Director,1.0,0.0,1.0,1.0,0.0,0.0,0.0,0.0,0.0,0.0,1957-06-26,M,,37577.0,2024.0,0.001,0.0,106.457,0.0,0.001,0.0
I,USD,STD,INDL,C,3674,12/31/15,65643,FAIRCHILD SEMICONDUCTOR INTL,FCS,2015,1585.9,1096.2,198.4,1585.9,-15.1,1370.2,162.6,113.484,20.71,3674.0,2350.25364,Semiconductors/Hardware,11505.0,11505.0,2014-11-17,333387.0,Doctor Mark Thompson,FAIRCHILD SEMICONDUCTOR INTERNATIONAL INC (De-listed 09/2016),Chairman/President/CEO,2016-09-19,10.0,10.0,Executive Director,,,,,,,,,,,,,,,,,,,,,
A,USD,STD,INDL,C,7372,2/29/16,65986,BLACKBERRY LTD,BB,2015,5534.0,3208.0,1277.0,5534.0,-208.0,2160.0,469.0,521.172,7.81,3663.0,4070.35332,Software,26104.0,26104.0,2013-11-04,141731.0,John Chen,BLACKBERRY LTD (Research In Motion Ltd prior to 07/2013),Chairman (Executive)/CEO,2023-11-04,10.0,10.0,Executive Director,1.0,1.0,0.0,0.0,0.0,0.0,0.0,0.0,1.0,1.0,1955-07-01,M,Asian Association Network,9349.0,,,,,,,
I,USD,STD,INDL,C,7371,12/31/21,39482,THOUGHTWORKS HOLDG INC,TWKS,2021,1484.15,708.491,497.38,1484.15,-23.623,1069.945,,305.132,26.81,7371.0,8180.58892,Software,3449260.0,3449260.0,2021-09-15,1975125.0,Guo Xiao,THOUGHTWORKS HOLDING INC (De-listed 11/2024),President/CEO,2024-06-17,10.0,10.0,Executive Director,1.0,0.0,0.0,0.0,0.0,0.0,0.0,0.0,1.0,1.0,1974-06-15,M,,,,,,,,,
A,USD,STD,INDL,C,7372,12/31/25,38931,CONFLUENT INC,CFLT,2025,2985.27,1169.139,1097.193,2985.27,-295.275,1166.748,481.706,356.138,30.24,7372.0,10769.613119999998,Software,3411706.0,3411706.0,2021-06-24,1808923.0,Edward Kreps,CONFLUENT INC (De-listed 03/2026),Chairman/CEO,2026-03-17,10.0,10.0,Executive Director,1.0,0.0,0.0,0.0,0.0,0.0,0.0,0.0,1.0,0.0,1980-05-01,M,,2518.0,,,,,,,
A,USD,STD,INDL,C,2834,12/31/25,38821,ORGANON & CO,OGN,2025,12867.0,752.0,8744.0,12867.0,187.0,6216.0,372.0,260.316,7.17,2834.0,1866.4657199999997,Biotech,1562505.0,1562505.0,2021-02-10,2413290.0,Paddy Nicol,OROGEN ROYALTIES INC (Evrim Resources Corp prior to 08/2020),President/CEO,2027-01-01,10.0,40.0,Executive Director,1.0,0.0,1.0,0.0,0.0,0.0,0.0,0.0,0.0,0.0,1900-01-01,M,,,,,,,,,
I,USD,STD,INDL,C,7372,12/31/18,31607,NATIONAL INSTRUMENTS CORP,NATI,2018,1671.235,1238.358,0.0,1671.235,155.057,1359.132,261.072,132.656,45.38,7372.0,6019.92928,Software,21606.0,21606.0,2018-10-23,205003.0,Alex Davern,NATIONAL INSTRUMENTS CORP (De-listed 10/2023),CEO,2020-01-31,10.0,10.0,Executive Director,1.0,0.0,0.0,0.0,0.0,0.0,0.0,0.0,0.0,0.0,1966-06-15,M,,21474.0,2018.0,725.004,0.0,3548.896,2213.1,725.004,0.6236023822619766
A,USD,STD,INDL,C,2834,12/31/17,29955,BAUSCH HEALTH COMPANIES INC,BHC,2017,37497.0,5849.0,25241.0,37497.0,2404.0,8724.0,369.0,348.709,20.78,2834.0,7246.17302,Biotech,4427.0,4427.0,2016-05-02,206108.0,Joe Papa Jr,BAUSCH HEALTH COMPANIES INC (Valeant Pharmaceuticals International Inc prior to 07/2018),Chairman/CEO,2022-05-10,10.0,10.0,Executive Director,1.0,0.0,1.0,1.0,1.0,0.0,0.0,0.0,0.0,0.0,1956-06-15,M,,24736.0,,,,,,,
A,USD,STD,INDL,C,2834,12/31/18,29955,BAUSCH HEALTH COMPANIES INC,BHC,2018,32492.0,2733.0,24077.0,32492.0,-4148.0,8380.0,442.0,349.871,18.47,2834.0,6462.117369999999,Biotech,4427.0,4427.0,2016-05-02,206108.0,Joe Papa Jr,BAUSCH HEALTH COMPANIES INC (Valeant Pharmaceuticals International Inc prior to 07/2018),Chairman/CEO,2022-05-10,10.0,10.0,Executive Director,1.0,0.0,1.0,1.0,1.0,0.0,0.0,0.0,0.0,0.0,1956-06-15,M,,24736.0,,,,,,,
A,USD,STD,INDL,C,2834,12/31/19,29955,BAUSCH HEALTH COMPANIES INC,BHC,2019,33863.0,1063.0,24901.0,33863.0,-1788.0,8601.0,512.0,352.563,29.92,2834.0,10548.68496,Biotech,4427.0,4427.0,2016-05-02,206108.0,Joe Papa Jr,BAUSCH HEALTH COMPANIES INC (Valeant Pharmaceuticals International Inc prior to 07/2018),Chairman/CEO,2022-05-10,10.0,10.0,Executive Director,1.0,0.0,1.0,1.0,1.0,0.0,0.0,0.0,0.0,0.0,1956-06-15,M,,24736.0,,,,,,,
A,USD,STD,INDL,C,2834,12/31/20,29955,BAUSCH HEALTH COMPANIES INC,BHC,2020,31199.0,535.0,24152.0,31199.0,-560.0,8027.0,484.0,355.422,20.8,2834.0,7392.7776,Biotech,4427.0,4427.0,2016-05-02,206108.0,Joe Papa Jr,BAUSCH HEALTH COMPANIES INC (Valeant Pharmaceuticals International Inc prior to 07/2018),Chairman/CEO,2022-05-10,10.0,10.0,Executive Director,1.0,0.0,1.0,1.0,1.0,0.0,0.0,0.0,0.0,0.0,1956-06-15,M,,24736.0,,,,,,,
A,USD,STD,INDL,C,2834,12/31/21,29955,BAUSCH HEALTH COMPANIES INC,BHC,2021,29202.0,-106.0,22868.0,29202.0,-948.0,8434.0,473.0,359.406,27.61,2834.0,9923.19966,Biotech,4427.0,4427.0,2016-05-02,206108.0,Joe Papa Jr,BAUSCH HEALTH COMPANIES INC (Valeant Pharmaceuticals International Inc prior to 07/2018),Chairman/CEO,2022-05-10,10.0,10.0,Executive Director,1.0,0.0,1.0,1.0,1.0,0.0,0.0,0.0,0.0,0.0,1956-06-15,M,,24736.0,,,,,,,
A,USD,STD,INDL,C,2834,12/31/22,29955,BAUSCH HEALTH COMPANIES INC,BHC,2022,25686.0,-692.0,20518.0,25686.0,-225.0,8124.0,530.0,361.899,6.28,2834.0,2272.72572,Biotech,4427.0,4427.0,2022-05-10,1712387.0,Tom Appio,BAUSCH HEALTH COMPANIES INC (Valeant Pharmaceuticals International Inc prior to 07/2018),CEO,2027-01-01,10.0,40.0,Executive Director,1.0,0.0,0.0,0.0,0.0,0.0,0.0,0.0,0.0,0.0,1961-06-15,M,,,,,,,,,
A,USD,STD,INDL,C,2834,12/31/23,29955,BAUSCH HEALTH COMPANIES INC,BHC,2023,27350.0,-1022.0,22086.0,27350.0,-592.0,8757.0,604.0,365.239,8.02,2834.0,2929.2167799999997,Biotech,4427.0,4427.0,2022-05-10,1712387.0,Tom Appio,BAUSCH HEALTH COMPANIES INC (Valeant Pharmaceuticals International Inc prior to 07/2018),CEO,2027-01-01,10.0,40.0,Executive Director,1.0,0.0,0.0,0.0,0.0,0.0,0.0,0.0,0.0,0.0,1961-06-15,M,,,,,,,,,
A,USD,STD,INDL,C,2834,12/31/24,29955,BAUSCH HEALTH COMPANIES INC,BHC,2024,26523.0,-1279.0,19107.0,26523.0,-46.0,9625.0,634.0,367.843,8.06,2834.0,2964.81458,Biotech,4427.0,4427.0,2022-05-10,1712387.0,Tom Appio,BAUSCH HEALTH COMPANIES INC (Valeant Pharmaceuticals International Inc prior to 07/2018),CEO,2027-01-01,10.0,40.0,Executive Director,1.0,0.0,0.0,0.0,0.0,0.0,0.0,0.0,0.0,0.0,1961-06-15,M,,,,,,,,,
A,USD,STD,INDL,C,2834,12/31/25,29955,BAUSCH HEALTH COMPANIES INC,BHC,2025,26366.0,-554.0,20782.0,26366.0,157.0,10266.0,743.0,370.532,6.95,2834.0,2575.1974,Biotech,4427.0,4427.0,2022-05-10,1712387.0,Tom Appio,BAUSCH HEALTH COMPANIES INC (Valeant Pharmaceuticals International Inc prior to 07/2018),CEO,2027-01-01,10.0,40.0,Executive Director,1.0,0.0,0.0,0.0,0.0,0.0,0.0,0.0,0.0,0.0,1961-06-15,M,,,,,,,,,
I,USD,STD,INDL,C,7372,6/30/23,30870,ASPEN TECHNOLOGY INC,AZPN,2023,14486.052,13070.929,55.442,14486.052,-107.76,1044.178,209.347,64.465,167.61,7372.0,10804.97865,Software,1649258.0,1649258.0,2013-10-01,508234.0,Antonio Pietri,ASPEN TECHNOLOGY INC (De-listed 03/2025),President/CEO,2025-03-12,10.0,10.0,Executive Director,1.0,0.0,1.0,0.0,0.0,0.0,0.0,0.0,0.0,0.0,1966-06-15,M,,36373.0,2023.0,750.0,0.0,1402.317,0.0,750.0,0.0
I,USD,STD,INDL,C,7372,6/30/24,30870,ASPEN TECHNOLOGY INC,AZPN,2024,14071.707,12812.855,84.875,14071.707,-9.771,1127.482,206.114,63.251,198.63,7372.0,12563.54613,Software,1649258.0,1649258.0,2013-10-01,508234.0,Antonio Pietri,ASPEN TECHNOLOGY INC (De-listed 03/2025),President/CEO,2025-03-12,10.0,10.0,Executive Director,1.0,0.0,1.0,0.0,0.0,0.0,0.0,0.0,0.0,0.0,1966-06-15,M,,36373.0,2024.0,750.0,0.0,11541.446,10115.548,750.0,0.876454128884717
I,USD,STD,INDL,C,7372,12/31/15,31607,NATIONAL INSTRUMENTS CORP,NATI,2015,1453.856,1081.721,37.0,1453.856,95.262,1225.456,225.131,127.472,28.69,7372.0,3657.17168,Software,21606.0,21606.0,1976-01-02,92037.0,Doctor Jim Truchard,NATIONAL INSTRUMENTS CORP (De-listed 10/2023),Chairman/President/CEO,2017-01-01,30.0,10.0,Executive Director,1.0,0.0,0.0,0.0,1.0,0.0,0.0,0.0,1.0,0.0,1943-06-25,M,,15620.0,2015.0,0.001,0.0,0.001,0.0,0.001,0.0
I,USD,STD,INDL,C,7372,12/31/16,31607,NATIONAL INSTRUMENTS CORP,NATI,2016,1496.564,1114.219,25.0,1496.564,82.734,1228.179,235.706,129.203,30.82,7372.0,3982.03646,Software,21606.0,21606.0,1976-01-02,92037.0,Doctor Jim Truchard,NATIONAL INSTRUMENTS CORP (De-listed 10/2023),Chairman/President/CEO,2017-01-01,30.0,10.0,Executive Director,1.0,0.0,0.0,0.0,1.0,0.0,0.0,0.0,1.0,0.0,1943-06-25,M,,15620.0,2016.0,0.001,0.0,18.234,0.0,0.001,0.0
I,USD,STD,INDL,C,7372,12/31/17,31607,NATIONAL INSTRUMENTS CORP,NATI,2017,1566.434,1128.021,0.0,1566.434,52.411,1289.386,231.761,130.979,41.63,7372.0,5452.655770000001,Software,21606.0,21606.0,2017-01-25,205003.0,Alex Davern,NATIONAL INSTRUMENTS CORP (De-listed 10/2023),President/CEO,2018-10-23,10.0,10.0,Executive Director,1.0,0.0,0.0,0.0,0.0,0.0,0.0,0.0,0.0,0.0,1966-06-15,M,,21474.0,2017.0,700.0,0.0,7505.508,6364.5,700.0,0.8479772455108968
I,USD,STD,INDL,C,7372,12/31/19,31607,NATIONAL INSTRUMENTS CORP,NATI,2019,1651.889,1176.35,40.65,1651.889,162.151,1353.215,272.452,130.505,42.34,7372.0,5525.581700000001,Software,21606.0,21606.0,2018-10-23,205003.0,Alex Davern,NATIONAL INSTRUMENTS CORP (De-listed 10/2023),CEO,2020-01-31,10.0,10.0,Executive Director,1.0,0.0,0.0,0.0,0.0,0.0,0.0,0.0,0.0,0.0,1966-06-15,M,,21474.0,2019.0,775.754,1.0,6354.151,5340.969,776.754,0.8405480134167413
A,USD,STD,INDL,C,2834,12/31/15,29955,BAUSCH HEALTH COMPANIES INC,BHC,2015,48964.5,5911.0,30297.8,48964.5,-291.7,10446.5,582.8,342.927,101.65,2834.0,34858.52955000001,Biotech,4427.0,4427.0,2011-03-22,499843.0,Mike Pearson,BAUSCH HEALTH COMPANIES INC (Valeant Pharmaceuticals International Inc prior to 07/2018),Chairman/CEO,2016-01-06,10.0,10.0,Executive Director,1.0,1.0,1.0,0.0,0.0,0.0,0.0,0.0,0.0,0.0,1959-06-15,M,,,,,,,,,
I,USD,STD,INDL,C,7372,12/31/20,31607,NATIONAL INSTRUMENTS CORP,NATI,2020,1884.488,1224.871,127.89,1884.488,143.659,1286.671,280.381,131.247,43.94,7372.0,5766.99318,Software,21606.0,21606.0,2020-02-01,889340.0,Eric Starkloff,NATIONAL INSTRUMENTS CORP (De-listed 10/2023),President/CEO,2023-10-11,10.0,10.0,Executive Director,1.0,0.0,0.0,0.0,0.0,0.0,0.0,0.0,0.0,0.0,1974-06-15,M,,45957.0,2020.0,629.271,0.0,11465.634,10414.68,629.271,0.9083387800447843
I,USD,STD,INDL,C,7372,12/31/21,31607,NATIONAL INSTRUMENTS CORP,NATI,2021,2114.985,1223.697,330.468,2114.985,89.315,1469.681,335.986,132.294,43.67,7372.0,5777.278980000001,Software,21606.0,21606.0,2020-02-01,889340.0,Eric Starkloff,NATIONAL INSTRUMENTS CORP (De-listed 10/2023),President/CEO,2023-10-11,10.0,10.0,Executive Director,1.0,0.0,0.0,0.0,0.0,0.0,0.0,0.0,0.0,0.0,1974-06-15,M,,45957.0,2021.0,735.0,0.0,8190.384,6659.513,735.0,0.8130892275624684
I,USD,STD,INDL,C,7372,12/31/22,31607,NATIONAL INSTRUMENTS CORP,NATI,2022,2358.538,1156.124,547.225,2358.538,139.644,1656.564,331.71,131.005,36.9,7372.0,4834.0845,Software,21606.0,21606.0,2020-02-01,889340.0,Eric Starkloff,NATIONAL INSTRUMENTS CORP (De-listed 10/2023),President/CEO,2023-10-11,10.0,10.0,Executive Director,1.0,0.0,0.0,0.0,0.0,0.0,0.0,0.0,0.0,0.0,1974-06-15,M,,45957.0,2022.0,735.0,0.0,8398.504,7266.432,735.0,0.8652055175540786
A,USD,STD,INDL,C,2834,12/31/18,30137,NEKTAR THERAPEUTICS,NKTR,2018,2150.172,1717.575,329.861,2150.172,681.313,1193.323,399.536,173.53,32.87,2834.0,5703.9311,Biotech,16049.0,16049.0,2007-02-14,376561.0,Howard Robin,NEKTAR THERAPEUTICS (Inhale Therapeutic Systems prior to 01/2003),President/CEO,2027-01-01,10.0,40.0,Executive Director,1.0,0.0,0.0,0.0,0.0,0.0,0.0,0.0,0.0,0.0,1952-06-15,M,,48100.0,2018.0,968.921,0.0,13330.667,7807.334,968.921,0.5856671687920793
A,USD,STD,INDL,C,3672,3/31/16,30170,FLEX LTD,FLEX,2015,12384.981,2570.872,2727.803,12384.981,444.081,24418.885,75.5,544.824,12.06,3672.0,6570.57744,Semiconductors/Hardware,12102.0,12102.0,2006-01-01,377031.0,Mike McNamara,FLEX LTD (Flextronics International Ltd prior to 09/2016),CEO,2018-12-31,10.0,10.0,Executive Director,1.0,0.0,1.0,0.0,0.0,0.0,0.0,0.0,0.0,0.0,1957-06-15,M,,66237.0,2015.0,1250.0,481.055,12744.103,9432.392,1731.055,0.7401377719561746
A,USD,STD,INDL,C,3672,3/31/17,30170,FLEX LTD,FLEX,2016,12593.363,2644.533,2905.029,12593.363,319.564,23862.934,65.6,531.295,16.8,3672.0,8925.756,Semiconductors/Hardware,12102.0,12102.0,2006-01-01,377031.0,Mike McNamara,FLEX LTD (Flextronics International Ltd prior to 09/2016),CEO,2018-12-31,10.0,10.0,Executive Director,1.0,0.0,1.0,0.0,0.0,0.0,0.0,0.0,0.0,0.0,1957-06-15,M,,66237.0,2016.0,1250.0,0.0,14793.605,10484.437,1250.0,0.7087141369530956
A,USD,STD,INDL,C,3672,3/31/18,30170,FLEX LTD,FLEX,2017,13715.855,3018.573,2906.631,13715.855,428.534,25441.131,78.2,528.078,16.33,3672.0,8623.513739999999,Semiconductors/Hardware,12102.0,12102.0,2006-01-01,377031.0,Mike McNamara,FLEX LTD (Flextronics International Ltd prior to 09/2016),CEO,2018-12-31,10.0,10.0,Executive Director,1.0,0.0,1.0,0.0,0.0,0.0,0.0,0.0,0.0,0.0,1957-06-15,M,,66237.0,2017.0,1250.0,0.0,15188.944,11658.039,1250.0,0.7675345303794655
A,USD,STD,INDL,C,3672,3/31/20,30170,FLEX LTD,FLEX,2019,13689.617,2831.153,3218.076,13689.617,87.579,24209.87,,497.426,8.375,3672.0,4165.94275,Semiconductors/Hardware,12102.0,12102.0,2019-02-11,892665.0,Revathi Advaithi,FLEX LTD (Flextronics International Ltd prior to 09/2016),CEO,2027-01-01,10.0,40.0,Executive Director,1.0,0.0,1.0,0.0,0.0,0.0,0.0,0.0,0.0,0.0,1967-10-01,F,,48585.0,2019.0,1150.0,0.0,10812.931,8566.406,1150.0,0.7922371834241798
A,USD,STD,INDL,C,3672,3/31/21,30170,FLEX LTD,FLEX,2020,15836.0,3436.0,4077.0,15836.0,613.0,24124.0,,492.568,18.31,3672.0,9018.92008,Semiconductors/Hardware,12102.0,12102.0,2019-02-11,892665.0,Revathi Advaithi,FLEX LTD (Flextronics International Ltd prior to 09/2016),CEO,2027-01-01,10.0,40.0,Executive Director,1.0,0.0,1.0,0.0,0.0,0.0,0.0,0.0,0.0,0.0,1967-10-01,F,,48585.0,2020.0,862.5,0.0,11897.878,8970.982,862.5,0.7539984861165999
A,USD,STD,INDL,C,3672,3/31/22,30170,FLEX LTD,FLEX,2021,19325.0,4129.0,3799.0,19325.0,936.0,26041.0,,460.56,18.55,3672.0,8543.388,Semiconductors/Hardware,12102.0,12102.0,2019-02-11,892665.0,Revathi Advaithi,FLEX LTD (Flextronics International Ltd prior to 09/2016),CEO,2027-01-01,10.0,40.0,Executive Director,1.0,0.0,1.0,0.0,0.0,0.0,0.0,0.0,0.0,0.0,1967-10-01,F,,48585.0,2021.0,1281.25,0.0,14375.624,10484.149,1281.25,0.7293004463667108
A,USD,STD,INDL,C,3672,3/31/23,30170,FLEX LTD,FLEX,2022,21395.0,5351.0,4197.0,21395.0,793.0,30346.0,,450.123,23.01,3672.0,10357.33023,Semiconductors/Hardware,12102.0,12102.0,2019-02-11,892665.0,Revathi Advaithi,FLEX LTD (Flextronics International Ltd prior to 09/2016),CEO,2027-01-01,10.0,40.0,Executive Director,1.0,0.0,1.0,0.0,0.0,0.0,0.0,0.0,0.0,0.0,1967-10-01,F,,48585.0,2022.0,1325.0,0.0,15597.911,11020.718,1325.0,0.7065508964629944
A,USD,STD,INDL,C,3672,3/31/24,30170,FLEX LTD,FLEX,2023,18257.0,5325.0,3751.0,18257.0,1006.0,26415.0,,408.102,28.61,3672.0,11675.79822,Semiconductors/Hardware,12102.0,12102.0,2019-02-11,892665.0,Revathi Advaithi,FLEX LTD (Flextronics International Ltd prior to 09/2016),CEO,2027-01-01,10.0,40.0,Executive Director,1.0,0.0,1.0,0.0,0.0,0.0,0.0,0.0,0.0,0.0,1967-10-01,F,,48585.0,2023.0,1325.0,0.0,9861.921,6132.966,1325.0,0.6218835052521715
A,USD,STD,INDL,C,3672,3/31/25,30170,FLEX LTD,FLEX,2024,18381.0,5002.0,2939.0,18381.0,838.0,25813.0,,377.817,33.08,3672.0,12498.18636,Semiconductors/Hardware,12102.0,12102.0,2019-02-11,892665.0,Revathi Advaithi,FLEX LTD (Flextronics International Ltd prior to 09/2016),CEO,2027-01-01,10.0,40.0,Executive Director,1.0,0.0,1.0,0.0,0.0,0.0,0.0,0.0,0.0,0.0,1967-10-01,F,,48585.0,2024.0,1326.183,0.0,4988.413,0.0,1326.183,0.0
A,USD,STD,INDL,C,2834,12/31/16,29955,BAUSCH HEALTH COMPANIES INC,BHC,2016,43529.0,3152.0,29871.0,43529.0,-2409.0,9674.0,469.0,347.822,14.52,2834.0,5050.37544,Biotech,4427.0,4427.0,2016-05-02,206108.0,Joe Papa Jr,BAUSCH HEALTH COMPANIES INC (Valeant Pharmaceuticals International Inc prior to 07/2018),Chairman/CEO,2022-05-10,10.0,10.0,Executive Director,1.0,0.0,1.0,1.0,1.0,0.0,0.0,0.0,0.0,0.0,1956-06-15,M,,24736.0,2016.0,464.293,0.0,9110.418,5914.987,464.293,0.649255281151754
I,USD,STD,INDL,C,2836,12/31/17,29819,BIOVERATIV INC,BIVV,2017,1618.3,897.6,0.0,1618.3,355.6,1168.5,224.6,108.203,53.92,2836.0,5834.30576,Biotech,2607844.0,2607844.0,2017-02-01,1123231.0,John Cox,BIOVERATIV INC (De-listed 03/2018),CEO,2018-03-08,10.0,10.0,Executive Director,1.0,0.0,1.0,0.0,0.0,0.0,0.0,0.0,1.0,0.0,1963-06-15,M,,43232.0,2017.0,788.698,0.0,15103.35,3249.987,788.698,0.21518318783581125
A,USD,STD,INDL,C,2834,12/31/24,38821,ORGANON & CO,OGN,2024,13101.0,472.0,8972.0,13101.0,864.0,6403.0,550.0,257.799,14.92,2834.0,3846.36108,Biotech,3394496.0,3394496.0,2021-05-14,2489439.0,Kevin Ali,ORGANON & CO,CEO,2025-10-26,10.0,10.0,Executive Director,1.0,1.0,1.0,0.0,0.0,0.0,0.0,0.0,0.0,0.0,1960-06-15,M,,,,,,,,,
A,USD,STD,INDL,C,3672,8/31/19,28195,JABIL INC,JBL,2019,12970.475,1887.443,2121.284,12970.475,287.111,25282.32,42.861,153.52,28.81,3672.0,4422.9112000000005,Semiconductors/Hardware,17238.0,17238.0,2013-03-01,63117.0,Mark Mondello,JABIL INC (Jabil Circuit Inc prior to 06/2017),CEO,2021-11-01,10.0,10.0,Executive Director,1.0,0.0,0.0,0.0,0.0,0.0,0.0,0.0,0.0,0.0,1964-06-15,M,,20629.0,2019.0,1215.0,0.0,11412.434,8140.83,1215.0,0.7133298646020648
A,USD,STD,INDL,C,3674,3/31/20,27965,MICROCHIP TECHNOLOGY INC,MCHP,2019,17426.1,5585.5,8968.1,17426.1,570.6,5274.2,877.8,245.326,67.8,3674.0,16633.1028,Semiconductors/Hardware,20566.0,20566.0,2016-02-03,61502.0,Steve Sanghi,MICROCHIP TECHNOLOGY INC,Chairman/CEO,2021-03-01,10.0,10.0,Executive Director,1.0,0.0,0.0,0.0,0.0,0.0,0.0,0.0,1.0,0.0,1956-06-15,M,,7634.0,,,,,,,
A,USD,STD,INDL,C,3674,3/31/21,27965,MICROCHIP TECHNOLOGY INC,MCHP,2020,16478.8,5337.1,7706.6,16478.8,349.4,5438.4,836.4,273.529,155.22,3674.0,42457.17138,Semiconductors/Hardware,20566.0,20566.0,2016-02-03,61502.0,Steve Sanghi,MICROCHIP TECHNOLOGY INC,Chairman/CEO,2021-03-01,10.0,10.0,Executive Director,1.0,0.0,0.0,0.0,0.0,0.0,0.0,0.0,1.0,0.0,1956-06-15,M,,7634.0,,,,,,,
A,USD,STD,INDL,C,3674,3/31/22,27965,MICROCHIP TECHNOLOGY INC,MCHP,2021,16199.5,5894.8,7816.3,16199.5,1285.5,6820.9,989.1,554.501,75.14,3674.0,41665.20514,Semiconductors/Hardware,20566.0,20566.0,2021-03-01,61667.0,Ganesh Moorthy,MICROCHIP TECHNOLOGY INC,President/CEO,2024-11-18,10.0,10.0,Executive Director,1.0,0.0,1.0,0.0,0.0,0.0,0.0,0.0,0.0,0.0,1959-06-15,M,,27067.0,2021.0,565.862,46.006,12759.667,10538.056,611.8679999999999,0.8258880110272471
A,USD,STD,INDL,C,3674,3/31/23,27965,MICROCHIP TECHNOLOGY INC,MCHP,2022,16370.3,6513.6,5170.3,16370.3,2237.7,8438.7,1118.3,545.46,83.78,3674.0,45698.6388,Semiconductors/Hardware,20566.0,20566.0,2021-03-01,61667.0,Ganesh Moorthy,MICROCHIP TECHNOLOGY INC,President/CEO,2024-11-18,10.0,10.0,Executive Director,1.0,0.0,1.0,0.0,0.0,0.0,0.0,0.0,0.0,0.0,1959-06-15,M,,27067.0,2022.0,643.126,75.599,12276.315,8714.501,718.725,0.7098629352537793
A,USD,STD,INDL,C,3674,3/31/24,27965,MICROCHIP TECHNOLOGY INC,MCHP,2023,15873.2,6657.8,5129.1,15873.2,1906.9,7634.4,1097.4,536.664,89.71,3674.0,48144.12744,Semiconductors/Hardware,20566.0,20566.0,2021-03-01,61667.0,Ganesh Moorthy,MICROCHIP TECHNOLOGY INC,President/CEO,2024-11-18,10.0,10.0,Executive Director,1.0,0.0,1.0,0.0,0.0,0.0,0.0,0.0,0.0,0.0,1959-06-15,M,,27067.0,2023.0,680.723,21.329,2466.689,829.656,702.0519999999999,0.3363439817504355
A,USD,STD,INDL,C,3674,3/31/25,27965,MICROCHIP TECHNOLOGY INC,MCHP,2024,15374.6,7078.3,5745.5,15374.6,-0.5,4388.3,983.8,538.705,48.41,3674.0,26078.70905,Semiconductors/Hardware,20566.0,20566.0,2024-11-18,61502.0,Steve Sanghi,MICROCHIP TECHNOLOGY INC,Chair/Interim President/CEO,2025-07-02,10.0,10.0,Executive Director,1.0,0.0,0.0,0.0,0.0,0.0,0.0,0.0,1.0,0.0,1956-06-15,M,,7634.0,,,,,,,
A,USD,STD,INDL,C,3672,9/30/22,28139,SANMINA CORP,SANM,2022,4835.531,1819.536,377.803,4835.531,240.384,7919.622,21.343,57.394,46.08,3672.0,2644.7155199999997,Semiconductors/Hardware,27025.0,27025.0,2020-08-17,83652.0,Jure Sola,SANMINA CORP (Sanmina-SCI Corp prior to 11/2012),Chairman/CEO,2027-01-01,10.0,40.0,Executive Director,1.0,0.0,0.0,0.0,0.0,0.0,0.0,0.0,0.0,0.0,1951-01-02,M,,8095.0,,,,,,,
A,USD,STD,INDL,C,3672,9/30/23,28139,SANMINA CORP,SANM,2023,4873.968,2168.95,372.99,4873.968,309.97,8935.048,26.427,56.833,54.28,3672.0,3084.89524,Semiconductors/Hardware,27025.0,27025.0,2020-08-17,83652.0,Jure Sola,SANMINA CORP (Sanmina-SCI Corp prior to 11/2012),Chairman/CEO,2027-01-01,10.0,40.0,Executive Director,1.0,0.0,0.0,0.0,0.0,0.0,0.0,0.0,0.0,0.0,1951-01-02,M,,8095.0,,,,,,,
A,USD,STD,INDL,C,3672,9/30/24,28139,SANMINA CORP,SANM,2024,4822.845,2196.618,344.336,4822.845,222.536,7568.328,28.514,53.921,68.45,3672.0,3690.89245,Semiconductors/Hardware,27025.0,27025.0,2020-08-17,83652.0,Jure Sola,SANMINA CORP (Sanmina-SCI Corp prior to 11/2012),Chairman/CEO,2027-01-01,10.0,40.0,Executive Director,1.0,0.0,0.0,0.0,0.0,0.0,0.0,0.0,0.0,0.0,1951-01-02,M,,8095.0,,,,,,,
A,USD,STD,INDL,C,3672,9/30/25,28139,SANMINA CORP,SANM,2025,5858.173,2353.906,318.996,5858.173,245.893,8128.382,31.087,53.404,115.11,3672.0,6147.3344400000005,Semiconductors/Hardware,27025.0,27025.0,2020-08-17,83652.0,Jure Sola,SANMINA CORP (Sanmina-SCI Corp prior to 11/2012),Chairman/CEO,2027-01-01,10.0,40.0,Executive Director,1.0,0.0,0.0,0.0,0.0,0.0,0.0,0.0,0.0,0.0,1951-01-02,M,,8095.0,,,,,,,
A,USD,STD,INDL,C,3672,8/31/15,28195,JABIL INC,JBL,2015,9603.207,2314.856,1346.558,9603.207,284.019,17899.196,27.645,192.068,19.35,3672.0,3716.5158000000006,Semiconductors/Hardware,17238.0,17238.0,2013-03-01,63117.0,Mark Mondello,JABIL INC (Jabil Circuit Inc prior to 06/2017),CEO,2021-11-01,10.0,10.0,Executive Director,1.0,0.0,0.0,0.0,0.0,0.0,0.0,0.0,0.0,0.0,1964-06-15,M,,20629.0,2015.0,1050.0,0.0,10485.994,5642.594,1050.0,0.5381076891709073
A,USD,STD,INDL,C,3672,8/31/16,28195,JABIL INC,JBL,2016,10322.677,2438.171,2074.012,10322.677,254.095,18353.086,31.954,186.998,21.19,3672.0,3962.48762,Semiconductors/Hardware,17238.0,17238.0,2013-03-01,63117.0,Mark Mondello,JABIL INC (Jabil Circuit Inc prior to 06/2017),CEO,2021-11-01,10.0,10.0,Executive Director,1.0,0.0,0.0,0.0,0.0,0.0,0.0,0.0,0.0,0.0,1964-06-15,M,,20629.0,2016.0,1100.0,0.0,10518.415,9407.615,1100.0,0.894394735328469
A,USD,STD,INDL,C,3672,8/31/17,28195,JABIL INC,JBL,2017,11095.995,2353.514,1632.592,11095.995,129.09,19063.121,29.68,177.728,31.35,3672.0,5571.772800000001,Semiconductors/Hardware,17238.0,17238.0,2013-03-01,63117.0,Mark Mondello,JABIL INC (Jabil Circuit Inc prior to 06/2017),CEO,2021-11-01,10.0,10.0,Executive Director,1.0,0.0,0.0,0.0,0.0,0.0,0.0,0.0,0.0,0.0,1964-06-15,M,,20629.0,2017.0,1100.0,0.0,11852.85,7928.8,1100.0,0.6689361630325196
A,USD,STD,INDL,C,3672,8/31/18,28195,JABIL INC,JBL,2018,12045.641,1950.257,2493.502,12045.641,86.33,22095.416,38.531,164.588,29.56,3672.0,4865.22128,Semiconductors/Hardware,17238.0,17238.0,2013-03-01,63117.0,Mark Mondello,JABIL INC (Jabil Circuit Inc prior to 06/2017),CEO,2021-11-01,10.0,10.0,Executive Director,1.0,0.0,0.0,0.0,0.0,0.0,0.0,0.0,0.0,0.0,1964-06-15,M,,20629.0,2018.0,1150.0,0.0,11396.365,8452.294,1150.0,0.741665785537757
A,USD,STD,INDL,C,3672,8/31/20,28195,JABIL INC,JBL,2020,14397.416,1811.384,3141.07,14397.416,53.912,27266.438,44.143,150.33,34.15,3672.0,5133.7695,Semiconductors/Hardware,17238.0,17238.0,2013-03-01,63117.0,Mark Mondello,JABIL INC (Jabil Circuit Inc prior to 06/2017),CEO,2021-11-01,10.0,10.0,Executive Director,1.0,0.0,0.0,0.0,0.0,0.0,0.0,0.0,0.0,0.0,1964-06-15,M,,20629.0,2020.0,1144.904,0.0,13010.703,11561.52,1144.904,0.8886160878470595
A,USD,STD,INDL,C,2836,12/31/25,29127,INCYTE CORP,INCY,2025,6957.973,5167.478,44.707,6957.973,1286.65,5141.242,2050.152,198.46,98.77,2836.0,19601.8942,Biotech,15783.0,15783.0,2025-06-26,895019.0,Bill Meury,INCYTE CORP (Incyte Genomics prior to 03/2003),President/CEO,2026-03-25,10.0,10.0,Executive Director,1.0,0.0,0.0,0.0,0.0,0.0,0.0,0.0,0.0,0.0,1968-06-15,M,,47489.0,,,,,,,
A,USD,STD,INDL,C,3672,8/31/21,28195,JABIL INC,JBL,2021,16654.0,2136.0,3434.0,16654.0,696.0,29285.0,34.0,144.496,61.78,3672.0,8926.962880000001,Semiconductors/Hardware,17238.0,17238.0,2021-11-01,63117.0,Mark Mondello,JABIL INC (Jabil Circuit Inc prior to 06/2017),Chairman/CEO,2023-04-30,10.0,10.0,Executive Director,1.0,0.0,0.0,0.0,0.0,0.0,0.0,0.0,0.0,0.0,1964-06-15,M,,20629.0,2021.0,1133.221,0.0,15629.573,11159.6,1133.221,0.7140054306026147
A,USD,STD,INDL,C,3672,8/31/22,28195,JABIL INC,JBL,2022,19717.0,2451.0,3190.0,19717.0,996.0,33478.0,33.0,135.494,60.3,3672.0,8170.2882,Semiconductors/Hardware,17238.0,17238.0,2021-11-01,63117.0,Mark Mondello,JABIL INC (Jabil Circuit Inc prior to 06/2017),Chairman/CEO,2023-04-30,10.0,10.0,Executive Director,1.0,0.0,0.0,0.0,0.0,0.0,0.0,0.0,0.0,0.0,1964-06-15,M,,20629.0,2022.0,1248.846,0.0,16435.268,11110.207,1248.846,0.6759979210561093
A,USD,STD,INDL,C,3672,8/31/23,28195,JABIL INC,JBL,2023,19424.0,2866.0,3356.0,19424.0,818.0,34702.0,34.0,131.294,114.42,3672.0,15022.659480000002,Semiconductors/Hardware,17238.0,17238.0,2023-05-01,1996477.0,Kenny Wilson,JABIL INC (Jabil Circuit Inc prior to 06/2017),CEO,2024-05-18,10.0,10.0,Executive Director,1.0,0.0,1.0,0.0,0.0,0.0,0.0,0.0,0.0,0.0,1965-06-15,M,,,,,,,,,
A,USD,STD,INDL,C,3672,8/31/24,28195,JABIL INC,JBL,2024,17351.0,1737.0,3399.0,17351.0,1388.0,28883.0,39.0,113.744,109.28,3672.0,12429.94432,Semiconductors/Hardware,17238.0,17238.0,2024-09-03,540451.0,Mike Dastoor,JABIL INC (Jabil Circuit Inc prior to 06/2017),CEO,2027-01-01,10.0,40.0,Executive Director,1.0,0.0,0.0,0.0,0.0,0.0,0.0,0.0,0.0,0.0,1965-10-01,M,,57615.0,2024.0,877.692,0.0,2729.897,0.0,877.692,0.0
A,USD,STD,INDL,C,3672,8/31/25,28195,JABIL INC,JBL,2025,18543.0,1513.0,2940.0,18543.0,657.0,29802.0,26.0,107.481,204.83,3672.0,22015.33323,Semiconductors/Hardware,17238.0,17238.0,2024-09-03,540451.0,Mike Dastoor,JABIL INC (Jabil Circuit Inc prior to 06/2017),CEO,2027-01-01,10.0,40.0,Executive Director,1.0,0.0,0.0,0.0,0.0,0.0,0.0,0.0,0.0,0.0,1965-10-01,M,,57615.0,2025.0,1176.849,0.0,16092.334,11268.116,1176.849,0.7002163887475863
A,USD,STD,INDL,C,2836,12/31/16,29127,INCYTE CORP,INCY,2016,1638.597,419.467,651.481,1638.597,104.222,1105.719,581.861,188.849,100.27,2836.0,18935.889229999997,Biotech,15783.0,15783.0,2015-05-22,1249099.0,Hervé Hoppenot,INCYTE CORP (Incyte Genomics prior to 03/2003),Chairman/President/CEO,2023-06-05,10.0,10.0,Executive Director,0.0,0.0,0.0,0.0,0.0,0.0,0.0,0.0,0.0,0.0,1959-06-15,M,,,,,,,,,
A,USD,STD,INDL,C,2836,12/31/17,29127,INCYTE CORP,INCY,2017,2302.582,1630.629,16.608,2302.582,-313.142,1536.216,1326.361,211.263,94.71,2836.0,20008.71873,Biotech,15783.0,15783.0,2015-05-22,1249099.0,Hervé Hoppenot,INCYTE CORP (Incyte Genomics prior to 03/2003),Chairman/President/CEO,2023-06-05,10.0,10.0,Executive Director,0.0,0.0,0.0,0.0,0.0,0.0,0.0,0.0,0.0,0.0,1959-06-15,M,,,,,,,,,
A,USD,STD,INDL,C,2836,12/31/18,29127,INCYTE CORP,INCY,2018,2645.762,1925.967,17.434,2645.762,109.493,1881.883,1197.957,213.275,63.59,2836.0,13562.15725,Biotech,15783.0,15783.0,2015-05-22,1249099.0,Hervé Hoppenot,INCYTE CORP (Incyte Genomics prior to 03/2003),Chairman/President/CEO,2023-06-05,10.0,10.0,Executive Director,0.0,0.0,0.0,0.0,0.0,0.0,0.0,0.0,0.0,0.0,1959-06-15,M,,,,,,,,,
A,USD,STD,INDL,C,2836,12/31/19,29127,INCYTE CORP,INCY,2019,3426.75,2598.406,43.772,3426.75,446.906,2158.759,1154.111,216.178,87.32,2836.0,18876.66296,Biotech,15783.0,15783.0,2015-05-22,1249099.0,Hervé Hoppenot,INCYTE CORP (Incyte Genomics prior to 03/2003),Chairman/President/CEO,2023-06-05,10.0,10.0,Executive Director,0.0,0.0,0.0,0.0,0.0,0.0,0.0,0.0,0.0,0.0,1959-06-15,M,,,,,,,,,
A,USD,STD,INDL,C,2836,12/31/20,29127,INCYTE CORP,INCY,2020,3560.918,2611.268,46.761,3560.918,-295.697,2666.702,2215.942,219.489,86.98,2836.0,19091.15322,Biotech,15783.0,15783.0,2015-05-22,1249099.0,Hervé Hoppenot,INCYTE CORP (Incyte Genomics prior to 03/2003),Chairman/President/CEO,2023-06-05,10.0,10.0,Executive Director,0.0,0.0,0.0,0.0,0.0,0.0,0.0,0.0,0.0,0.0,1959-06-15,M,,,,,,,,,
A,USD,STD,INDL,C,2836,12/31/21,29127,INCYTE CORP,INCY,2021,4933.352,3770.004,47.24,4933.352,948.581,2986.267,1458.179,221.084,73.4,2836.0,16227.565600000002,Biotech,15783.0,15783.0,2015-05-22,1249099.0,Hervé Hoppenot,INCYTE CORP (Incyte Genomics prior to 03/2003),Chairman/President/CEO,2023-06-05,10.0,10.0,Executive Director,0.0,0.0,0.0,0.0,0.0,0.0,0.0,0.0,0.0,0.0,1959-06-15,M,,,,,,,,,
A,USD,STD,INDL,C,2836,12/31/22,29127,INCYTE CORP,INCY,2022,5840.984,4370.119,44.192,5840.984,340.66,3394.635,1585.936,222.747,80.32,2836.0,17891.03904,Biotech,15783.0,15783.0,2015-05-22,1249099.0,Hervé Hoppenot,INCYTE CORP (Incyte Genomics prior to 03/2003),Chairman/President/CEO,2023-06-05,10.0,10.0,Executive Director,0.0,0.0,0.0,0.0,0.0,0.0,0.0,0.0,0.0,0.0,1959-06-15,M,,,,,,,,,
A,USD,STD,INDL,C,2836,12/31/23,29127,INCYTE CORP,INCY,2023,6782.107,5189.837,43.446,6782.107,597.599,3695.649,1627.594,224.287,62.79,2836.0,14082.98073,Biotech,15783.0,15783.0,2023-06-05,1249099.0,Hervé Hoppenot,INCYTE CORP (Incyte Genomics prior to 03/2003),Chairman/CEO,2025-06-26,10.0,10.0,Executive Director,0.0,0.0,0.0,0.0,0.0,0.0,0.0,0.0,0.0,0.0,1959-06-15,M,,,,,,,,,
A,USD,STD,INDL,C,2836,12/31/24,29127,INCYTE CORP,INCY,2024,5444.322,3447.628,50.335,5444.322,32.615,4241.217,2606.848,193.434,69.07,2836.0,13360.486379999998,Biotech,15783.0,15783.0,2023-06-05,1249099.0,Hervé Hoppenot,INCYTE CORP (Incyte Genomics prior to 03/2003),Chairman/CEO,2025-06-26,10.0,10.0,Executive Director,0.0,0.0,0.0,0.0,0.0,0.0,0.0,0.0,0.0,0.0,1959-06-15,M,,,,,,,,,
A,USD,STD,INDL,C,3674,8/31/21,31494,PENGUIN SOLUTIONS INC,PENG,2021,1344.798,310.251,372.903,1344.798,21.31,1501.142,49.274,24.368,48.46,3674.0,1180.87328,Semiconductors/Hardware,2660935.0,2660935.0,2020-09-30,540099.0,Mark Adams,PENGUIN SOLUTIONS INC (SMART Global Holdings Inc prior to 10/2024),President/CEO,2026-02-01,10.0,10.0,Executive Director,1.0,0.0,1.0,1.0,0.0,0.0,0.0,0.0,0.0,0.0,1963-06-15,M,,32279.0,2021.0,750.0,375.0,14810.329,9426.563,1125.0,0.63648572560407
A,USD,STD,INDL,C,3674,8/31/23,31494,PENGUIN SOLUTIONS INC,PENG,2023,1505.958,222.475,821.227,1505.958,-187.526,1441.25,90.565,51.901,25.83,3674.0,1340.60283,Semiconductors/Hardware,2660935.0,2660935.0,2020-09-30,540099.0,Mark Adams,PENGUIN SOLUTIONS INC (SMART Global Holdings Inc prior to 10/2024),President/CEO,2026-02-01,10.0,10.0,Executive Director,1.0,0.0,1.0,1.0,0.0,0.0,0.0,0.0,0.0,0.0,1963-06-15,M,,32279.0,2023.0,750.0,0.0,3214.342,2284.931,750.0,0.7108549743617822
A,USD,STD,INDL,C,3674,8/31/24,31494,PENGUIN SOLUTIONS INC,PENG,2024,1474.506,391.381,717.889,1474.506,-52.472,1170.796,81.537,53.277,20.72,3674.0,1103.89944,Semiconductors/Hardware,2660935.0,2660935.0,2020-09-30,540099.0,Mark Adams,PENGUIN SOLUTIONS INC (SMART Global Holdings Inc prior to 10/2024),President/CEO,2026-02-01,10.0,10.0,Executive Director,1.0,0.0,1.0,1.0,0.0,0.0,0.0,0.0,0.0,0.0,1963-06-15,M,,32279.0,2024.0,750.0,0.0,5998.416,5131.454,750.0,0.8554681769320434
A,USD,STD,INDL,C,2834,12/31/25,37851,HIMS & HERS HEALTH INC,HIMS,2025,2154.705,540.928,1115.747,2154.705,128.365,2347.637,,227.246,32.47,2834.0,7378.67762,Biotech,3059049.0,3059049.0,2021-01-20,2118690.0,Andrew Dudum,HIMS & HERS HEALTH INC (Oaktree Acquisition Corp prior to 01/2021),Chairman/CEO,2027-01-01,10.0,40.0,Executive Director,1.0,1.0,0.0,0.0,0.0,0.0,0.0,0.0,0.0,0.0,1989-06-15,M,,,,,,,,,
A,USD,STD,INDL,C,7372,12/31/24,36898,UNITY SOFTWARE INC,U,2024,6737.407,3190.671,2320.015,6737.407,-664.114,1813.255,924.83,409.393,22.47,7372.0,9199.06071,Software,3081537.0,3081537.0,2024-05-15,1758691.0,Matt Bromberg,UNITY SOFTWARE INC (UNITY TECHNOLOGIES),President/CEO,2027-01-01,10.0,40.0,Executive Director,1.0,1.0,0.0,0.0,0.0,0.0,0.0,0.0,0.0,0.0,1966-12-01,M,,,,,,,,,
A,USD,STD,INDL,C,7372,12/31/25,36898,UNITY SOFTWARE INC,U,2025,6837.606,3237.432,1739.86,6837.606,-402.765,1849.648,929.516,432.86,44.17,7372.0,19119.4262,Software,3081537.0,3081537.0,2024-05-15,1758691.0,Matt Bromberg,UNITY SOFTWARE INC (UNITY TECHNOLOGIES),President/CEO,2027-01-01,10.0,40.0,Executive Director,1.0,1.0,0.0,0.0,0.0,0.0,0.0,0.0,0.0,0.0,1966-12-01,M,,,,,,,,,
A,USD,STD,INDL,C,2834,12/31/20,36474,ROYALTY PHARMA PLC,RPRX,2020,16020.286,4818.716,5816.584,16020.286,975.04,2122.353,26.289,388.135,50.05,2834.0,19426.15675,Biotech,3201625.0,3201625.0,2020-06-16,1093467.0,Pablo Legorreta Creel,ROYALTY PHARMA PLC,Chairman/CEO,2027-01-01,10.0,40.0,Executive Director,1.0,0.0,0.0,0.0,0.0,0.0,0.0,0.0,0.0,0.0,1963-06-15,M,,,,,,,,,
A,USD,STD,INDL,C,2834,12/31/21,36474,ROYALTY PHARMA PLC,RPRX,2021,17515.865,5776.531,7096.07,17515.865,619.728,2289.463,200.084,432.963,39.85,2834.0,17253.57555,Biotech,3201625.0,3201625.0,2020-06-16,1093467.0,Pablo Legorreta Creel,ROYALTY PHARMA PLC,Chairman/CEO,2027-01-01,10.0,40.0,Executive Director,1.0,0.0,0.0,0.0,0.0,0.0,0.0,0.0,0.0,0.0,1963-06-15,M,,,,,,,,,
A,USD,STD,INDL,C,2834,12/31/22,36474,ROYALTY PHARMA PLC,RPRX,2022,16813.466,5628.087,6118.81,16813.466,42.832,2237.215,177.106,443.166,39.52,2834.0,17513.92032,Biotech,3201625.0,3201625.0,2020-06-16,1093467.0,Pablo Legorreta Creel,ROYALTY PHARMA PLC,Chairman/CEO,2027-01-01,10.0,40.0,Executive Director,1.0,0.0,0.0,0.0,0.0,0.0,0.0,0.0,0.0,0.0,1963-06-15,M,,,,,,,,,
A,USD,STD,INDL,C,2834,12/31/23,36474,ROYALTY PHARMA PLC,RPRX,2023,16381.851,6526.434,6135.285,16381.851,1134.834,2354.554,52.0,446.692,28.09,2834.0,12547.57828,Biotech,3201625.0,3201625.0,2020-06-16,1093467.0,Pablo Legorreta Creel,ROYALTY PHARMA PLC,Chairman/CEO,2027-01-01,10.0,40.0,Executive Director,1.0,0.0,0.0,0.0,0.0,0.0,0.0,0.0,0.0,0.0,1963-06-15,M,,,,,,,,,
A,USD,STD,INDL,C,2834,12/31/24,36474,ROYALTY PHARMA PLC,RPRX,2024,18222.715,6946.518,6614.653,18222.715,858.983,2263.576,2.0,445.985,25.51,2834.0,11377.07735,Biotech,3201625.0,3201625.0,2020-06-16,1093467.0,Pablo Legorreta Creel,ROYALTY PHARMA PLC,Chairman/CEO,2027-01-01,10.0,40.0,Executive Director,1.0,0.0,0.0,0.0,0.0,0.0,0.0,0.0,0.0,0.0,1963-06-15,M,,,,,,,,,
A,USD,STD,INDL,C,2834,12/31/25,36474,ROYALTY PHARMA PLC,RPRX,2025,19620.78,6476.837,8587.017,19620.78,770.947,2378.193,452.0,428.669,38.64,2834.0,16563.77016,Biotech,3201625.0,3201625.0,2020-06-16,1093467.0,Pablo Legorreta Creel,ROYALTY PHARMA PLC,Chairman/CEO,2027-01-01,10.0,40.0,Executive Director,1.0,0.0,0.0,0.0,0.0,0.0,0.0,0.0,0.0,0.0,1963-06-15,M,,,,,,,,,
A,USD,STD,INDL,C,2836,12/31/25,36482,LEGEND BIOTEC COR -ADR,LEGN,2025,1733.7,1002.1,87.2,1733.7,-296.8,1028.9,414.7,184.943,21.74,,4020.66082,Biotech,3198908.0,3198908.0,2022-05-09,2310470.0,Doctor Huang Ying,LEGEND BIOTECH CORP,CEO,2027-01-01,10.0,40.0,Executive Director,0.0,0.0,0.0,0.0,1.0,1.0,0.0,0.0,0.0,0.0,1972-06-15,M,,,,,,,,,
A,USD,STD,INDL,C,3674,3/31/24,37309,ALLEGRO MICROSYSTEMS INC,ALGM,2023,1530.603,1130.435,266.015,1530.603,152.697,1049.367,176.638,191.754,26.96,3674.0,5169.68784,Semiconductors/Hardware,3291073.0,3291073.0,2022-06-13,1754265.0,Vineet Nargolwala,ALLEGRO MICROSYSTEMS INC,President/CEO,2025-02-23,10.0,10.0,Executive Director,1.0,0.0,1.0,1.0,0.0,0.0,0.0,0.0,1.0,0.0,1972-07-01,M,,,,,,,,,
I,USD,STD,INDL,C,7372,12/31/20,37180,MCAFEE CORP,MCFE,2020,5428.0,-6640.0,4021.0,5428.0,-118.0,2906.0,475.0,161.268,16.69,7372.0,2691.5629200000003,Software,3286846.0,3286846.0,2020-10-22,833256.0,Peter Leav,MCAFEE CORP (De-listed 03/2022),President/CEO,2022-03-01,10.0,10.0,Executive Director,1.0,0.0,0.0,0.0,0.0,0.0,0.0,0.0,0.0,0.0,1971-06-15,M,,36988.0,,,,,,,
I,USD,STD,INDL,C,7372,12/31/21,37180,MCAFEE CORP,MCFE,2021,3422.0,-8239.0,2895.0,3422.0,849.0,1920.0,184.0,186.137,25.79,7372.0,4800.47323,Software,3286846.0,3286846.0,2020-10-22,833256.0,Peter Leav,MCAFEE CORP (De-listed 03/2022),President/CEO,2022-03-01,10.0,10.0,Executive Director,1.0,0.0,0.0,0.0,0.0,0.0,0.0,0.0,0.0,0.0,1971-06-15,M,,36988.0,,,,,,,
A,USD,STD,INDL,C,7372,12/31/21,37188,CLARITEV CORP,CTEV,2021,8220.407,2344.67,4905.869,8220.407,102.08,1117.602,,638.339,4.43,7372.0,2827.84177,Software,3165150.0,3165150.0,2021-08-03,1310248.0,Mark Tabak,CLARITEV CORP (MultiPlan Corp prior to 02/2025),Chairman/CEO,2022-01-31,10.0,10.0,Executive Director,,,,,,,,,,,1949-06-15,M,,,,,,,,,
A,USD,STD,INDL,C,2834,12/31/24,37851,HIMS & HERS HEALTH INC,HIMS,2024,707.539,476.716,9.456,707.539,126.038,1476.514,,220.837,24.18,2834.0,5339.838659999999,Biotech,3059049.0,3059049.0,2021-01-20,2118690.0,Andrew Dudum,HIMS & HERS HEALTH INC (Oaktree Acquisition Corp prior to 01/2021),Chairman/CEO,2027-01-01,10.0,40.0,Executive Director,1.0,1.0,0.0,0.0,0.0,0.0,0.0,0.0,0.0,0.0,1989-06-15,M,,,,,,,,,
A,USD,STD,INDL,C,7372,12/31/21,38212,APPLOVIN CORP,APP,2021,6163.579,2138.09,3288.417,6163.579,35.446,2793.104,366.402,375.089,94.26,7372.0,35355.88914,Software,3382543.0,3382543.0,2021-04-15,1275602.0,Adam Foroughi,APPLOVIN CORP,Chairman/CEO,2026-04-07,10.0,10.0,Executive Director,1.0,1.0,0.0,0.0,0.0,0.0,0.0,0.0,0.0,0.0,1981-06-15,M,,,,,,,,,
A,USD,STD,INDL,C,3674,8/31/25,31494,PENGUIN SOLUTIONS INC,PENG,2025,1617.2,394.246,504.629,1617.2,25.391,1368.794,79.801,52.738,24.13,3674.0,1272.56794,Semiconductors/Hardware,2660935.0,2660935.0,2020-09-30,540099.0,Mark Adams,PENGUIN SOLUTIONS INC (SMART Global Holdings Inc prior to 10/2024),President/CEO,2026-02-01,10.0,10.0,Executive Director,1.0,0.0,1.0,1.0,0.0,0.0,0.0,0.0,0.0,0.0,1963-06-15,M,,32279.0,2025.0,890.0,0.0,11711.497,9681.046,890.0,0.8266275438571176
A,USD,STD,INDL,C,7372,12/31/22,38212,APPLOVIN CORP,APP,2022,5847.846,1902.677,3286.401,5847.846,-192.746,3026.693,507.607,373.874,10.53,7372.0,3936.89322,Software,3382543.0,3382543.0,2021-04-15,1275602.0,Adam Foroughi,APPLOVIN CORP,Chairman/CEO,2026-04-07,10.0,10.0,Executive Director,1.0,1.0,0.0,0.0,0.0,0.0,0.0,0.0,0.0,0.0,1981-06-15,M,,,,,,,,,
A,USD,STD,INDL,C,7372,12/31/23,38212,APPLOVIN CORP,APP,2023,5359.187,1256.329,3092.985,5359.187,356.711,3283.087,592.386,339.887,39.85,7372.0,13544.49695,Software,3382543.0,3382543.0,2021-04-15,1275602.0,Adam Foroughi,APPLOVIN CORP,Chairman/CEO,2026-04-07,10.0,10.0,Executive Director,1.0,1.0,0.0,0.0,0.0,0.0,0.0,0.0,0.0,0.0,1981-06-15,M,,,,,,,,,
A,USD,STD,INDL,C,7372,12/31/24,38212,APPLOVIN CORP,APP,2024,5869.259,1089.818,3675.484,5869.259,1579.776,4709.248,638.689,340.042,323.83,7372.0,110115.80086,Software,3382543.0,3382543.0,2021-04-15,1275602.0,Adam Foroughi,APPLOVIN CORP,Chairman/CEO,2026-04-07,10.0,10.0,Executive Director,1.0,1.0,0.0,0.0,0.0,0.0,0.0,0.0,0.0,0.0,1981-06-15,M,,,,,,,,,
A,USD,STD,INDL,C,7372,12/31/25,38212,APPLOVIN CORP,APP,2025,7259.61,2134.671,3635.97,7259.61,3333.751,5480.717,226.51,338.313,673.82,7372.0,227962.06566,Software,3382543.0,3382543.0,2021-04-15,1275602.0,Adam Foroughi,APPLOVIN CORP,Chairman/CEO,2026-04-07,10.0,10.0,Executive Director,1.0,1.0,0.0,0.0,0.0,0.0,0.0,0.0,0.0,0.0,1981-06-15,M,,,,,,,,,
A,USD,STD,INDL,C,7372,1/31/23,38646,UIPATH INC,PATH,2022,2735.206,1920.158,56.442,2735.206,-328.352,1058.581,285.75,556.613,15.36,7372.0,8549.57568,Software,3384931.0,3384931.0,2022-05-16,1996885.0,Daniel Dines,UIPATH INC,Chair/Co-CEO,2024-01-31,10.0,10.0,Executive Director,,,,,,,,,,,1972-01-01,M,,,,,,,,,
A,USD,STD,INDL,C,7372,1/31/24,38646,UIPATH INC,PATH,2023,2954.758,2016.114,58.713,2954.758,-89.883,1308.072,332.101,569.273,22.98,7372.0,13081.89354,Software,3384931.0,3384931.0,2022-05-16,1996885.0,Daniel Dines,UIPATH INC,Chair/Co-CEO,2024-01-31,10.0,10.0,Executive Director,,,,,,,,,,,1972-01-01,M,,,,,,,,,
A,USD,STD,INDL,C,7372,1/31/25,38646,UIPATH INC,PATH,2024,2865.27,1845.762,74.23,2865.27,-73.694,1429.664,380.682,553.512,14.22,7372.0,7870.94064,Software,3384931.0,3384931.0,2024-06-01,1996885.0,Daniel Dines,UIPATH INC,Chairman/CEO,2027-01-01,10.0,40.0,Executive Director,,,,,,,,,,,1972-01-01,M,,,,,,,,,
A,USD,STD,INDL,C,2834,12/31/21,38821,ORGANON & CO,OGN,2021,10681.0,-1508.0,9309.0,10681.0,1351.0,6304.0,443.0,253.55,30.45,2834.0,7720.5975,Biotech,1562505.0,1562505.0,2021-02-10,2413290.0,Paddy Nicol,OROGEN ROYALTIES INC (Evrim Resources Corp prior to 08/2020),President/CEO,2027-01-01,10.0,40.0,Executive Director,1.0,0.0,1.0,0.0,0.0,0.0,0.0,0.0,0.0,0.0,1900-01-01,M,,,,,,,,,
A,USD,STD,INDL,C,2834,12/31/22,38821,ORGANON & CO,OGN,2022,10955.0,-892.0,9055.0,10955.0,917.0,6174.0,578.0,254.37,27.93,2834.0,7104.5541,Biotech,1562505.0,1562505.0,2021-02-10,2413290.0,Paddy Nicol,OROGEN ROYALTIES INC (Evrim Resources Corp prior to 08/2020),President/CEO,2027-01-01,10.0,40.0,Executive Director,1.0,0.0,1.0,0.0,0.0,0.0,0.0,0.0,0.0,0.0,1900-01-01,M,,,,,,,,,
A,USD,STD,INDL,C,2834,12/31/23,38821,ORGANON & CO,OGN,2023,12058.0,-70.0,8876.0,12058.0,1023.0,6263.0,536.0,255.626,14.42,2834.0,3686.12692,Biotech,1562505.0,1562505.0,2021-02-10,2413290.0,Paddy Nicol,OROGEN ROYALTIES INC (Evrim Resources Corp prior to 08/2020),President/CEO,2027-01-01,10.0,40.0,Executive Director,1.0,0.0,1.0,0.0,0.0,0.0,0.0,0.0,0.0,0.0,1900-01-01,M,,,,,,,,,
A,USD,STD,INDL,C,7372,12/31/23,36898,UNITY SOFTWARE INC,U,2023,7243.441,3182.642,2823.419,7243.441,-822.011,2187.317,1053.588,384.872,40.89,7372.0,15737.41608,Software,3081537.0,3081537.0,2023-10-09,333755.0,Jim Whitehurst,UNITY SOFTWARE INC (UNITY TECHNOLOGIES),President/Interim CEO,2024-05-15,10.0,10.0,Executive Director,1.0,1.0,1.0,1.0,0.0,0.0,0.0,0.0,0.0,0.0,1967-01-01,M,,28220.0,,,,,,,
A,USD,STD,INDL,C,7372,12/31/22,36898,UNITY SOFTWARE INC,U,2022,7833.985,3528.268,2814.947,7833.985,-921.062,1391.024,959.491,374.243,28.59,7372.0,10699.60737,Software,3081537.0,3081537.0,2020-09-18,47756.0,John Riccitiello,UNITY SOFTWARE INC (UNITY TECHNOLOGIES),Chairman (Executive)/President/CEO,2023-10-09,10.0,10.0,Executive Director,1.0,1.0,0.0,0.0,0.0,0.0,0.0,0.0,0.0,0.0,1960-06-15,M,,15533.0,,,,,,,
A,USD,STD,INDL,C,7372,12/31/21,36898,UNITY SOFTWARE INC,U,2021,4841.346,2394.391,1795.574,4841.346,-532.607,1110.526,695.71,292.592,142.99,7372.0,41837.73008,Software,3081537.0,3081537.0,2020-09-18,47756.0,John Riccitiello,UNITY SOFTWARE INC (UNITY TECHNOLOGIES),Chairman (Executive)/President/CEO,2023-10-09,10.0,10.0,Executive Director,1.0,1.0,0.0,0.0,0.0,0.0,0.0,0.0,0.0,0.0,1960-06-15,M,,15533.0,,,,,,,
I,USD,STD,INDL,C,8731,12/31/20,36049,PPD INC,PPD,2020,6293.843,-746.52,4363.849,6293.843,153.691,4681.474,,350.132,34.22,8731.0,11981.51704,Biotech,3158781.0,3158781.0,2020-02-06,1075579.0,David Simmons,PPD INC (De-listed 12/2021),Chairman/CEO,2021-12-08,10.0,10.0,Executive Director,1.0,1.0,0.0,0.0,0.0,0.0,0.0,0.0,0.0,0.0,1964-06-15,M,,42618.0,,,,,,,
I,USD,STD,INDL,C,7372,9/30/18,32855,AVAYA HLDGS CORP,AVYAQ,2018,7679.0,2051.0,3154.0,7679.0,3264.0,2851.0,210.0,110.013,22.14,7372.0,2435.68782,Software,2762605.0,2762605.0,2018-01-17,443474.0,Jim Chirico Jr,AVAYA HOLDINGS CORP (De-listed 02/2023),President/CEO,2022-08-01,10.0,10.0,Executive Director,1.0,0.0,0.0,0.0,0.0,0.0,0.0,0.0,0.0,0.0,1958-01-01,M,,34151.0,,,,,,,
I,USD,STD,INDL,C,7372,9/30/19,32855,AVAYA HLDGS CORP,AVYAQ,2019,6950.0,1300.0,3111.0,6950.0,-671.0,2887.0,206.0,111.033,10.23,7372.0,1135.86759,Software,2762605.0,2762605.0,2018-01-17,443474.0,Jim Chirico Jr,AVAYA HOLDINGS CORP (De-listed 02/2023),President/CEO,2022-08-01,10.0,10.0,Executive Director,1.0,0.0,0.0,0.0,0.0,0.0,0.0,0.0,0.0,0.0,1958-01-01,M,,34151.0,,,,,,,
I,USD,STD,INDL,C,7372,9/30/20,32855,AVAYA HLDGS CORP,AVYAQ,2020,6231.0,236.0,3024.0,6231.0,-680.0,2873.0,207.0,83.278,15.2,7372.0,1265.8256,Software,2762605.0,2762605.0,2018-01-17,443474.0,Jim Chirico Jr,AVAYA HOLDINGS CORP (De-listed 02/2023),President/CEO,2022-08-01,10.0,10.0,Executive Director,1.0,0.0,0.0,0.0,0.0,0.0,0.0,0.0,0.0,0.0,1958-01-01,M,,34151.0,,,,,,,
I,USD,STD,INDL,C,7372,9/30/21,32855,AVAYA HLDGS CORP,AVYAQ,2021,5985.0,392.0,2934.0,5985.0,-13.0,2973.0,228.0,84.116,19.79,7372.0,1664.65564,Software,2762605.0,2762605.0,2018-01-17,443474.0,Jim Chirico Jr,AVAYA HOLDINGS CORP (De-listed 02/2023),President/CEO,2022-08-01,10.0,10.0,Executive Director,1.0,0.0,0.0,0.0,0.0,0.0,0.0,0.0,0.0,0.0,1958-01-01,M,,34151.0,,,,,,,
A,USD,STD,INDL,C,2834,12/31/18,33955,ELANCO ANIMAL HLTH INC,ELAN,2018,8956.7,5197.5,2443.3,8956.7,86.5,3066.8,246.6,365.644,31.53,2834.0,11528.75532,Biotech,2918725.0,2918725.0,2018-09-20,593280.0,Jeff Simmons,ELANCO ANIMAL HEALTH INC,President/CEO,2027-01-01,10.0,40.0,Executive Director,1.0,1.0,0.0,0.0,0.0,0.0,0.0,0.0,0.0,0.0,1967-06-15,M,,55878.0,2018.0,775.185,0.0,5379.245,2530.654,775.185,0.4704478044781377
A,USD,STD,INDL,C,2834,12/31/18,33955,ELANCO ANIMAL HLTH INC,ELAN,2018,8956.7,5197.5,2443.3,8956.7,86.5,3066.8,246.6,365.644,31.53,2834.0,11528.75532,Biotech,2918725.0,2918725.0,2018-09-20,593280.0,Jeff Simmons,ELANCO ANIMAL HEALTH INC,President/CEO,2027-01-01,10.0,40.0,Executive Director,1.0,1.0,0.0,0.0,0.0,0.0,0.0,0.0,0.0,0.0,1967-06-15,M,,55878.0,2018.0,775.185,0.0,5379.245,2530.654,775.185,0.4704478044781377
A,USD,STD,INDL,C,2834,12/31/19,33955,ELANCO ANIMAL HLTH INC,ELAN,2019,8985.8,5546.9,2392.2,8985.8,67.9,3071.0,270.1,373.012,29.45,2834.0,10985.2034,Biotech,2918725.0,2918725.0,2018-09-20,593280.0,Jeff Simmons,ELANCO ANIMAL HEALTH INC,President/CEO,2027-01-01,10.0,40.0,Executive Director,1.0,1.0,0.0,0.0,0.0,0.0,0.0,0.0,0.0,0.0,1967-06-15,M,,55878.0,2019.0,1000.0,0.0,15801.769,13534.347,1000.0,0.8565083440974235
A,USD,STD,INDL,C,2834,12/31/20,33955,ELANCO ANIMAL HLTH INC,ELAN,2020,17692.7,8475.9,5723.8,17692.7,-560.1,3273.3,337.3,471.921,30.67,2834.0,14473.81707,Biotech,2918725.0,2918725.0,2018-09-20,593280.0,Jeff Simmons,ELANCO ANIMAL HEALTH INC,President/CEO,2027-01-01,10.0,40.0,Executive Director,1.0,1.0,0.0,0.0,0.0,0.0,0.0,0.0,0.0,0.0,1967-06-15,M,,55878.0,2020.0,1025.0,0.0,8958.821,6860.049,1025.0,0.765731227356814
A,USD,STD,INDL,C,2834,12/31/21,33955,ELANCO ANIMAL HLTH INC,ELAN,2021,16483.0,7538.0,6152.0,16483.0,-472.0,4765.0,369.0,473.12,28.38,2834.0,13427.1456,Biotech,2918725.0,2918725.0,2018-09-20,593280.0,Jeff Simmons,ELANCO ANIMAL HEALTH INC,President/CEO,2027-01-01,10.0,40.0,Executive Director,1.0,1.0,0.0,0.0,0.0,0.0,0.0,0.0,0.0,0.0,1967-06-15,M,,55878.0,2021.0,1046.0,0.0,12060.016,9261.02,1046.0,0.7679110873484746
A,USD,STD,INDL,C,2834,12/31/22,33955,ELANCO ANIMAL HLTH INC,ELAN,2022,15491.0,7289.0,5559.0,15491.0,-78.0,4411.0,380.0,474.238,12.22,2834.0,5795.18836,Biotech,2918725.0,2918725.0,2018-09-20,593280.0,Jeff Simmons,ELANCO ANIMAL HEALTH INC,President/CEO,2027-01-01,10.0,40.0,Executive Director,1.0,1.0,0.0,0.0,0.0,0.0,0.0,0.0,0.0,0.0,1967-06-15,M,,55878.0,2022.0,1125.0,0.0,12713.631,7650.028,1125.0,0.6017185806320791
A,USD,STD,INDL,C,2834,12/31/23,33955,ELANCO ANIMAL HLTH INC,ELAN,2023,14362.0,6223.0,5846.0,14362.0,-1231.0,4417.0,333.0,492.845,14.9,2834.0,7343.3905,Biotech,2918725.0,2918725.0,2018-09-20,593280.0,Jeff Simmons,ELANCO ANIMAL HEALTH INC,President/CEO,2027-01-01,10.0,40.0,Executive Director,1.0,1.0,0.0,0.0,0.0,0.0,0.0,0.0,0.0,0.0,1967-06-15,M,,55878.0,2023.0,1200.0,0.0,13663.169,8400.005,1200.0,0.6147918539249569
A,USD,STD,INDL,C,2834,12/31/24,33955,ELANCO ANIMAL HLTH INC,ELAN,2024,12614.0,6096.0,4369.0,12614.0,338.0,4439.0,400.0,494.446,12.11,2834.0,5987.74106,Biotech,2918725.0,2918725.0,2018-09-20,593280.0,Jeff Simmons,ELANCO ANIMAL HEALTH INC,President/CEO,2027-01-01,10.0,40.0,Executive Director,1.0,1.0,0.0,0.0,0.0,0.0,0.0,0.0,0.0,0.0,1967-06-15,M,,55878.0,2024.0,1200.0,0.0,14833.705,9000.028,1200.0,0.6067282583818405
A,USD,STD,INDL,C,2834,12/31/25,33955,ELANCO ANIMAL HLTH INC,ELAN,2025,13358.0,6547.0,4333.0,13358.0,-232.0,4715.0,368.0,496.975,22.63,2834.0,11246.54425,Biotech,2918725.0,2918725.0,2018-09-20,593280.0,Jeff Simmons,ELANCO ANIMAL HEALTH INC,President/CEO,2027-01-01,10.0,40.0,Executive Director,1.0,1.0,0.0,0.0,0.0,0.0,0.0,0.0,0.0,0.0,1967-06-15,M,,55878.0,,,,,,,
A,USD,STD,INDL,C,7372,4/30/23,34243,ELASTIC NV,ESTC,2022,1743.482,398.897,581.485,1743.482,-236.161,1068.989,313.454,97.367,57.25,7372.0,5574.26075,Software,2924705.0,2924705.0,2022-03-09,1599924.0,Ash Kulkarni,ELASTIC NV,CEO,2027-01-01,10.0,40.0,Executive Director,1.0,0.0,1.0,1.0,0.0,0.0,0.0,0.0,1.0,0.0,1975-06-15,M,,,,,,,,,
A,USD,STD,INDL,C,7372,4/30/24,34243,ELASTIC NV,ESTC,2023,2242.566,738.185,581.51,2242.566,61.72,1267.321,341.951,101.706,102.22,7372.0,10396.38732,Software,2924705.0,2924705.0,2022-03-09,1599924.0,Ash Kulkarni,ELASTIC NV,CEO,2027-01-01,10.0,40.0,Executive Director,1.0,0.0,1.0,1.0,0.0,0.0,0.0,0.0,1.0,0.0,1975-06-15,M,,,,,,,,,
A,USD,STD,INDL,C,7372,4/30/25,34243,ELASTIC NV,ESTC,2024,2592.853,927.234,586.086,2592.853,-108.114,1483.296,365.758,105.535,86.2,7372.0,9097.117,Software,2924705.0,2924705.0,2022-03-09,1599924.0,Ash Kulkarni,ELASTIC NV,CEO,2027-01-01,10.0,40.0,Executive Director,1.0,0.0,1.0,1.0,0.0,0.0,0.0,0.0,1.0,0.0,1975-06-15,M,,,,,,,,,
A,USD,STD,INDL,C,2836,12/31/21,34410,MODERNA INC,MRNA,2021,24669.0,14145.0,705.0,24669.0,12202.0,18471.0,1991.0,403.0,253.98,2836.0,102353.94,Biotech,2959246.0,2959246.0,2018-12-07,507530.0,Stéphane Bancel,MODERNA INC,CEO,2027-01-01,10.0,40.0,Executive Director,0.0,0.0,1.0,1.0,0.0,0.0,0.0,0.0,1.0,0.0,1972-06-15,M,,,,,,,,,
A,USD,STD,INDL,C,2836,12/31/22,34410,MODERNA INC,MRNA,2022,25858.0,19123.0,1004.0,25858.0,8362.0,19263.0,3295.0,385.0,179.62,2836.0,69153.7,Biotech,2959246.0,2959246.0,2018-12-07,507530.0,Stéphane Bancel,MODERNA INC,CEO,2027-01-01,10.0,40.0,Executive Director,0.0,0.0,1.0,1.0,0.0,0.0,0.0,0.0,1.0,0.0,1972-06-15,M,,,,,,,,,
A,USD,STD,INDL,C,2836,12/31/23,34410,MODERNA INC,MRNA,2023,18426.0,13854.0,1218.0,18426.0,-4714.0,6848.0,4845.0,382.0,99.45,2836.0,37989.9,Biotech,2959246.0,2959246.0,2018-12-07,507530.0,Stéphane Bancel,MODERNA INC,CEO,2027-01-01,10.0,40.0,Executive Director,0.0,0.0,1.0,1.0,0.0,0.0,0.0,0.0,1.0,0.0,1972-06-15,M,,,,,,,,,
A,USD,STD,INDL,C,2836,12/31/24,34410,MODERNA INC,MRNA,2024,14142.0,10901.0,710.0,14142.0,-3561.0,3236.0,4543.0,386.0,41.58,2836.0,16049.88,Biotech,2959246.0,2959246.0,2018-12-07,507530.0,Stéphane Bancel,MODERNA INC,CEO,2027-01-01,10.0,40.0,Executive Director,0.0,0.0,1.0,1.0,0.0,0.0,0.0,0.0,1.0,0.0,1972-06-15,M,,,,,,,,,
A,USD,STD,INDL,C,2836,12/31/25,34410,MODERNA INC,MRNA,2025,12338.0,8650.0,1263.0,12338.0,-2822.0,1944.0,3132.0,394.0,29.49,2836.0,11619.06,Biotech,2959246.0,2959246.0,2018-12-07,507530.0,Stéphane Bancel,MODERNA INC,CEO,2027-01-01,10.0,40.0,Executive Director,0.0,0.0,1.0,1.0,0.0,0.0,0.0,0.0,1.0,0.0,1972-06-15,M,,,,,,,,,
I,USD,STD,INDL,C,7372,3/31/21,34954,CHANGE HEALTHCARE INC,CHNG,2020,10112.616,3252.228,4810.171,10112.616,-112.21,3090.421,227.036,306.796,22.1,7372.0,6780.1916,Software,3049380.0,3049380.0,2019-06-27,1315152.0,Neil de Crescenzo IV,CHANGE HEALTHCARE INC (De-listed 10/2022),President/CEO,2022-10-03,10.0,10.0,Executive Director,1.0,1.0,1.0,0.0,0.0,0.0,0.0,0.0,0.0,0.0,1961-06-15,M,,,,,,,,,
I,USD,STD,INDL,C,7372,3/31/22,34954,CHANGE HEALTHCARE INC,CHNG,2021,9932.495,3276.107,4632.373,9932.495,-57.39,3480.815,277.93,313.132,21.8,7372.0,6826.2776,Software,3049380.0,3049380.0,2019-06-27,1315152.0,Neil de Crescenzo IV,CHANGE HEALTHCARE INC (De-listed 10/2022),President/CEO,2022-10-03,10.0,10.0,Executive Director,1.0,1.0,1.0,0.0,0.0,0.0,0.0,0.0,0.0,0.0,1961-06-15,M,,,,,,,,,
A,USD,STD,INDL,C,2836,12/31/21,35638,VIR BIOTECHNOLOGY INC,VIR,2021,1954.268,1431.849,133.561,1954.268,528.584,1095.415,448.006,131.161,41.87,2836.0,5491.711069999999,Biotech,3092905.0,3092905.0,2019-10-11,272786.0,Doctor George Scangos,VIR BIOTECHNOLOGY INC,President/CEO,2023-04-03,10.0,10.0,Executive Director,1.0,1.0,0.0,0.0,1.0,0.0,0.0,0.0,0.0,0.0,1948-06-15,M,,41346.0,2021.0,575.0,0.0,20682.838,7479.18,575.0,0.3616128502287742
A,USD,STD,INDL,C,2836,12/31/22,35638,VIR BIOTECHNOLOGY INC,VIR,2022,2802.088,2077.963,123.837,2802.088,515.837,1615.797,474.648,133.237,25.31,2836.0,3372.2284699999996,Biotech,3092905.0,3092905.0,2019-10-11,272786.0,Doctor George Scangos,VIR BIOTECHNOLOGY INC,President/CEO,2023-04-03,10.0,10.0,Executive Director,1.0,1.0,0.0,0.0,1.0,0.0,0.0,0.0,0.0,0.0,1948-06-15,M,,41346.0,2022.0,638.333,0.0,7479.898,2489.73,638.333,0.33285614322548246
A,USD,STD,INDL,C,3679,12/31/20,36175,VERTIV HOLDINGS CO,VRT,2020,5073.8,512.1,2237.8,5073.8,-327.3,4370.6,228.6,342.025,18.67,3679.0,6385.60675,Semiconductors/Hardware,2825901.0,2825901.0,2020-02-07,497854.0,Rob Johnson,VERTIV HOLDINGS CO (GS Acquisition Holdings Corp prior to 02/2020),CEO,2022-12-31,10.0,10.0,Executive Director,1.0,0.0,0.0,0.0,0.0,0.0,0.0,0.0,0.0,0.0,1966-06-15,M,,2930.0,,,,,,,
A,USD,STD,INDL,C,3679,12/31/21,36175,VERTIV HOLDINGS CO,VRT,2021,6939.6,1417.7,3064.1,6939.6,119.6,4998.1,266.4,375.802,24.97,3679.0,9383.77594,Semiconductors/Hardware,2825901.0,2825901.0,2020-02-07,497854.0,Rob Johnson,VERTIV HOLDINGS CO (GS Acquisition Holdings Corp prior to 02/2020),CEO,2022-12-31,10.0,10.0,Executive Director,1.0,0.0,0.0,0.0,0.0,0.0,0.0,0.0,0.0,0.0,1966-06-15,M,,2930.0,,,,,,,
A,USD,STD,INDL,C,3679,12/31/23,36175,VERTIV HOLDINGS CO,VRT,2023,7998.5,2014.9,3061.7,7998.5,460.2,6863.2,303.5,381.789,48.03,3679.0,18337.32567,Semiconductors/Hardware,2825901.0,2825901.0,2023-07-01,2277545.0,Giordano Albertazzi,VERTIV HOLDINGS CO (GS Acquisition Holdings Corp prior to 02/2020),CEO,2027-01-01,10.0,40.0,Executive Director,1.0,0.0,0.0,0.0,0.0,0.0,0.0,0.0,1.0,1.0,1966-03-01,M,,,,,,,,,
A,USD,STD,INDL,C,3679,12/31/24,36175,VERTIV HOLDINGS CO,VRT,2024,9132.5,2434.3,3078.6,9132.5,495.8,8011.8,352.1,380.704,113.61,3679.0,43251.78144,Semiconductors/Hardware,2825901.0,2825901.0,2023-07-01,2277545.0,Giordano Albertazzi,VERTIV HOLDINGS CO (GS Acquisition Holdings Corp prior to 02/2020),CEO,2027-01-01,10.0,40.0,Executive Director,1.0,0.0,0.0,0.0,0.0,0.0,0.0,0.0,1.0,1.0,1966-03-01,M,,,,,,,,,
A,USD,STD,INDL,C,3679,12/31/25,36175,VERTIV HOLDINGS CO,VRT,2025,12212.4,3941.3,3137.3,12212.4,1332.8,10229.9,441.7,382.554,162.01,3679.0,61977.57353999999,Semiconductors/Hardware,2825901.0,2825901.0,2023-07-01,2277545.0,Giordano Albertazzi,VERTIV HOLDINGS CO (GS Acquisition Holdings Corp prior to 02/2020),CEO,2027-01-01,10.0,40.0,Executive Director,1.0,0.0,0.0,0.0,0.0,0.0,0.0,0.0,1.0,1.0,1966-03-01,M,,,,,,,,,
A,USD,STD,INDL,C,3674,1/31/20,117768,NVIDIA CORP,NVDA,2019,17315.0,12204.0,2552.0,17315.0,2796.0,10918.0,2829.0,612.0,236.43,3674.0,144695.16,Semiconductors/Hardware,22806.0,22806.0,1993-04-01,83377.0,Jensen Huang,NVIDIA CORP,President/CEO,2027-01-01,20.0,40.0,Executive Director,1.0,0.0,0.0,0.0,0.0,0.0,0.0,0.0,1.0,1.0,1963-02-17,M,Asian Association Network,19583.0,2019.0,996.514,0.0,11492.28,9676.92,996.514,0.8420365671563866
A,USD,STD,INDL,C,3674,1/31/22,117768,NVIDIA CORP,NVDA,2021,44187.0,26612.0,11687.0,44187.0,9752.0,26914.0,5268.0,2506.0,244.86,3674.0,613619.16,Semiconductors/Hardware,22806.0,22806.0,1993-04-01,83377.0,Jensen Huang,NVIDIA CORP,President/CEO,2027-01-01,20.0,40.0,Executive Director,1.0,0.0,0.0,0.0,0.0,0.0,0.0,0.0,1.0,1.0,1963-02-17,M,Asian Association Network,19583.0,2021.0,996.216,0.0,23737.661,18660.407,996.216,0.7861097603508619
A,USD,STD,INDL,C,3674,12/31/16,1161,ADVANCED MICRO DEVICES,AMD,2016,3321.0,416.0,1435.0,3321.0,-497.0,4272.0,1008.0,935.0,11.34,3674.0,10602.9,Semiconductors/Hardware,881.0,881.0,2014-10-08,542142.0,Doctor Lisa Su,ADVANCED MICRO DEVICES INC (AMD),President/CEO,2022-02-14,10.0,10.0,Executive Director,1.0,1.0,0.0,0.0,1.0,1.0,0.0,0.0,1.0,1.0,1969-11-07,F,,37809.0,2016.0,886.34,0.0,11724.775,7983.393,886.34,0.6808994628894798
A,USD,STD,INDL,C,3674,12/31/22,175982,CANADIAN SOLAR INC,CSIQ,2022,9037.128,1941.639,1105.183,9037.128,239.968,7468.61,69.822,64.506,30.9,3674.0,1993.2354,Semiconductors/Hardware,947629.0,947629.0,2020-09-29,735088.0,Doctor Shawn Qu,CANADIAN SOLAR INC,Chairman/President/CEO,2025-12-24,10.0,10.0,Executive Director,1.0,0.0,0.0,0.0,1.0,0.0,0.0,0.0,1.0,0.0,1964-06-15,M,,,,,,,,,
A,USD,STD,INDL,C,3674,12/31/17,175404,FIRST SOLAR INC,FSLR,2017,6864.501,5098.697,410.287,6864.501,-165.615,2941.324,88.573,104.468,67.52,3674.0,7053.67936,Semiconductors/Hardware,897123.0,897123.0,2016-07-01,488928.0,Mark Widmar,FIRST SOLAR INC,CEO,2027-01-01,10.0,40.0,Executive Director,1.0,0.0,1.0,0.0,0.0,0.0,0.0,0.0,0.0,0.0,1965-06-15,M,,31306.0,2017.0,750.001,0.0,10699.783,8063.982,750.001,0.7536584620454453
A,USD,STD,INDL,C,3674,12/31/18,175404,FIRST SOLAR INC,FSLR,2018,7121.362,5212.403,461.221,7121.362,144.326,2244.044,84.472,104.885,42.455,3674.0,4452.892675,Semiconductors/Hardware,897123.0,897123.0,2016-07-01,488928.0,Mark Widmar,FIRST SOLAR INC,CEO,2027-01-01,10.0,40.0,Executive Director,1.0,0.0,1.0,0.0,0.0,0.0,0.0,0.0,0.0,0.0,1965-06-15,M,,31306.0,2018.0,875.273,0.0,7032.617,5199.983,875.273,0.7394093834485796
A,USD,STD,INDL,C,3674,12/31/19,175404,FIRST SOLAR INC,FSLR,2019,7515.689,5096.767,566.702,7515.689,-114.933,3063.117,96.611,105.449,55.96,3674.0,5900.92604,Semiconductors/Hardware,897123.0,897123.0,2016-07-01,488928.0,Mark Widmar,FIRST SOLAR INC,CEO,2027-01-01,10.0,40.0,Executive Director,1.0,0.0,1.0,0.0,0.0,0.0,0.0,0.0,0.0,0.0,1965-06-15,M,,31306.0,2019.0,900.0,0.0,8524.24,6000.015,900.0,0.7038768265557985
A,USD,STD,INDL,C,3674,12/31/20,175404,FIRST SOLAR INC,FSLR,2020,7108.931,5520.928,426.725,7108.931,398.355,2711.332,93.738,105.98,98.92,3674.0,10483.5416,Semiconductors/Hardware,897123.0,897123.0,2016-07-01,488928.0,Mark Widmar,FIRST SOLAR INC,CEO,2027-01-01,10.0,40.0,Executive Director,1.0,0.0,1.0,0.0,0.0,0.0,0.0,0.0,0.0,0.0,1965-06-15,M,,31306.0,2020.0,900.0,0.0,8317.673,6000.023,900.0,0.7213583654947724
A,USD,STD,INDL,C,3674,12/31/21,175404,FIRST SOLAR INC,FSLR,2021,7413.746,5959.551,381.917,7413.746,468.693,2858.277,99.115,106.332,87.16,3674.0,9267.89712,Semiconductors/Hardware,897123.0,897123.0,2016-07-01,488928.0,Mark Widmar,FIRST SOLAR INC,CEO,2027-01-01,10.0,40.0,Executive Director,1.0,0.0,1.0,0.0,0.0,0.0,0.0,0.0,0.0,0.0,1965-06-15,M,,31306.0,2021.0,900.309,0.0,6542.454,4699.945,900.309,0.7183764685238903
A,USD,STD,INDL,C,3674,12/31/22,175404,FIRST SOLAR INC,FSLR,2022,8251.228,5836.055,224.938,8251.228,-44.166,2619.319,112.804,106.609,149.79,3674.0,15968.96211,Semiconductors/Hardware,897123.0,897123.0,2016-07-01,488928.0,Mark Widmar,FIRST SOLAR INC,CEO,2027-01-01,10.0,40.0,Executive Director,1.0,0.0,1.0,0.0,0.0,0.0,0.0,0.0,0.0,0.0,1965-06-15,M,,31306.0,2022.0,922.222,0.0,7207.833,4549.997,922.222,0.6312572724701031
A,USD,STD,INDL,C,3674,12/31/23,175404,FIRST SOLAR INC,FSLR,2023,10365.132,6687.469,517.793,10365.132,830.777,3318.602,152.307,106.847,172.28,3674.0,18407.60116,Semiconductors/Hardware,897123.0,897123.0,2016-07-01,488928.0,Mark Widmar,FIRST SOLAR INC,CEO,2027-01-01,10.0,40.0,Executive Director,1.0,0.0,1.0,0.0,0.0,0.0,0.0,0.0,0.0,0.0,1965-06-15,M,,31306.0,2023.0,964.971,0.0,7725.497,5000.089,964.971,0.6472190721192436
A,USD,STD,INDL,C,3674,12/31/24,175404,FIRST SOLAR INC,FSLR,2024,12124.361,7977.577,469.097,12124.361,1292.044,4206.289,191.375,107.06,176.24,3674.0,18868.2544,Semiconductors/Hardware,897123.0,897123.0,2016-07-01,488928.0,Mark Widmar,FIRST SOLAR INC,CEO,2027-01-01,10.0,40.0,Executive Director,1.0,0.0,1.0,0.0,0.0,0.0,0.0,0.0,0.0,0.0,1965-06-15,M,,31306.0,2024.0,1005.812,0.0,6386.641,5000.053,1005.812,0.7828924469059714
A,USD,STD,INDL,C,3674,12/31/25,175404,FIRST SOLAR INC,FSLR,2025,13321.31,9537.993,421.266,13321.31,1528.229,5219.376,233.421,107.31,261.23,3674.0,28032.591300000004,Semiconductors/Hardware,897123.0,897123.0,2016-07-01,488928.0,Mark Widmar,FIRST SOLAR INC,CEO,2027-01-01,10.0,40.0,Executive Director,1.0,0.0,1.0,0.0,0.0,0.0,0.0,0.0,0.0,0.0,1965-06-15,M,,31306.0,,,,,,,
I,USD,STD,INDL,C,7372,1/31/24,170616,SPLUNK INC,SPLK,2023,6687.356,740.609,3261.572,6687.356,263.734,4215.595,943.933,168.539,153.37,,25848.826429999997,Software,1813585.0,1813585.0,2022-04-11,1252966.0,Gary Steele,SPLUNK INC (De-listed 03/2024),President/CEO,2024-03-18,10.0,10.0,Executive Director,1.0,0.0,0.0,0.0,0.0,0.0,0.0,0.0,0.0,0.0,1962-06-15,M,,65931.0,,,,,,,
A,USD,STD,INDL,C,3674,12/31/15,175982,CANADIAN SOLAR INC,CSIQ,2015,4417.254,818.968,774.413,4417.254,171.861,3467.626,17.056,55.965,28.96,3674.0,1620.7464000000002,Semiconductors/Hardware,947629.0,947629.0,2006-11-09,735088.0,Doctor Shawn Qu,CANADIAN SOLAR INC,Chairman/President/CEO,2020-05-24,10.0,10.0,Executive Director,1.0,0.0,0.0,0.0,1.0,0.0,0.0,0.0,1.0,0.0,1964-06-15,M,,,,,,,,,
A,USD,STD,INDL,C,3674,12/31/19,175982,CANADIAN SOLAR INC,CSIQ,2019,5467.207,1393.134,653.271,5467.207,171.585,3200.583,47.045,59.372,22.1,3674.0,1312.1212,Semiconductors/Hardware,947629.0,947629.0,2006-11-09,735088.0,Doctor Shawn Qu,CANADIAN SOLAR INC,Chairman/President/CEO,2020-05-24,10.0,10.0,Executive Director,1.0,0.0,0.0,0.0,1.0,0.0,0.0,0.0,1.0,0.0,1964-06-15,M,,,,,,,,,
A,USD,STD,INDL,C,3674,12/31/20,175982,CANADIAN SOLAR INC,CSIQ,2020,6536.854,1570.422,684.906,6536.854,146.703,3476.495,45.167,59.82,51.24,3674.0,3065.1768,Semiconductors/Hardware,947629.0,947629.0,2020-09-29,735088.0,Doctor Shawn Qu,CANADIAN SOLAR INC,Chairman/President/CEO,2025-12-24,10.0,10.0,Executive Director,1.0,0.0,0.0,0.0,1.0,0.0,0.0,0.0,1.0,0.0,1964-06-15,M,,,,,,,,,
A,USD,STD,INDL,C,3674,12/31/21,175982,CANADIAN SOLAR INC,CSIQ,2021,7388.342,1801.083,802.928,7388.342,95.248,5277.169,58.407,64.023,31.29,3674.0,2003.27967,Semiconductors/Hardware,947629.0,947629.0,2020-09-29,735088.0,Doctor Shawn Qu,CANADIAN SOLAR INC,Chairman/President/CEO,2025-12-24,10.0,10.0,Executive Director,1.0,0.0,0.0,0.0,1.0,0.0,0.0,0.0,1.0,0.0,1964-06-15,M,,,,,,,,,
A,USD,STD,INDL,C,3674,12/31/23,175982,CANADIAN SOLAR INC,CSIQ,2023,11895.76,2559.243,1843.495,11895.76,274.187,7613.626,100.844,66.159,26.23,3674.0,1735.3505700000003,Semiconductors/Hardware,947629.0,947629.0,2020-09-29,735088.0,Doctor Shawn Qu,CANADIAN SOLAR INC,Chairman/President/CEO,2025-12-24,10.0,10.0,Executive Director,1.0,0.0,0.0,0.0,1.0,0.0,0.0,0.0,1.0,0.0,1964-06-15,M,,,,,,,,,
A,USD,STD,INDL,C,3674,12/31/15,175404,FIRST SOLAR INC,FSLR,2015,7316.331,5548.487,288.031,7316.331,546.421,3578.995,130.593,101.767,65.99,3674.0,6715.604329999999,Semiconductors/Hardware,897123.0,897123.0,2012-07-30,332806.0,Jim Hughes,FIRST SOLAR INC,CEO,2016-06-30,10.0,10.0,Executive Director,1.0,0.0,0.0,0.0,0.0,0.0,0.0,0.0,0.0,0.0,1962-12-03,M,,44576.0,2015.0,859.615,0.0,4527.719,2000.004,859.615,0.44172440913404737
A,USD,STD,INDL,C,3674,12/31/25,175982,CANADIAN SOLAR INC,CSIQ,2025,15171.729,2807.971,4171.053,15171.729,-104.126,5595.107,90.685,66.159,23.77,,1572.5994300000002,Semiconductors/Hardware,947629.0,947629.0,2025-12-24,735088.0,Doctor Shawn Qu,CANADIAN SOLAR INC,Chairman/CEO,2027-01-01,10.0,40.0,Executive Director,1.0,0.0,0.0,0.0,1.0,0.0,0.0,0.0,1.0,0.0,1964-06-15,M,,,,,,,,,
A,USD,STD,INDL,C,3674,12/31/20,175955,IPG PHOTONICS CORP,IPGP,2020,2935.7,2592.819,52.605,2935.7,159.572,1200.724,126.898,53.427,223.79,3674.0,11956.42833,Semiconductors/Hardware,16949.0,16949.0,1998-01-02,552050.0,Doctor Valentin Gapontsev,IPG PHOTONICS CORP,Chairman/CEO,2021-05-04,30.0,10.0,Executive Director,0.0,0.0,0.0,0.0,1.0,0.0,0.0,0.0,1.0,0.0,1939-02-23,M,,46801.0,2020.0,930.0,0.0,1943.9,0.0,930.0,0.0
A,USD,STD,INDL,C,3674,12/31/21,175955,IPG PHOTONICS CORP,IPGP,2021,3170.54,2746.582,34.552,3170.54,278.416,1460.86,139.573,53.01,172.14,3674.0,9125.1414,Semiconductors/Hardware,16949.0,16949.0,2021-05-04,552052.0,Doctor Eugene Scherbakov,IPG PHOTONICS CORP,CEO,2024-06-05,10.0,10.0,Executive Director,0.0,0.0,0.0,0.0,1.0,0.0,0.0,0.0,1.0,0.0,1948-06-15,M,,46804.0,2021.0,803.2,0.0,7284.851,4406.457,803.2,0.6048794958194753
A,USD,STD,INDL,C,3674,12/31/22,175955,IPG PHOTONICS CORP,IPGP,2022,2743.28,2385.36,16.787,2743.28,109.909,1429.547,116.114,48.138,94.67,3674.0,4557.224459999999,Semiconductors/Hardware,16949.0,16949.0,2021-05-04,552052.0,Doctor Eugene Scherbakov,IPG PHOTONICS CORP,CEO,2024-06-05,10.0,10.0,Executive Director,0.0,0.0,0.0,0.0,1.0,0.0,0.0,0.0,1.0,0.0,1948-06-15,M,,46804.0,2022.0,785.174,0.0,1635.799,0.0,785.174,0.0
A,USD,STD,INDL,C,3674,12/31/23,175955,IPG PHOTONICS CORP,IPGP,2023,2698.898,2415.385,13.664,2698.898,218.878,1287.439,98.704,46.321,108.54,3674.0,5027.68134,Semiconductors/Hardware,16949.0,16949.0,2021-05-04,552052.0,Doctor Eugene Scherbakov,IPG PHOTONICS CORP,CEO,2024-06-05,10.0,10.0,Executive Director,0.0,0.0,0.0,0.0,1.0,0.0,0.0,0.0,1.0,0.0,1948-06-15,M,,46804.0,2023.0,864.89,0.0,5725.552,4416.887,864.89,0.7714342652027263
A,USD,STD,INDL,C,3674,12/31/25,175955,IPG PHOTONICS CORP,IPGP,2025,2424.28,2128.13,12.176,2424.28,31.096,1003.777,117.402,42.127,71.6,3674.0,3016.2932,Semiconductors/Hardware,16949.0,16949.0,2024-06-05,1931869.0,Doctor Mark Gitin,IPG PHOTONICS CORP,CEO,2027-01-01,10.0,40.0,Executive Director,1.0,0.0,0.0,0.0,1.0,1.0,0.0,0.0,1.0,1.0,1967-06-15,M,,,,,,,,,
A,USD,STD,INDL,C,2836,12/31/19,176022,EMERGENT BIOSOLUTIONS INC,EBS,2019,2327.3,1088.5,820.5,2327.3,54.5,1106.0,214.2,51.7,53.95,2836.0,2789.215,Biotech,550958.0,550958.0,2019-04-01,510070.0,Bob Kramer Sr,EMERGENT BIOSOLUTIONS INC,President/CEO,2023-06-24,10.0,10.0,Executive Director,1.0,0.0,1.0,0.0,0.0,0.0,0.0,0.0,0.0,0.0,1957-06-15,M,,36516.0,2019.0,678.021,0.0,3693.821,1439.958,678.021,0.38982885202071244
A,USD,STD,INDL,C,2836,12/31/20,176022,EMERGENT BIOSOLUTIONS INC,EBS,2020,2883.2,1447.0,868.8,2883.2,305.1,1555.4,205.5,53.1,89.6,2836.0,4757.76,Biotech,550958.0,550958.0,2019-04-01,510070.0,Bob Kramer Sr,EMERGENT BIOSOLUTIONS INC,President/CEO,2023-06-24,10.0,10.0,Executive Director,1.0,0.0,1.0,0.0,0.0,0.0,0.0,0.0,0.0,0.0,1957-06-15,M,,36516.0,2020.0,893.86,0.0,5569.977,2050.006,893.86,0.36804568492832196
A,USD,STD,INDL,C,2836,12/31/21,176022,EMERGENT BIOSOLUTIONS INC,EBS,2021,2959.0,1619.0,833.6,2959.0,230.9,1792.7,234.0,51.3,43.47,2836.0,2230.011,Biotech,550958.0,550958.0,2019-04-01,510070.0,Bob Kramer Sr,EMERGENT BIOSOLUTIONS INC,President/CEO,2023-06-24,10.0,10.0,Executive Director,1.0,0.0,1.0,0.0,0.0,0.0,0.0,0.0,0.0,0.0,1957-06-15,M,,36516.0,2021.0,1026.924,0.0,6932.076,2800.026,1026.924,0.403923153756537
A,USD,STD,INDL,C,2834,12/31/15,177287,JAZZ PHARMACEUTICALS PLC,JAZZ,2015,3359.663,1598.591,1166.916,3359.663,329.535,1324.803,135.253,61.305,140.56,2834.0,8617.0308,Biotech,488479.0,488479.0,2009-04-03,183256.0,Bruce Cozadd,JAZZ PHARMACEUTICALS PLC,Chairperson/CEO,2025-08-11,10.0,10.0,Executive Director,1.0,1.0,1.0,1.0,0.0,0.0,0.0,0.0,0.0,0.0,1964-06-15,M,,12812.0,2015.0,869.616,0.0,10677.462,4870.279,869.616,0.45612702719054404
A,USD,STD,INDL,C,2834,12/31/16,177287,JAZZ PHARMACEUTICALS PLC,JAZZ,2016,4800.227,1877.284,1993.531,4800.227,396.831,1487.973,186.047,59.82,109.03,2834.0,6522.1746,Biotech,488479.0,488479.0,2009-04-03,183256.0,Bruce Cozadd,JAZZ PHARMACEUTICALS PLC,Chairperson/CEO,2025-08-11,10.0,10.0,Executive Director,1.0,1.0,1.0,1.0,0.0,0.0,0.0,0.0,0.0,0.0,1964-06-15,M,,12812.0,2016.0,917.308,0.0,8770.972,3824.157,917.308,0.43600150587642966
A,USD,STD,INDL,C,2834,12/31/17,177287,JAZZ PHARMACEUTICALS PLC,JAZZ,2017,5123.672,2713.042,1540.433,5123.672,487.848,1618.693,283.442,59.898,134.65,2834.0,8065.265700000001,Biotech,488479.0,488479.0,2009-04-03,183256.0,Bruce Cozadd,JAZZ PHARMACEUTICALS PLC,Chairperson/CEO,2025-08-11,10.0,10.0,Executive Director,1.0,1.0,1.0,1.0,0.0,0.0,0.0,0.0,0.0,0.0,1964-06-15,M,,12812.0,2017.0,950.385,0.0,10304.61,4711.828,950.385,0.4572543744984041
A,USD,STD,INDL,C,2834,12/31/18,177287,JAZZ PHARMACEUTICALS PLC,JAZZ,2018,5203.491,2757.367,1563.025,5203.491,447.098,1890.922,226.616,57.504,123.96,2834.0,7128.195839999999,Biotech,488479.0,488479.0,2009-04-03,183256.0,Bruce Cozadd,JAZZ PHARMACEUTICALS PLC,Chairperson/CEO,2025-08-11,10.0,10.0,Executive Director,1.0,1.0,1.0,1.0,0.0,0.0,0.0,0.0,0.0,0.0,1964-06-15,M,,12812.0,2018.0,979.285,0.0,11443.133,5204.786,979.285,0.45483924725859604
A,USD,STD,INDL,C,2834,12/31/19,177287,JAZZ PHARMACEUTICALS PLC,JAZZ,2019,5538.897,3110.926,1725.096,5538.897,523.367,2161.761,409.701,56.141,149.28,2834.0,8380.72848,Biotech,488479.0,488479.0,2009-04-03,183256.0,Bruce Cozadd,JAZZ PHARMACEUTICALS PLC,Chairperson/CEO,2025-08-11,10.0,10.0,Executive Director,1.0,1.0,1.0,1.0,0.0,0.0,0.0,0.0,0.0,0.0,1964-06-15,M,,12812.0,2019.0,1014.415,0.0,14713.637,7001.495,1014.415,0.47585073629314084
A,USD,STD,INDL,C,3674,12/31/16,175404,FIRST SOLAR INC,FSLR,2016,6867.213,5212.687,193.736,6867.213,-357.964,2951.328,124.762,104.035,32.09,3674.0,3338.48315,Semiconductors/Hardware,897123.0,897123.0,2016-07-01,488928.0,Mark Widmar,FIRST SOLAR INC,CEO,2027-01-01,10.0,40.0,Executive Director,1.0,0.0,1.0,0.0,0.0,0.0,0.0,0.0,0.0,0.0,1965-06-15,M,,31306.0,2016.0,650.0,0.0,4630.286,3172.811,650.0,0.6852300268277165
A,USD,STD,INDL,C,3674,12/31/19,175955,IPG PHOTONICS CORP,IPGP,2019,2730.436,2401.726,58.378,2730.436,180.234,1314.581,129.997,53.011,144.92,3674.0,7682.35412,Semiconductors/Hardware,16949.0,16949.0,1998-01-02,552050.0,Doctor Valentin Gapontsev,IPG PHOTONICS CORP,Chairman/CEO,2021-05-04,30.0,10.0,Executive Director,0.0,0.0,0.0,0.0,1.0,0.0,0.0,0.0,1.0,0.0,1939-02-23,M,,46801.0,2019.0,930.0,0.0,1251.984,0.0,930.0,0.0
A,USD,STD,INDL,C,2834,12/31/21,177287,JAZZ PHARMACEUTICALS PLC,JAZZ,2021,12298.639,3965.136,6112.412,12298.639,-329.668,3094.238,505.748,61.633,127.4,2834.0,7852.0442,Biotech,488479.0,488479.0,2009-04-03,183256.0,Bruce Cozadd,JAZZ PHARMACEUTICALS PLC,Chairperson/CEO,2025-08-11,10.0,10.0,Executive Director,1.0,1.0,1.0,1.0,0.0,0.0,0.0,0.0,0.0,0.0,1964-06-15,M,,12812.0,2021.0,1077.254,0.0,15679.311,13414.116,1077.254,0.8555296849459776
A,USD,STD,INDL,C,3674,12/31/24,160888,MONOLITHIC POWER SYSTEMS INC,MPWR,2024,3617.097,3145.767,12.974,3617.097,1786.7,2207.1,324.748,47.823,591.7,3674.0,28296.869100000004,Semiconductors/Hardware,580845.0,580845.0,2010-01-01,447596.0,Michael Hsing,MONOLITHIC POWER SYSTEMS INC,Chairman/President/CEO,2027-01-01,30.0,40.0,Executive Director,1.0,0.0,0.0,0.0,0.0,0.0,0.0,0.0,0.0,0.0,1959-06-15,M,Asian Association Network,40545.0,2024.0,980.569,0.0,18979.292,12268.389,980.569,0.6464092021978479
A,USD,STD,INDL,C,2834,3/31/23,162335,PRESTIGE CONSUMER HEALTHCARE,PBH,2022,3353.729,1447.084,1357.331,3353.729,-82.306,1127.725,,49.692,62.63,5122.0,3112.20996,Biotech,1692432.0,1692432.0,2009-07-01,1376569.0,George Paleologou,PREMIUM BRANDS HOLDINGS CORP (Premium Brands Income Fund prior to 07/2009),President/CEO,2027-01-01,20.0,40.0,Executive Director,1.0,0.0,0.0,0.0,0.0,0.0,0.0,0.0,0.0,0.0,1960-06-15,M,,,,,,,,,
A,USD,STD,INDL,C,2834,3/31/24,162335,PRESTIGE CONSUMER HEALTHCARE,PBH,2023,3318.417,1655.084,1133.504,3318.417,209.339,1125.357,,49.821,72.56,5122.0,3615.01176,Biotech,600759.0,600759.0,2017-05-01,1094011.0,Ron Lombardi,PRESTIGE CONSUMER HEALTHCARE INC (Prestige Brands Holdings (PBH) Inc prior to 08/2018),Chairman/President/CEO,2027-01-01,20.0,40.0,Executive Director,1.0,0.0,1.0,0.0,0.0,0.0,0.0,0.0,0.0,0.0,1964-06-15,M,,42000.0,2023.0,1002.632,0.0,5763.133,3700.034,1002.632,0.6420178052458619
A,USD,STD,INDL,C,2834,3/31/25,162335,PRESTIGE CONSUMER HEALTHCARE,PBH,2024,3402.218,1834.897,1035.713,3402.218,214.605,1137.762,,49.509,85.97,2834.0,4256.28873,Biotech,600759.0,600759.0,2017-05-01,1094011.0,Ron Lombardi,PRESTIGE CONSUMER HEALTHCARE INC (Prestige Brands Holdings (PBH) Inc prior to 08/2018),Chairman/President/CEO,2027-01-01,20.0,40.0,Executive Director,1.0,0.0,1.0,0.0,0.0,0.0,0.0,0.0,0.0,0.0,1964-06-15,M,,42000.0,2024.0,1003.564,0.0,6193.019,4000.008,1003.564,0.6458898317605678
I,USD,STD,INDL,C,7372,12/31/20,170335,PROOFPOINT INC,PFPT,2020,2498.71,441.744,962.067,2498.71,-163.809,1050.01,283.799,57.178,136.41,7372.0,7799.650979999999,Software,1813890.0,1813890.0,2018-07-09,1252966.0,Gary Steele,PROOFPOINT INC (De-listed 08/2021),Chairman/CEO,2021-08-31,10.0,10.0,Executive Director,1.0,0.0,0.0,0.0,0.0,0.0,0.0,0.0,0.0,0.0,1962-06-15,M,,65931.0,,,,,,,
I,USD,STD,INDL,C,7372,1/31/19,170616,SPLUNK INC,SPLK,2018,4500.243,1520.457,1634.474,4500.243,-275.577,1803.01,441.969,149.167,124.84,7372.0,18622.00828,Software,1813585.0,1813585.0,2015-11-19,339339.0,Doug Merritt,SPLUNK INC (De-listed 03/2024),President/CEO,2021-11-13,10.0,10.0,Executive Director,1.0,0.0,0.0,0.0,0.0,0.0,0.0,0.0,0.0,0.0,1964-06-15,M,,,,,,,,,
I,USD,STD,INDL,C,7372,1/31/20,170616,SPLUNK INC,SPLK,2019,5439.471,1999.429,1950.261,5439.471,-336.668,2358.926,619.8,157.788,155.26,7372.0,24498.16488,Software,1813585.0,1813585.0,2015-11-19,339339.0,Doug Merritt,SPLUNK INC (De-listed 03/2024),President/CEO,2021-11-13,10.0,10.0,Executive Director,1.0,0.0,0.0,0.0,0.0,0.0,0.0,0.0,0.0,0.0,1964-06-15,M,,,,,,,,,
I,USD,STD,INDL,C,7372,1/31/21,170616,SPLUNK INC,SPLK,2020,5868.486,1594.005,2633.605,5868.486,-907.98,2229.385,791.026,163.147,165.03,7372.0,26924.14941,Software,1813585.0,1813585.0,2015-11-19,339339.0,Doug Merritt,SPLUNK INC (De-listed 03/2024),President/CEO,2021-11-13,10.0,10.0,Executive Director,1.0,0.0,0.0,0.0,0.0,0.0,0.0,0.0,0.0,0.0,1964-06-15,M,,,,,,,,,
I,USD,STD,INDL,C,7372,1/31/22,170616,SPLUNK INC,SPLK,2021,5790.875,222.771,3363.287,5790.875,-1339.097,2673.664,1029.574,160.045,123.92,7372.0,19832.7764,Software,1813585.0,1813585.0,2021-11-13,271741.0,Graham Smith,SPLUNK INC (De-listed 03/2024),Chair/Interim CEO,2022-04-11,10.0,10.0,Executive Director,1.0,0.0,0.0,0.0,0.0,0.0,0.0,0.0,0.0,0.0,1960-06-15,M,,26449.0,,,,,,,
I,USD,STD,INDL,C,7372,1/31/23,170616,SPLUNK INC,SPLK,2022,6343.923,-110.513,3301.557,6343.923,-277.862,3653.708,997.17,164.834,95.77,7372.0,15786.15218,Software,1813585.0,1813585.0,2022-04-11,1252966.0,Gary Steele,SPLUNK INC (De-listed 03/2024),President/CEO,2024-03-18,10.0,10.0,Executive Director,1.0,0.0,0.0,0.0,0.0,0.0,0.0,0.0,0.0,0.0,1962-06-15,M,,65931.0,,,,,,,
A,USD,STD,INDL,C,3674,12/31/21,160888,MONOLITHIC POWER SYSTEMS INC,MPWR,2021,1585.825,1243.985,3.268,1585.825,242.023,1207.798,190.627,46.256,493.33,3674.0,22819.47248,Semiconductors/Hardware,580845.0,580845.0,2010-01-01,447596.0,Michael Hsing,MONOLITHIC POWER SYSTEMS INC,Chairman/President/CEO,2027-01-01,30.0,40.0,Executive Director,1.0,0.0,0.0,0.0,0.0,0.0,0.0,0.0,0.0,0.0,1959-06-15,M,Asian Association Network,40545.0,2021.0,711.923,0.0,20254.831,13782.908,711.923,0.6804750925840852
A,USD,STD,INDL,C,3674,12/31/22,160888,MONOLITHIC POWER SYSTEMS INC,MPWR,2022,2058.885,1668.602,1.664,2058.885,437.672,1794.148,240.171,47.107,353.61,3674.0,16657.50627,Semiconductors/Hardware,580845.0,580845.0,2010-01-01,447596.0,Michael Hsing,MONOLITHIC POWER SYSTEMS INC,Chairman/President/CEO,2027-01-01,30.0,40.0,Executive Director,1.0,0.0,0.0,0.0,0.0,0.0,0.0,0.0,0.0,0.0,1959-06-15,M,Asian Association Network,40545.0,2022.0,751.846,0.0,20664.936,13865.09,751.846,0.6709476380667232
A,USD,STD,INDL,C,3674,12/31/23,160888,MONOLITHIC POWER SYSTEMS INC,MPWR,2023,2434.353,2049.939,5.565,2434.353,427.374,1821.072,263.643,48.028,630.78,3674.0,30295.10184,Semiconductors/Hardware,580845.0,580845.0,2010-01-01,447596.0,Michael Hsing,MONOLITHIC POWER SYSTEMS INC,Chairman/President/CEO,2027-01-01,30.0,40.0,Executive Director,1.0,0.0,0.0,0.0,0.0,0.0,0.0,0.0,0.0,0.0,1959-06-15,M,Asian Association Network,40545.0,2023.0,822.877,0.0,14643.469,12311.787,822.877,0.8407698339785471
A,USD,STD,INDL,C,3674,12/31/25,160888,MONOLITHIC POWER SYSTEMS INC,MPWR,2025,4194.199,3531.497,19.972,4194.199,621.483,2790.459,382.263,48.709,906.36,3674.0,44147.88924,Semiconductors/Hardware,580845.0,580845.0,2010-01-01,447596.0,Michael Hsing,MONOLITHIC POWER SYSTEMS INC,Chairman/President/CEO,2027-01-01,30.0,40.0,Executive Director,1.0,0.0,0.0,0.0,0.0,0.0,0.0,0.0,0.0,0.0,1959-06-15,M,Asian Association Network,40545.0,,,,,,,
A,USD,STD,INDL,C,3674,12/31/18,175955,IPG PHOTONICS CORP,IPGP,2018,2574.45,2205.548,41.707,2574.45,404.027,1459.874,122.769,52.942,113.29,3674.0,5997.79918,Semiconductors/Hardware,16949.0,16949.0,1998-01-02,552050.0,Doctor Valentin Gapontsev,IPG PHOTONICS CORP,Chairman/CEO,2021-05-04,30.0,10.0,Executive Director,0.0,0.0,0.0,0.0,1.0,0.0,0.0,0.0,1.0,0.0,1939-02-23,M,,46801.0,2018.0,930.0,0.0,1622.735,0.0,930.0,0.0
A,USD,STD,INDL,C,2836,12/31/25,174134,PTC THERAPEUTICS INC,PTCT,2025,2898.767,-205.313,2121.949,2898.767,682.644,1730.655,455.249,81.474,75.96,2836.0,6188.76504,Biotech,1959651.0,1959651.0,2023-03-22,2299828.0,Doctor Matthew Klein,PTC THERAPEUTICS INC,President/CEO,2027-01-01,10.0,40.0,Executive Director,1.0,1.0,0.0,0.0,0.0,0.0,1.0,1.0,1.0,0.0,1971-06-15,M,,,,,,,,,
A,USD,STD,INDL,C,7372,12/31/15,171007,SERVICENOW INC,NOW,2015,1807.052,566.814,474.534,1807.052,-198.426,1005.48,217.389,160.786,86.56,7372.0,13917.63616,Software,1830138.0,1830138.0,2012-06-29,843302.0,Frank Slootman,SERVICENOW INC,President/CEO,2016-10-25,10.0,10.0,Executive Director,0.0,0.0,0.0,0.0,0.0,0.0,0.0,0.0,0.0,0.0,1958-10-01,M,,57700.0,2015.0,450.0,0.0,12302.933,11660.8,450.0,0.9478065108539564
A,USD,STD,INDL,C,7372,12/31/16,171007,SERVICENOW INC,NOW,2016,2033.767,386.961,507.812,2033.767,-451.804,1390.513,285.239,167.431,74.34,7372.0,12446.82054,Software,1830138.0,1830138.0,2016-10-25,843302.0,Frank Slootman,SERVICENOW INC,Chairman/President/CEO,2017-04-03,10.0,10.0,Executive Director,0.0,0.0,0.0,0.0,0.0,0.0,0.0,0.0,0.0,0.0,1958-10-01,M,,57700.0,2016.0,450.0,0.0,9016.517,8012.8,450.0,0.8886801854862582
A,USD,STD,INDL,C,7372,12/31/17,171007,SERVICENOW INC,NOW,2017,3397.904,584.132,630.018,3397.904,-149.13,1933.026,377.518,174.276,130.39,7372.0,22723.84764,Software,1830138.0,1830138.0,2017-04-03,103257.0,John Donahoe II,SERVICENOW INC,President/CEO,2019-11-18,10.0,10.0,Executive Director,1.0,1.0,1.0,1.0,0.0,0.0,0.0,0.0,0.0,0.0,1960-04-30,M,,,,,,,,,
A,USD,STD,INDL,C,7372,12/31/18,171007,SERVICENOW INC,NOW,2018,3879.14,1111.199,661.707,3879.14,-26.704,2608.816,529.501,180.175,178.05,7372.0,32080.15875,Software,1830138.0,1830138.0,2017-04-03,103257.0,John Donahoe II,SERVICENOW INC,President/CEO,2019-11-18,10.0,10.0,Executive Director,1.0,1.0,1.0,1.0,0.0,0.0,0.0,0.0,0.0,0.0,1960-04-30,M,,,,,,,,,
A,USD,STD,INDL,C,7372,12/31/19,171007,SERVICENOW INC,NOW,2019,6022.43,2127.941,1078.202,6022.43,626.698,3460.437,748.369,189.461,282.32,7372.0,53488.62952,Software,1830138.0,1830138.0,2019-11-18,206474.0,Bill McDermott,SERVICENOW INC,President/CEO,2022-10-25,10.0,10.0,Executive Director,1.0,0.0,1.0,1.0,0.0,0.0,0.0,0.0,0.0,0.0,1961-06-15,M,,20625.0,2019.0,128.846,0.0,41682.336,19684.038,128.846,0.47223931979244155
A,USD,STD,INDL,C,7372,12/31/20,171007,SERVICENOW INC,NOW,2020,8715.057,2834.481,2062.932,8715.057,118.503,4519.484,1024.327,195.844,550.43,7372.0,107798.41292,Software,1830138.0,1830138.0,2019-11-18,206474.0,Bill McDermott,SERVICENOW INC,President/CEO,2022-10-25,10.0,10.0,Executive Director,1.0,0.0,1.0,1.0,0.0,0.0,0.0,0.0,0.0,0.0,1961-06-15,M,,20625.0,2020.0,1000.0,0.0,25124.056,18408.206,1000.0,0.7326924442454673
A,USD,STD,INDL,C,7372,12/31/21,171007,SERVICENOW INC,NOW,2021,10798.0,3695.0,2040.0,10798.0,230.0,5896.0,1397.0,199.608,649.11,7372.0,129567.54888,Software,1830138.0,1830138.0,2019-11-18,206474.0,Bill McDermott,SERVICENOW INC,President/CEO,2022-10-25,10.0,10.0,Executive Director,1.0,0.0,1.0,1.0,0.0,0.0,0.0,0.0,0.0,0.0,1961-06-15,M,,20625.0,2021.0,1000.0,0.0,165802.037,22984.959,1000.0,0.13862893011380795
A,USD,STD,INDL,C,7372,12/31/22,171007,SERVICENOW INC,NOW,2022,13299.0,5032.0,2136.0,13299.0,325.0,7245.0,1768.0,202.882,388.27,7372.0,78772.99414,Software,1830138.0,1830138.0,2022-10-25,206474.0,Bill McDermott,SERVICENOW INC,Chairman/CEO,2027-01-01,10.0,40.0,Executive Director,1.0,0.0,1.0,1.0,0.0,0.0,0.0,0.0,0.0,0.0,1961-06-15,M,,20625.0,2022.0,1166.667,0.0,38502.528,27303.411,1166.667,0.7091329431667448
A,USD,STD,INDL,C,7372,12/31/23,171007,SERVICENOW INC,NOW,2023,17387.0,7628.0,2195.0,17387.0,1731.0,8971.0,2124.0,204.724,706.49,7372.0,144635.45876,Software,1830138.0,1830138.0,2022-10-25,206474.0,Bill McDermott,SERVICENOW INC,Chairman/CEO,2027-01-01,10.0,40.0,Executive Director,1.0,0.0,1.0,1.0,0.0,0.0,0.0,0.0,0.0,0.0,1961-06-15,M,,20625.0,2023.0,1325.0,0.0,4828.73,0.0,1325.0,0.0
A,USD,STD,INDL,C,7372,12/31/24,171007,SERVICENOW INC,NOW,2024,20383.0,9609.0,2176.0,20383.0,1425.0,10984.0,2543.0,206.487,1060.12,7372.0,218900.99843999997,Software,1830138.0,1830138.0,2022-10-25,206474.0,Bill McDermott,SERVICENOW INC,Chairman/CEO,2027-01-01,10.0,40.0,Executive Director,1.0,0.0,1.0,1.0,0.0,0.0,0.0,0.0,0.0,0.0,1961-06-15,M,,20625.0,2024.0,1350.0,0.0,37558.118,31460.267,1350.0,0.8376422641837378
A,USD,STD,INDL,C,7372,12/31/25,171007,SERVICENOW INC,NOW,2025,26038.0,12964.0,2291.0,26038.0,1748.0,13278.0,2960.0,1047.278,153.19,7372.0,160432.51682,Software,1830138.0,1830138.0,2022-10-25,206474.0,Bill McDermott,SERVICENOW INC,Chairman/CEO,2027-01-01,10.0,40.0,Executive Director,1.0,0.0,1.0,1.0,0.0,0.0,0.0,0.0,0.0,0.0,1961-06-15,M,,20625.0,,,,,,,
A,USD,STD,INDL,C,3674,12/31/16,175955,IPG PHOTONICS CORP,IPGP,2016,1789.999,1557.558,37.635,1789.999,260.752,1006.173,78.552,53.252,98.71,3674.0,5256.50492,Semiconductors/Hardware,16949.0,16949.0,1998-01-02,552050.0,Doctor Valentin Gapontsev,IPG PHOTONICS CORP,Chairman/CEO,2021-05-04,30.0,10.0,Executive Director,0.0,0.0,0.0,0.0,1.0,0.0,0.0,0.0,1.0,0.0,1939-02-23,M,,46801.0,2016.0,735.4,0.0,1481.397,0.0,735.4,0.0
A,USD,STD,INDL,C,3674,12/31/17,175955,IPG PHOTONICS CORP,IPGP,2017,2367.255,2022.322,45.378,2367.255,347.614,1408.889,100.87,53.629,214.13,3674.0,11483.57777,Semiconductors/Hardware,16949.0,16949.0,1998-01-02,552050.0,Doctor Valentin Gapontsev,IPG PHOTONICS CORP,Chairman/CEO,2021-05-04,30.0,10.0,Executive Director,0.0,0.0,0.0,0.0,1.0,0.0,0.0,0.0,1.0,0.0,1939-02-23,M,,46801.0,2017.0,832.0,0.0,2284.683,0.0,832.0,0.0
A,USD,STD,INDL,C,2834,12/31/20,177287,JAZZ PHARMACEUTICALS PLC,JAZZ,2020,6535.901,3659.69,1988.551,6535.901,238.616,2363.567,722.764,56.171,165.05,2834.0,9271.02355,Biotech,488479.0,488479.0,2009-04-03,183256.0,Bruce Cozadd,JAZZ PHARMACEUTICALS PLC,Chairperson/CEO,2025-08-11,10.0,10.0,Executive Director,1.0,1.0,1.0,1.0,0.0,0.0,0.0,0.0,0.0,0.0,1964-06-15,M,,12812.0,2020.0,1085.123,0.0,12573.3,5881.195,1085.123,0.4677526981778849
A,USD,STD,INDL,C,2834,12/31/22,177287,JAZZ PHARMACEUTICALS PLC,JAZZ,2022,10835.255,3085.679,5770.389,10835.255,-224.06,3659.374,1168.249,63.212,159.31,2834.0,10070.30372,Biotech,488479.0,488479.0,2009-04-03,183256.0,Bruce Cozadd,JAZZ PHARMACEUTICALS PLC,Chairperson/CEO,2025-08-11,10.0,10.0,Executive Director,1.0,1.0,1.0,1.0,0.0,0.0,0.0,0.0,0.0,0.0,1964-06-15,M,,12812.0,2022.0,1199.169,0.0,17325.618,14873.643,1199.169,0.8584769097414015
A,USD,STD,INDL,C,3674,1/31/23,117768,NVIDIA CORP,NVDA,2022,41182.0,22101.0,10605.0,41182.0,4368.0,26974.0,7339.0,2466.0,195.37,3674.0,481782.42,Semiconductors/Hardware,22806.0,22806.0,1993-04-01,83377.0,Jensen Huang,NVIDIA CORP,President/CEO,2027-01-01,20.0,40.0,Executive Director,1.0,0.0,0.0,0.0,0.0,0.0,0.0,0.0,1.0,1.0,1963-02-17,M,Asian Association Network,19583.0,2022.0,996.832,0.0,21356.924,19666.382,996.832,0.9208433761341288
A,USD,STD,INDL,C,3674,12/31/24,187450,ENPHASE ENERGY INC,ENPH,2024,3249.676,833.016,1224.133,3249.676,102.658,1330.383,201.315,132.448,68.68,3674.0,9096.528640000002,Semiconductors/Hardware,1810090.0,1810090.0,2017-09-03,1197971.0,Badri Kothandaraman,ENPHASE ENERGY INC,President/CEO,2027-01-01,10.0,40.0,Executive Director,1.0,0.0,0.0,0.0,0.0,0.0,0.0,0.0,1.0,1.0,1971-06-15,M,,45833.0,2024.0,450.0,0.0,12630.005,12156.58,450.0,0.9625158501520784
A,USD,STD,INDL,C,3674,12/31/15,184725,NXP SEMICONDUCTORS NV,NXPI,2015,26354.0,11515.0,8656.0,26354.0,1526.0,6101.0,890.0,342.004,84.25,3674.0,28813.837000000003,Semiconductors/Hardware,1656513.0,1656513.0,2010-08-06,82157.0,Rick Clemmer,NXP SEMICONDUCTORS NV,President/CEO,2018-09-09,10.0,10.0,Executive Director,1.0,0.0,1.0,0.0,0.0,0.0,0.0,0.0,0.0,0.0,1951-06-15,M,,15587.0,2015.0,1273.33,1530.511,4512.657,0.0,2803.841,0.0
A,USD,STD,INDL,C,3674,12/31/16,184725,NXP SEMICONDUCTORS NV,NXPI,2016,24898.0,10935.0,8766.0,24898.0,200.0,9498.0,1560.0,335.393,98.01,3674.0,32871.86793,Semiconductors/Hardware,1656513.0,1656513.0,2010-08-06,82157.0,Rick Clemmer,NXP SEMICONDUCTORS NV,President/CEO,2018-09-09,10.0,10.0,Executive Director,1.0,0.0,1.0,0.0,0.0,0.0,0.0,0.0,0.0,0.0,1951-06-15,M,,15587.0,2016.0,1263.58,546.815,3434.463,0.0,1810.395,0.0
A,USD,STD,INDL,C,3674,12/31/17,184725,NXP SEMICONDUCTORS NV,NXPI,2017,24049.0,13527.0,5814.0,24049.0,2215.0,9256.0,1577.0,342.925,117.09,3674.0,40153.08825,Semiconductors/Hardware,1656513.0,1656513.0,2010-08-06,82157.0,Rick Clemmer,NXP SEMICONDUCTORS NV,President/CEO,2018-09-09,10.0,10.0,Executive Director,1.0,0.0,1.0,0.0,0.0,0.0,0.0,0.0,0.0,0.0,1951-06-15,M,,15587.0,2017.0,1291.625,0.0,3845.829,0.0,1291.625,0.0
A,USD,STD,INDL,C,3674,12/31/18,184725,NXP SEMICONDUCTORS NV,NXPI,2018,21530.0,10505.0,6247.0,21530.0,2208.0,9407.0,1700.0,292.79,73.28,3674.0,21455.6512,Semiconductors/Hardware,1656513.0,1656513.0,2018-09-09,82157.0,Rick Clemmer,NXP SEMICONDUCTORS NV,CEO,2020-05-27,10.0,10.0,Executive Director,1.0,0.0,1.0,0.0,0.0,0.0,0.0,0.0,0.0,0.0,1951-06-15,M,,15587.0,2018.0,1369.73,0.0,5036.19,0.0,1369.73,0.0
A,USD,STD,INDL,C,3674,12/31/19,184725,NXP SEMICONDUCTORS NV,NXPI,2019,20016.0,9441.0,7564.0,20016.0,243.0,8877.0,1643.0,281.437,127.26,3674.0,35815.672620000005,Semiconductors/Hardware,1656513.0,1656513.0,2018-09-09,82157.0,Rick Clemmer,NXP SEMICONDUCTORS NV,CEO,2020-05-27,10.0,10.0,Executive Director,1.0,0.0,1.0,0.0,0.0,0.0,0.0,0.0,0.0,0.0,1951-06-15,M,,15587.0,2019.0,1345.2,0.0,20558.002,17455.843,1345.2,0.8491021160519393
A,USD,STD,INDL,C,3674,12/31/20,184725,NXP SEMICONDUCTORS NV,NXPI,2020,19847.0,8944.0,7786.0,19847.0,52.0,8612.0,1725.0,280.475,159.01,3674.0,44598.32975,Semiconductors/Hardware,1656513.0,1656513.0,2020-05-27,1096978.0,Kurt Sievers,NXP SEMICONDUCTORS NV,President/CEO,2025-04-28,10.0,10.0,Executive Director,0.0,0.0,1.0,0.0,0.0,0.0,0.0,0.0,1.0,0.0,1969-01-01,M,,60463.0,2020.0,759.968,0.0,16960.229,16063.333,759.968,0.9471176951679132
A,USD,STD,INDL,C,3674,12/31/21,184725,NXP SEMICONDUCTORS NV,NXPI,2021,20864.0,6528.0,10753.0,20864.0,1871.0,11063.0,1972.0,264.95,227.78,3674.0,60350.310999999994,Semiconductors/Hardware,1656513.0,1656513.0,2020-05-27,1096978.0,Kurt Sievers,NXP SEMICONDUCTORS NV,President/CEO,2025-04-28,10.0,10.0,Executive Director,0.0,0.0,1.0,0.0,0.0,0.0,0.0,0.0,1.0,0.0,1969-01-01,M,,60463.0,2021.0,1181.8,0.0,20911.892,16314.944,1181.8,0.7801754140658339
A,USD,STD,INDL,C,3674,12/31/22,184725,NXP SEMICONDUCTORS NV,NXPI,2022,23236.0,7449.0,11367.0,23236.0,2787.0,13205.0,2148.0,259.463,158.03,3674.0,41002.93789,Semiconductors/Hardware,1656513.0,1656513.0,2020-05-27,1096978.0,Kurt Sievers,NXP SEMICONDUCTORS NV,President/CEO,2025-04-28,10.0,10.0,Executive Director,0.0,0.0,1.0,0.0,0.0,0.0,0.0,0.0,1.0,0.0,1969-01-01,M,,60463.0,2022.0,1098.136,0.0,20771.851,17119.017,1098.136,0.8241449931448094
A,USD,STD,INDL,C,3674,12/31/23,184725,NXP SEMICONDUCTORS NV,NXPI,2023,24353.0,8644.0,10379.0,24353.0,2797.0,13276.0,2418.0,257.19,229.68,3674.0,59071.3992,Semiconductors/Hardware,1656513.0,1656513.0,2020-05-27,1096978.0,Kurt Sievers,NXP SEMICONDUCTORS NV,President/CEO,2025-04-28,10.0,10.0,Executive Director,0.0,0.0,1.0,0.0,0.0,0.0,0.0,0.0,1.0,0.0,1969-01-01,M,,60463.0,2023.0,1192.923,0.0,20702.893,16852.54,1192.923,0.8140186011684455
A,USD,STD,INDL,C,3674,12/31/24,184725,NXP SEMICONDUCTORS NV,NXPI,2024,24385.0,9183.0,10577.0,24385.0,2510.0,12614.0,2347.0,254.325,207.85,3674.0,52861.45125,Semiconductors/Hardware,1656513.0,1656513.0,2020-05-27,1096978.0,Kurt Sievers,NXP SEMICONDUCTORS NV,President/CEO,2025-04-28,10.0,10.0,Executive Director,0.0,0.0,1.0,0.0,0.0,0.0,0.0,0.0,1.0,0.0,1969-01-01,M,,60463.0,2024.0,1262.863,0.0,20694.772,17950.484,1262.863,0.8673922090081495
A,USD,STD,INDL,C,3674,12/31/25,184725,NXP SEMICONDUCTORS NV,NXPI,2025,26560.0,10056.0,11187.0,26560.0,2021.0,12269.0,2360.0,252.855,217.06,3674.0,54884.7063,Semiconductors/Hardware,1656513.0,1656513.0,2025-10-28,2470210.0,Rafael Sotomayor,NXP SEMICONDUCTORS NV,President/CEO,2027-01-01,10.0,40.0,Executive Director,1.0,0.0,1.0,1.0,0.0,0.0,0.0,0.0,1.0,0.0,1900-01-01,M,,,,,,,,,
A,USD,STD,INDL,C,3674,12/31/21,187450,ENPHASE ENERGY INC,ENPH,2021,2079.256,430.168,963.514,2079.256,145.449,1382.049,105.526,133.894,182.94,3674.0,24494.56836,Semiconductors/Hardware,1810090.0,1810090.0,2017-09-03,1197971.0,Badri Kothandaraman,ENPHASE ENERGY INC,President/CEO,2027-01-01,10.0,40.0,Executive Director,1.0,0.0,0.0,0.0,0.0,0.0,0.0,0.0,1.0,1.0,1971-06-15,M,,45833.0,2021.0,450.0,0.0,708.162,0.0,450.0,0.0
A,USD,STD,INDL,C,3674,12/31/22,187450,ENPHASE ENERGY INC,ENPH,2022,3084.28,825.573,1218.542,3084.28,397.362,2330.853,168.846,136.441,264.96,3674.0,36151.40736,Semiconductors/Hardware,1810090.0,1810090.0,2017-09-03,1197971.0,Badri Kothandaraman,ENPHASE ENERGY INC,President/CEO,2027-01-01,10.0,40.0,Executive Director,1.0,0.0,0.0,0.0,0.0,0.0,0.0,0.0,1.0,1.0,1971-06-15,M,,45833.0,2022.0,450.0,0.0,16627.977,15611.2,450.0,0.9388514309347434
A,USD,STD,INDL,C,3674,12/31/23,187450,ENPHASE ENERGY INC,ENPH,2023,3383.012,983.624,1312.54,3383.012,438.936,2290.786,227.336,135.722,132.14,3674.0,17934.30508,Semiconductors/Hardware,1810090.0,1810090.0,2017-09-03,1197971.0,Badri Kothandaraman,ENPHASE ENERGY INC,President/CEO,2027-01-01,10.0,40.0,Executive Director,1.0,0.0,0.0,0.0,0.0,0.0,0.0,0.0,1.0,1.0,1971-06-15,M,,45833.0,2023.0,450.0,0.0,13764.15,13041.288,450.0,0.9474822637068036
A,USD,STD,INDL,C,3674,12/31/25,187450,ENPHASE ENERGY INC,ENPH,2025,3509.792,1087.023,603.389,3509.792,172.133,1472.985,189.075,131.08,32.05,3674.0,4201.114,Semiconductors/Hardware,1810090.0,1810090.0,2017-09-03,1197971.0,Badri Kothandaraman,ENPHASE ENERGY INC,President/CEO,2027-01-01,10.0,40.0,Executive Director,1.0,0.0,0.0,0.0,0.0,0.0,0.0,0.0,1.0,1.0,1971-06-15,M,,45833.0,,,,,,,
A,USD,STD,INDL,C,3674,10/31/25,180711,BROADCOM INC,AVGO,2025,171092.0,81292.0,63165.0,171092.0,23126.0,63887.0,10977.0,4741.0,369.63,3674.0,1752415.83,Semiconductors/Hardware,817439.0,817439.0,2009-08-06,102722.0,Hock Tan,BROADCOM INC (Broadcom Ltd prior to 04/2018),President/CEO,2027-01-01,10.0,40.0,Executive Director,1.0,1.0,1.0,1.0,0.0,0.0,0.0,0.0,1.0,1.0,1951-06-15,M,,10075.0,2025.0,1200.0,0.0,205278.006,202351.08,1200.0,0.985741648328365
A,USD,STD,INDL,C,7372,7/31/25,190455,GUIDEWIRE SOFTWARE INC,GWRE,2025,2721.099,1457.23,705.255,2721.099,69.804,1202.459,296.16,84.53,226.22,7372.0,19122.3766,Software,1792728.0,1792728.0,2019-08-03,1706999.0,Mike Rosenbaum,GUIDEWIRE SOFTWARE INC,CEO,2027-01-01,10.0,40.0,Executive Director,1.0,0.0,1.0,1.0,0.0,0.0,0.0,0.0,0.0,0.0,1971-06-15,M,,,,,,,,,
I,USD,STD,INDL,C,7372,12/31/19,187576,ZYNGA INC,ZNGA,2019,3660.614,1975.43,700.757,3660.614,41.925,1321.659,505.889,950.042,6.12,7372.0,5814.25704,Software,1743287.0,1743287.0,2016-03-07,495149.0,Frank Gibeau,ZYNGA INC (De-listed 05/2022),CEO,2022-05-23,10.0,10.0,Executive Director,1.0,0.0,1.0,0.0,0.0,0.0,0.0,0.0,0.0,0.0,1968-06-15,M,,33791.0,,,,,,,
I,USD,STD,INDL,C,7372,12/31/20,187576,ZYNGA INC,ZNGA,2020,6206.5,2941.5,1411.9,6206.5,-429.4,1974.8,713.7,1081.6,9.87,7372.0,10675.391999999998,Software,1743287.0,1743287.0,2016-03-07,495149.0,Frank Gibeau,ZYNGA INC (De-listed 05/2022),CEO,2022-05-23,10.0,10.0,Executive Director,1.0,0.0,1.0,0.0,0.0,0.0,0.0,0.0,0.0,0.0,1968-06-15,M,,33791.0,,,,,,,
I,USD,STD,INDL,C,7372,12/31/21,187576,ZYNGA INC,ZNGA,2021,6358.9,3111.9,1477.2,6358.9,-104.2,2800.5,545.9,1130.5,6.4,7372.0,7235.200000000001,Software,1743287.0,1743287.0,2016-03-07,495149.0,Frank Gibeau,ZYNGA INC (De-listed 05/2022),CEO,2022-05-23,10.0,10.0,Executive Director,1.0,0.0,1.0,0.0,0.0,0.0,0.0,0.0,0.0,0.0,1968-06-15,M,,33791.0,,,,,,,
A,USD,STD,INDL,C,3674,12/31/15,201395,TAIWAN SEMICONDUCTOR MFG CO,TSM,2015,50549.506,37257.448,5855.37,50549.506,9349.614,25724.226,1998.92,5186.076,22.75,3674.0,117983.229,Semiconductors/Hardware,1656815.0,1656815.0,2009-11-03,1318835.0,Mark Saxon,TASMAN METALS LTD (De-listed 08/2016),President/CEO,2016-08-25,10.0,10.0,Executive Director,1.0,0.0,0.0,0.0,0.0,0.0,0.0,0.0,0.0,0.0,1970-06-15,M,,,,,,,,,
A,USD,STD,INDL,C,2836,12/31/22,264265,ALNYLAM PHARMACEUTICALS INC,ALNY,2022,3546.359,-158.223,2530.296,3546.359,-1131.156,1037.418,883.015,123.925,237.65,2836.0,29450.77625,Biotech,117536.0,117536.0,2022-01-01,657842.0,Doctor Yvonne Greenstreet,ALNYLAM PHARMACEUTICALS INC,CEO,2027-01-01,10.0,40.0,Executive Director,0.0,0.0,1.0,0.0,0.0,0.0,0.0,0.0,1.0,0.0,1962-06-20,F,,,,,,,,,
A,USD,STD,INDL,C,2836,12/31/23,264265,ALNYLAM PHARMACEUTICALS INC,ALNY,2023,3829.88,-220.644,2586.125,3829.88,-440.242,1828.292,1004.415,125.794,191.41,2836.0,24078.22954,Biotech,117536.0,117536.0,2022-01-01,657842.0,Doctor Yvonne Greenstreet,ALNYLAM PHARMACEUTICALS INC,CEO,2027-01-01,10.0,40.0,Executive Director,0.0,0.0,1.0,0.0,0.0,0.0,0.0,0.0,1.0,0.0,1962-06-20,F,,,,,,,,,
A,USD,STD,INDL,C,2836,12/31/24,264265,ALNYLAM PHARMACEUTICALS INC,ALNY,2024,4239.983,67.088,2588.515,4239.983,-278.157,2248.243,1126.232,129.294,235.31,2836.0,30424.17114,Biotech,117536.0,117536.0,2022-01-01,657842.0,Doctor Yvonne Greenstreet,ALNYLAM PHARMACEUTICALS INC,CEO,2027-01-01,10.0,40.0,Executive Director,0.0,0.0,1.0,0.0,0.0,0.0,0.0,0.0,1.0,0.0,1962-06-20,F,,,,,,,,,
A,USD,STD,INDL,C,2836,12/31/25,264265,ALNYLAM PHARMACEUTICALS INC,ALNY,2025,4966.331,789.176,2703.212,4966.331,313.747,3713.937,1319.775,132.376,397.65,2836.0,52639.3164,Biotech,117536.0,117536.0,2022-01-01,657842.0,Doctor Yvonne Greenstreet,ALNYLAM PHARMACEUTICALS INC,CEO,2027-01-01,10.0,40.0,Executive Director,0.0,0.0,1.0,0.0,0.0,0.0,0.0,0.0,1.0,0.0,1962-06-20,F,,,,,,,,,
A,USD,STD,INDL,C,3674,12/31/20,264416,ULTRA CLEAN HOLDINGS INC,UCTT,2020,1102.5,532.6,292.7,1102.5,77.6,1398.6,14.8,40.6,31.15,3674.0,1264.69,Semiconductors/Hardware,488272.0,488272.0,2017-10-02,321685.0,Jim Scholhamer,ULTRA CLEAN HOLDINGS INC,CEO,2025-03-04,10.0,10.0,Executive Director,1.0,0.0,0.0,0.0,0.0,0.0,0.0,0.0,0.0,0.0,1966-06-15,M,,52398.0,2020.0,590.031,0.0,3417.58,1999.989,590.031,0.5852061985381469
A,USD,STD,INDL,C,3674,12/31/21,264416,ULTRA CLEAN HOLDINGS INC,UCTT,2021,2025.4,848.9,595.8,2025.4,119.5,2101.6,24.5,44.9,57.36,3674.0,2575.464,Semiconductors/Hardware,488272.0,488272.0,2017-10-02,321685.0,Jim Scholhamer,ULTRA CLEAN HOLDINGS INC,CEO,2025-03-04,10.0,10.0,Executive Director,1.0,0.0,0.0,0.0,0.0,0.0,0.0,0.0,0.0,0.0,1966-06-15,M,,52398.0,2021.0,636.538,0.0,5201.766,3682.347,636.538,0.7079032390153652
A,USD,STD,INDL,C,3674,12/31/22,264416,ULTRA CLEAN HOLDINGS INC,UCTT,2022,1960.9,887.9,573.3,1960.9,40.4,2374.3,28.5,45.2,33.15,3674.0,1498.38,Semiconductors/Hardware,488272.0,488272.0,2017-10-02,321685.0,Jim Scholhamer,ULTRA CLEAN HOLDINGS INC,CEO,2025-03-04,10.0,10.0,Executive Director,1.0,0.0,0.0,0.0,0.0,0.0,0.0,0.0,0.0,0.0,1966-06-15,M,,52398.0,2022.0,704.808,0.0,4240.223,2598.338,704.808,0.6127833371027892
A,USD,STD,INDL,C,3674,12/31/23,264416,ULTRA CLEAN HOLDINGS INC,UCTT,2023,1867.7,838.9,604.2,1867.7,-31.1,1734.5,28.3,44.6,34.14,3674.0,1522.644,Semiconductors/Hardware,488272.0,488272.0,2017-10-02,321685.0,Jim Scholhamer,ULTRA CLEAN HOLDINGS INC,CEO,2025-03-04,10.0,10.0,Executive Director,1.0,0.0,0.0,0.0,0.0,0.0,0.0,0.0,0.0,0.0,1966-06-15,M,,52398.0,2023.0,736.538,0.0,5043.765,3507.146,736.538,0.6953428639121767
A,USD,STD,INDL,C,3674,12/31/24,264416,ULTRA CLEAN HOLDINGS INC,UCTT,2024,1919.9,873.6,625.7,1919.9,23.7,2097.6,28.3,45.1,35.95,3674.0,1621.3450000000005,Semiconductors/Hardware,488272.0,488272.0,2017-10-02,321685.0,Jim Scholhamer,ULTRA CLEAN HOLDINGS INC,CEO,2025-03-04,10.0,10.0,Executive Director,1.0,0.0,0.0,0.0,0.0,0.0,0.0,0.0,0.0,0.0,1966-06-15,M,,52398.0,2024.0,800.577,0.0,5781.279,4027.382,800.577,0.6966247434175032
A,USD,STD,INDL,C,3674,12/31/22,184551,MAXLINEAR INC,MXL,2022,1180.025,676.385,145.11,1180.025,125.04,1120.252,296.442,78.745,33.95,3674.0,2673.3927500000004,Semiconductors/Hardware,1635432.0,1635432.0,2010-03-24,1058303.0,Doctor Kishore Seendripu,MAXLINEAR INC,Chairman/President/CEO,2027-01-01,10.0,40.0,Executive Director,1.0,0.0,1.0,1.0,1.0,1.0,0.0,0.0,1.0,1.0,1969-06-15,M,,51599.0,2022.0,700.69,0.0,8702.666,7986.169,700.69,0.9176692521579021
A,USD,STD,INDL,C,3674,10/31/24,180711,BROADCOM INC,AVGO,2024,165645.0,67678.0,67438.0,165645.0,5895.0,51574.0,9310.0,4686.0,169.77,3674.0,795542.2200000001,Semiconductors/Hardware,817439.0,817439.0,2009-08-06,102722.0,Hock Tan,BROADCOM INC (Broadcom Ltd prior to 04/2018),President/CEO,2027-01-01,10.0,40.0,Executive Director,1.0,1.0,1.0,1.0,0.0,0.0,0.0,0.0,1.0,1.0,1951-06-15,M,,10075.0,2024.0,1226.374,0.0,2634.542,0.0,1226.374,0.0
A,USD,STD,INDL,C,2834,12/31/23,177287,JAZZ PHARMACEUTICALS PLC,JAZZ,2023,11393.359,3736.942,5172.252,11393.359,414.832,3834.204,868.658,62.255,123.0,2834.0,7657.365000000001,Biotech,488479.0,488479.0,2009-04-03,183256.0,Bruce Cozadd,JAZZ PHARMACEUTICALS PLC,Chairperson/CEO,2025-08-11,10.0,10.0,Executive Director,1.0,1.0,1.0,1.0,0.0,0.0,0.0,0.0,0.0,0.0,1964-06-15,M,,12812.0,2023.0,1196.621,0.0,19418.637,16973.947,1196.621,0.8741059941539667
A,USD,STD,INDL,C,7372,12/31/18,183377,FORTINET INC,FTNT,2018,3078.0,1010.2,0.0,3078.0,332.2,1801.2,244.5,169.8,70.43,3577.0,11959.014000000005,Software,1606380.0,1606380.0,2013-11-11,1055310.0,Ken Xie,FORTINET INC,Chairman/CEO,2027-01-01,10.0,40.0,Executive Director,1.0,0.0,0.0,0.0,0.0,0.0,0.0,0.0,1.0,1.0,1963-06-15,M,Asian Association Network,45673.0,2018.0,625.0,0.0,6761.686,2453.0,625.0,0.36277934231196185
A,USD,STD,INDL,C,2834,12/31/24,177287,JAZZ PHARMACEUTICALS PLC,JAZZ,2024,12012.257,4093.701,6121.139,12012.257,560.12,4068.95,894.0,60.631,123.15,2834.0,7466.70765,Biotech,488479.0,488479.0,2009-04-03,183256.0,Bruce Cozadd,JAZZ PHARMACEUTICALS PLC,Chairperson/CEO,2025-08-11,10.0,10.0,Executive Director,1.0,1.0,1.0,1.0,0.0,0.0,0.0,0.0,0.0,0.0,1964-06-15,M,,12812.0,2024.0,1203.514,0.0,8692.497,5964.72,1203.514,0.6861917812568702
A,USD,STD,INDL,C,2834,12/31/25,177287,JAZZ PHARMACEUTICALS PLC,JAZZ,2025,11659.34,4318.529,4382.686,11659.34,-356.148,4267.586,1730.598,61.435,170.0,2834.0,10443.95,Biotech,488479.0,488479.0,2025-08-11,1301965.0,Renee Gala,JAZZ PHARMACEUTICALS PLC,President/CEO,2027-01-01,10.0,40.0,Executive Director,1.0,1.0,1.0,1.0,0.0,0.0,0.0,0.0,0.0,0.0,1972-03-01,F,,60423.0,,,,,,,
I,USD,STD,INDL,C,7372,6/30/15,177429,SOLERA HOLDINGS INC,SLH,2015,3752.63,227.823,2481.828,3752.63,-100.833,1140.846,,66.985,44.56,7372.0,2984.8516,Software,956561.0,956561.0,2007-05-10,598932.0,Tony Aquila,SOLERA HOLDINGS INC (De-listed 03/2016),Chairman/President/CEO,2016-03-03,10.0,10.0,Executive Director,,,,,,,,,,,1964-10-01,M,,36261.0,2015.0,890.769,12600.0,22452.322,6756.867,13490.769,0.3009429047026851
I,USD,STD,INDL,C,7372,12/31/15,180405,ACTIVISION BLIZZARD INC,ATVI,2015,15251.0,8068.0,4079.0,15251.0,892.0,4664.0,646.0,734.503,38.71,7372.0,28432.61113,Software,725.0,725.0,2008-07-09,69696.0,Bobby Kotick,ACTIVISION BLIZZARD INC (De-listed 10/2023),President/CEO,2017-06-26,10.0,10.0,Executive Director,0.0,0.0,0.0,0.0,0.0,0.0,0.0,0.0,0.0,0.0,1963-01-01,M,,22978.0,2015.0,2294.328,0.0,7225.934,0.0,2294.328,0.0
I,USD,STD,INDL,C,7372,12/31/16,180405,ACTIVISION BLIZZARD INC,ATVI,2016,17452.0,9119.0,4887.0,17452.0,966.0,6608.0,958.0,745.487,36.11,7372.0,26919.53557,Software,725.0,725.0,2008-07-09,69696.0,Bobby Kotick,ACTIVISION BLIZZARD INC (De-listed 10/2023),President/CEO,2017-06-26,10.0,10.0,Executive Director,0.0,0.0,0.0,0.0,0.0,0.0,0.0,0.0,0.0,0.0,1963-01-01,M,,22978.0,2016.0,2375.858,0.0,33065.56,24932.065,2375.858,0.7540191365275531
I,USD,STD,INDL,C,7372,12/31/17,180405,ACTIVISION BLIZZARD INC,ATVI,2017,18668.0,9462.0,4390.0,18668.0,273.0,7017.0,1069.0,757.505,63.32,7372.0,47965.2166,Software,725.0,725.0,2017-06-26,69696.0,Bobby Kotick,ACTIVISION BLIZZARD INC (De-listed 10/2023),CEO,2023-10-13,10.0,10.0,Executive Director,0.0,0.0,0.0,0.0,0.0,0.0,0.0,0.0,0.0,0.0,1963-01-01,M,,22978.0,2017.0,1750.0,0.0,28698.375,19553.653,1750.0,0.681350529428931
I,USD,STD,INDL,C,7372,12/31/18,180405,ACTIVISION BLIZZARD INC,ATVI,2018,17835.0,11357.0,2671.0,17835.0,1813.0,7500.0,1101.0,763.418,46.57,7372.0,35552.37626,Software,725.0,725.0,2017-06-26,69696.0,Bobby Kotick,ACTIVISION BLIZZARD INC (De-listed 10/2023),CEO,2023-10-13,10.0,10.0,Executive Director,0.0,0.0,0.0,0.0,0.0,0.0,0.0,0.0,0.0,0.0,1963-01-01,M,,22978.0,2018.0,1756.731,0.0,30841.004,7495.745,1756.731,0.24304477895726093
I,USD,STD,INDL,C,7372,12/31/19,180405,ACTIVISION BLIZZARD INC,ATVI,2019,19845.0,12805.0,2885.0,19845.0,1503.0,6489.0,998.0,768.76,59.42,7372.0,45679.7192,Software,725.0,725.0,2017-06-26,69696.0,Bobby Kotick,ACTIVISION BLIZZARD INC (De-listed 10/2023),CEO,2023-10-13,10.0,10.0,Executive Director,0.0,0.0,0.0,0.0,0.0,0.0,0.0,0.0,0.0,0.0,1963-01-01,M,,22978.0,2019.0,1756.731,0.0,30122.896,6269.752,1756.731,0.20813908463515593
I,USD,STD,INDL,C,7372,12/31/20,180405,ACTIVISION BLIZZARD INC,ATVI,2020,23109.0,15037.0,3829.0,23109.0,2197.0,8086.0,1150.0,774.23,92.85,7372.0,71887.2555,Software,725.0,725.0,2017-06-26,69696.0,Bobby Kotick,ACTIVISION BLIZZARD INC (De-listed 10/2023),CEO,2023-10-13,10.0,10.0,Executive Director,0.0,0.0,0.0,0.0,0.0,0.0,0.0,0.0,0.0,0.0,1963-01-01,M,,22978.0,2020.0,1494.231,0.0,154613.318,149856.77,1494.231,0.9692358455175252
I,USD,STD,INDL,C,7372,12/31/21,180405,ACTIVISION BLIZZARD INC,ATVI,2021,25056.0,17599.0,3820.0,25056.0,2699.0,8803.0,1337.0,779.053,66.53,7372.0,51830.39609,Software,725.0,725.0,2017-06-26,69696.0,Bobby Kotick,ACTIVISION BLIZZARD INC (De-listed 10/2023),CEO,2023-10-13,10.0,10.0,Executive Director,0.0,0.0,0.0,0.0,0.0,0.0,0.0,0.0,0.0,0.0,1963-01-01,M,,22978.0,2021.0,718.029,0.0,826.549,0.0,718.029,0.0
I,USD,STD,INDL,C,7372,12/31/22,180405,ACTIVISION BLIZZARD INC,ATVI,2022,27383.0,19243.0,3773.0,27383.0,1513.0,7528.0,1421.0,784.218,76.55,7372.0,60031.887899999994,Software,725.0,725.0,2017-06-26,69696.0,Bobby Kotick,ACTIVISION BLIZZARD INC (De-listed 10/2023),CEO,2023-10-13,10.0,10.0,Executive Director,0.0,0.0,0.0,0.0,0.0,0.0,0.0,0.0,0.0,0.0,1963-01-01,M,,22978.0,2022.0,62.5,0.0,178.882,0.0,62.5,0.0
A,USD,STD,INDL,C,7372,12/31/15,183377,FORTINET INC,FTNT,2015,1790.51,755.377,0.0,1790.51,7.987,1009.268,158.129,171.399,31.17,3577.0,5342.50683,Software,1606380.0,1606380.0,2013-11-11,1055310.0,Ken Xie,FORTINET INC,Chairman/CEO,2027-01-01,10.0,40.0,Executive Director,1.0,0.0,0.0,0.0,0.0,0.0,0.0,0.0,1.0,1.0,1963-06-15,M,Asian Association Network,45673.0,2015.0,425.0,0.0,3638.585,2778.2,425.0,0.7635385733739901
A,USD,STD,INDL,C,7372,12/31/16,183377,FORTINET INC,FTNT,2016,2139.941,837.681,0.0,2139.941,32.187,1275.443,183.084,173.078,30.12,3577.0,5213.10936,Software,1606380.0,1606380.0,2013-11-11,1055310.0,Ken Xie,FORTINET INC,Chairman/CEO,2027-01-01,10.0,40.0,Executive Director,1.0,0.0,0.0,0.0,0.0,0.0,0.0,0.0,1.0,1.0,1963-06-15,M,Asian Association Network,45673.0,2016.0,437.75,0.0,2213.445,953.2,437.75,0.43064092398952764
A,USD,STD,INDL,C,7372,12/31/17,183377,FORTINET INC,FTNT,2017,2257.916,589.377,0.0,2257.916,31.399,1494.93,210.614,167.89,43.69,3577.0,7335.114099999999,Software,1606380.0,1606380.0,2013-11-11,1055310.0,Ken Xie,FORTINET INC,Chairman/CEO,2027-01-01,10.0,40.0,Executive Director,1.0,0.0,0.0,0.0,0.0,0.0,0.0,0.0,1.0,1.0,1963-06-15,M,Asian Association Network,45673.0,2017.0,450.882,0.0,3960.438,1862.0,450.882,0.47015001876055124
A,USD,STD,INDL,C,7372,12/31/19,183377,FORTINET INC,FTNT,2019,3885.5,1321.9,30.6,3885.5,326.5,2156.2,277.1,171.7,106.76,3577.0,18330.692,Software,1606380.0,1606380.0,2013-11-11,1055310.0,Ken Xie,FORTINET INC,Chairman/CEO,2027-01-01,10.0,40.0,Executive Director,1.0,0.0,0.0,0.0,0.0,0.0,0.0,0.0,1.0,1.0,1963-06-15,M,Asian Association Network,45673.0,2019.0,750.0,0.0,9629.923,4139.334,750.0,0.429840820118707
A,USD,STD,INDL,C,3674,10/31/23,180711,BROADCOM INC,AVGO,2023,72861.0,23988.0,37980.0,72861.0,14082.0,35819.0,5253.0,414.0,841.37,3674.0,348327.18,Semiconductors/Hardware,817439.0,817439.0,2009-08-06,102722.0,Hock Tan,BROADCOM INC (Broadcom Ltd prior to 04/2018),President/CEO,2027-01-01,10.0,40.0,Executive Director,1.0,1.0,1.0,1.0,0.0,0.0,0.0,0.0,1.0,1.0,1951-06-15,M,,10075.0,2023.0,1200.0,0.0,161826.161,160540.0,1200.0,0.9920522059470965
A,USD,STD,INDL,C,7372,12/31/20,183377,FORTINET INC,FTNT,2020,4044.5,856.0,34.0,4044.5,488.5,2594.4,341.4,162.5,148.53,3577.0,24136.125,Software,1606380.0,1606380.0,2013-11-11,1055310.0,Ken Xie,FORTINET INC,Chairman/CEO,2027-01-01,10.0,40.0,Executive Director,1.0,0.0,0.0,0.0,0.0,0.0,0.0,0.0,1.0,1.0,1963-06-15,M,Asian Association Network,45673.0,2020.0,793.083,0.0,10650.714,4704.899,793.083,0.4417449384144575
A,USD,STD,INDL,C,7372,12/31/21,183377,FORTINET INC,FTNT,2021,5919.1,781.7,1028.9,5919.1,606.8,3342.2,424.2,162.0,359.4,7372.0,58222.8,Software,1606380.0,1606380.0,2013-11-11,1055310.0,Ken Xie,FORTINET INC,Chairman/CEO,2027-01-01,10.0,40.0,Executive Director,1.0,0.0,0.0,0.0,0.0,0.0,0.0,0.0,1.0,1.0,1963-06-15,M,Asian Association Network,45673.0,2021.0,797.0,0.0,14203.211,6235.385,797.0,0.4390123472783725
A,USD,STD,INDL,C,7372,12/31/22,183377,FORTINET INC,FTNT,2022,6228.0,-281.6,1052.9,6228.0,857.3,4417.4,512.4,781.5,48.89,7372.0,38207.535,Software,1606380.0,1606380.0,2013-11-11,1055310.0,Ken Xie,FORTINET INC,Chairman/CEO,2027-01-01,10.0,40.0,Executive Director,1.0,0.0,0.0,0.0,0.0,0.0,0.0,0.0,1.0,1.0,1963-06-15,M,Asian Association Network,45673.0,2022.0,797.0,0.0,14200.453,5978.827,797.0,0.4210307234564982
A,USD,STD,INDL,C,7372,12/31/23,183377,FORTINET INC,FTNT,2023,7258.9,-463.4,1038.0,7258.9,1147.8,5304.8,613.8,761.0,58.53,7372.0,44541.33,Software,1606380.0,1606380.0,2013-11-11,1055310.0,Ken Xie,FORTINET INC,Chairman/CEO,2027-01-01,10.0,40.0,Executive Director,1.0,0.0,0.0,0.0,0.0,0.0,0.0,0.0,1.0,1.0,1963-06-15,M,Asian Association Network,45673.0,2023.0,622.0,0.0,16301.613,15081.692,622.0,0.925165626248151
A,USD,STD,INDL,C,7372,12/31/24,183377,FORTINET INC,FTNT,2024,9763.1,1493.8,1040.7,9763.1,1745.2,5955.8,716.8,767.0,94.48,7372.0,72466.16,Software,1606380.0,1606380.0,2013-11-11,1055310.0,Ken Xie,FORTINET INC,Chairman/CEO,2027-01-01,10.0,40.0,Executive Director,1.0,0.0,0.0,0.0,0.0,0.0,0.0,0.0,1.0,1.0,1963-06-15,M,Asian Association Network,45673.0,2024.0,597.0,0.0,13143.289,11939.796,597.0,0.9084328892106077
A,USD,STD,INDL,C,7372,12/31/25,183377,FORTINET INC,FTNT,2025,10389.2,1237.5,526.0,10389.2,1853.4,6799.6,815.5,743.0,79.41,7372.0,59001.63,Software,1606380.0,1606380.0,2013-11-11,1055310.0,Ken Xie,FORTINET INC,Chairman/CEO,2027-01-01,10.0,40.0,Executive Director,1.0,0.0,0.0,0.0,0.0,0.0,0.0,0.0,1.0,1.0,1963-06-15,M,Asian Association Network,45673.0,,,,,,,
A,USD,STD,INDL,C,3674,10/31/15,180711,BROADCOM INC,AVGO,2015,10592.0,4714.0,3903.0,10592.0,1364.0,6824.0,1049.0,276.259,123.13,3674.0,34015.77067,Semiconductors/Hardware,817439.0,817439.0,2009-08-06,102722.0,Hock Tan,BROADCOM INC (Broadcom Ltd prior to 04/2018),President/CEO,2027-01-01,10.0,40.0,Executive Director,1.0,1.0,1.0,1.0,0.0,0.0,0.0,0.0,1.0,1.0,1951-06-15,M,,10075.0,2015.0,910.461,0.0,4025.768,0.0,910.461,0.0
A,USD,STD,INDL,C,3674,10/31/16,180711,BROADCOM INC,AVGO,2016,49966.0,18892.0,13188.0,49966.0,-1739.0,13240.0,3091.0,398.281,170.28,3674.0,67819.28868,Semiconductors/Hardware,817439.0,817439.0,2009-08-06,102722.0,Hock Tan,BROADCOM INC (Broadcom Ltd prior to 04/2018),President/CEO,2027-01-01,10.0,40.0,Executive Director,1.0,1.0,1.0,1.0,0.0,0.0,0.0,0.0,1.0,1.0,1951-06-15,M,,10075.0,2016.0,1011.662,0.0,24692.047,21656.268,1011.662,0.8770543811130767
A,USD,STD,INDL,C,3674,10/31/17,180711,BROADCOM INC,AVGO,2017,54418.0,20285.0,17431.0,54418.0,1692.0,17636.0,3292.0,408.732,263.91,3674.0,107868.46212,Semiconductors/Hardware,817439.0,817439.0,2009-08-06,102722.0,Hock Tan,BROADCOM INC (Broadcom Ltd prior to 04/2018),President/CEO,2027-01-01,10.0,40.0,Executive Director,1.0,1.0,1.0,1.0,0.0,0.0,0.0,0.0,1.0,1.0,1951-06-15,M,,10075.0,2017.0,1100.0,0.0,104232.863,99344.543,1100.0,0.9531019310099925
A,USD,STD,INDL,C,3674,10/31/18,180711,BROADCOM INC,AVGO,2018,50124.0,26657.0,17493.0,50124.0,12259.0,20848.0,3768.0,408.0,223.49,3674.0,91183.92,Semiconductors/Hardware,817439.0,817439.0,2009-08-06,102722.0,Hock Tan,BROADCOM INC (Broadcom Ltd prior to 04/2018),President/CEO,2027-01-01,10.0,40.0,Executive Director,1.0,1.0,1.0,1.0,0.0,0.0,0.0,0.0,1.0,1.0,1951-06-15,M,,10075.0,2018.0,1121.154,0.0,5042.937,0.0,1121.154,0.0
A,USD,STD,INDL,C,3674,10/31/19,180711,BROADCOM INC,AVGO,2019,67493.0,24941.0,30011.0,67493.0,2724.0,22597.0,4696.0,398.0,292.85,3674.0,116554.3,Semiconductors/Hardware,817439.0,817439.0,2009-08-06,102722.0,Hock Tan,BROADCOM INC (Broadcom Ltd prior to 04/2018),President/CEO,2027-01-01,10.0,40.0,Executive Director,1.0,1.0,1.0,1.0,0.0,0.0,0.0,0.0,1.0,1.0,1951-06-15,M,,10075.0,2019.0,1100.0,0.0,2366.888,0.0,1100.0,0.0
A,USD,STD,INDL,C,3674,10/31/20,180711,BROADCOM INC,AVGO,2020,75933.0,23874.0,40762.0,75933.0,2960.0,23888.0,4968.0,407.0,349.63,3674.0,142299.41,Semiconductors/Hardware,817439.0,817439.0,2009-08-06,102722.0,Hock Tan,BROADCOM INC (Broadcom Ltd prior to 04/2018),President/CEO,2027-01-01,10.0,40.0,Executive Director,1.0,1.0,1.0,1.0,0.0,0.0,0.0,0.0,1.0,1.0,1951-06-15,M,,10075.0,2020.0,1171.154,0.0,3695.852,0.0,1171.154,0.0
A,USD,STD,INDL,C,3674,10/31/21,180711,BROADCOM INC,AVGO,2021,75570.0,24962.0,39900.0,75570.0,6736.0,27450.0,4854.0,413.0,531.67,3674.0,219579.71,Semiconductors/Hardware,817439.0,817439.0,2009-08-06,102722.0,Hock Tan,BROADCOM INC (Broadcom Ltd prior to 04/2018),President/CEO,2027-01-01,10.0,40.0,Executive Director,1.0,1.0,1.0,1.0,0.0,0.0,0.0,0.0,1.0,1.0,1951-06-15,M,,10075.0,2021.0,1200.0,0.0,60703.627,54056.808,1200.0,0.8905037585315948
A,USD,STD,INDL,C,3674,10/31/22,180711,BROADCOM INC,AVGO,2022,73249.0,22709.0,39464.0,73249.0,11495.0,33203.0,4919.0,418.0,470.12,3674.0,196510.16,Semiconductors/Hardware,817439.0,817439.0,2009-08-06,102722.0,Hock Tan,BROADCOM INC (Broadcom Ltd prior to 04/2018),President/CEO,2027-01-01,10.0,40.0,Executive Director,1.0,1.0,1.0,1.0,0.0,0.0,0.0,0.0,1.0,1.0,1951-06-15,M,,10075.0,2022.0,1200.0,0.0,60606.971,53913.448,1200.0,0.8895585294965491
A,USD,STD,INDL,C,2834,3/31/22,162335,PRESTIGE CONSUMER HEALTHCARE,PBH,2021,3670.681,1577.611,1497.247,3670.681,205.381,1086.812,,50.279,52.94,5122.0,2661.77026,Biotech,1692432.0,1692432.0,2009-07-01,1376569.0,George Paleologou,PREMIUM BRANDS HOLDINGS CORP (Premium Brands Income Fund prior to 07/2009),President/CEO,2027-01-01,20.0,40.0,Executive Director,1.0,0.0,0.0,0.0,0.0,0.0,0.0,0.0,0.0,0.0,1960-06-15,M,,,,,,,,,
A,USD,STD,INDL,C,3674,12/31/25,134932,ON SEMICONDUCTOR CORP,ON,2025,12524.1,7673.3,3218.8,12524.1,121.0,5995.4,583.6,396.741,54.15,3674.0,21483.52515,Semiconductors/Hardware,23134.0,23134.0,2020-12-07,1269387.0,Hassane El-Khoury,ON SEMICONDUCTOR CORP,President/CEO,2027-01-01,10.0,40.0,Executive Director,1.0,0.0,0.0,0.0,0.0,0.0,0.0,0.0,1.0,0.0,1979-06-15,M,,49137.0,,,,,,,
A,USD,STD,INDL,C,2836,12/31/22,133885,EXELIXIS INC,EXEL,2022,3071.489,2488.427,190.17,3071.489,182.282,1611.062,891.813,323.951,16.04,2836.0,5196.17404,Biotech,11375.0,11375.0,2010-07-15,272802.0,Doctor Mike Morrissey,EXELIXIS INC,President/CEO,2027-01-01,10.0,40.0,Executive Director,1.0,0.0,0.0,0.0,1.0,1.0,0.0,0.0,0.0,0.0,1960-06-15,M,,55599.0,2022.0,1144.25,0.0,16877.545,14567.256,1144.25,0.863114629526984
A,USD,STD,INDL,C,2836,12/31/23,133885,EXELIXIS INC,EXEL,2023,2942.357,2263.912,189.944,2942.357,207.765,1830.208,1044.071,302.793,23.99,2836.0,7264.00407,Biotech,11375.0,11375.0,2010-07-15,272802.0,Doctor Mike Morrissey,EXELIXIS INC,President/CEO,2027-01-01,10.0,40.0,Executive Director,1.0,0.0,0.0,0.0,1.0,1.0,0.0,0.0,0.0,0.0,1960-06-15,M,,55599.0,2023.0,1192.001,0.0,16423.307,14259.313,1192.001,0.8682364033017224
A,USD,STD,INDL,C,2836,12/31/24,133885,EXELIXIS INC,EXEL,2024,2947.69,2244.203,190.823,2947.69,521.267,2168.701,910.408,281.732,33.3,2836.0,9381.6756,Biotech,11375.0,11375.0,2010-07-15,272802.0,Doctor Mike Morrissey,EXELIXIS INC,President/CEO,2027-01-01,10.0,40.0,Executive Director,1.0,0.0,0.0,0.0,1.0,1.0,0.0,0.0,0.0,0.0,1960-06-15,M,,55599.0,2024.0,1252.636,0.0,12732.048,10012.388,1252.636,0.7863925740776346
A,USD,STD,INDL,C,2836,12/31/25,133885,EXELIXIS INC,EXEL,2025,2844.423,2161.319,173.038,2844.423,782.57,2320.126,825.001,262.483,43.83,2836.0,11504.62989,Biotech,11375.0,11375.0,2010-07-15,272802.0,Doctor Mike Morrissey,EXELIXIS INC,President/CEO,2027-01-01,10.0,40.0,Executive Director,1.0,0.0,0.0,0.0,1.0,1.0,0.0,0.0,0.0,0.0,1960-06-15,M,,55599.0,,,,,,,
A,USD,STD,INDL,C,3674,12/31/15,134932,ON SEMICONDUCTOR CORP,ON,2015,3869.6,1608.2,850.5,3869.6,206.2,3495.8,400.5,412.04,9.8,3674.0,4037.9920000000006,Semiconductors/Hardware,23134.0,23134.0,2002-11-19,200418.0,Keith Jackson,ON SEMICONDUCTOR CORP,President/CEO,2020-12-07,10.0,10.0,Executive Director,1.0,0.0,0.0,0.0,0.0,0.0,0.0,0.0,1.0,0.0,1955-06-15,M,,22832.0,2015.0,924.231,0.0,7925.625,6300.021,924.231,0.7948926425360776
A,USD,STD,INDL,C,3674,12/31/16,134932,ON SEMICONDUCTOR CORP,ON,2016,6924.4,1823.2,3068.5,6924.4,182.1,3906.9,454.5,418.942,12.76,3674.0,5345.69992,Semiconductors/Hardware,23134.0,23134.0,2002-11-19,200418.0,Keith Jackson,ON SEMICONDUCTOR CORP,President/CEO,2020-12-07,10.0,10.0,Executive Director,1.0,0.0,0.0,0.0,0.0,0.0,0.0,0.0,1.0,0.0,1955-06-15,M,,22832.0,2016.0,906.154,0.0,8726.207,6900.002,906.154,0.7907217878283199
A,USD,STD,INDL,C,3674,12/31/17,134932,ON SEMICONDUCTOR CORP,ON,2017,7195.1,2778.8,2703.7,7195.1,810.7,5388.0,607.5,425.118,20.94,3674.0,8901.97092,Semiconductors/Hardware,23134.0,23134.0,2002-11-19,200418.0,Keith Jackson,ON SEMICONDUCTOR CORP,President/CEO,2020-12-07,10.0,10.0,Executive Director,1.0,0.0,0.0,0.0,0.0,0.0,0.0,0.0,1.0,0.0,1955-06-15,M,,22832.0,2017.0,959.615,0.0,10733.131,7500.0,959.615,0.6987709364583364
A,USD,STD,INDL,C,3674,12/31/18,134932,ON SEMICONDUCTOR CORP,ON,2018,7587.6,3171.6,2627.6,7587.6,627.4,5878.3,654.2,413.834,16.51,3674.0,6832.399340000001,Semiconductors/Hardware,23134.0,23134.0,2002-11-19,200418.0,Keith Jackson,ON SEMICONDUCTOR CORP,President/CEO,2020-12-07,10.0,10.0,Executive Director,1.0,0.0,0.0,0.0,0.0,0.0,0.0,0.0,1.0,0.0,1955-06-15,M,,22832.0,2018.0,1016.154,0.0,11893.401,9000.057,1016.154,0.7567269446308924
A,USD,STD,INDL,C,3674,12/31/19,134932,ON SEMICONDUCTOR CORP,ON,2019,8425.5,3301.7,2964.4,8425.5,211.7,5517.9,642.5,411.313,24.38,3674.0,10027.81094,Semiconductors/Hardware,23134.0,23134.0,2002-11-19,200418.0,Keith Jackson,ON SEMICONDUCTOR CORP,President/CEO,2020-12-07,10.0,10.0,Executive Director,1.0,0.0,0.0,0.0,0.0,0.0,0.0,0.0,1.0,0.0,1955-06-15,M,,22832.0,2019.0,1048.846,0.0,8894.933,7800.033,1048.846,0.8769074483191722
A,USD,STD,INDL,C,3674,12/31/20,134932,ON SEMICONDUCTOR CORP,ON,2020,8668.0,3538.5,3075.4,8668.0,234.2,5255.0,644.2,411.842,32.73,3674.0,13479.588659999998,Semiconductors/Hardware,23134.0,23134.0,2020-12-07,1269387.0,Hassane El-Khoury,ON SEMICONDUCTOR CORP,President/CEO,2027-01-01,10.0,40.0,Executive Director,1.0,0.0,0.0,0.0,0.0,0.0,0.0,0.0,1.0,0.0,1979-06-15,M,,49137.0,,,,,,,
A,USD,STD,INDL,C,3674,12/31/21,134932,ON SEMICONDUCTOR CORP,ON,2021,9626.0,4585.4,3066.5,9626.0,1009.6,6739.8,657.9,432.473,67.92,3674.0,29373.56616,Semiconductors/Hardware,23134.0,23134.0,2020-12-07,1269387.0,Hassane El-Khoury,ON SEMICONDUCTOR CORP,President/CEO,2027-01-01,10.0,40.0,Executive Director,1.0,0.0,0.0,0.0,0.0,0.0,0.0,0.0,1.0,0.0,1979-06-15,M,,49137.0,2021.0,950.0,285.0,12825.562,9413.592,1235.0,0.7339711117532316
A,USD,STD,INDL,C,3674,12/31/22,134932,ON SEMICONDUCTOR CORP,ON,2022,11978.5,6188.5,3315.2,11978.5,1902.2,8326.2,600.2,431.936,62.37,3674.0,26939.848319999997,Semiconductors/Hardware,23134.0,23134.0,2020-12-07,1269387.0,Hassane El-Khoury,ON SEMICONDUCTOR CORP,President/CEO,2027-01-01,10.0,40.0,Executive Director,1.0,0.0,0.0,0.0,0.0,0.0,0.0,0.0,1.0,0.0,1979-06-15,M,,49137.0,2022.0,984.615,0.0,16519.702,12557.026,984.615,0.7601242443719626
A,USD,STD,INDL,C,3674,12/31/23,134932,ON SEMICONDUCTOR CORP,ON,2023,13215.2,7782.6,2796.0,13215.2,2183.7,8253.0,577.3,426.386,83.53,3674.0,35616.022580000004,Semiconductors/Hardware,23134.0,23134.0,2020-12-07,1269387.0,Hassane El-Khoury,ON SEMICONDUCTOR CORP,President/CEO,2027-01-01,10.0,40.0,Executive Director,1.0,0.0,0.0,0.0,0.0,0.0,0.0,0.0,1.0,0.0,1979-06-15,M,,49137.0,2023.0,1130.769,0.0,19965.513,17733.531,1130.769,0.8882081316918828
A,USD,STD,INDL,C,3674,12/31/24,134932,ON SEMICONDUCTOR CORP,ON,2024,14089.8,8796.4,3611.3,14089.8,1572.8,7082.3,612.7,422.955,63.05,3674.0,26667.312749999997,Semiconductors/Hardware,23134.0,23134.0,2020-12-07,1269387.0,Hassane El-Khoury,ON SEMICONDUCTOR CORP,President/CEO,2027-01-01,10.0,40.0,Executive Director,1.0,0.0,0.0,0.0,0.0,0.0,0.0,0.0,1.0,0.0,1979-06-15,M,,49137.0,2024.0,1200.0,0.0,31131.178,29889.669,1200.0,0.9601200764070027
A,USD,STD,INDL,C,3674,12/31/22,133288,SILICON LABORATORIES INC,SLAB,2022,2169.428,1405.008,547.582,2169.428,91.402,1024.106,332.326,31.994,135.67,3674.0,4340.62598,Semiconductors/Hardware,27977.0,27977.0,2022-01-02,2032686.0,Matt Johnson,SILICON LABORATORIES INC,President/CEO,2027-01-01,10.0,40.0,Executive Director,1.0,0.0,0.0,0.0,0.0,0.0,0.0,0.0,0.0,0.0,1975-06-15,M,,,,,,,,,
A,USD,STD,INDL,C,2836,12/31/25,122257,BIOMARIN PHARMACEUTICAL INC,BMRN,2025,7594.022,6086.999,634.188,7594.022,348.901,3221.253,921.93,192.3,59.43,2836.0,11428.389,Biotech,4354.0,4354.0,2023-12-01,2113430.0,Alex Hardy,BIOMARIN PHARMACEUTICAL INC,President/CEO,2027-01-01,10.0,40.0,Executive Director,0.0,0.0,1.0,0.0,0.0,0.0,0.0,0.0,1.0,0.0,1968-06-15,M,,,,,,,,,
A,USD,STD,INDL,C,8731,12/31/15,137131,CHARLES RIVER LABS INTL INC,CRL,2015,2068.497,733.067,845.997,2068.497,149.313,1363.302,,46.698,80.39,8731.0,3754.05222,Biotech,6495.0,6495.0,2000-06-01,142122.0,Jim Foster,CHARLES RIVER LABORATORIES INTERNATIONAL INC,Chairman/President/CEO,2018-02-13,20.0,10.0,Executive Director,1.0,0.0,0.0,0.0,0.0,0.0,0.0,0.0,1.0,1.0,1950-06-15,M,,5910.0,,,,,,,
A,USD,STD,INDL,C,8731,12/31/16,137131,CHARLES RIVER LABS INTL INC,CRL,2016,2711.8,836.768,1207.696,2711.8,154.765,1681.432,,47.363,76.19,8731.0,3608.58697,Biotech,6495.0,6495.0,2000-06-01,142122.0,Jim Foster,CHARLES RIVER LABORATORIES INTERNATIONAL INC,Chairman/President/CEO,2018-02-13,20.0,10.0,Executive Director,1.0,0.0,0.0,0.0,0.0,0.0,0.0,0.0,1.0,1.0,1950-06-15,M,,5910.0,,,,,,,
A,USD,STD,INDL,C,8731,12/31/17,137131,CHARLES RIVER LABS INTL INC,CRL,2017,2929.922,1045.08,1114.105,2929.922,123.355,1857.601,,47.402,109.45,8731.0,5188.1489,Biotech,6495.0,6495.0,2000-06-01,142122.0,Jim Foster,CHARLES RIVER LABORATORIES INTERNATIONAL INC,Chairman/President/CEO,2018-02-13,20.0,10.0,Executive Director,1.0,0.0,0.0,0.0,0.0,0.0,0.0,0.0,1.0,1.0,1950-06-15,M,,5910.0,,,,,,,
A,USD,STD,INDL,C,8731,12/31/18,137131,CHARLES RIVER LABS INTL INC,CRL,2018,3855.879,1317.332,1636.598,3855.879,226.373,2266.096,,48.209,113.18,8731.0,5456.294620000001,Biotech,6495.0,6495.0,2018-08-02,142122.0,Jim Foster,CHARLES RIVER LABORATORIES INTERNATIONAL INC,Chairman/President/CEO,2027-01-01,10.0,40.0,Executive Director,1.0,0.0,0.0,0.0,0.0,0.0,0.0,0.0,1.0,1.0,1950-06-15,M,,5910.0,,,,,,,
A,USD,STD,INDL,C,8731,12/31/19,137131,CHARLES RIVER LABS INTL INC,CRL,2019,4692.79,1634.584,1965.918,4692.79,252.019,2621.226,,48.936,152.76,8731.0,7475.46336,Biotech,6495.0,6495.0,2018-08-02,142122.0,Jim Foster,CHARLES RIVER LABORATORIES INTERNATIONAL INC,Chairman/President/CEO,2027-01-01,10.0,40.0,Executive Director,1.0,0.0,0.0,0.0,0.0,0.0,0.0,0.0,1.0,1.0,1950-06-15,M,,5910.0,,,,,,,
A,USD,STD,INDL,C,8731,12/31/20,137131,CHARLES RIVER LABS INTL INC,CRL,2020,5490.831,2114.602,2085.166,5490.831,364.304,2923.933,,49.767,249.86,8731.0,12434.782620000002,Biotech,6495.0,6495.0,2018-08-02,142122.0,Jim Foster,CHARLES RIVER LABORATORIES INTERNATIONAL INC,Chairman/President/CEO,2027-01-01,10.0,40.0,Executive Director,1.0,0.0,0.0,0.0,0.0,0.0,0.0,0.0,1.0,1.0,1950-06-15,M,,5910.0,,,,,,,
A,USD,STD,INDL,C,8731,12/31/21,137131,CHARLES RIVER LABS INTL INC,CRL,2021,7024.292,2534.82,2916.536,7024.292,390.982,3540.16,,50.48,376.78,8731.0,19019.854399999997,Biotech,6495.0,6495.0,2018-08-02,142122.0,Jim Foster,CHARLES RIVER LABORATORIES INTERNATIONAL INC,Chairman/President/CEO,2027-01-01,10.0,40.0,Executive Director,1.0,0.0,0.0,0.0,0.0,0.0,0.0,0.0,1.0,1.0,1950-06-15,M,,5910.0,,,,,,,
A,USD,STD,INDL,C,8731,12/31/22,137131,CHARLES RIVER LABS INTL INC,CRL,2022,7602.77,2976.293,3097.276,7602.77,486.226,3976.06,,50.944,217.9,8731.0,11100.6976,Biotech,6495.0,6495.0,2018-08-02,142122.0,Jim Foster,CHARLES RIVER LABORATORIES INTERNATIONAL INC,Chairman/President/CEO,2027-01-01,10.0,40.0,Executive Director,1.0,0.0,0.0,0.0,0.0,0.0,0.0,0.0,1.0,1.0,1950-06-15,M,,5910.0,,,,,,,
A,USD,STD,INDL,C,8731,12/31/23,137131,CHARLES RIVER LABS INTL INC,CRL,2023,8195.001,3596.882,3066.381,8195.001,474.624,4129.409,,51.338,236.4,8731.0,12136.3032,Biotech,6495.0,6495.0,2018-08-02,142122.0,Jim Foster,CHARLES RIVER LABORATORIES INTERNATIONAL INC,Chairman/President/CEO,2027-01-01,10.0,40.0,Executive Director,1.0,0.0,0.0,0.0,0.0,0.0,0.0,0.0,1.0,1.0,1950-06-15,M,,5910.0,,,,,,,
A,USD,STD,INDL,C,8731,12/31/24,137131,CHARLES RIVER LABS INTL INC,CRL,2024,7528.345,3461.503,2723.994,7528.345,10.297,4049.989,,51.141,184.6,8731.0,9440.6286,Biotech,6495.0,6495.0,2018-08-02,142122.0,Jim Foster,CHARLES RIVER LABORATORIES INTERNATIONAL INC,Chairman/President/CEO,2027-01-01,10.0,40.0,Executive Director,1.0,0.0,0.0,0.0,0.0,0.0,0.0,0.0,1.0,1.0,1950-06-15,M,,5910.0,,,,,,,
A,USD,STD,INDL,C,8731,12/31/25,137131,CHARLES RIVER LABS INTL INC,CRL,2025,7135.422,3164.63,2570.408,7135.422,-144.338,4015.382,,49.217,199.48,8731.0,9817.807159999998,Biotech,6495.0,6495.0,2018-08-02,142122.0,Jim Foster,CHARLES RIVER LABORATORIES INTERNATIONAL INC,Chairman/President/CEO,2027-01-01,10.0,40.0,Executive Director,1.0,0.0,0.0,0.0,0.0,0.0,0.0,0.0,1.0,1.0,1950-06-15,M,,5910.0,,,,,,,
A,USD,STD,INDL,C,3674,1/31/16,137310,MARVELL TECHNOLOGY INC,MRVL,2015,5442.127,4140.123,0.0,5442.127,-811.4,2725.828,1054.257,507.572,8.85,3674.0,4492.0122,Semiconductors/Hardware,19750.0,19750.0,2013-07-14,327057.0,Doctor Sehat Sutardja,MARVELL TECHNOLOGY INC (Marvell Technology Group Ltd prior to 04/2021),Chairman/CEO,2016-04-01,10.0,10.0,Executive Director,1.0,0.0,0.0,0.0,1.0,1.0,0.0,0.0,1.0,1.0,1961-07-01,M,,,,,,,,,
A,USD,STD,INDL,C,3674,1/31/17,137310,MARVELL TECHNOLOGY INC,MRVL,2016,4648.65,4027.651,0.0,4648.65,21.151,2317.674,831.398,506.095,14.87,3674.0,7525.63265,Semiconductors/Hardware,19750.0,19750.0,2016-07-11,761557.0,Matt Murphy,MARVELL TECHNOLOGY INC (Marvell Technology Group Ltd prior to 04/2021),President/CEO,2023-06-16,10.0,10.0,Executive Director,1.0,0.0,0.0,0.0,0.0,0.0,0.0,0.0,0.0,0.0,1972-06-15,M,,43585.0,,,,,,,
A,USD,STD,INDL,C,3674,1/31/18,137310,MARVELL TECHNOLOGY INC,MRVL,2017,4708.287,4141.413,0.0,4708.287,520.831,2409.17,714.444,495.913,23.33,3674.0,11569.65029,Semiconductors/Hardware,19750.0,19750.0,2016-07-11,761557.0,Matt Murphy,MARVELL TECHNOLOGY INC (Marvell Technology Group Ltd prior to 04/2021),President/CEO,2023-06-16,10.0,10.0,Executive Director,1.0,0.0,0.0,0.0,0.0,0.0,0.0,0.0,0.0,0.0,1972-06-15,M,,43585.0,,,,,,,
A,USD,STD,INDL,C,2836,12/31/21,133885,EXELIXIS INC,EXEL,2021,2616.239,2210.615,51.272,2616.239,231.063,1434.97,693.716,318.842,18.28,2836.0,5828.43176,Biotech,11375.0,11375.0,2010-07-15,272802.0,Doctor Mike Morrissey,EXELIXIS INC,President/CEO,2027-01-01,10.0,40.0,Executive Director,1.0,0.0,0.0,0.0,1.0,1.0,0.0,0.0,0.0,0.0,1960-06-15,M,,55599.0,2021.0,1093.875,0.0,7529.639,0.0,1093.875,0.0
A,USD,STD,INDL,C,3674,12/31/25,112158,CELESTICA INC,CLS,2025,7213.1,2216.3,858.1,7213.1,832.5,12390.9,118.2,114.9,295.61,3674.0,33965.589,Semiconductors/Hardware,6175.0,6175.0,2015-08-01,1084894.0,Rob Mionis,CELESTICA INC,President/CEO,2027-01-01,10.0,40.0,Executive Director,1.0,0.0,0.0,0.0,0.0,0.0,0.0,0.0,0.0,0.0,1963-02-01,M,,21770.0,,,,,,,
A,USD,STD,INDL,C,2834,3/31/18,162335,PRESTIGE CONSUMER HEALTHCARE,PBH,2017,3760.612,1178.61,1992.952,3760.612,339.57,1041.179,,53.043,33.72,5122.0,1788.60996,Biotech,1692432.0,1692432.0,2009-07-01,1376569.0,George Paleologou,PREMIUM BRANDS HOLDINGS CORP (Premium Brands Income Fund prior to 07/2009),President/CEO,2027-01-01,20.0,40.0,Executive Director,1.0,0.0,0.0,0.0,0.0,0.0,0.0,0.0,0.0,0.0,1960-06-15,M,,,,,,,,,
A,USD,STD,INDL,C,2836,12/31/18,122257,BIOMARIN PHARMACEUTICAL INC,BMRN,2018,4427.128,2967.94,830.417,4427.128,-77.211,1491.212,696.328,178.253,85.15,2836.0,15178.24295,Biotech,4354.0,4354.0,2015-06-09,183266.0,Jean-Jacques Bienaimé,BIOMARIN PHARMACEUTICAL INC,Chairman/President/CEO,2023-11-30,10.0,10.0,Executive Director,1.0,0.0,1.0,1.0,0.0,0.0,0.0,0.0,0.0,0.0,1953-06-15,M,,,,,,,,,
A,USD,STD,INDL,C,3674,1/31/24,117768,NVIDIA CORP,NVDA,2023,65728.0,42978.0,9578.0,65728.0,29760.0,60922.0,8675.0,2464.0,615.27,3674.0,1516025.28,Semiconductors/Hardware,22806.0,22806.0,1993-04-01,83377.0,Jensen Huang,NVIDIA CORP,President/CEO,2027-01-01,20.0,40.0,Executive Director,1.0,0.0,0.0,0.0,0.0,0.0,0.0,0.0,1.0,1.0,1963-02-17,M,Asian Association Network,19583.0,2023.0,996.514,0.0,34167.901,26676.414,996.514,0.7807448868456978
A,USD,STD,INDL,C,3674,1/31/25,117768,NVIDIA CORP,NVDA,2024,111601.0,79327.0,9982.0,111601.0,72880.0,130497.0,12914.0,24477.0,120.07,3674.0,2938953.3899999997,Semiconductors/Hardware,22806.0,22806.0,1993-04-01,83377.0,Jensen Huang,NVIDIA CORP,President/CEO,2027-01-01,20.0,40.0,Executive Director,1.0,0.0,0.0,0.0,0.0,0.0,0.0,0.0,1.0,1.0,1963-02-17,M,Asian Association Network,19583.0,2024.0,1486.199,0.0,49866.251,38811.306,1486.199,0.7783080785439435
A,USD,STD,INDL,C,2834,12/31/15,121440,UNITED THERAPEUTICS CORP,UTHR,2015,2184.445,1588.552,0.0,2184.445,651.639,1465.761,245.098,45.761,156.61,2834.0,7166.630210000001,Biotech,32166.0,32166.0,2015-01-01,330136.0,Doctor Martine Rothblatt,UNITED THERAPEUTICS CORP,Chairman/Co-CEO,2016-06-26,10.0,10.0,Executive Director,1.0,0.0,1.0,1.0,1.0,0.0,0.0,0.0,0.0,0.0,1954-06-15,F,,35959.0,2015.0,1078.099,0.0,2267.877,0.0,1078.099,0.0
A,USD,STD,INDL,C,2834,12/31/16,121440,UNITED THERAPEUTICS CORP,UTHR,2016,2325.6,1851.3,0.0,2325.6,713.7,1598.8,147.6,42.966,143.43,2834.0,6162.613380000001,Biotech,32166.0,32166.0,2016-06-26,330136.0,Doctor Martine Rothblatt,UNITED THERAPEUTICS CORP,Chairman/CEO,2027-01-01,10.0,40.0,Executive Director,1.0,0.0,1.0,1.0,1.0,0.0,0.0,0.0,0.0,0.0,1954-06-15,F,,35959.0,2016.0,1226.949,0.0,14812.213,0.0,1226.949,0.0
A,USD,STD,INDL,C,2834,12/31/17,121440,UNITED THERAPEUTICS CORP,UTHR,2017,2879.4,2101.8,250.0,2879.4,417.9,1736.4,264.6,43.24,147.95,2834.0,6397.358,Biotech,32166.0,32166.0,2016-06-26,330136.0,Doctor Martine Rothblatt,UNITED THERAPEUTICS CORP,Chairman/CEO,2027-01-01,10.0,40.0,Executive Director,1.0,0.0,1.0,1.0,1.0,0.0,0.0,0.0,0.0,0.0,1954-06-15,F,,35959.0,2017.0,1163.707,0.0,35893.548,19761.278,1163.707,0.5505523722536428
A,USD,STD,INDL,C,2834,12/31/18,121440,UNITED THERAPEUTICS CORP,UTHR,2018,3401.0,2788.6,250.0,3401.0,589.2,1627.8,357.9,43.588,108.9,2834.0,4746.733200000001,Biotech,32166.0,32166.0,2016-06-26,330136.0,Doctor Martine Rothblatt,UNITED THERAPEUTICS CORP,Chairman/CEO,2027-01-01,10.0,40.0,Executive Director,1.0,0.0,1.0,1.0,1.0,0.0,0.0,0.0,0.0,0.0,1954-06-15,F,,35959.0,2018.0,1208.447,0.0,16036.3,12796.803,1208.447,0.7979897482586382
A,USD,STD,INDL,C,2834,12/31/19,121440,UNITED THERAPEUTICS CORP,UTHR,2019,3913.4,2780.4,603.0,3913.4,-104.5,1448.8,1182.6,43.885,88.08,2834.0,3865.3908,Biotech,32166.0,32166.0,2016-06-26,330136.0,Doctor Martine Rothblatt,UNITED THERAPEUTICS CORP,Chairman/CEO,2027-01-01,10.0,40.0,Executive Director,1.0,0.0,1.0,1.0,1.0,0.0,0.0,0.0,0.0,0.0,1954-06-15,F,,35959.0,2019.0,1218.038,0.0,42991.163,0.0,1218.038,0.0
A,USD,STD,INDL,C,2834,12/31/20,121440,UNITED THERAPEUTICS CORP,UTHR,2020,4615.0,3395.2,800.0,4615.0,514.8,1483.3,357.7,44.507,151.79,2834.0,6755.717529999999,Biotech,32166.0,32166.0,2016-06-26,330136.0,Doctor Martine Rothblatt,UNITED THERAPEUTICS CORP,Chairman/CEO,2027-01-01,10.0,40.0,Executive Director,1.0,0.0,1.0,1.0,1.0,0.0,0.0,0.0,0.0,0.0,1954-06-15,F,,35959.0,2020.0,1352.435,0.0,3235.915,0.0,1352.435,0.0
A,USD,STD,INDL,C,2834,12/31/21,121440,UNITED THERAPEUTICS CORP,UTHR,2021,5169.1,3958.9,800.0,5169.1,475.8,1685.5,540.1,45.108,216.08,2834.0,9746.93664,Biotech,32166.0,32166.0,2016-06-26,330136.0,Doctor Martine Rothblatt,UNITED THERAPEUTICS CORP,Chairman/CEO,2027-01-01,10.0,40.0,Executive Director,1.0,0.0,1.0,1.0,1.0,0.0,0.0,0.0,0.0,0.0,1954-06-15,F,,35959.0,2021.0,1367.858,0.0,3511.071,0.0,1367.858,0.0
A,USD,STD,INDL,C,2834,12/31/22,121440,UNITED THERAPEUTICS CORP,UTHR,2022,6044.5,4796.7,800.0,6044.5,727.3,1936.3,322.9,46.032,278.09,2834.0,12801.038879999998,Biotech,32166.0,32166.0,2016-06-26,330136.0,Doctor Martine Rothblatt,UNITED THERAPEUTICS CORP,Chairman/CEO,2027-01-01,10.0,40.0,Executive Director,1.0,0.0,1.0,1.0,1.0,0.0,0.0,0.0,0.0,0.0,1954-06-15,F,,35959.0,2022.0,1402.29,0.0,5322.204,0.0,1402.29,0.0
A,USD,STD,INDL,C,2834,12/31/23,121440,UNITED THERAPEUTICS CORP,UTHR,2023,7167.0,5984.8,300.0,7167.0,984.8,2327.5,408.0,47.041,219.89,2834.0,10343.845489999998,Biotech,32166.0,32166.0,2016-06-26,330136.0,Doctor Martine Rothblatt,UNITED THERAPEUTICS CORP,Chairman/CEO,2027-01-01,10.0,40.0,Executive Director,1.0,0.0,1.0,1.0,1.0,0.0,0.0,0.0,0.0,0.0,1954-06-15,F,,35959.0,2023.0,1476.379,0.0,16958.057,11302.852,1476.379,0.6665181040493023
A,USD,STD,INDL,C,2836,12/31/16,122257,BIOMARIN PHARMACEUTICAL INC,BMRN,2016,4023.69,2766.275,660.761,4023.69,-630.21,1116.854,1261.023,172.648,82.84,2836.0,14302.16032,Biotech,4354.0,4354.0,2015-06-09,183266.0,Jean-Jacques Bienaimé,BIOMARIN PHARMACEUTICAL INC,Chairman/President/CEO,2023-11-30,10.0,10.0,Executive Director,1.0,0.0,1.0,1.0,0.0,0.0,0.0,0.0,0.0,0.0,1953-06-15,M,,,,,,,,,
A,USD,STD,INDL,C,2836,12/31/17,122257,BIOMARIN PHARMACEUTICAL INC,BMRN,2017,4633.125,2808.663,813.521,4633.125,-117.042,1313.646,616.553,175.844,89.17,2836.0,15680.00948,Biotech,4354.0,4354.0,2015-06-09,183266.0,Jean-Jacques Bienaimé,BIOMARIN PHARMACEUTICAL INC,Chairman/President/CEO,2023-11-30,10.0,10.0,Executive Director,1.0,0.0,1.0,1.0,0.0,0.0,0.0,0.0,0.0,0.0,1953-06-15,M,,,,,,,,,
A,USD,STD,INDL,C,2836,12/31/19,122257,BIOMARIN PHARMACEUTICAL INC,BMRN,2019,4690.039,3122.381,537.038,4690.039,-23.848,1704.048,715.007,179.838,84.55,2836.0,15205.3029,Biotech,4354.0,4354.0,2015-06-09,183266.0,Jean-Jacques Bienaimé,BIOMARIN PHARMACEUTICAL INC,Chairman/President/CEO,2023-11-30,10.0,10.0,Executive Director,1.0,0.0,1.0,1.0,0.0,0.0,0.0,0.0,0.0,0.0,1953-06-15,M,,,,,,,,,
A,USD,STD,INDL,C,3674,12/31/24,112158,CELESTICA INC,CLS,2024,5988.2,1896.0,879.6,5988.2,428.0,9646.0,78.0,116.1,92.3,3674.0,10716.03,Semiconductors/Hardware,6175.0,6175.0,2015-08-01,1084894.0,Rob Mionis,CELESTICA INC,President/CEO,2027-01-01,10.0,40.0,Executive Director,1.0,0.0,0.0,0.0,0.0,0.0,0.0,0.0,0.0,0.0,1963-02-01,M,,21770.0,,,,,,,
A,USD,STD,INDL,C,2836,12/31/20,122257,BIOMARIN PHARMACEUTICAL INC,BMRN,2020,5848.02,4106.002,1119.634,5848.02,859.1,1860.455,628.116,181.741,87.69,2836.0,15936.86829,Biotech,4354.0,4354.0,2015-06-09,183266.0,Jean-Jacques Bienaimé,BIOMARIN PHARMACEUTICAL INC,Chairman/President/CEO,2023-11-30,10.0,10.0,Executive Director,1.0,0.0,1.0,1.0,0.0,0.0,0.0,0.0,0.0,0.0,1953-06-15,M,,,,,,,,,
A,USD,STD,INDL,C,2836,12/31/21,122257,BIOMARIN PHARMACEUTICAL INC,BMRN,2021,6003.325,4270.74,1112.919,6003.325,-64.08,1846.275,628.793,183.913,88.35,2836.0,16248.71355,Biotech,4354.0,4354.0,2015-06-09,183266.0,Jean-Jacques Bienaimé,BIOMARIN PHARMACEUTICAL INC,Chairman/President/CEO,2023-11-30,10.0,10.0,Executive Director,1.0,0.0,1.0,1.0,0.0,0.0,0.0,0.0,0.0,0.0,1953-06-15,M,,,,,,,,,
A,USD,STD,INDL,C,2836,12/31/22,122257,BIOMARIN PHARMACEUTICAL INC,BMRN,2022,6375.074,4603.156,1109.532,6375.074,141.561,2096.039,649.606,186.251,103.49,2836.0,19275.11599,Biotech,4354.0,4354.0,2015-06-09,183266.0,Jean-Jacques Bienaimé,BIOMARIN PHARMACEUTICAL INC,Chairman/President/CEO,2023-11-30,10.0,10.0,Executive Director,1.0,0.0,1.0,1.0,0.0,0.0,0.0,0.0,0.0,0.0,1953-06-15,M,,,,,,,,,
A,USD,STD,INDL,C,2836,12/31/23,122257,BIOMARIN PHARMACEUTICAL INC,BMRN,2023,6841.603,4951.549,631.219,6841.603,167.645,2419.226,746.773,188.598,96.42,2836.0,18184.61916,Biotech,4354.0,4354.0,2023-12-01,2113430.0,Alex Hardy,BIOMARIN PHARMACEUTICAL INC,President/CEO,2027-01-01,10.0,40.0,Executive Director,0.0,0.0,1.0,0.0,0.0,0.0,0.0,0.0,1.0,0.0,1968-06-15,M,,,,,,,,,
A,USD,STD,INDL,C,2836,12/31/24,122257,BIOMARIN PHARMACEUTICAL INC,BMRN,2024,6988.94,5657.99,626.395,6988.94,426.859,2853.915,747.184,190.761,65.73,2836.0,12538.72053,Biotech,4354.0,4354.0,2023-12-01,2113430.0,Alex Hardy,BIOMARIN PHARMACEUTICAL INC,President/CEO,2027-01-01,10.0,40.0,Executive Director,0.0,0.0,1.0,0.0,0.0,0.0,0.0,0.0,1.0,0.0,1968-06-15,M,,,,,,,,,
A,USD,STD,INDL,C,3674,12/31/15,112158,CELESTICA INC,CLS,2015,2612.0,1091.0,250.6,2612.0,66.9,5639.2,23.2,143.471,11.03,3674.0,1582.48513,Semiconductors/Hardware,6175.0,6175.0,2015-08-01,1084894.0,Rob Mionis,CELESTICA INC,President/CEO,2027-01-01,10.0,40.0,Executive Director,1.0,0.0,0.0,0.0,0.0,0.0,0.0,0.0,0.0,0.0,1963-02-01,M,,21770.0,,,,,,,
A,USD,STD,INDL,C,3674,12/31/16,112158,CELESTICA INC,CLS,2016,2822.3,1238.8,188.7,2822.3,136.3,6016.5,24.9,140.893,11.85,3674.0,1669.58205,Semiconductors/Hardware,6175.0,6175.0,2015-08-01,1084894.0,Rob Mionis,CELESTICA INC,President/CEO,2027-01-01,10.0,40.0,Executive Director,1.0,0.0,0.0,0.0,0.0,0.0,0.0,0.0,0.0,0.0,1963-02-01,M,,21770.0,,,,,,,
A,USD,STD,INDL,C,3674,12/31/17,112158,CELESTICA INC,CLS,2017,2944.7,1350.7,166.5,2944.7,105.0,6110.5,26.2,141.809,10.48,3674.0,1486.15832,Semiconductors/Hardware,6175.0,6175.0,2015-08-01,1084894.0,Rob Mionis,CELESTICA INC,President/CEO,2027-01-01,10.0,40.0,Executive Director,1.0,0.0,0.0,0.0,0.0,0.0,0.0,0.0,0.0,0.0,1963-02-01,M,,21770.0,,,,,,,
A,USD,STD,INDL,C,3674,12/31/18,112158,CELESTICA INC,CLS,2018,3737.7,1332.3,650.2,3737.7,98.9,6633.2,28.8,136.292,8.77,3674.0,1195.28084,Semiconductors/Hardware,6175.0,6175.0,2015-08-01,1084894.0,Rob Mionis,CELESTICA INC,President/CEO,2027-01-01,10.0,40.0,Executive Director,1.0,0.0,0.0,0.0,0.0,0.0,0.0,0.0,0.0,0.0,1963-02-01,M,,21770.0,,,,,,,
A,USD,STD,INDL,C,3674,12/31/19,112158,CELESTICA INC,CLS,2019,3560.7,1356.2,559.1,3560.7,70.3,5888.3,28.4,128.8,8.27,3674.0,1065.176,Semiconductors/Hardware,6175.0,6175.0,2015-08-01,1084894.0,Rob Mionis,CELESTICA INC,President/CEO,2027-01-01,10.0,40.0,Executive Director,1.0,0.0,0.0,0.0,0.0,0.0,0.0,0.0,0.0,0.0,1963-02-01,M,,21770.0,,,,,,,
A,USD,STD,INDL,C,3674,12/31/20,112158,CELESTICA INC,CLS,2020,3664.1,1409.0,486.1,3664.1,60.6,5748.1,29.9,129.1,8.07,3674.0,1041.837,Semiconductors/Hardware,6175.0,6175.0,2015-08-01,1084894.0,Rob Mionis,CELESTICA INC,President/CEO,2027-01-01,10.0,40.0,Executive Director,1.0,0.0,0.0,0.0,0.0,0.0,0.0,0.0,0.0,0.0,1963-02-01,M,,21770.0,,,,,,,
A,USD,STD,INDL,C,3674,12/31/21,112158,CELESTICA INC,CLS,2021,4666.9,1463.0,742.9,4666.9,103.9,5634.7,38.4,124.7,11.13,3674.0,1387.911,Semiconductors/Hardware,6175.0,6175.0,2015-08-01,1084894.0,Rob Mionis,CELESTICA INC,President/CEO,2027-01-01,10.0,40.0,Executive Director,1.0,0.0,0.0,0.0,0.0,0.0,0.0,0.0,0.0,0.0,1963-02-01,M,,21770.0,,,,,,,
A,USD,STD,INDL,C,3674,12/31/22,112158,CELESTICA INC,CLS,2022,5628.0,1677.7,733.9,5628.0,145.5,7250.0,46.3,121.6,11.27,3674.0,1370.4319999999998,Semiconductors/Hardware,6175.0,6175.0,2015-08-01,1084894.0,Rob Mionis,CELESTICA INC,President/CEO,2027-01-01,10.0,40.0,Executive Director,1.0,0.0,0.0,0.0,0.0,0.0,0.0,0.0,0.0,0.0,1963-02-01,M,,21770.0,,,,,,,
A,USD,STD,INDL,C,3674,12/31/23,112158,CELESTICA INC,CLS,2023,5890.7,1768.5,731.2,5890.7,244.6,7961.0,60.9,119.0,29.28,3674.0,3484.32,Semiconductors/Hardware,6175.0,6175.0,2015-08-01,1084894.0,Rob Mionis,CELESTICA INC,President/CEO,2027-01-01,10.0,40.0,Executive Director,1.0,0.0,0.0,0.0,0.0,0.0,0.0,0.0,0.0,0.0,1963-02-01,M,,21770.0,,,,,,,
A,USD,STD,INDL,C,3674,1/31/19,137310,MARVELL TECHNOLOGY INC,MRVL,2018,10016.752,7306.41,1732.699,10016.752,-179.094,2865.791,914.009,658.514,18.53,3674.0,12202.26442,Semiconductors/Hardware,19750.0,19750.0,2016-07-11,761557.0,Matt Murphy,MARVELL TECHNOLOGY INC (Marvell Technology Group Ltd prior to 04/2021),President/CEO,2023-06-16,10.0,10.0,Executive Director,1.0,0.0,0.0,0.0,0.0,0.0,0.0,0.0,0.0,0.0,1972-06-15,M,,43585.0,,,,,,,
A,USD,STD,INDL,C,3674,1/31/20,137310,MARVELL TECHNOLOGY INC,MRVL,2019,11133.235,8678.58,1554.802,11133.235,1584.391,2699.161,1080.391,663.481,24.04,3674.0,15950.08324,Semiconductors/Hardware,19750.0,19750.0,2016-07-11,761557.0,Matt Murphy,MARVELL TECHNOLOGY INC (Marvell Technology Group Ltd prior to 04/2021),President/CEO,2023-06-16,10.0,10.0,Executive Director,1.0,0.0,0.0,0.0,0.0,0.0,0.0,0.0,0.0,0.0,1972-06-15,M,,43585.0,,,,,,,
A,USD,STD,INDL,C,3674,1/31/21,137310,MARVELL TECHNOLOGY INC,MRVL,2020,10764.924,8435.804,1097.587,10764.924,-277.298,2968.9,1072.74,675.402,51.46,3674.0,34756.18692,Semiconductors/Hardware,19750.0,19750.0,2016-07-11,761557.0,Matt Murphy,MARVELL TECHNOLOGY INC (Marvell Technology Group Ltd prior to 04/2021),President/CEO,2023-06-16,10.0,10.0,Executive Director,1.0,0.0,0.0,0.0,0.0,0.0,0.0,0.0,0.0,0.0,1972-06-15,M,,43585.0,,,,,,,
A,USD,STD,INDL,C,7372,1/31/20,157855,SALESFORCE INC,CRM,2019,55126.0,33885.0,5450.0,55126.0,126.0,17098.0,2766.0,893.0,182.31,7372.0,162802.83000000002,Software,69444.0,69444.0,2018-08-07,33569.0,Keith Block,SALESFORCE INC (Salesforce.com Inc prior to 04/2022),Co-CEO,2020-02-25,10.0,10.0,Executive Director,1.0,1.0,0.0,0.0,0.0,0.0,0.0,0.0,1.0,1.0,1960-06-15,M,,23585.0,2019.0,1435.0,0.0,19310.896,9000.13,1435.0,0.46606485789162755
A,USD,STD,INDL,C,3572,6/30/18,150937,SEAGATE TECHNOLOGY HOLDINGS,STX,2018,9410.0,1665.0,4320.0,9410.0,1182.0,11184.0,1026.0,287.17,56.47,3572.0,16216.4899,Semiconductors/Hardware,27411.0,27411.0,2017-10-01,547579.0,Doctor Dave Mosley,SEAGATE TECHNOLOGY HOLDINGS PLC (Seagate Technology PLC prior to 05/2021),CEO,2025-10-25,10.0,10.0,Executive Director,0.0,0.0,0.0,0.0,1.0,0.0,0.0,0.0,0.0,0.0,1966-06-15,M,,36230.0,2018.0,953.85,0.0,9332.073,5127.435,953.85,0.5494422300382777
A,USD,STD,INDL,C,3572,6/30/19,150937,SEAGATE TECHNOLOGY HOLDINGS,STX,2019,8885.0,2162.0,4253.0,8885.0,2012.0,10390.0,991.0,269.098,47.12,3572.0,12679.89776,Semiconductors/Hardware,27411.0,27411.0,2017-10-01,547579.0,Doctor Dave Mosley,SEAGATE TECHNOLOGY HOLDINGS PLC (Seagate Technology PLC prior to 05/2021),CEO,2025-10-25,10.0,10.0,Executive Director,0.0,0.0,0.0,0.0,1.0,0.0,0.0,0.0,0.0,0.0,1966-06-15,M,,36230.0,2019.0,1084.623,0.0,10344.579,6528.382,1084.623,0.6310920918096329
A,USD,STD,INDL,C,3572,6/30/20,150937,SEAGATE TECHNOLOGY HOLDINGS,STX,2020,8930.0,1787.0,4205.0,8930.0,1004.0,10509.0,973.0,256.719,48.41,3572.0,12427.76679,Semiconductors/Hardware,27411.0,27411.0,2017-10-01,547579.0,Doctor Dave Mosley,SEAGATE TECHNOLOGY HOLDINGS PLC (Seagate Technology PLC prior to 05/2021),CEO,2025-10-25,10.0,10.0,Executive Director,0.0,0.0,0.0,0.0,1.0,0.0,0.0,0.0,0.0,0.0,1966-06-15,M,,36230.0,2020.0,1100.008,0.0,11698.767,7313.257,1100.008,0.6251305800004393
A,USD,STD,INDL,C,3572,6/30/21,150937,SEAGATE TECHNOLOGY HOLDINGS,STX,2021,8675.0,631.0,4933.0,8675.0,1314.0,10681.0,903.0,227.383,87.93,3572.0,19993.787190000003,Semiconductors/Hardware,27411.0,27411.0,2017-10-01,547579.0,Doctor Dave Mosley,SEAGATE TECHNOLOGY HOLDINGS PLC (Seagate Technology PLC prior to 05/2021),CEO,2025-10-25,10.0,10.0,Executive Director,0.0,0.0,0.0,0.0,1.0,0.0,0.0,0.0,0.0,0.0,1966-06-15,M,,36230.0,2021.0,1100.008,0.0,11641.189,7054.961,1100.008,0.6060344007815697
A,USD,STD,INDL,C,3572,6/30/22,150937,SEAGATE TECHNOLOGY HOLDINGS,STX,2022,8944.0,109.0,5098.0,8944.0,1649.0,11661.0,941.0,209.85,71.44,3572.0,14991.684,Semiconductors/Hardware,27411.0,27411.0,2017-10-01,547579.0,Doctor Dave Mosley,SEAGATE TECHNOLOGY HOLDINGS PLC (Seagate Technology PLC prior to 05/2021),CEO,2025-10-25,10.0,10.0,Executive Director,0.0,0.0,0.0,0.0,1.0,0.0,0.0,0.0,0.0,0.0,1966-06-15,M,,36230.0,2022.0,1100.008,0.0,13210.318,8095.464,1100.008,0.612813711221789
A,USD,STD,INDL,C,3572,6/30/23,150937,SEAGATE TECHNOLOGY HOLDINGS,STX,2023,7556.0,-1199.0,5721.0,7556.0,-529.0,7384.0,797.0,207.389,61.87,3572.0,12831.15743,Semiconductors/Hardware,27411.0,27411.0,2017-10-01,547579.0,Doctor Dave Mosley,SEAGATE TECHNOLOGY HOLDINGS PLC (Seagate Technology PLC prior to 05/2021),CEO,2025-10-25,10.0,10.0,Executive Director,0.0,0.0,0.0,0.0,1.0,0.0,0.0,0.0,0.0,0.0,1966-06-15,M,,36230.0,2023.0,973.084,0.0,7886.863,4831.397,973.084,0.6125879199372425
A,USD,STD,INDL,C,3572,6/30/24,150937,SEAGATE TECHNOLOGY HOLDINGS,STX,2024,7739.0,-1491.0,5533.0,7739.0,335.0,6551.0,654.0,210.182,103.27,3572.0,21705.49514,Semiconductors/Hardware,27411.0,27411.0,2017-10-01,547579.0,Doctor Dave Mosley,SEAGATE TECHNOLOGY HOLDINGS PLC (Seagate Technology PLC prior to 05/2021),CEO,2025-10-25,10.0,10.0,Executive Director,0.0,0.0,0.0,0.0,1.0,0.0,0.0,0.0,0.0,0.0,1966-06-15,M,,36230.0,2024.0,676.928,0.0,13631.727,10393.544,676.928,0.7624524757574737
A,USD,STD,INDL,C,3572,6/30/25,150937,SEAGATE TECHNOLOGY HOLDINGS,STX,2025,8023.0,-453.0,5312.0,8023.0,1469.0,9097.0,724.0,212.669,144.33,3572.0,30694.51677000001,Semiconductors/Hardware,27411.0,27411.0,2025-10-25,547579.0,Doctor Dave Mosley,SEAGATE TECHNOLOGY HOLDINGS PLC (Seagate Technology PLC prior to 05/2021),Chair/CEO,2027-01-01,10.0,40.0,Executive Director,0.0,0.0,0.0,0.0,1.0,0.0,0.0,0.0,0.0,0.0,1966-06-15,M,,36230.0,2025.0,1100.008,0.0,17176.928,12964.807,1100.008,0.7547803076312598
A,USD,STD,INDL,C,7372,1/31/16,157855,SALESFORCE INC,CRM,2015,12770.772,5002.869,1490.658,12770.772,-47.426,6667.216,946.3,670.929,68.06,7372.0,45663.42774,Software,69444.0,69444.0,2001-11-01,375926.0,Marc Benioff,SALESFORCE INC (Salesforce.com Inc prior to 04/2022),Chairman/CEO,2018-08-07,20.0,10.0,Executive Director,1.0,0.0,0.0,0.0,0.0,0.0,0.0,0.0,0.0,0.0,1964-09-25,M,,35712.0,2015.0,1550.0,0.0,33362.903,17455.952,1550.0,0.5232144217186376
A,USD,STD,INDL,C,7372,1/31/17,157855,SALESFORCE INC,CRM,2016,17584.923,7500.127,2209.102,17584.923,179.632,8391.984,1208.127,707.46,79.1,7372.0,55960.086,Software,69444.0,69444.0,2001-11-01,375926.0,Marc Benioff,SALESFORCE INC (Salesforce.com Inc prior to 04/2022),Chairman/CEO,2018-08-07,20.0,10.0,Executive Director,1.0,0.0,0.0,0.0,0.0,0.0,0.0,0.0,0.0,0.0,1964-09-25,M,,35712.0,2016.0,1550.0,0.0,13170.047,4373.238,1550.0,0.33205940722914656
A,USD,STD,INDL,C,7372,1/31/18,157855,SALESFORCE INC,CRM,2017,21009.802,9388.496,896.874,21009.802,127.478,10480.012,1553.073,729.853,113.91,7372.0,83137.55523,Software,69444.0,69444.0,2001-11-01,375926.0,Marc Benioff,SALESFORCE INC (Salesforce.com Inc prior to 04/2022),Chairman/CEO,2018-08-07,20.0,10.0,Executive Director,1.0,0.0,0.0,0.0,0.0,0.0,0.0,0.0,0.0,0.0,1964-09-25,M,,35712.0,2017.0,1550.0,0.0,4653.362,0.0,1550.0,0.0
A,USD,STD,INDL,C,7372,1/31/19,157855,SALESFORCE INC,CRM,2018,30737.0,15605.0,3173.0,30737.0,1110.0,13282.0,1886.0,770.0,151.97,7372.0,117016.9,Software,69444.0,69444.0,2018-08-07,375926.0,Marc Benioff,SALESFORCE INC (Salesforce.com Inc prior to 04/2022),Chairman/Co-CEO,2020-02-25,10.0,10.0,Executive Director,1.0,0.0,0.0,0.0,0.0,0.0,0.0,0.0,0.0,0.0,1964-09-25,M,,35712.0,2018.0,1550.0,0.0,28391.846,13500.066,1550.0,0.4754909561005649
A,USD,STD,INDL,C,7372,1/31/21,157855,SALESFORCE INC,CRM,2020,66301.0,41493.0,5608.0,66301.0,4072.0,21252.0,3598.0,919.0,225.56,7372.0,207289.64,Software,69444.0,69444.0,2020-02-25,375926.0,Marc Benioff,SALESFORCE INC (Salesforce.com Inc prior to 04/2022),Chairman/CEO,2021-11-30,10.0,10.0,Executive Director,1.0,0.0,0.0,0.0,0.0,0.0,0.0,0.0,0.0,0.0,1964-09-25,M,,35712.0,2020.0,1550.0,0.0,25740.775,12000.089,1550.0,0.4661898874451138
A,USD,STD,INDL,C,3674,1/31/22,137310,MARVELL TECHNOLOGY INC,MRVL,2021,22108.597,15702.097,4625.16,22108.597,-421.034,4462.383,1424.306,846.695,71.4,3674.0,60454.02300000001,Semiconductors/Hardware,19750.0,19750.0,2016-07-11,761557.0,Matt Murphy,MARVELL TECHNOLOGY INC (Marvell Technology Group Ltd prior to 04/2021),President/CEO,2023-06-16,10.0,10.0,Executive Director,1.0,0.0,0.0,0.0,0.0,0.0,0.0,0.0,0.0,0.0,1972-06-15,M,,43585.0,,,,,,,
A,USD,STD,INDL,C,7372,1/31/22,157855,SALESFORCE INC,CRM,2021,95209.0,58131.0,13566.0,95209.0,1444.0,26492.0,4465.0,989.0,232.63,7372.0,230071.07,Software,69444.0,69444.0,2021-11-30,1108033.0,Bret Taylor,SALESFORCE INC (Salesforce.com Inc prior to 04/2022),Vice Chairman/Co-CEO,2023-01-31,10.0,10.0,Executive Director,1.0,1.0,0.0,0.0,0.0,0.0,0.0,0.0,1.0,1.0,1980-06-15,M,,56955.0,2021.0,1067.778,0.5,22794.415,10500.476,1068.278,0.4606600344865179
A,USD,STD,INDL,C,7372,1/31/23,157855,SALESFORCE INC,CRM,2022,98849.0,58359.0,12850.0,98849.0,208.0,31352.0,5055.0,981.0,167.97,7372.0,164778.57,Software,69444.0,69444.0,2021-11-30,1108033.0,Bret Taylor,SALESFORCE INC (Salesforce.com Inc prior to 04/2022),Vice Chairman/Co-CEO,2023-01-31,10.0,10.0,Executive Director,1.0,1.0,0.0,0.0,0.0,0.0,0.0,0.0,1.0,1.0,1980-06-15,M,,56955.0,2022.0,1400.0,0.5,26792.798,14760.156,1400.5,0.5509001336851792
A,USD,STD,INDL,C,7372,1/31/24,157855,SALESFORCE INC,CRM,2023,99823.0,59646.0,11673.0,99823.0,4136.0,34857.0,4906.0,971.0,281.09,7372.0,272938.38999999996,Software,69444.0,69444.0,2023-01-31,375926.0,Marc Benioff,SALESFORCE INC (Salesforce.com Inc prior to 04/2022),Chairman/CEO,2027-01-01,10.0,40.0,Executive Director,1.0,0.0,0.0,0.0,0.0,0.0,0.0,0.0,0.0,0.0,1964-09-25,M,,35712.0,2023.0,1550.0,2.5,39642.173,16338.29,1552.5,0.41214415768782403
A,USD,STD,INDL,C,7372,1/31/25,157855,SALESFORCE INC,CRM,2024,102928.0,61173.0,11154.0,102928.0,6197.0,37895.0,5493.0,962.0,341.7,7372.0,328715.39999999997,Software,69444.0,69444.0,2023-01-31,375926.0,Marc Benioff,SALESFORCE INC (Salesforce.com Inc prior to 04/2022),Chairman/CEO,2027-01-01,10.0,40.0,Executive Director,1.0,0.0,0.0,0.0,0.0,0.0,0.0,0.0,0.0,0.0,1964-09-25,M,,35712.0,2024.0,1550.0,2.5,55074.656,28028.587,1552.5,0.5089198741431994
I,USD,STD,INDL,C,2836,12/31/20,141460,SEAGEN INC,SGEN,2020,4000.906,3488.1,61.884,4000.906,613.67,2175.536,827.129,180.902,175.14,2836.0,31683.176279999996,Biotech,27435.0,27435.0,2009-01-01,347211.0,Doctor Clay Siegall,SEAGEN INC (Seattle Genetics Inc prior to 10/2020) (De-listed 12/2023),Chairman/President/CEO,2022-05-15,30.0,10.0,Executive Director,1.0,0.0,1.0,0.0,1.0,0.0,0.0,0.0,0.0,0.0,1961-06-15,M,,,,,,,,,
I,USD,STD,INDL,C,2836,12/31/21,141460,SEAGEN INC,SGEN,2021,3719.604,3065.139,56.665,3719.604,-674.471,1574.371,1228.672,183.381,154.6,2836.0,28350.7026,Biotech,27435.0,27435.0,2009-01-01,347211.0,Doctor Clay Siegall,SEAGEN INC (Seattle Genetics Inc prior to 10/2020) (De-listed 12/2023),Chairman/President/CEO,2022-05-15,30.0,10.0,Executive Director,1.0,0.0,1.0,0.0,1.0,0.0,0.0,0.0,0.0,0.0,1961-06-15,M,,,,,,,,,
I,USD,STD,INDL,C,2836,12/31/22,141460,SEAGEN INC,SGEN,2022,3674.532,2803.819,43.474,3674.532,-610.308,1962.412,1344.361,186.559,128.51,2836.0,23974.69709,Biotech,27435.0,27435.0,2022-11-09,657839.0,David Epstein,SEAGEN INC (Seattle Genetics Inc prior to 10/2020) (De-listed 12/2023),CEO,2023-12-14,10.0,10.0,Executive Director,1.0,0.0,1.0,1.0,0.0,0.0,0.0,0.0,0.0,0.0,1962-06-15,M,,,,,,,,,
A,USD,STD,INDL,C,2836,12/31/25,141846,ACADIA PHARMACEUTICALS INC,ACAD,2025,1564.195,1227.39,40.554,1564.195,391.0,1071.505,291.013,170.309,26.71,2836.0,4548.95339,Biotech,105052.0,105052.0,2024-09-23,2347499.0,Catherine Owen Adams,ACADIA PHARMACEUTICALS INC,CEO,2027-01-01,10.0,40.0,Executive Director,1.0,0.0,0.0,0.0,0.0,0.0,0.0,0.0,0.0,0.0,1970-06-15,F,,,,,,,,,
A,USD,STD,INDL,C,3572,6/30/17,150937,SEAGATE TECHNOLOGY HOLDINGS,STX,2017,9268.0,1364.0,5021.0,9268.0,772.0,10771.0,1232.0,291.8,38.75,3572.0,11307.25,Semiconductors/Hardware,27411.0,27411.0,2017-10-01,547579.0,Doctor Dave Mosley,SEAGATE TECHNOLOGY HOLDINGS PLC (Seagate Technology PLC prior to 05/2021),CEO,2025-10-25,10.0,10.0,Executive Director,0.0,0.0,0.0,0.0,1.0,0.0,0.0,0.0,0.0,0.0,1966-06-15,M,,36230.0,2017.0,784.626,0.0,7658.252,4615.905,784.626,0.6027361074041439
A,USD,STD,INDL,C,3572,6/30/16,150937,SEAGATE TECHNOLOGY HOLDINGS,STX,2016,8252.0,1593.0,4130.0,8252.0,248.0,11160.0,1237.0,298.572,24.36,3572.0,7273.21392,Semiconductors/Hardware,27411.0,27411.0,2013-10-23,49516.0,Dato' Steve Luczo,SEAGATE TECHNOLOGY HOLDINGS PLC (Seagate Technology PLC prior to 05/2021),Chairman/CEO,2017-10-01,10.0,10.0,Executive Director,1.0,1.0,1.0,1.0,0.0,0.0,0.0,0.0,0.0,0.0,1957-02-28,M,,13950.0,2016.0,1246.212,0.0,10420.844,7339.381,1246.212,0.7042981355444915
A,USD,STD,INDL,C,3572,6/30/15,150937,SEAGATE TECHNOLOGY HOLDINGS,STX,2015,9845.0,3018.0,4155.0,9845.0,1742.0,13739.0,1353.0,315.446,47.5,3572.0,14983.685,Semiconductors/Hardware,27411.0,27411.0,2013-10-23,49516.0,Dato' Steve Luczo,SEAGATE TECHNOLOGY HOLDINGS PLC (Seagate Technology PLC prior to 05/2021),Chairman/CEO,2017-10-01,10.0,10.0,Executive Director,1.0,1.0,1.0,1.0,0.0,0.0,0.0,0.0,0.0,0.0,1957-02-28,M,,13950.0,2015.0,1200.056,0.0,11647.291,7555.14,1200.056,0.6486607057383559
A,USD,STD,INDL,C,3674,6/30/25,142814,SYNAPTICS INC,SYNA,2025,2584.4,1394.9,870.6,2584.4,-47.8,1074.3,346.8,38.643,64.82,3674.0,2504.8392599999997,Semiconductors/Hardware,462108.0,462108.0,2025-05-21,2204699.0,Rahul Patel,SYNAPTICS INC,President/CEO,2027-01-01,10.0,40.0,Executive Director,1.0,0.0,1.0,0.0,0.0,0.0,0.0,0.0,1.0,0.0,1969-06-15,M,,,,,,,,,
A,USD,STD,INDL,C,3674,1/31/23,137310,MARVELL TECHNOLOGY INC,MRVL,2022,22522.1,15637.2,4109.3,22522.1,-163.5,5919.6,1784.3,856.1,43.15,3674.0,36940.715,Semiconductors/Hardware,19750.0,19750.0,2016-07-11,761557.0,Matt Murphy,MARVELL TECHNOLOGY INC (Marvell Technology Group Ltd prior to 04/2021),President/CEO,2023-06-16,10.0,10.0,Executive Director,1.0,0.0,0.0,0.0,0.0,0.0,0.0,0.0,0.0,0.0,1972-06-15,M,,43585.0,,,,,,,
A,USD,STD,INDL,C,3674,1/31/24,137310,MARVELL TECHNOLOGY INC,MRVL,2023,21228.5,14831.4,4254.6,21228.5,-933.4,5507.7,1896.2,865.5,67.7,3674.0,58594.350000000006,Semiconductors/Hardware,19750.0,19750.0,2023-06-16,761557.0,Matt Murphy,MARVELL TECHNOLOGY INC (Marvell Technology Group Ltd prior to 04/2021),Chairman/President/CEO,2025-07-15,10.0,10.0,Executive Director,1.0,0.0,0.0,0.0,0.0,0.0,0.0,0.0,0.0,0.0,1972-06-15,M,,43585.0,,,,,,,
A,USD,STD,INDL,C,3674,1/31/25,137310,MARVELL TECHNOLOGY INC,MRVL,2024,20204.5,13427.0,4165.3,20204.5,-885.0,5767.3,1950.4,866.0,112.86,3674.0,97736.76,Semiconductors/Hardware,19750.0,19750.0,2023-06-16,761557.0,Matt Murphy,MARVELL TECHNOLOGY INC (Marvell Technology Group Ltd prior to 04/2021),Chairman/President/CEO,2025-07-15,10.0,10.0,Executive Director,1.0,0.0,0.0,0.0,0.0,0.0,0.0,0.0,0.0,0.0,1972-06-15,M,,43585.0,,,,,,,
A,USD,STD,INDL,C,2836,12/31/24,151630,HALOZYME THERAPEUTICS INC,HALO,2024,2063.477,363.821,1505.798,2063.477,444.091,1015.324,79.048,123.138,47.81,2836.0,5887.22778,Biotech,852951.0,852951.0,2014-01-06,1127175.0,Doctor Helen Torley,HALOZYME THERAPEUTICS INC,President/CEO,2027-01-01,10.0,40.0,Executive Director,0.0,0.0,0.0,0.0,0.0,0.0,0.0,0.0,1.0,0.0,1962-06-15,F,,59360.0,2024.0,960.0,0.0,12741.422,8840.06,960.0,0.6938048202155144
A,USD,STD,INDL,C,2836,12/31/25,151630,HALOZYME THERAPEUTICS INC,HALO,2025,2525.323,48.814,2142.63,2525.323,316.889,1396.611,366.377,117.782,67.3,2836.0,7926.7286,Biotech,852951.0,852951.0,2014-01-06,1127175.0,Doctor Helen Torley,HALOZYME THERAPEUTICS INC,President/CEO,2027-01-01,10.0,40.0,Executive Director,0.0,0.0,0.0,0.0,0.0,0.0,0.0,0.0,1.0,0.0,1962-06-15,F,,59360.0,,,,,,,
A,USD,STD,INDL,C,3672,12/31/16,139804,TTM TECHNOLOGIES INC,TTMI,2016,2500.076,820.847,909.03,2500.076,34.861,2533.359,,100.396,13.63,3672.0,1368.39748,Semiconductors/Hardware,31454.0,31454.0,2014-01-01,321651.0,Tom Edman,TTM TECHNOLOGIES INC,President/CEO,2025-09-02,10.0,10.0,Executive Director,1.0,1.0,1.0,1.0,0.0,0.0,0.0,0.0,0.0,0.0,1962-06-15,M,,45625.0,2016.0,650.0,0.0,2443.61,847.139,650.0,0.3466752059453022
A,USD,STD,INDL,C,3672,12/31/17,139804,TTM TECHNOLOGIES INC,TTMI,2017,2781.882,1011.38,975.479,2781.882,124.214,2658.592,,101.82,15.67,3672.0,1595.5194,Semiconductors/Hardware,31454.0,31454.0,2014-01-01,321651.0,Tom Edman,TTM TECHNOLOGIES INC,President/CEO,2025-09-02,10.0,10.0,Executive Director,1.0,1.0,1.0,1.0,0.0,0.0,0.0,0.0,0.0,0.0,1962-06-15,M,,45625.0,2017.0,671.923,0.0,2615.703,1089.864,671.923,0.4166619834132545
A,USD,STD,INDL,C,3672,12/31/18,139804,TTM TECHNOLOGIES INC,TTMI,2018,3457.503,1227.087,1462.425,3457.503,173.584,2847.261,,103.687,9.73,3672.0,1008.87451,Semiconductors/Hardware,31454.0,31454.0,2014-01-01,321651.0,Tom Edman,TTM TECHNOLOGIES INC,President/CEO,2025-09-02,10.0,10.0,Executive Director,1.0,1.0,1.0,1.0,0.0,0.0,0.0,0.0,0.0,0.0,1962-06-15,M,,45625.0,2018.0,689.231,0.0,2035.978,863.218,689.231,0.4239819880175522
A,USD,STD,INDL,C,3672,12/31/19,139804,TTM TECHNOLOGIES INC,TTMI,2019,3560.933,1279.037,1242.479,3560.933,41.301,2689.308,,105.51,15.05,3672.0,1587.9255,Semiconductors/Hardware,31454.0,31454.0,2014-01-01,321651.0,Tom Edman,TTM TECHNOLOGIES INC,President/CEO,2025-09-02,10.0,10.0,Executive Director,1.0,1.0,1.0,1.0,0.0,0.0,0.0,0.0,0.0,0.0,1962-06-15,M,,45625.0,2019.0,711.539,0.0,1956.142,677.017,711.539,0.3460980849038567
A,USD,STD,INDL,C,3672,12/31/20,139804,TTM TECHNOLOGIES INC,TTMI,2020,2895.944,1444.009,860.064,2895.944,177.535,2105.322,19.77,106.77,13.795,3672.0,1472.89215,Semiconductors/Hardware,31454.0,31454.0,2014-01-01,321651.0,Tom Edman,TTM TECHNOLOGIES INC,President/CEO,2025-09-02,10.0,10.0,Executive Director,1.0,1.0,1.0,1.0,0.0,0.0,0.0,0.0,0.0,0.0,1962-06-15,M,,45625.0,2020.0,752.885,0.0,2610.139,861.985,752.885,0.3302448643539673
A,USD,STD,INDL,C,3672,12/31/21,139804,TTM TECHNOLOGIES INC,TTMI,2021,3025.547,1455.417,957.387,3025.547,54.414,2248.74,18.146,103.533,14.9,3672.0,1542.6417,Semiconductors/Hardware,31454.0,31454.0,2014-01-01,321651.0,Tom Edman,TTM TECHNOLOGIES INC,President/CEO,2025-09-02,10.0,10.0,Executive Director,1.0,1.0,1.0,1.0,0.0,0.0,0.0,0.0,0.0,0.0,1962-06-15,M,,45625.0,2021.0,762.5,0.0,2595.084,1017.226,762.5,0.39198191657765225
A,USD,STD,INDL,C,3672,12/31/22,139804,TTM TECHNOLOGIES INC,TTMI,2022,3323.604,1535.579,905.235,3323.604,94.583,2495.046,24.808,102.228,15.08,3672.0,1541.59824,Semiconductors/Hardware,31454.0,31454.0,2014-01-01,321651.0,Tom Edman,TTM TECHNOLOGIES INC,President/CEO,2025-09-02,10.0,10.0,Executive Director,1.0,1.0,1.0,1.0,0.0,0.0,0.0,0.0,0.0,0.0,1962-06-15,M,,45625.0,2022.0,824.0,0.0,4003.765,1064.521,824.0,0.2658799904589805
A,USD,STD,INDL,C,3672,12/31/23,139804,TTM TECHNOLOGIES INC,TTMI,2023,3323.663,1511.039,1007.921,3323.663,-18.718,2232.567,27.272,102.108,15.81,3672.0,1614.3274800000002,Semiconductors/Hardware,31454.0,31454.0,2014-01-01,321651.0,Tom Edman,TTM TECHNOLOGIES INC,President/CEO,2025-09-02,10.0,10.0,Executive Director,1.0,1.0,1.0,1.0,0.0,0.0,0.0,0.0,0.0,0.0,1962-06-15,M,,45625.0,2023.0,852.0,0.0,2554.41,666.234,852.0,0.26081717500322976
A,USD,STD,INDL,C,3672,12/31/24,139804,TTM TECHNOLOGIES INC,TTMI,2024,3472.494,1563.824,1003.853,3472.494,56.299,2442.753,31.845,101.997,24.75,3672.0,2524.42575,Semiconductors/Hardware,31454.0,31454.0,2014-01-01,321651.0,Tom Edman,TTM TECHNOLOGIES INC,President/CEO,2025-09-02,10.0,10.0,Executive Director,1.0,1.0,1.0,1.0,0.0,0.0,0.0,0.0,0.0,0.0,1962-06-15,M,,45625.0,2024.0,907.5,0.0,4012.941,1892.392,907.5,0.4715723455689979
A,USD,STD,INDL,C,3672,12/31/25,139804,TTM TECHNOLOGIES INC,TTMI,2025,3840.331,1762.253,1015.689,3840.331,177.448,2906.345,28.992,103.379,69.0,3672.0,7133.151000000001,Semiconductors/Hardware,31454.0,31454.0,2025-09-02,1345036.0,Doctor Edwin Roks,TTM TECHNOLOGIES INC,President/CEO,2027-01-01,10.0,40.0,Executive Director,1.0,0.0,0.0,0.0,1.0,0.0,0.0,0.0,1.0,0.0,1964-06-15,M,,57347.0,2025.0,610.451,0.0,3991.587,1015.546,610.451,0.2544216122559774
A,USD,STD,INDL,C,8731,12/31/20,141277,EXACT SCIENCES CORP,EXAS,2020,4925.092,2823.489,1478.177,4925.092,-848.533,1491.391,754.052,159.423,132.49,8731.0,21121.95327,Biotech,11340.0,11340.0,2014-03-21,513708.0,Kevin Conroy,EXACT SCIENCES CORP (De-listed 03/2026),Chairman/President/CEO,2026-03-23,10.0,10.0,Executive Director,1.0,0.0,0.0,0.0,0.0,0.0,0.0,0.0,0.0,0.0,1966-06-15,M,,,,,,,,,
A,USD,STD,INDL,C,8731,12/31/21,141277,EXACT SCIENCES CORP,EXAS,2021,6684.884,3387.636,2374.898,6684.884,-595.625,1767.087,385.646,173.674,77.83,8731.0,13517.04742,Biotech,11340.0,11340.0,2014-03-21,513708.0,Kevin Conroy,EXACT SCIENCES CORP (De-listed 03/2026),Chairman/President/CEO,2026-03-23,10.0,10.0,Executive Director,1.0,0.0,0.0,0.0,0.0,0.0,0.0,0.0,0.0,0.0,1966-06-15,M,,,,,,,,,
A,USD,STD,INDL,C,8731,12/31/22,141277,EXACT SCIENCES CORP,EXAS,2022,6226.873,3043.162,2425.905,6226.873,-623.506,2084.279,393.418,177.926,49.51,8731.0,8809.116259999999,Biotech,11340.0,11340.0,2014-03-21,513708.0,Kevin Conroy,EXACT SCIENCES CORP (De-listed 03/2026),Chairman/President/CEO,2026-03-23,10.0,10.0,Executive Director,1.0,0.0,0.0,0.0,0.0,0.0,0.0,0.0,0.0,0.0,1966-06-15,M,,,,,,,,,
A,USD,STD,INDL,C,8731,12/31/23,141277,EXACT SCIENCES CORP,EXAS,2023,6471.334,3145.305,2482.846,6471.334,-204.149,2499.766,425.882,181.364,73.98,8731.0,13417.30872,Biotech,11340.0,11340.0,2014-03-21,513708.0,Kevin Conroy,EXACT SCIENCES CORP (De-listed 03/2026),Chairman/President/CEO,2026-03-23,10.0,10.0,Executive Director,1.0,0.0,0.0,0.0,0.0,0.0,0.0,0.0,0.0,0.0,1966-06-15,M,,,,,,,,,
A,USD,STD,INDL,C,8731,12/31/24,141277,EXACT SCIENCES CORP,EXAS,2024,5928.139,2402.249,2491.4,5928.139,-1028.857,2758.867,1261.21,185.616,56.19,8731.0,10429.76304,Biotech,11340.0,11340.0,2014-03-21,513708.0,Kevin Conroy,EXACT SCIENCES CORP (De-listed 03/2026),Chairman/President/CEO,2026-03-23,10.0,10.0,Executive Director,1.0,0.0,0.0,0.0,0.0,0.0,0.0,0.0,0.0,0.0,1966-06-15,M,,,,,,,,,
A,USD,STD,INDL,C,8731,12/31/25,141277,EXACT SCIENCES CORP,EXAS,2025,5860.629,2401.052,2495.508,5860.629,-207.949,3246.99,522.996,190.802,101.56,8731.0,19377.85112,Biotech,11340.0,11340.0,2014-03-21,513708.0,Kevin Conroy,EXACT SCIENCES CORP (De-listed 03/2026),Chairman/President/CEO,2026-03-23,10.0,10.0,Executive Director,1.0,0.0,0.0,0.0,0.0,0.0,0.0,0.0,0.0,0.0,1966-06-15,M,,,,,,,,,
A,USD,STD,INDL,C,3674,6/30/15,142814,SYNAPTICS INC,SYNA,2015,1519.4,793.1,231.1,1519.4,110.4,1703.0,293.2,37.53,86.735,3674.0,3255.16455,Semiconductors/Hardware,462108.0,462108.0,2011-09-28,330400.0,Rick Bergman,SYNAPTICS INC,President/CEO,2019-03-14,10.0,10.0,Executive Director,1.0,0.0,1.0,0.0,0.0,0.0,0.0,0.0,0.0,0.0,1963-06-15,M,,40775.0,2015.0,700.0,0.0,5578.259,1834.848,700.0,0.3289284344810809
A,USD,STD,INDL,C,3674,6/30/16,142814,SYNAPTICS INC,SYNA,2016,1300.2,705.0,216.7,1300.2,72.2,1666.9,311.2,35.212,53.75,3674.0,1892.645,Semiconductors/Hardware,462108.0,462108.0,2011-09-28,330400.0,Rick Bergman,SYNAPTICS INC,President/CEO,2019-03-14,10.0,10.0,Executive Director,1.0,0.0,1.0,0.0,0.0,0.0,0.0,0.0,0.0,0.0,1963-06-15,M,,40775.0,2016.0,700.0,0.0,7799.268,4536.63,700.0,0.5816738186199013
A,USD,STD,INDL,C,3674,6/30/17,142814,SYNAPTICS INC,SYNA,2017,1266.7,740.2,202.0,1266.7,48.8,1718.2,292.3,34.638,51.71,3674.0,1791.13098,Semiconductors/Hardware,462108.0,462108.0,2011-09-28,330400.0,Rick Bergman,SYNAPTICS INC,President/CEO,2019-03-14,10.0,10.0,Executive Director,1.0,0.0,1.0,0.0,0.0,0.0,0.0,0.0,0.0,0.0,1963-06-15,M,,40775.0,2017.0,560.0,0.0,5872.257,3422.28,560.0,0.5827878446055751
A,USD,STD,INDL,C,3674,6/30/18,142814,SYNAPTICS INC,SYNA,2018,1499.8,729.3,450.7,1499.8,-124.1,1630.3,363.2,35.25,50.37,3674.0,1775.5425,Semiconductors/Hardware,462108.0,462108.0,2011-09-28,330400.0,Rick Bergman,SYNAPTICS INC,President/CEO,2019-03-14,10.0,10.0,Executive Director,1.0,0.0,1.0,0.0,0.0,0.0,0.0,0.0,0.0,0.0,1963-06-15,M,,40775.0,2018.0,700.0,0.0,7012.022,5597.768,700.0,0.7983101022786295
A,USD,STD,INDL,C,3674,6/30/20,142814,SYNAPTICS INC,SYNA,2020,1693.8,819.1,601.2,1693.8,118.8,1333.9,302.5,34.122,60.12,3674.0,2051.41464,Semiconductors/Hardware,462108.0,462108.0,2019-08-19,1302499.0,Mike Hurlston,SYNAPTICS INC,President/CEO,2025-02-03,10.0,10.0,Executive Director,1.0,0.0,1.0,0.0,0.0,0.0,0.0,0.0,1.0,0.0,1967-06-15,M,,,,,,,,,
A,USD,STD,INDL,C,3674,6/30/21,142814,SYNAPTICS INC,SYNA,2021,2226.8,967.2,418.4,2226.8,79.6,1339.6,313.4,35.332,155.58,3674.0,5496.952560000001,Semiconductors/Hardware,462108.0,462108.0,2019-08-19,1302499.0,Mike Hurlston,SYNAPTICS INC,President/CEO,2025-02-03,10.0,10.0,Executive Director,1.0,0.0,1.0,0.0,0.0,0.0,0.0,0.0,1.0,0.0,1967-06-15,M,,,,,,,,,
A,USD,STD,INDL,C,3674,6/30/22,142814,SYNAPTICS INC,SYNA,2022,2858.1,1266.4,1027.2,2858.1,257.5,1739.7,367.3,39.621,118.05,3674.0,4677.259050000001,Semiconductors/Hardware,462108.0,462108.0,2019-08-19,1302499.0,Mike Hurlston,SYNAPTICS INC,President/CEO,2025-02-03,10.0,10.0,Executive Director,1.0,0.0,1.0,0.0,0.0,0.0,0.0,0.0,1.0,0.0,1967-06-15,M,,,,,,,,,
A,USD,STD,INDL,C,3674,6/30/23,142814,SYNAPTICS INC,SYNA,2023,2611.4,1243.4,1014.4,2611.4,73.6,1355.1,351.2,38.571,85.38,3674.0,3293.1919799999996,Semiconductors/Hardware,462108.0,462108.0,2019-08-19,1302499.0,Mike Hurlston,SYNAPTICS INC,President/CEO,2025-02-03,10.0,10.0,Executive Director,1.0,0.0,1.0,0.0,0.0,0.0,0.0,0.0,1.0,0.0,1967-06-15,M,,,,,,,,,
A,USD,STD,INDL,C,3674,3/31/19,27965,MICROCHIP TECHNOLOGY INC,MCHP,2018,18350.0,5287.5,8946.2,18350.0,355.9,5349.5,826.3,237.59,82.96,3674.0,19710.4664,Semiconductors/Hardware,20566.0,20566.0,2016-02-03,61502.0,Steve Sanghi,MICROCHIP TECHNOLOGY INC,Chairman/CEO,2021-03-01,10.0,10.0,Executive Director,1.0,0.0,0.0,0.0,0.0,0.0,0.0,0.0,1.0,0.0,1956-06-15,M,,7634.0,,,,,,,
A,USD,STD,INDL,C,3674,3/31/18,27965,MICROCHIP TECHNOLOGY INC,MCHP,2017,8257.2,3279.8,1758.4,8257.2,255.4,3980.8,529.3,235.028,91.36,3674.0,21472.158079999997,Semiconductors/Hardware,20566.0,20566.0,2016-02-03,61502.0,Steve Sanghi,MICROCHIP TECHNOLOGY INC,Chairman/CEO,2021-03-01,10.0,10.0,Executive Director,1.0,0.0,0.0,0.0,0.0,0.0,0.0,0.0,1.0,0.0,1956-06-15,M,,7634.0,,,,,,,
A,USD,STD,INDL,C,3674,3/31/17,27965,MICROCHIP TECHNOLOGY INC,MCHP,2016,7686.881,3270.711,2900.524,7686.881,164.639,3407.807,545.293,229.094,73.78,3674.0,16902.55532,Semiconductors/Hardware,20566.0,20566.0,2016-02-03,61502.0,Steve Sanghi,MICROCHIP TECHNOLOGY INC,Chairman/CEO,2021-03-01,10.0,10.0,Executive Director,1.0,0.0,0.0,0.0,0.0,0.0,0.0,0.0,1.0,0.0,1956-06-15,M,,7634.0,,,,,,,
A,USD,STD,INDL,C,7372,6/30/19,12141,MICROSOFT CORP,MSFT,2019,286556.0,102330.0,79107.0,286556.0,39240.0,125843.0,16876.0,7643.0,133.96,7372.0,1023856.28,Software,20601.0,20601.0,2014-02-04,499383.0,Satya Nadella,MICROSOFT CORP,CEO,2021-06-16,10.0,10.0,Executive Director,1.0,0.0,1.0,1.0,0.0,0.0,0.0,0.0,1.0,0.0,1967-08-19,M,Asian Association Network,44939.0,2019.0,2333.333,0.0,42910.215,29668.651,2333.333,0.6914123128956591
A,USD,STD,INDL,C,3572,6/30/16,11399,WESTERN DIGITAL CORP,WDC,2016,32862.0,11145.0,13660.0,32862.0,242.0,12994.0,1627.0,284.0,47.26,3572.0,13421.84,Semiconductors/Hardware,33382.0,33382.0,2015-10-18,325964.0,Steve Milligan,WESTERN DIGITAL CORP,CEO,2020-03-09,10.0,10.0,Executive Director,1.0,0.0,0.0,0.0,0.0,0.0,0.0,0.0,0.0,0.0,1963-06-15,M,,28834.0,2016.0,1050.0,0.0,10546.392,6397.567,1050.0,0.6066119104998183
A,USD,STD,INDL,C,3572,6/30/17,11399,WESTERN DIGITAL CORP,WDC,2017,29860.0,11418.0,12918.0,29860.0,397.0,19093.0,2441.0,294.0,88.6,3572.0,26048.4,Semiconductors/Hardware,33382.0,33382.0,2015-10-18,325964.0,Steve Milligan,WESTERN DIGITAL CORP,CEO,2020-03-09,10.0,10.0,Executive Director,1.0,0.0,0.0,0.0,0.0,0.0,0.0,0.0,0.0,0.0,1963-06-15,M,,28834.0,2017.0,1150.0,0.0,17907.624,10142.049,1150.0,0.5663536938233682
A,USD,STD,INDL,C,3572,6/30/18,11399,WESTERN DIGITAL CORP,WDC,2018,29235.0,11531.0,10993.0,29235.0,675.0,20647.0,2400.0,296.0,77.41,3572.0,22913.36,Semiconductors/Hardware,33382.0,33382.0,2015-10-18,325964.0,Steve Milligan,WESTERN DIGITAL CORP,CEO,2020-03-09,10.0,10.0,Executive Director,1.0,0.0,0.0,0.0,0.0,0.0,0.0,0.0,0.0,0.0,1963-06-15,M,,28834.0,2018.0,1250.0,0.0,19738.381,16033.99,1250.0,0.8123254891067306
A,USD,STD,INDL,C,3572,6/30/19,11399,WESTERN DIGITAL CORP,WDC,2019,26370.0,9967.0,10246.0,26370.0,-754.0,16569.0,2182.0,295.0,47.55,3572.0,14027.25,Semiconductors/Hardware,33382.0,33382.0,2015-10-18,325964.0,Steve Milligan,WESTERN DIGITAL CORP,CEO,2020-03-09,10.0,10.0,Executive Director,1.0,0.0,0.0,0.0,0.0,0.0,0.0,0.0,0.0,0.0,1963-06-15,M,,28834.0,2019.0,1250.0,0.0,12866.469,11601.177,1250.0,0.901659732751853
A,USD,STD,INDL,C,3572,6/30/20,11399,WESTERN DIGITAL CORP,WDC,2020,25662.0,9551.0,9498.0,25662.0,-250.0,16736.0,2261.0,302.0,44.15,3572.0,13333.3,Semiconductors/Hardware,33382.0,33382.0,2020-03-09,1621914.0,David Goeckeler,WESTERN DIGITAL CORP,CEO,2025-02-24,10.0,10.0,Executive Director,1.0,0.0,1.0,1.0,0.0,0.0,0.0,0.0,1.0,0.0,1962-06-15,M,,,,,,,,,
A,USD,STD,INDL,C,3572,6/30/21,11399,WESTERN DIGITAL CORP,WDC,2021,26132.0,10721.0,8678.0,26132.0,821.0,16922.0,2243.0,308.0,71.17,3572.0,21920.36,Semiconductors/Hardware,33382.0,33382.0,2020-03-09,1621914.0,David Goeckeler,WESTERN DIGITAL CORP,CEO,2025-02-24,10.0,10.0,Executive Director,1.0,0.0,1.0,1.0,0.0,0.0,0.0,0.0,1.0,0.0,1962-06-15,M,,,,,,,,,
A,USD,STD,INDL,C,3572,6/30/22,11399,WESTERN DIGITAL CORP,WDC,2022,26259.0,12221.0,7299.0,26259.0,1500.0,18793.0,2323.0,315.0,44.83,3572.0,14121.45,Semiconductors/Hardware,33382.0,33382.0,2020-03-09,1621914.0,David Goeckeler,WESTERN DIGITAL CORP,CEO,2025-02-24,10.0,10.0,Executive Director,1.0,0.0,1.0,1.0,0.0,0.0,0.0,0.0,1.0,0.0,1962-06-15,M,,,,,,,,,
A,USD,STD,INDL,C,3572,6/30/23,11399,WESTERN DIGITAL CORP,WDC,2023,24429.0,10847.0,6101.0,24429.0,-1706.0,12318.0,2009.0,322.0,37.93,3572.0,12213.46,Semiconductors/Hardware,33382.0,33382.0,2020-03-09,1621914.0,David Goeckeler,WESTERN DIGITAL CORP,CEO,2025-02-24,10.0,10.0,Executive Director,1.0,0.0,1.0,1.0,0.0,0.0,0.0,0.0,1.0,0.0,1962-06-15,M,,,,,,,,,
A,USD,STD,INDL,C,3572,6/30/24,11399,WESTERN DIGITAL CORP,WDC,2024,24188.0,10818.0,5991.0,24188.0,-798.0,13003.0,1907.0,343.0,75.77,3572.0,25989.109999999997,Semiconductors/Hardware,33382.0,33382.0,2020-03-09,1621914.0,David Goeckeler,WESTERN DIGITAL CORP,CEO,2025-02-24,10.0,10.0,Executive Director,1.0,0.0,1.0,1.0,0.0,0.0,0.0,0.0,1.0,0.0,1962-06-15,M,,,,,,,,,
A,USD,STD,INDL,C,3572,6/30/25,11399,WESTERN DIGITAL CORP,WDC,2025,14002.0,5311.0,2595.0,14002.0,1889.0,9520.0,994.0,345.0,63.99,3572.0,22076.55,Semiconductors/Hardware,33382.0,33382.0,2025-02-24,1621922.0,Irving Tan,WESTERN DIGITAL CORP,CEO,2027-01-01,10.0,40.0,Executive Director,1.0,0.0,1.0,0.0,1.0,0.0,0.0,0.0,0.0,0.0,1969-06-15,M,,,,,,,,,
A,USD,STD,INDL,C,7372,6/30/15,12141,MICROSOFT CORP,MSFT,2015,176223.0,80083.0,27808.0,176223.0,12193.0,93580.0,12046.0,8027.0,44.15,7372.0,354392.05,Software,20601.0,20601.0,2014-02-04,499383.0,Satya Nadella,MICROSOFT CORP,CEO,2021-06-16,10.0,10.0,Executive Director,1.0,0.0,1.0,1.0,0.0,0.0,0.0,0.0,1.0,0.0,1967-08-19,M,Asian Association Network,44939.0,2015.0,1200.0,4320.0,18294.27,12761.263,5520.0,0.6975551907783147
A,USD,STD,INDL,C,7372,6/30/16,12141,MICROSOFT CORP,MSFT,2016,193694.0,71997.0,41544.0,193694.0,16798.0,85320.0,11988.0,7808.0,51.17,7372.0,399535.36,Software,20601.0,20601.0,2014-02-04,499383.0,Satya Nadella,MICROSOFT CORP,CEO,2021-06-16,10.0,10.0,Executive Director,1.0,0.0,1.0,1.0,0.0,0.0,0.0,0.0,1.0,0.0,1967-08-19,M,Asian Association Network,44939.0,2016.0,1200.0,4464.0,17692.031,12013.927,5664.0,0.6790586677131643
A,USD,STD,INDL,C,7372,6/30/17,12141,MICROSOFT CORP,MSFT,2017,241086.0,72394.0,78473.0,241086.0,21204.0,89950.0,13037.0,7708.0,68.93,7372.0,531312.4400000001,Software,20601.0,20601.0,2014-02-04,499383.0,Satya Nadella,MICROSOFT CORP,CEO,2021-06-16,10.0,10.0,Executive Director,1.0,0.0,1.0,1.0,0.0,0.0,0.0,0.0,1.0,0.0,1967-08-19,M,Asian Association Network,44939.0,2017.0,1450.0,0.0,20014.152,11434.557,1450.0,0.5713235814337776
A,USD,STD,INDL,C,7372,6/30/18,12141,MICROSOFT CORP,MSFT,2018,258848.0,82718.0,81935.0,258848.0,16571.0,110360.0,14726.0,7677.0,98.61,7372.0,757028.97,Software,20601.0,20601.0,2014-02-04,499383.0,Satya Nadella,MICROSOFT CORP,CEO,2021-06-16,10.0,10.0,Executive Director,1.0,0.0,1.0,1.0,0.0,0.0,0.0,0.0,1.0,0.0,1967-08-19,M,Asian Association Network,44939.0,2018.0,1500.0,0.0,25843.263,16807.208,1500.0,0.6503516216199169
A,USD,STD,INDL,C,7372,6/30/20,12141,MICROSOFT CORP,MSFT,2020,301311.0,118304.0,76205.0,301311.0,44281.0,143015.0,19269.0,7571.0,203.51,7372.0,1540774.21,Software,20601.0,20601.0,2014-02-04,499383.0,Satya Nadella,MICROSOFT CORP,CEO,2021-06-16,10.0,10.0,Executive Director,1.0,0.0,1.0,1.0,0.0,0.0,0.0,0.0,1.0,0.0,1967-08-19,M,Asian Association Network,44939.0,2020.0,2500.0,0.0,44321.788,30718.608,2500.0,0.6930814253251696
A,USD,STD,INDL,C,2834,12/31/25,8530,PFIZER INC,PFE,2025,208160.0,86476.0,63933.0,208160.0,7771.0,62579.0,15950.0,5686.0,24.9,2834.0,141581.4,Biotech,24296.0,24296.0,2020-01-01,1361005.0,Doctor Albert Bourla,PFIZER INC,Chairman/CEO,2027-01-01,10.0,40.0,Executive Director,0.0,0.0,0.0,0.0,1.0,0.0,1.0,0.0,0.0,0.0,1961-10-21,M,,50499.0,2025.0,1800.0,0.0,27581.287,9442.705,1800.0,0.3423591147142626
A,USD,STD,INDL,C,7372,6/30/21,12141,MICROSOFT CORP,MSFT,2021,333779.0,141988.0,71453.0,333779.0,61271.0,168088.0,20716.0,7519.0,270.9,7372.0,2036897.1,Software,20601.0,20601.0,2021-06-16,499383.0,Satya Nadella,MICROSOFT CORP,Chairman/CEO,2027-01-01,10.0,40.0,Executive Director,1.0,0.0,1.0,1.0,0.0,0.0,0.0,0.0,1.0,0.0,1967-08-19,M,Asian Association Network,44939.0,2021.0,2500.0,0.0,49858.28,33036.03,2500.0,0.6625986696693107
A,USD,STD,INDL,C,7372,6/30/22,12141,MICROSOFT CORP,MSFT,2022,364840.0,166542.0,72363.0,364840.0,72738.0,198270.0,24512.0,7464.0,256.83,7372.0,1916979.12,Software,20601.0,20601.0,2021-06-16,499383.0,Satya Nadella,MICROSOFT CORP,Chairman/CEO,2027-01-01,10.0,40.0,Executive Director,1.0,0.0,1.0,1.0,0.0,0.0,0.0,0.0,1.0,0.0,1967-08-19,M,Asian Association Network,44939.0,2022.0,2500.0,0.0,54946.309,42269.559,2500.0,0.7692884157150575
A,USD,STD,INDL,C,7372,6/30/23,12141,MICROSOFT CORP,MSFT,2023,411976.0,206223.0,70588.0,411976.0,72361.0,211915.0,27195.0,7432.0,340.54,7372.0,2530893.2800000003,Software,20601.0,20601.0,2021-06-16,499383.0,Satya Nadella,MICROSOFT CORP,Chairman/CEO,2027-01-01,10.0,40.0,Executive Director,1.0,0.0,1.0,1.0,0.0,0.0,0.0,0.0,1.0,0.0,1967-08-19,M,Asian Association Network,44939.0,2023.0,2500.0,0.0,48512.537,39236.137,2500.0,0.8087834491113092
I,USD,STD,INDL,C,3674,12/31/15,12215,CYPRESS SEMICONDUCTOR CORP,CY,2015,4004.261,2720.848,673.659,4004.261,-378.867,1607.853,281.391,332.276,9.81,3674.0,3259.6275600000004,Semiconductors/Hardware,8542.0,8542.0,1982-01-02,180412.0,Doctor TJ Rodgers,CYPRESS SEMICONDUCTOR CORP (De-listed 04/2020),President/CEO,2016-04-28,30.0,10.0,Executive Director,1.0,1.0,0.0,0.0,1.0,1.0,0.0,0.0,1.0,1.0,1948-03-15,M,Black Association Network,5315.0,,,,,,,
I,USD,STD,INDL,C,3674,12/31/16,12215,CYPRESS SEMICONDUCTOR CORP,CY,2016,3871.871,1891.828,1194.979,3871.871,-686.251,1923.108,365.681,323.583,11.44,3674.0,3701.78952,Semiconductors/Hardware,8542.0,8542.0,2016-08-10,1269387.0,Hassane El-Khoury,CYPRESS SEMICONDUCTOR CORP (De-listed 04/2020),President/CEO,2020-04-17,10.0,10.0,Executive Director,1.0,0.0,0.0,0.0,0.0,0.0,0.0,0.0,1.0,0.0,1979-06-15,M,,49137.0,2016.0,401.964,1.5,4187.025,3572.16,403.464,0.8531499095419779
I,USD,STD,INDL,C,3674,12/31/17,12215,CYPRESS SEMICONDUCTOR CORP,CY,2017,3537.05,1816.536,956.513,3537.05,-80.915,2327.771,357.016,352.22,15.24,3674.0,5367.8328,Semiconductors/Hardware,8542.0,8542.0,2016-08-10,1269387.0,Hassane El-Khoury,CYPRESS SEMICONDUCTOR CORP (De-listed 04/2020),President/CEO,2020-04-17,10.0,10.0,Executive Director,1.0,0.0,0.0,0.0,0.0,0.0,0.0,0.0,1.0,0.0,1979-06-15,M,,49137.0,2017.0,650.0,0.5,6429.446,4852.323,650.5,0.7547031268323897
I,USD,STD,INDL,C,3674,12/31/18,12215,CYPRESS SEMICONDUCTOR CORP,CY,2018,3693.215,2115.734,874.235,3693.215,354.592,2483.84,363.996,361.452,12.72,3674.0,4597.669440000001,Semiconductors/Hardware,8542.0,8542.0,2016-08-10,1269387.0,Hassane El-Khoury,CYPRESS SEMICONDUCTOR CORP (De-listed 04/2020),President/CEO,2020-04-17,10.0,10.0,Executive Director,1.0,0.0,0.0,0.0,0.0,0.0,0.0,0.0,1.0,0.0,1979-06-15,M,,49137.0,2018.0,676.923,0.5,7017.882,5385.541,677.423,0.7674026152049864
I,USD,STD,INDL,C,3674,12/31/19,12215,CYPRESS SEMICONDUCTOR CORP,CY,2019,3556.114,2100.255,743.72,3556.114,40.428,2205.314,362.716,372.704,23.33,3674.0,8695.18432,Semiconductors/Hardware,8542.0,8542.0,2016-08-10,1269387.0,Hassane El-Khoury,CYPRESS SEMICONDUCTOR CORP (De-listed 04/2020),President/CEO,2020-04-17,10.0,10.0,Executive Director,1.0,0.0,0.0,0.0,0.0,0.0,0.0,0.0,1.0,0.0,1979-06-15,M,,49137.0,2019.0,726.923,1125.333,10571.859,8714.981,1852.256,0.8243565299158833
I,USD,STD,INDL,C,3674,6/30/15,12216,LINEAR TECHNOLOGY CORP,LLTC,2015,1884.079,1577.927,0.0,1884.079,520.963,1475.139,266.761,239.751,44.23,3674.0,10604.18673,Semiconductors/Hardware,18926.0,18926.0,2005-09-02,45781.0,Lothar Maier,LINEAR TECHNOLOGY CORP (De-listed 03/2017),CEO,2017-03-10,10.0,10.0,Executive Director,1.0,1.0,0.0,0.0,0.0,0.0,0.0,0.0,0.0,0.0,1954-06-15,M,,6212.0,,,,,,,
I,USD,STD,INDL,C,3674,6/30/16,12216,LINEAR TECHNOLOGY CORP,LLTC,2016,2049.981,1759.175,0.0,2049.981,494.346,1423.936,276.462,239.654,46.53,3674.0,11151.10062,Semiconductors/Hardware,18926.0,18926.0,2005-09-02,45781.0,Lothar Maier,LINEAR TECHNOLOGY CORP (De-listed 03/2017),CEO,2017-03-10,10.0,10.0,Executive Director,1.0,1.0,0.0,0.0,0.0,0.0,0.0,0.0,0.0,0.0,1954-06-15,M,,6212.0,,,,,,,
A,USD,STD,INDL,C,3672,9/30/15,12945,PLEXUS CORP,PLXS,2015,1702.388,842.272,259.257,1702.388,94.332,2654.29,,33.5,38.58,3672.0,1292.4299999999998,Semiconductors/Hardware,24637.0,24637.0,2013-02-13,200556.0,Dean Foate,PLEXUS CORP,Chairman/President/CEO,2016-09-29,10.0,10.0,Executive Director,1.0,0.0,0.0,0.0,0.0,0.0,0.0,0.0,1.0,0.0,1958-06-15,M,,18070.0,2015.0,910.577,0.0,6189.36,2332.97,910.577,0.37693234841728385
A,USD,STD,INDL,C,3672,9/30/16,12945,PLEXUS CORP,PLXS,2016,1765.819,916.797,184.002,1765.819,76.427,2556.004,,33.457,46.78,3672.0,1565.11846,Semiconductors/Hardware,24637.0,24637.0,2016-09-30,549027.0,Todd Kelsey,PLEXUS CORP,President/CEO,2022-01-26,10.0,10.0,Executive Director,1.0,0.0,1.0,0.0,0.0,0.0,0.0,0.0,1.0,0.0,1965-06-15,M,,40634.0,2016.0,536.154,0.0,4868.153,3559.062,536.154,0.7310908264386924
A,USD,STD,INDL,C,3672,9/30/17,12945,PLEXUS CORP,PLXS,2017,1976.182,1025.939,26.173,1976.182,112.062,2528.052,,33.464,56.08,3672.0,1876.66112,Semiconductors/Hardware,24637.0,24637.0,2016-09-30,549027.0,Todd Kelsey,PLEXUS CORP,President/CEO,2022-01-26,10.0,10.0,Executive Director,1.0,0.0,1.0,0.0,0.0,0.0,0.0,0.0,1.0,0.0,1965-06-15,M,,40634.0,2017.0,840.0,0.0,5363.595,3139.087,840.0,0.5852580219050841
A,USD,STD,INDL,C,3672,9/30/18,12945,PLEXUS CORP,PLXS,2018,1932.642,921.143,183.085,1932.642,13.04,2873.508,,31.838,58.51,3672.0,1862.84138,Semiconductors/Hardware,24637.0,24637.0,2016-09-30,549027.0,Todd Kelsey,PLEXUS CORP,President/CEO,2022-01-26,10.0,10.0,Executive Director,1.0,0.0,1.0,0.0,0.0,0.0,0.0,0.0,1.0,0.0,1965-06-15,M,,40634.0,2018.0,915.0,0.0,6673.723,3453.316,915.0,0.5174497053593624
A,USD,STD,INDL,C,3572,6/30/15,11399,WESTERN DIGITAL CORP,WDC,2015,15181.0,9219.0,2156.0,15181.0,1465.0,14572.0,1646.0,230.0,78.42,3572.0,18036.6,Semiconductors/Hardware,33382.0,33382.0,2015-10-18,325964.0,Steve Milligan,WESTERN DIGITAL CORP,CEO,2020-03-09,10.0,10.0,Executive Director,1.0,0.0,0.0,0.0,0.0,0.0,0.0,0.0,0.0,0.0,1963-06-15,M,,28834.0,2015.0,1050.0,0.0,11708.163,6761.354,1050.0,0.5774905935286346
A,USD,STD,INDL,C,2834,12/31/24,8530,PFIZER INC,PFE,2024,213396.0,88203.0,59691.0,213396.0,8031.0,62856.0,12770.0,5667.0,26.53,2834.0,150345.51,Biotech,24296.0,24296.0,2020-01-01,1361005.0,Doctor Albert Bourla,PFIZER INC,Chairman/CEO,2027-01-01,10.0,40.0,Executive Director,0.0,0.0,0.0,0.0,1.0,0.0,1.0,0.0,0.0,0.0,1961-10-21,M,,50499.0,2024.0,1800.0,0.0,24648.727,4838.694,1800.0,0.19630604047016303
A,USD,STD,INDL,C,3672,9/30/20,12945,PLEXUS CORP,PLXS,2020,2289.848,977.48,224.754,2289.848,117.479,3390.394,,29.002,70.63,3672.0,2048.41126,Semiconductors/Hardware,24637.0,24637.0,2016-09-30,549027.0,Todd Kelsey,PLEXUS CORP,President/CEO,2022-01-26,10.0,10.0,Executive Director,1.0,0.0,1.0,0.0,0.0,0.0,0.0,0.0,1.0,0.0,1965-06-15,M,,40634.0,2020.0,1010.481,0.0,8202.523,4977.568,1010.481,0.6068337754127603
A,USD,STD,INDL,C,7372,12/31/18,7648,NCR VOYIX CORP,VYX,2018,7761.0,395.0,2980.0,7761.0,-88.0,6405.0,252.0,118.7,23.08,7370.0,2739.596,Software,21710.0,21710.0,2018-04-30,536199.0,Mike Hayford,NCR VOYIX CORP (NCR Corp prior to 10/2023),President/CEO,2021-08-16,10.0,10.0,Executive Director,1.0,0.0,1.0,1.0,0.0,0.0,0.0,0.0,0.0,0.0,1959-06-15,M,,30883.0,2018.0,634.615,1010.959,14239.889,5000.011,1645.574,0.35112710499358535
A,USD,STD,INDL,C,3674,12/31/21,10499,TEXAS INSTRUMENTS INC,TXN,2021,24676.0,13333.0,7624.0,24676.0,7769.0,18344.0,1554.0,924.0,188.47,3674.0,174146.28,Semiconductors/Hardware,30509.0,30509.0,2018-07-17,13520.0,Rich Templeton,TEXAS INSTRUMENTS INC,Chairman/President/CEO,2023-04-01,10.0,10.0,Executive Director,1.0,0.0,0.0,0.0,0.0,0.0,0.0,0.0,0.0,0.0,1958-06-15,M,,14274.0,2021.0,1376.667,4125.0,19195.411,6500.124,5501.6669999999995,0.33862906087293465
A,USD,STD,INDL,C,3674,12/31/22,10499,TEXAS INSTRUMENTS INC,TXN,2022,27207.0,14577.0,8579.0,27207.0,8749.0,20028.0,1670.0,906.0,165.22,3674.0,149689.32,Semiconductors/Hardware,30509.0,30509.0,2018-07-17,13520.0,Rich Templeton,TEXAS INSTRUMENTS INC,Chairman/President/CEO,2023-04-01,10.0,10.0,Executive Director,1.0,0.0,0.0,0.0,0.0,0.0,0.0,0.0,0.0,0.0,1958-06-15,M,,14274.0,2022.0,1430.417,4550.0,21629.586,7500.048,5980.4169999999995,0.3467494939570272
A,USD,STD,INDL,C,3674,12/31/23,10499,TEXAS INSTRUMENTS INC,TXN,2023,32348.0,16897.0,11102.0,32348.0,6510.0,17519.0,1863.0,909.0,170.46,3674.0,154948.14,Semiconductors/Hardware,30509.0,30509.0,2023-04-01,1853290.0,Haviv Ilan,TEXAS INSTRUMENTS INC,President/CEO,2026-01-01,10.0,10.0,Executive Director,0.0,0.0,1.0,1.0,0.0,0.0,0.0,0.0,1.0,0.0,1968-06-15,M,,,,,,,,,
A,USD,STD,INDL,C,3674,12/31/24,10499,TEXAS INSTRUMENTS INC,TXN,2024,35509.0,16903.0,13509.0,35509.0,4799.0,15641.0,1959.0,911.0,187.51,3674.0,170821.61,Semiconductors/Hardware,30509.0,30509.0,2023-04-01,1853290.0,Haviv Ilan,TEXAS INSTRUMENTS INC,President/CEO,2026-01-01,10.0,10.0,Executive Director,0.0,0.0,1.0,1.0,0.0,0.0,0.0,0.0,1.0,0.0,1968-06-15,M,,,,,,,,,
A,USD,STD,INDL,C,3674,12/31/25,10499,TEXAS INSTRUMENTS INC,TXN,2025,34585.0,16273.0,14160.0,34585.0,5001.0,17682.0,2083.0,907.0,173.49,3674.0,157355.43000000002,Semiconductors/Hardware,30509.0,30509.0,2023-04-01,1853290.0,Haviv Ilan,TEXAS INSTRUMENTS INC,President/CEO,2026-01-01,10.0,10.0,Executive Director,0.0,0.0,1.0,1.0,0.0,0.0,0.0,0.0,1.0,0.0,1968-06-15,M,,,,,,,,,
A,USD,STD,INDL,C,2834,12/31/20,7637,VIATRIS INC,VTRS,2020,61553.0,22954.1,22658.7,61553.0,-669.9,12032.5,592.5,1206.896,18.74,2834.0,22617.23104,Biotech,3299324.0,3299324.0,2020-11-17,2033434.0,Michael Goettler,VIATRIS INC (Upjohn Inc prior to 11/2020),CEO,2023-04-01,10.0,10.0,Executive Director,0.0,0.0,1.0,0.0,0.0,0.0,0.0,0.0,0.0,0.0,1967-06-15,M,,,,,,,,,
A,USD,STD,INDL,C,2834,12/31/21,7637,VIATRIS INC,VTRS,2021,54842.8,20492.7,19918.0,54842.8,-1269.1,17886.3,770.5,1209.507,13.53,2834.0,16364.62971,Biotech,3299324.0,3299324.0,2020-11-17,2033434.0,Michael Goettler,VIATRIS INC (Upjohn Inc prior to 11/2020),CEO,2023-04-01,10.0,10.0,Executive Director,0.0,0.0,1.0,0.0,0.0,0.0,0.0,0.0,0.0,0.0,1967-06-15,M,,,,,,,,,
A,USD,STD,INDL,C,2834,12/31/22,7637,VIATRIS INC,VTRS,2022,50022.2,21072.3,18196.6,50022.2,2078.6,16262.7,699.2,1213.793,11.13,2834.0,13509.51609,Biotech,3299324.0,3299324.0,2020-11-17,2033434.0,Michael Goettler,VIATRIS INC (Upjohn Inc prior to 11/2020),CEO,2023-04-01,10.0,10.0,Executive Director,0.0,0.0,1.0,0.0,0.0,0.0,0.0,0.0,0.0,0.0,1967-06-15,M,,,,,,,,,
A,USD,STD,INDL,C,2834,12/31/23,7637,VIATRIS INC,VTRS,2023,47685.5,20467.4,16353.5,47685.5,54.7,15426.9,910.7,1200.755,10.83,2834.0,13004.17665,Biotech,3299324.0,3299324.0,2023-04-01,540927.0,Scott Smith,VIATRIS INC (Upjohn Inc prior to 11/2020),CEO,2027-01-01,10.0,40.0,Executive Director,1.0,0.0,0.0,0.0,0.0,0.0,0.0,0.0,1.0,0.0,1962-06-15,M,,47802.0,2023.0,1023.077,0.0,15930.409,11200.008,1023.077,0.703058408607086
A,USD,STD,INDL,C,2834,12/31/24,7637,VIATRIS INC,VTRS,2024,41500.9,18635.5,14218.2,41500.9,-634.2,14739.3,1014.1,1193.648,12.45,2834.0,14860.9176,Biotech,3299324.0,3299324.0,2023-04-01,540927.0,Scott Smith,VIATRIS INC (Upjohn Inc prior to 11/2020),CEO,2027-01-01,10.0,40.0,Executive Director,1.0,0.0,0.0,0.0,0.0,0.0,0.0,0.0,1.0,0.0,1962-06-15,M,,47802.0,2024.0,1400.0,0.0,14759.379,9800.021,1400.0,0.6639859983268944
A,USD,STD,INDL,C,2834,12/31/25,7637,VIATRIS INC,VTRS,2025,37193.1,14711.3,12658.7,37193.1,-3514.9,14299.9,1088.1,1151.215,12.45,2834.0,14332.626749999998,Biotech,3299324.0,3299324.0,2023-04-01,540927.0,Scott Smith,VIATRIS INC (Upjohn Inc prior to 11/2020),CEO,2027-01-01,10.0,40.0,Executive Director,1.0,0.0,0.0,0.0,0.0,0.0,0.0,0.0,1.0,0.0,1962-06-15,M,,47802.0,,,,,,,
A,USD,STD,INDL,C,7372,12/31/15,7648,NCR VOYIX CORP,VYX,2015,7635.0,720.0,3239.0,7635.0,-178.0,6373.0,230.0,133.0,24.46,3578.0,3253.1800000000003,Software,21710.0,21710.0,2007-10-01,201483.0,Bill Nuti,NCR VOYIX CORP (NCR Corp prior to 10/2023),Chairman/President/CEO,2016-10-28,10.0,15.0,Executive Director,1.0,0.0,0.0,0.0,0.0,0.0,0.0,0.0,0.0,0.0,1963-06-15,M,,26171.0,2015.0,1000.0,0.0,11946.691,8000.014,1000.0,0.6696426650693484
A,USD,STD,INDL,C,7372,12/31/16,7648,NCR VOYIX CORP,VYX,2016,7673.0,695.0,3001.0,7673.0,270.0,6543.0,242.0,124.6,40.56,7370.0,5053.776,Software,21710.0,21710.0,2016-10-01,201483.0,Bill Nuti,NCR VOYIX CORP (NCR Corp prior to 10/2023),Chairman/CEO,2018-04-30,20.0,10.0,Executive Director,1.0,0.0,0.0,0.0,0.0,0.0,0.0,0.0,0.0,0.0,1963-06-15,M,,26171.0,2016.0,1000.0,0.0,19190.267,14999.995,1000.0,0.7816459770987033
A,USD,STD,INDL,C,7372,12/31/17,7648,NCR VOYIX CORP,VYX,2017,7654.0,719.0,2939.0,7654.0,232.0,6516.0,256.0,122.0,33.99,7370.0,4146.780000000001,Software,21710.0,21710.0,2016-10-01,201483.0,Bill Nuti,NCR VOYIX CORP (NCR Corp prior to 10/2023),Chairman/CEO,2018-04-30,20.0,10.0,Executive Director,1.0,0.0,0.0,0.0,0.0,0.0,0.0,0.0,0.0,0.0,1963-06-15,M,,26171.0,2017.0,1000.0,0.0,12435.018,9999.991,1000.0,0.8041798572386465
A,USD,STD,INDL,C,7372,12/31/19,7648,NCR VOYIX CORP,VYX,2019,8987.0,1104.0,3671.0,8987.0,564.0,6915.0,259.0,127.7,35.16,7370.0,4489.932,Software,21710.0,21710.0,2018-04-30,536199.0,Mike Hayford,NCR VOYIX CORP (NCR Corp prior to 10/2023),President/CEO,2021-08-16,10.0,10.0,Executive Director,1.0,0.0,1.0,1.0,0.0,0.0,0.0,0.0,0.0,0.0,1959-06-15,M,,30883.0,2019.0,1000.0,0.0,12780.572,6500.007,1000.0,0.5085849835202993
A,USD,STD,INDL,C,2834,12/31/23,8530,PFIZER INC,PFE,2023,226501.0,89014.0,64165.0,226501.0,2119.0,61996.0,12917.0,5646.0,28.79,2834.0,162548.34,Biotech,24296.0,24296.0,2020-01-01,1361005.0,Doctor Albert Bourla,PFIZER INC,Chairman/CEO,2027-01-01,10.0,40.0,Executive Director,0.0,0.0,0.0,0.0,1.0,0.0,1.0,0.0,0.0,0.0,1961-10-21,M,,50499.0,2023.0,1787.5,0.0,21553.624,8745.187,1787.5,0.40574090927817985
A,USD,STD,INDL,C,7372,12/31/20,7648,NCR VOYIX CORP,VYX,2020,8414.0,1048.0,3618.0,8414.0,-79.0,6207.0,234.0,129.1,37.57,7372.0,4850.287,Software,21710.0,21710.0,2018-04-30,536199.0,Mike Hayford,NCR VOYIX CORP (NCR Corp prior to 10/2023),President/CEO,2021-08-16,10.0,10.0,Executive Director,1.0,0.0,1.0,1.0,0.0,0.0,0.0,0.0,0.0,0.0,1959-06-15,M,,30883.0,2020.0,317.102,0.0,28325.266,10895.96,317.102,0.38467282178391543
A,USD,STD,INDL,C,7372,12/31/21,7648,NCR VOYIX CORP,VYX,2021,11641.0,1256.0,5906.0,11641.0,97.0,7156.0,268.0,132.2,40.2,7372.0,5314.44,Software,21710.0,21710.0,2021-08-16,536199.0,Mike Hayford,NCR VOYIX CORP (NCR Corp prior to 10/2023),CEO,2023-10-16,10.0,10.0,Executive Director,1.0,0.0,1.0,1.0,0.0,0.0,0.0,0.0,0.0,0.0,1959-06-15,M,,30883.0,2021.0,984.813,0.0,14840.501,11331.818,984.813,0.7635738173529316
A,USD,STD,INDL,C,7372,12/31/22,7648,NCR VOYIX CORP,VYX,2022,11507.0,1480.0,5917.0,11507.0,60.0,7844.0,217.0,138.0,23.41,7372.0,3230.58,Software,21710.0,21710.0,2021-08-16,536199.0,Mike Hayford,NCR VOYIX CORP (NCR Corp prior to 10/2023),CEO,2023-10-16,10.0,10.0,Executive Director,1.0,0.0,1.0,1.0,0.0,0.0,0.0,0.0,0.0,0.0,1959-06-15,M,,30883.0,2022.0,1000.0,0.0,12743.595,11597.692,1000.0,0.91008008336737
A,USD,STD,INDL,C,7372,12/31/23,7648,NCR VOYIX CORP,VYX,2023,4990.0,25.0,2824.0,4990.0,-423.0,3830.0,185.0,142.6,16.91,7372.0,2411.366,Software,21710.0,21710.0,2023-10-16,2295328.0,David Wilkinson,NCR VOYIX CORP (NCR Corp prior to 10/2023),CEO,2025-02-04,10.0,10.0,Executive Director,1.0,0.0,1.0,0.0,0.0,0.0,0.0,0.0,0.0,0.0,1973-06-15,M,,,,,,,,,
A,USD,STD,INDL,C,7372,12/31/24,7648,NCR VOYIX CORP,VYX,2024,4452.0,933.0,1349.0,4452.0,958.0,2826.0,157.0,142.1,13.84,7372.0,1966.664,Software,21710.0,21710.0,2023-10-16,2295328.0,David Wilkinson,NCR VOYIX CORP (NCR Corp prior to 10/2023),CEO,2025-02-04,10.0,10.0,Executive Director,1.0,0.0,1.0,0.0,0.0,0.0,0.0,0.0,0.0,0.0,1973-06-15,M,,,,,,,,,
A,USD,STD,INDL,C,7372,12/31/25,7648,NCR VOYIX CORP,VYX,2025,3921.0,948.0,1331.0,3921.0,62.0,2687.0,155.0,138.3,10.2,7372.0,1410.66,Software,21710.0,21710.0,2025-02-04,275263.0,Jim Kelly,NCR VOYIX CORP (NCR Corp prior to 10/2023),President/CEO,2027-01-01,10.0,40.0,Executive Director,0.0,0.0,0.0,0.0,0.0,0.0,0.0,0.0,0.0,0.0,1961-06-15,M,,22451.0,,,,,,,
A,USD,STD,INDL,C,2834,12/31/15,8530,PFIZER INC,PFE,2015,167460.0,64694.0,28818.0,167460.0,6960.0,48851.0,7761.0,6175.0,32.28,2834.0,199329.0,Biotech,24296.0,24296.0,2011-12-12,485621.0,Ian Read,PFIZER INC,Chairman/CEO,2019-01-01,10.0,10.0,Executive Director,1.0,0.0,0.0,0.0,0.0,0.0,0.0,0.0,0.0,0.0,1953-06-15,M,,30886.0,2015.0,1858.75,0.0,14401.404,2011.628,1858.75,0.13968276981883154
A,USD,STD,INDL,C,2834,12/31/16,8530,PFIZER INC,PFE,2016,171615.0,59520.0,31398.0,171615.0,7215.0,52824.0,8375.0,6070.0,32.48,2834.0,197153.6,Biotech,24296.0,24296.0,2011-12-12,485621.0,Ian Read,PFIZER INC,Chairman/CEO,2019-01-01,10.0,10.0,Executive Director,1.0,0.0,0.0,0.0,0.0,0.0,0.0,0.0,0.0,0.0,1953-06-15,M,,30886.0,2016.0,1905.25,0.0,16989.764,3984.592,1905.25,0.23452897874273004
A,USD,STD,INDL,C,2834,12/31/17,8530,PFIZER INC,PFE,2017,171797.0,71287.0,33538.0,171797.0,21308.0,52546.0,7657.0,5979.0,36.22,2834.0,216559.38,Biotech,24296.0,24296.0,2011-12-12,485621.0,Ian Read,PFIZER INC,Chairman/CEO,2019-01-01,10.0,10.0,Executive Director,1.0,0.0,0.0,0.0,0.0,0.0,0.0,0.0,0.0,0.0,1953-06-15,M,,30886.0,2017.0,1956.75,0.0,26165.138,6631.652,1956.75,0.25345373680047095
A,USD,STD,INDL,C,2834,12/31/18,8530,PFIZER INC,PFE,2018,159422.0,63388.0,32909.0,159422.0,11153.0,53647.0,8220.0,5717.0,43.65,2834.0,249547.05,Biotech,24296.0,24296.0,2011-12-12,485621.0,Ian Read,PFIZER INC,Chairman/CEO,2019-01-01,10.0,10.0,Executive Director,1.0,0.0,0.0,0.0,0.0,0.0,0.0,0.0,0.0,0.0,1953-06-15,M,,30886.0,2018.0,1992.5,0.0,19549.213,7030.63,1992.5,0.35963749538152767
A,USD,STD,INDL,C,2834,12/31/19,8530,PFIZER INC,PFE,2019,167489.0,63126.0,37003.0,167489.0,16273.0,51750.0,8781.0,5534.0,39.18,2834.0,216822.12,Biotech,24296.0,24296.0,2019-01-01,1361005.0,Doctor Albert Bourla,PFIZER INC,CEO,2020-01-01,10.0,10.0,Executive Director,0.0,0.0,0.0,0.0,1.0,0.0,1.0,0.0,0.0,0.0,1961-10-21,M,,50499.0,2019.0,1600.0,0.0,16202.515,4290.956,1600.0,0.2648327126992322
A,USD,STD,INDL,C,2834,12/31/20,8530,PFIZER INC,PFE,2020,154229.0,63238.0,38247.0,154229.0,9616.0,41908.0,10305.0,5567.0,36.81,2834.0,204921.27,Biotech,24296.0,24296.0,2020-01-01,1361005.0,Doctor Albert Bourla,PFIZER INC,Chairman/CEO,2027-01-01,10.0,40.0,Executive Director,0.0,0.0,0.0,0.0,1.0,0.0,1.0,0.0,0.0,0.0,1961-10-21,M,,50499.0,2020.0,1650.0,0.0,19665.79,4897.817,1650.0,0.24905264421108939
A,USD,STD,INDL,C,2834,12/31/21,8530,PFIZER INC,PFE,2021,181476.0,77201.0,38705.0,181476.0,21979.0,81288.0,13829.0,5620.0,59.05,2834.0,331861.0,Biotech,24296.0,24296.0,2020-01-01,1361005.0,Doctor Albert Bourla,PFIZER INC,Chairman/CEO,2027-01-01,10.0,40.0,Executive Director,0.0,0.0,0.0,0.0,1.0,0.0,1.0,0.0,0.0,0.0,1961-10-21,M,,50499.0,2021.0,1687.5,0.0,24303.318,6180.808,1687.5,0.25431951308047734
A,USD,STD,INDL,C,2834,12/31/22,8530,PFIZER INC,PFE,2022,197205.0,95661.0,35482.0,197205.0,31372.0,100330.0,12581.0,5616.0,51.24,2834.0,287763.84,Biotech,24296.0,24296.0,2020-01-01,1361005.0,Doctor Albert Bourla,PFIZER INC,Chairman/CEO,2027-01-01,10.0,40.0,Executive Director,0.0,0.0,0.0,0.0,1.0,0.0,1.0,0.0,0.0,0.0,1961-10-21,M,,50499.0,2022.0,1737.5,0.0,30543.706,9296.191,1737.5,0.3043570089366366
A,USD,STD,INDL,C,3672,9/30/19,12945,PLEXUS CORP,PLXS,2019,2000.883,865.576,187.278,2000.883,108.616,3164.434,,29.004,62.51,3672.0,1813.04004,Semiconductors/Hardware,24637.0,24637.0,2016-09-30,549027.0,Todd Kelsey,PLEXUS CORP,President/CEO,2022-01-26,10.0,10.0,Executive Director,1.0,0.0,1.0,0.0,0.0,0.0,0.0,0.0,1.0,0.0,1965-06-15,M,,40634.0,2019.0,958.75,0.0,6519.481,3459.586,958.75,0.5306535903701537
A,USD,STD,INDL,C,3672,9/30/21,12945,PLEXUS CORP,PLXS,2021,2461.893,1028.232,225.003,2461.893,138.912,3368.865,,28.047,89.41,3672.0,2507.68227,Semiconductors/Hardware,24637.0,24637.0,2016-09-30,549027.0,Todd Kelsey,PLEXUS CORP,President/CEO,2022-01-26,10.0,10.0,Executive Director,1.0,0.0,1.0,0.0,0.0,0.0,0.0,0.0,1.0,0.0,1965-06-15,M,,40634.0,2021.0,1000.0,0.0,7623.221,5078.974,1000.0,0.6662503946822479
A,USD,STD,INDL,C,3674,3/31/16,27965,MICROCHIP TECHNOLOGY INC,MCHP,2015,5567.515,2150.919,2483.037,5567.515,324.132,2173.334,372.596,204.082,48.2,3674.0,9836.7524,Semiconductors/Hardware,20566.0,20566.0,1993-10-01,61502.0,Steve Sanghi,MICROCHIP TECHNOLOGY INC,Chairman/President/CEO,2016-02-03,20.0,10.0,Executive Director,1.0,0.0,0.0,0.0,0.0,0.0,0.0,0.0,1.0,0.0,1956-06-15,M,,7634.0,,,,,,,
A,USD,STD,INDL,C,3571,1/31/23,14489,DELL TECHNOLOGIES INC,DELL,2022,89611.0,-3122.0,23645.0,89611.0,2442.0,102301.0,2779.0,716.0,40.62,3571.0,29083.92,Semiconductors/Hardware,2519758.0,2519758.0,2016-09-07,32603.0,Mike Dell,DELL TECHNOLOGIES INC,Chairman/CEO,2027-01-01,10.0,40.0,Executive Director,0.0,0.0,0.0,0.0,0.0,0.0,0.0,0.0,0.0,0.0,1965-02-23,M,,281.0,,,,,,,
A,USD,STD,INDL,C,7372,12/31/16,13421,CADENCE DESIGN SYSTEMS INC,CDNS,2016,2096.908,741.77,643.493,2096.908,203.086,1816.083,735.34,278.099,25.22,7372.0,7013.656779999999,Software,5480.0,5480.0,2009-01-08,182411.0,Lip-Bu Tan,CADENCE DESIGN SYSTEMS INC,President/CEO,2017-11-16,10.0,10.0,Executive Director,1.0,0.0,1.0,0.0,0.0,0.0,0.0,0.0,1.0,1.0,1959-11-12,M,Asian Association Network,35475.0,2016.0,650.0,0.0,7610.736,3221.42,650.0,0.42327312365059044
A,USD,STD,INDL,C,7372,12/31/17,13421,CADENCE DESIGN SYSTEMS INC,CDNS,2017,2418.714,989.202,644.369,2418.714,204.101,1943.032,804.223,282.067,41.82,7372.0,11796.04194,Software,5480.0,5480.0,2017-11-16,182411.0,Lip-Bu Tan,CADENCE DESIGN SYSTEMS INC,CEO,2021-12-15,10.0,10.0,Executive Director,1.0,0.0,1.0,0.0,0.0,0.0,0.0,0.0,1.0,1.0,1959-11-12,M,Asian Association Network,35475.0,2017.0,700.0,0.0,7964.748,3451.41,700.0,0.433335743955741
A,USD,STD,INDL,C,7372,12/31/18,13421,CADENCE DESIGN SYSTEMS INC,CDNS,2018,2468.654,1288.401,345.291,2468.654,345.777,2138.022,884.816,280.015,43.48,7372.0,12175.052199999998,Software,5480.0,5480.0,2017-11-16,182411.0,Lip-Bu Tan,CADENCE DESIGN SYSTEMS INC,CEO,2021-12-15,10.0,10.0,Executive Director,1.0,0.0,1.0,0.0,0.0,0.0,0.0,0.0,1.0,1.0,1959-11-12,M,Asian Association Network,35475.0,2018.0,725.0,0.0,7556.368,2750.018,725.0,0.36393383699682175
A,USD,STD,INDL,C,7372,12/31/19,13421,CADENCE DESIGN SYSTEMS INC,CDNS,2019,3357.225,2102.894,430.801,3357.225,988.979,2336.319,935.938,279.855,69.36,7372.0,19410.7428,Software,5480.0,5480.0,2017-11-16,182411.0,Lip-Bu Tan,CADENCE DESIGN SYSTEMS INC,CEO,2021-12-15,10.0,10.0,Executive Director,1.0,0.0,1.0,0.0,0.0,0.0,0.0,0.0,1.0,1.0,1959-11-12,M,Asian Association Network,35475.0,2019.0,725.0,0.0,19146.556,14275.22,725.0,0.7455763845988803
A,USD,STD,INDL,C,7372,12/31/20,13421,CADENCE DESIGN SYSTEMS INC,CDNS,2020,3950.785,2493.018,460.709,3950.785,590.644,2682.891,1033.732,278.941,136.43,7372.0,38055.92063,Software,5480.0,5480.0,2017-11-16,182411.0,Lip-Bu Tan,CADENCE DESIGN SYSTEMS INC,CEO,2021-12-15,10.0,10.0,Executive Director,1.0,0.0,1.0,0.0,0.0,0.0,0.0,0.0,1.0,1.0,1959-11-12,M,Asian Association Network,35475.0,2020.0,738.942,0.0,9604.64,3750.0,738.942,0.390436289126922
A,USD,STD,INDL,C,7372,12/31/21,13421,CADENCE DESIGN SYSTEMS INC,CDNS,2021,4386.299,2740.675,454.709,4386.299,695.955,2988.244,1134.277,276.796,186.35,7372.0,51580.9346,Software,5480.0,5480.0,2021-12-15,550037.0,Doctor Anirudh Devgan,CADENCE DESIGN SYSTEMS INC,President/CEO,2027-01-01,10.0,40.0,Executive Director,1.0,0.0,0.0,0.0,1.0,1.0,0.0,0.0,1.0,1.0,1969-09-15,M,,47415.0,2021.0,604.808,0.0,21735.794,2499.956,604.808,0.11501562813854418
A,USD,STD,INDL,C,7372,12/31/22,13421,CADENCE DESIGN SYSTEMS INC,CDNS,2022,5137.071,2745.113,787.415,5137.071,848.952,3561.718,1251.544,272.675,160.64,7372.0,43802.511999999995,Software,5480.0,5480.0,2021-12-15,550037.0,Doctor Anirudh Devgan,CADENCE DESIGN SYSTEMS INC,President/CEO,2027-01-01,10.0,40.0,Executive Director,1.0,0.0,0.0,0.0,1.0,1.0,0.0,0.0,1.0,1.0,1969-09-15,M,,47415.0,2022.0,725.0,0.0,32216.034,25318.495,725.0,0.7858973267783365
A,USD,STD,INDL,C,7372,12/31/23,13421,CADENCE DESIGN SYSTEMS INC,CDNS,2023,5669.491,3404.271,415.129,5669.491,1041.144,4089.986,1441.796,271.706,272.37,7372.0,74004.56322000001,Software,5480.0,5480.0,2021-12-15,550037.0,Doctor Anirudh Devgan,CADENCE DESIGN SYSTEMS INC,President/CEO,2027-01-01,10.0,40.0,Executive Director,1.0,0.0,0.0,0.0,1.0,1.0,0.0,0.0,1.0,1.0,1969-09-15,M,,47415.0,2023.0,750.0,0.0,17341.862,7702.791,750.0,0.44417323814478515
A,USD,STD,INDL,C,7372,12/31/24,13421,CADENCE DESIGN SYSTEMS INC,CDNS,2024,8974.482,4673.578,2585.076,8974.482,1055.484,4641.264,1549.093,273.851,300.46,7372.0,82281.27145999999,Software,5480.0,5480.0,2021-12-15,550037.0,Doctor Anirudh Devgan,CADENCE DESIGN SYSTEMS INC,President/CEO,2027-01-01,10.0,40.0,Executive Director,1.0,0.0,0.0,0.0,1.0,1.0,0.0,0.0,1.0,1.0,1969-09-15,M,,47415.0,2024.0,750.0,0.0,19292.503,8686.096,750.0,0.45023167807723025
A,USD,STD,INDL,C,7372,12/31/25,13421,CADENCE DESIGN SYSTEMS INC,CDNS,2025,10153.148,5474.181,2616.439,10153.148,1108.888,5296.759,1768.772,271.799,312.58,7372.0,84958.93142,Software,5480.0,5480.0,2021-12-15,550037.0,Doctor Anirudh Devgan,CADENCE DESIGN SYSTEMS INC,President/CEO,2027-01-01,10.0,40.0,Executive Director,1.0,0.0,0.0,0.0,1.0,1.0,0.0,0.0,1.0,1.0,1969-09-15,M,,47415.0,,,,,,,
A,USD,STD,INDL,C,3571,1/31/19,14489,DELL TECHNOLOGIES INC,DELL,2018,111820.0,-5765.0,49201.0,111820.0,-2310.0,90621.0,4604.0,719.0,48.59,3571.0,34936.21,Semiconductors/Hardware,2519758.0,2519758.0,2016-09-07,32603.0,Mike Dell,DELL TECHNOLOGIES INC,Chairman/CEO,2027-01-01,10.0,40.0,Executive Director,0.0,0.0,0.0,0.0,0.0,0.0,0.0,0.0,0.0,0.0,1965-02-23,M,,281.0,,,,,,,
A,USD,STD,INDL,C,3571,1/31/20,14489,DELL TECHNOLOGIES INC,DELL,2019,118861.0,-1574.0,45679.0,118861.0,4616.0,92154.0,4992.0,743.0,48.77,3571.0,36236.11,Semiconductors/Hardware,2519758.0,2519758.0,2016-09-07,32603.0,Mike Dell,DELL TECHNOLOGIES INC,Chairman/CEO,2027-01-01,10.0,40.0,Executive Director,0.0,0.0,0.0,0.0,0.0,0.0,0.0,0.0,0.0,0.0,1965-02-23,M,,281.0,,,,,,,
A,USD,STD,INDL,C,3571,1/31/21,14489,DELL TECHNOLOGIES INC,DELL,2020,123415.0,2479.0,43409.0,123415.0,3250.0,94224.0,5275.0,753.0,72.89,3571.0,54886.17,Semiconductors/Hardware,2519758.0,2519758.0,2016-09-07,32603.0,Mike Dell,DELL TECHNOLOGIES INC,Chairman/CEO,2027-01-01,10.0,40.0,Executive Director,0.0,0.0,0.0,0.0,0.0,0.0,0.0,0.0,0.0,0.0,1965-02-23,M,,281.0,,,,,,,
A,USD,STD,INDL,C,3571,1/31/22,14489,DELL TECHNOLOGIES INC,DELL,2021,92735.0,-1685.0,21851.0,92735.0,5563.0,101197.0,2577.0,757.0,56.81,3571.0,43005.17,Semiconductors/Hardware,2519758.0,2519758.0,2016-09-07,32603.0,Mike Dell,DELL TECHNOLOGIES INC,Chairman/CEO,2027-01-01,10.0,40.0,Executive Director,0.0,0.0,0.0,0.0,0.0,0.0,0.0,0.0,0.0,0.0,1965-02-23,M,,281.0,,,,,,,
A,USD,STD,INDL,C,2836,12/31/15,16101,ABBVIE INC,ABBV,2015,53050.0,3945.0,29240.0,53050.0,5144.0,22859.0,4435.0,1609.893,59.24,2836.0,95370.06132,Biotech,1921326.0,1921326.0,2013-01-02,33494.0,Rick Gonzalez,ABBVIE INC,Chairman/CEO,2024-07-01,10.0,10.0,Executive Director,,,,,,,,,,,1954-01-21,M,Latino Association Network,18569.0,2015.0,1588.461,0.0,18362.787,9747.455,1588.461,0.5308265569926831
I,USD,STD,INDL,C,2834,12/31/18,13599,CELGENE CORP,CELG,2018,35480.0,6161.0,19769.0,35480.0,4046.0,15281.0,5673.0,700.2,64.09,2834.0,44875.81800000001,Biotech,6177.0,6177.0,2018-02-05,1203855.0,Mark Alles,CELGENE CORP (De-listed 11/2019),Chairman/CEO,2019-11-20,10.0,10.0,Executive Director,1.0,0.0,0.0,0.0,0.0,0.0,0.0,0.0,0.0,0.0,1959-06-15,M,,,,,,,,,
A,USD,STD,INDL,C,2836,12/31/16,16101,ABBVIE INC,ABBV,2016,66099.0,4636.0,36440.0,66099.0,5953.0,25638.0,4566.0,1592.513,62.62,2836.0,99723.16406,Biotech,1921326.0,1921326.0,2013-01-02,33494.0,Rick Gonzalez,ABBVIE INC,Chairman/CEO,2024-07-01,10.0,10.0,Executive Director,,,,,,,,,,,1954-01-21,M,Latino Association Network,18569.0,2016.0,1600.0,0.0,17738.393,9318.854,1600.0,0.5253493932623998
A,USD,STD,INDL,C,2836,12/31/17,16101,ABBVIE INC,ABBV,2017,70786.0,5097.0,30953.0,70786.0,5309.0,28216.0,5309.0,1592.131,96.71,2836.0,153974.98901,Biotech,1921326.0,1921326.0,2013-01-02,33494.0,Rick Gonzalez,ABBVIE INC,Chairman/CEO,2024-07-01,10.0,10.0,Executive Director,,,,,,,,,,,1954-01-21,M,Latino Association Network,18569.0,2017.0,1638.462,0.0,19128.539,9606.36,1638.462,0.5022004032822371
A,USD,STD,INDL,C,2836,12/31/18,16101,ABBVIE INC,ABBV,2018,59352.0,-8446.0,35002.0,59352.0,5687.0,32753.0,10753.0,1478.824,92.19,2836.0,136332.78456,Biotech,1921326.0,1921326.0,2013-01-02,33494.0,Rick Gonzalez,ABBVIE INC,Chairman/CEO,2024-07-01,10.0,10.0,Executive Director,,,,,,,,,,,1954-01-21,M,Latino Association Network,18569.0,2018.0,1650.0,0.0,20820.382,11509.09,1650.0,0.552779963403169
A,USD,STD,INDL,C,2836,12/31/19,16101,ABBVIE INC,ABBV,2019,89115.0,-8172.0,63226.0,89115.0,7882.0,33266.0,6792.0,1478.912,88.54,2836.0,130942.86848000002,Biotech,1921326.0,1921326.0,2013-01-02,33494.0,Rick Gonzalez,ABBVIE INC,Chairman/CEO,2024-07-01,10.0,10.0,Executive Director,,,,,,,,,,,1954-01-21,M,Latino Association Network,18569.0,2019.0,1650.0,0.0,18243.878,8887.088,1650.0,0.48712713382538514
A,USD,STD,INDL,C,2836,12/31/20,16101,ABBVIE INC,ABBV,2020,150565.0,13076.0,78386.0,150565.0,4616.0,45784.0,7755.0,1765.133,107.15,2836.0,189134.00095,Biotech,1921326.0,1921326.0,2013-01-02,33494.0,Rick Gonzalez,ABBVIE INC,Chairman/CEO,2024-07-01,10.0,10.0,Executive Director,,,,,,,,,,,1954-01-21,M,Latino Association Network,18569.0,2020.0,1688.462,0.0,21783.456,11644.996,1688.462,0.5345798205757617
A,USD,STD,INDL,C,2836,12/31/21,16101,ABBVIE INC,ABBV,2021,146529.0,15408.0,64902.0,146529.0,11542.0,56197.0,8046.0,1768.338,135.4,2836.0,239432.9652,Biotech,1921326.0,1921326.0,2013-01-02,33494.0,Rick Gonzalez,ABBVIE INC,Chairman/CEO,2024-07-01,10.0,10.0,Executive Director,,,,,,,,,,,1954-01-21,M,Latino Association Network,18569.0,2021.0,1700.0,0.0,23131.161,12573.689,1700.0,0.5435822698220811
A,USD,STD,INDL,C,2836,12/31/22,16101,ABBVIE INC,ABBV,2022,138805.0,17254.0,59889.0,138805.0,11836.0,58054.0,7207.0,1769.181,161.61,2836.0,285917.34141000005,Biotech,1921326.0,1921326.0,2013-01-02,33494.0,Rick Gonzalez,ABBVIE INC,Chairman/CEO,2024-07-01,10.0,10.0,Executive Director,,,,,,,,,,,1954-01-21,M,Latino Association Network,18569.0,2022.0,1700.0,0.0,25847.971,15301.308,1700.0,0.5919732732600173
A,USD,STD,INDL,C,2836,12/31/23,16101,ABBVIE INC,ABBV,2023,134711.0,10360.0,52929.0,134711.0,4863.0,54318.0,9083.0,1765.941,154.97,2836.0,273667.87677000003,Biotech,1921326.0,1921326.0,2013-01-02,33494.0,Rick Gonzalez,ABBVIE INC,Chairman/CEO,2024-07-01,10.0,10.0,Executive Director,,,,,,,,,,,1954-01-21,M,Latino Association Network,18569.0,2023.0,1700.0,0.0,24330.356,13701.891,1700.0,0.563160317095237
A,USD,STD,INDL,C,2836,12/31/24,16101,ABBVIE INC,ABBV,2024,135161.0,3325.0,61037.0,135161.0,4278.0,56334.0,15548.0,1765.257,177.7,2836.0,313686.1689,Biotech,1921326.0,1921326.0,2024-07-01,1799113.0,Rob Michael,ABBVIE INC,CEO,2025-07-01,10.0,10.0,Executive Director,1.0,0.0,1.0,1.0,0.0,0.0,0.0,0.0,0.0,0.0,1970-07-01,M,,,,,,,,,
A,USD,STD,INDL,C,2836,12/31/25,16101,ABBVIE INC,ABBV,2025,133960.0,-3270.0,59630.0,133960.0,4226.0,61160.0,14112.0,1767.876,228.49,2836.0,403941.98724,Biotech,1921326.0,1921326.0,2025-07-01,1799113.0,Rob Michael,ABBVIE INC,Chairman/CEO,2027-01-01,10.0,40.0,Executive Director,1.0,0.0,1.0,1.0,0.0,0.0,0.0,0.0,0.0,0.0,1970-07-01,M,,,,,,,,,
A,USD,STD,INDL,C,7372,3/31/16,16721,ELECTRONIC ARTS INC,EA,2015,7050.0,3396.0,991.0,7050.0,1156.0,4396.0,1109.0,300.602,66.11,7372.0,19872.798219999997,Software,10364.0,10364.0,2013-09-17,1207036.0,Andrew Wilson,ELECTRONIC ARTS INC,CEO,2021-08-12,10.0,10.0,Executive Director,,,,,,,,,,,1974-09-07,M,,44810.0,2015.0,1019.231,0.0,16730.707,13617.852,1019.231,0.8139436068063354
A,USD,STD,INDL,C,7372,3/31/17,16721,ELECTRONIC ARTS INC,EA,2016,7718.0,4060.0,990.0,7718.0,967.0,4845.0,1205.0,308.367,89.52,7372.0,27605.01384,Software,10364.0,10364.0,2013-09-17,1207036.0,Andrew Wilson,ELECTRONIC ARTS INC,CEO,2021-08-12,10.0,10.0,Executive Director,,,,,,,,,,,1974-09-07,M,,44810.0,2016.0,1083.846,0.0,19972.718,16150.342,1083.846,0.8086201387312433
A,USD,STD,INDL,C,7372,3/31/18,16721,ELECTRONIC ARTS INC,EA,2017,8584.0,4595.0,992.0,8584.0,1043.0,5150.0,1320.0,306.37,121.24,7372.0,37144.2988,Software,10364.0,10364.0,2013-09-17,1207036.0,Andrew Wilson,ELECTRONIC ARTS INC,CEO,2021-08-12,10.0,10.0,Executive Director,,,,,,,,,,,1974-09-07,M,,44810.0,2017.0,1141.731,0.0,35728.763,32025.758,1141.731,0.8963578727872555
A,USD,STD,INDL,C,7372,3/31/19,16721,ELECTRONIC ARTS INC,EA,2018,8957.0,5331.0,994.0,8957.0,1019.0,4950.0,1433.0,298.107,101.63,7372.0,30296.61441,Software,10364.0,10364.0,2013-09-17,1207036.0,Andrew Wilson,ELECTRONIC ARTS INC,CEO,2021-08-12,10.0,10.0,Executive Director,,,,,,,,,,,1974-09-07,M,,44810.0,2018.0,1192.308,0.0,18320.072,17090.598,1192.308,0.932889237553215
A,USD,STD,INDL,C,7372,12/31/15,13421,CADENCE DESIGN SYSTEMS INC,CDNS,2015,2351.015,1376.115,348.788,2351.015,252.417,1702.091,637.567,309.392,20.81,7372.0,6438.44752,Software,5480.0,5480.0,2009-01-08,182411.0,Lip-Bu Tan,CADENCE DESIGN SYSTEMS INC,President/CEO,2017-11-16,10.0,10.0,Executive Director,1.0,0.0,1.0,0.0,0.0,0.0,0.0,0.0,1.0,1.0,1959-11-12,M,Asian Association Network,35475.0,2015.0,650.0,0.0,5929.493,2145.0,650.0,0.3617509962487518
I,USD,STD,INDL,C,2834,12/31/17,13599,CELGENE CORP,CELG,2017,30141.0,6921.0,15838.0,30141.0,2940.0,13003.0,5915.0,759.3,104.36,2834.0,79240.548,Biotech,6177.0,6177.0,2016-03-01,1203855.0,Mark Alles,CELGENE CORP (De-listed 11/2019),CEO,2018-02-05,10.0,10.0,Executive Director,1.0,0.0,0.0,0.0,0.0,0.0,0.0,0.0,0.0,0.0,1959-06-15,M,,,,,,,,,
A,USD,STD,INDL,C,3672,9/30/22,12945,PLEXUS CORP,PLXS,2022,3393.225,1095.731,221.404,3393.225,138.243,3811.368,,27.679,87.56,3672.0,2423.5732399999997,Semiconductors/Hardware,24637.0,24637.0,2022-01-26,549027.0,Todd Kelsey,PLEXUS CORP,CEO,2024-12-28,10.0,25.0,Executive Director,1.0,0.0,1.0,0.0,0.0,0.0,0.0,0.0,1.0,0.0,1965-06-15,M,,40634.0,2022.0,1023.076,0.0,7440.475,4077.029,1023.076,0.5479527852724456
A,USD,STD,INDL,C,7372,6/30/25,12141,MICROSOFT CORP,MSFT,2025,619003.0,343479.0,100589.0,619003.0,101832.0,281724.0,32488.0,7434.0,497.41,7372.0,3697745.94,Software,20601.0,20601.0,2021-06-16,499383.0,Satya Nadella,MICROSOFT CORP,Chairman/CEO,2027-01-01,10.0,40.0,Executive Director,1.0,0.0,1.0,1.0,0.0,0.0,0.0,0.0,1.0,0.0,1967-08-19,M,Asian Association Network,44939.0,2025.0,2500.0,0.0,96496.79,84245.496,2500.0,0.873039362241998
A,USD,STD,INDL,C,3672,9/30/23,12945,PLEXUS CORP,PLXS,2023,3321.172,1214.382,229.405,3321.172,139.094,4210.305,,27.466,92.98,3672.0,2553.78868,Semiconductors/Hardware,24637.0,24637.0,2022-01-26,549027.0,Todd Kelsey,PLEXUS CORP,CEO,2024-12-28,10.0,25.0,Executive Director,1.0,0.0,1.0,0.0,0.0,0.0,0.0,0.0,1.0,0.0,1965-06-15,M,,40634.0,2023.0,1083.846,0.0,9126.346,5562.053,1083.846,0.6094501567220879
A,USD,STD,INDL,C,3672,9/30/24,12945,PLEXUS CORP,PLXS,2024,3153.821,1324.825,122.268,3153.821,111.815,3960.827,,27.122,136.71,3672.0,3707.84862,Semiconductors/Hardware,24637.0,24637.0,2024-01-01,549027.0,Todd Kelsey,PLEXUS CORP,President/CEO,2027-01-01,30.0,40.0,Executive Director,1.0,0.0,1.0,0.0,0.0,0.0,0.0,0.0,1.0,0.0,1965-06-15,M,,40634.0,2024.0,1049.231,0.0,8386.388,6127.875,1049.231,0.730692999179146
A,USD,STD,INDL,C,3672,9/30/25,12945,PLEXUS CORP,PLXS,2025,3137.11,1454.588,121.409,3137.11,172.885,4032.966,,26.828,144.69,3672.0,3881.74332,Semiconductors/Hardware,24637.0,24637.0,2024-01-01,549027.0,Todd Kelsey,PLEXUS CORP,President/CEO,2027-01-01,30.0,40.0,Executive Director,1.0,0.0,1.0,0.0,0.0,0.0,0.0,0.0,1.0,0.0,1965-06-15,M,,40634.0,2025.0,1100.0,0.0,10839.258,7766.185,1100.0,0.7164867742791988
A,USD,STD,INDL,C,2834,12/31/15,13721,ZOETIS INC,ZTS,2015,7913.0,1068.0,4463.0,7913.0,339.0,4789.0,366.0,497.4,47.92,2834.0,23835.408,Biotech,1929138.0,1929138.0,2013-02-01,1075570.0,Juan Alaix,ZOETIS INC,CEO,2019-12-31,10.0,10.0,Executive Director,1.0,0.0,0.0,0.0,0.0,0.0,0.0,0.0,0.0,0.0,1951-06-15,M,,44952.0,2015.0,1115.0,0.0,8682.187,3733.253,1115.0,0.4299899322601552
A,USD,STD,INDL,C,2834,12/31/16,13721,ZOETIS INC,ZTS,2016,7649.0,1487.0,4468.0,7649.0,821.0,4918.0,376.0,492.855,53.53,2834.0,26382.52815,Biotech,1929138.0,1929138.0,2013-02-01,1075570.0,Juan Alaix,ZOETIS INC,CEO,2019-12-31,10.0,10.0,Executive Director,1.0,0.0,0.0,0.0,0.0,0.0,0.0,0.0,0.0,0.0,1951-06-15,M,,44952.0,2016.0,1150.0,0.0,9466.626,4199.957,1150.0,0.4436593354379903
A,USD,STD,INDL,C,2834,12/31/17,13721,ZOETIS INC,ZTS,2017,8586.0,1770.0,4953.0,8586.0,864.0,5319.0,382.0,486.13,72.04,2834.0,35020.8052,Biotech,1929138.0,1929138.0,2013-02-01,1075570.0,Juan Alaix,ZOETIS INC,CEO,2019-12-31,10.0,10.0,Executive Director,1.0,0.0,0.0,0.0,0.0,0.0,0.0,0.0,0.0,0.0,1951-06-15,M,,44952.0,2017.0,1190.0,0.0,10528.769,4866.579,1190.0,0.4622172829511218
A,USD,STD,INDL,C,2834,12/31/18,13721,ZOETIS INC,ZTS,2018,10777.0,2185.0,6443.0,10777.0,1428.0,5853.0,432.0,479.562,85.54,2834.0,41021.73348,Biotech,1929138.0,1929138.0,2013-02-01,1075570.0,Juan Alaix,ZOETIS INC,CEO,2019-12-31,10.0,10.0,Executive Director,1.0,0.0,0.0,0.0,0.0,0.0,0.0,0.0,0.0,0.0,1951-06-15,M,,44952.0,2018.0,1200.0,0.0,11669.4,5399.942,1200.0,0.46274375717689
A,USD,STD,INDL,C,2834,12/31/20,13721,ZOETIS INC,ZTS,2020,13609.0,3769.0,6758.0,13609.0,1638.0,6687.0,463.0,475.318,165.5,2834.0,78665.129,Biotech,1929138.0,1929138.0,2020-01-01,1074205.0,Kristin Peck,ZOETIS INC,CEO,2027-01-01,10.0,40.0,Executive Director,1.0,0.0,1.0,1.0,0.0,0.0,0.0,0.0,0.0,0.0,1971-09-27,F,,44948.0,2020.0,1100.0,0.0,10374.312,5684.84,1100.0,0.547972723396019
A,USD,STD,INDL,C,2834,12/31/21,13721,ZOETIS INC,ZTS,2021,13900.0,4543.0,6743.0,13900.0,2037.0,7786.0,508.0,472.574,244.03,2834.0,115322.23322,Biotech,1929138.0,1929138.0,2020-01-01,1074205.0,Kristin Peck,ZOETIS INC,CEO,2027-01-01,10.0,40.0,Executive Director,1.0,0.0,1.0,1.0,0.0,0.0,0.0,0.0,0.0,0.0,1971-09-27,F,,44948.0,2021.0,1200.0,0.0,13098.491,6929.797,1200.0,0.5290530794730477
A,USD,STD,INDL,C,2834,12/31/22,13721,ZOETIS INC,ZTS,2022,14925.0,4405.0,6738.0,14925.0,2114.0,8084.0,539.0,463.808,146.55,2834.0,67971.06240000001,Biotech,1929138.0,1929138.0,2020-01-01,1074205.0,Kristin Peck,ZOETIS INC,CEO,2027-01-01,10.0,40.0,Executive Director,1.0,0.0,1.0,1.0,0.0,0.0,0.0,0.0,0.0,0.0,1971-09-27,F,,44948.0,2022.0,1200.0,0.0,14003.54,8399.841,1200.0,0.5998369697947804
A,USD,STD,INDL,C,2834,12/31/23,13721,ZOETIS INC,ZTS,2023,14286.0,4997.0,6760.0,14286.0,2344.0,8581.0,614.0,458.367,197.37,2834.0,90467.89479,Biotech,1929138.0,1929138.0,2020-01-01,1074205.0,Kristin Peck,ZOETIS INC,CEO,2027-01-01,10.0,40.0,Executive Director,1.0,0.0,1.0,1.0,0.0,0.0,0.0,0.0,0.0,0.0,1971-09-27,F,,44948.0,2023.0,1200.0,0.0,15237.853,8774.86,1200.0,0.5758593418639752
A,USD,STD,INDL,C,2834,12/31/24,13721,ZOETIS INC,ZTS,2024,14237.0,4770.0,5401.0,14237.0,2486.0,9261.0,686.0,448.473,162.93,2834.0,73069.70589000001,Biotech,1929138.0,1929138.0,2020-01-01,1074205.0,Kristin Peck,ZOETIS INC,CEO,2027-01-01,10.0,40.0,Executive Director,1.0,0.0,1.0,1.0,0.0,0.0,0.0,0.0,0.0,0.0,1971-09-27,F,,44948.0,2024.0,1300.0,0.0,17206.76,9562.347,1300.0,0.5557319913801321
A,USD,STD,INDL,C,2834,12/31/25,13721,ZOETIS INC,ZTS,2025,15467.0,3331.0,9244.0,15467.0,2673.0,9469.0,698.0,424.928,125.82,2834.0,53464.44096,Biotech,1929138.0,1929138.0,2020-01-01,1074205.0,Kristin Peck,ZOETIS INC,CEO,2027-01-01,10.0,40.0,Executive Director,1.0,0.0,1.0,1.0,0.0,0.0,0.0,0.0,0.0,0.0,1971-09-27,F,,44948.0,,,,,,,
A,USD,STD,INDL,C,7372,6/30/24,12141,MICROSOFT CORP,MSFT,2024,512163.0,268477.0,82981.0,512163.0,88136.0,245122.0,29510.0,7434.0,446.95,7372.0,3322626.3,Software,20601.0,20601.0,2021-06-16,499383.0,Satya Nadella,MICROSOFT CORP,Chairman/CEO,2027-01-01,10.0,40.0,Executive Director,1.0,0.0,1.0,1.0,0.0,0.0,0.0,0.0,1.0,0.0,1967-08-19,M,Asian Association Network,44939.0,2024.0,2500.0,0.0,79106.183,71236.392,2500.0,0.9005161075715157
A,USD,STD,INDL,C,7372,5/31/16,12142,ORACLE CORP,ORCL,2015,112180.0,47289.0,40105.0,112180.0,8901.0,37047.0,5787.0,4131.0,40.2,7372.0,166066.2,Software,23295.0,23295.0,2014-09-17,86007.0,Mark Hurd,ORACLE CORP,Co-CEO,2019-10-18,10.0,10.0,Executive Director,1.0,0.0,0.0,0.0,0.0,0.0,0.0,0.0,0.0,0.0,1957-01-01,M,,18929.0,2015.0,950.0,0.0,41121.896,21870.0,950.0,0.5318334543718509
I,USD,STD,INDL,C,2834,12/31/16,13599,CELGENE CORP,CELG,2016,28085.6,6599.3,13788.5,28085.6,1999.2,11229.2,4470.1,778.6,115.75,2834.0,90122.95,Biotech,6177.0,6177.0,2016-03-01,1203855.0,Mark Alles,CELGENE CORP (De-listed 11/2019),CEO,2018-02-05,10.0,10.0,Executive Director,1.0,0.0,0.0,0.0,0.0,0.0,0.0,0.0,0.0,0.0,1959-06-15,M,,,,,,,,,
A,USD,STD,INDL,C,7372,5/31/17,12142,ORACLE CORP,ORCL,2016,134991.0,53860.0,48112.0,134991.0,9335.0,37728.0,6159.0,4137.0,45.39,7372.0,187778.43,Software,23295.0,23295.0,2014-09-17,86007.0,Mark Hurd,ORACLE CORP,Co-CEO,2019-10-18,10.0,10.0,Executive Director,1.0,0.0,0.0,0.0,0.0,0.0,0.0,0.0,0.0,0.0,1957-01-01,M,,18929.0,2016.0,950.0,0.0,40832.279,22190.625,950.0,0.5434579098560725
A,USD,STD,INDL,C,7372,5/31/18,12142,ORACLE CORP,ORCL,2017,137264.0,45726.0,56128.0,137264.0,3825.0,39831.0,6091.0,3997.0,46.72,7370.0,186739.84,Software,23295.0,23295.0,2014-09-17,86007.0,Mark Hurd,ORACLE CORP,Co-CEO,2019-10-18,10.0,10.0,Executive Director,1.0,0.0,0.0,0.0,0.0,0.0,0.0,0.0,0.0,0.0,1957-01-01,M,,18929.0,2017.0,950.0,0.0,108295.023,103700.0,950.0,0.9575693981800069
A,USD,STD,INDL,C,7372,5/31/19,12142,ORACLE CORP,ORCL,2018,108709.0,21785.0,51673.0,108709.0,11083.0,39506.0,6026.0,3359.0,50.6,7370.0,169965.4,Software,23295.0,23295.0,2014-09-17,86007.0,Mark Hurd,ORACLE CORP,Co-CEO,2019-10-18,10.0,10.0,Executive Director,1.0,0.0,0.0,0.0,0.0,0.0,0.0,0.0,0.0,0.0,1957-01-01,M,,18929.0,2018.0,950.0,0.0,2481.646,0.0,950.0,0.0
A,USD,STD,INDL,C,7372,5/31/20,12142,ORACLE CORP,ORCL,2019,115438.0,12074.0,70749.0,115438.0,10135.0,39068.0,6067.0,3067.0,53.77,7370.0,164912.59,Software,23295.0,23295.0,2019-10-18,33503.0,Safra Catz,ORACLE CORP,CEO,2025-09-22,10.0,10.0,Executive Director,1.0,1.0,0.0,0.0,0.0,0.0,0.0,0.0,0.0,0.0,1961-12-01,F,,27208.0,2019.0,950.0,0.0,964.055,0.0,950.0,0.0
A,USD,STD,INDL,C,7372,5/31/21,12142,ORACLE CORP,ORCL,2020,131107.0,5238.0,78113.0,131107.0,13746.0,40479.0,6527.0,2814.0,78.74,7370.0,221574.36,Software,23295.0,23295.0,2019-10-18,33503.0,Safra Catz,ORACLE CORP,CEO,2025-09-22,10.0,10.0,Executive Director,1.0,1.0,0.0,0.0,0.0,0.0,0.0,0.0,0.0,0.0,1961-12-01,F,,27208.0,2020.0,950.0,0.0,10631.223,0.0,950.0,0.0
A,USD,STD,INDL,C,7372,5/31/22,12142,ORACLE CORP,ORCL,2021,109297.0,-6220.0,75041.0,109297.0,6717.0,42440.0,7219.0,2665.0,71.92,7370.0,191666.8,Software,23295.0,23295.0,2019-10-18,33503.0,Safra Catz,ORACLE CORP,CEO,2025-09-22,10.0,10.0,Executive Director,1.0,1.0,0.0,0.0,0.0,0.0,0.0,0.0,0.0,0.0,1961-12-01,F,,27208.0,2021.0,950.0,0.0,138192.032,129275.0,950.0,0.9354736168869707
A,USD,STD,INDL,C,7372,5/31/23,12142,ORACLE CORP,ORCL,2022,134384.0,1073.0,90404.0,134384.0,8503.0,49954.0,8623.0,2713.0,105.94,7370.0,287415.22,Software,23295.0,23295.0,2019-10-18,33503.0,Safra Catz,ORACLE CORP,CEO,2025-09-22,10.0,10.0,Executive Director,1.0,1.0,0.0,0.0,0.0,0.0,0.0,0.0,0.0,0.0,1961-12-01,F,,27208.0,2022.0,950.0,0.0,5250.68,0.0,950.0,0.0
A,USD,STD,INDL,C,7372,5/31/24,12142,ORACLE CORP,ORCL,2023,140976.0,8704.0,82564.0,140976.0,10467.0,52961.0,8915.0,2755.0,117.19,7372.0,322858.45,Software,23295.0,23295.0,2019-10-18,33503.0,Safra Catz,ORACLE CORP,CEO,2025-09-22,10.0,10.0,Executive Director,1.0,1.0,0.0,0.0,0.0,0.0,0.0,0.0,0.0,0.0,1961-12-01,F,,27208.0,2023.0,950.0,0.0,6464.234,0.0,950.0,0.0
A,USD,STD,INDL,C,7372,5/31/25,12142,ORACLE CORP,ORCL,2024,168361.0,20451.0,99533.0,168361.0,12443.0,57399.0,9860.0,2807.0,165.53,7372.0,464642.71,Software,23295.0,23295.0,2019-10-18,33503.0,Safra Catz,ORACLE CORP,CEO,2025-09-22,10.0,10.0,Executive Director,1.0,1.0,0.0,0.0,0.0,0.0,0.0,0.0,0.0,0.0,1961-12-01,F,,27208.0,2024.0,950.0,0.0,1113.417,0.0,950.0,0.0
I,USD,STD,INDL,C,2834,12/31/15,13599,CELGENE CORP,CELG,2015,27053.4,5919.0,14250.4,27053.4,1602.0,9256.0,3697.3,786.6,119.76,2834.0,94203.216,Biotech,6177.0,6177.0,2014-08-01,84112.0,Bob Hugin,CELGENE CORP (De-listed 11/2019),Chairman/CEO,2016-03-01,10.0,10.0,Executive Director,1.0,1.0,1.0,0.0,0.0,0.0,0.0,0.0,0.0,0.0,1954-06-15,M,,35700.0,2015.0,1483.333,0.0,22472.912,5431.237,1483.333,0.24167927147136073
A,USD,STD,INDL,C,3674,12/31/20,10499,TEXAS INSTRUMENTS INC,TXN,2020,19351.0,9187.0,6497.0,19351.0,5595.0,14461.0,1530.0,919.354,164.13,3674.0,150893.57202,Semiconductors/Hardware,30509.0,30509.0,2018-07-17,13520.0,Rich Templeton,TEXAS INSTRUMENTS INC,Chairman/President/CEO,2023-04-01,10.0,10.0,Executive Director,1.0,0.0,0.0,0.0,0.0,0.0,0.0,0.0,0.0,0.0,1958-06-15,M,,14274.0,2020.0,1336.667,3745.0,18857.221,6500.027,5081.6669999999995,0.34469697311178565
A,USD,STD,INDL,C,3674,12/31/19,10499,TEXAS INSTRUMENTS INC,TXN,2019,18018.0,8907.0,5562.0,18018.0,5017.0,14383.0,1544.0,932.032,128.29,3674.0,119570.38528,Semiconductors/Hardware,30509.0,30509.0,2018-07-17,13520.0,Rich Templeton,TEXAS INSTRUMENTS INC,Chairman/President/CEO,2023-04-01,10.0,10.0,Executive Director,1.0,0.0,0.0,0.0,0.0,0.0,0.0,0.0,0.0,0.0,1958-06-15,M,,14274.0,2019.0,1295.833,3550.0,18431.219,6500.045,4845.8330000000005,0.35266495395665365
A,USD,STD,INDL,C,3674,12/31/18,10499,TEXAS INSTRUMENTS INC,TXN,2018,17137.0,8994.0,4319.0,17137.0,5580.0,15784.0,1559.0,945.15,94.5,3674.0,89316.675,Semiconductors/Hardware,30509.0,30509.0,2018-07-17,13520.0,Rich Templeton,TEXAS INSTRUMENTS INC,Chairman/President/CEO,2023-04-01,10.0,10.0,Executive Director,1.0,0.0,0.0,0.0,0.0,0.0,0.0,0.0,0.0,0.0,1958-06-15,M,,14274.0,2018.0,1131.252,0.0,17576.224,6000.091,1131.252,0.34137542853345526
A,USD,STD,INDL,C,2834,12/31/21,2403,BRISTOL-MYERS SQUIBB CO,BMY,2021,109314.0,35946.0,40479.0,109314.0,6994.0,46385.0,11354.0,2176.0,62.35,2834.0,135673.6,Biotech,5118.0,5118.0,2017-05-02,857412.0,Doctor Giovanni Caforio,BRISTOL-MYERS SQUIBB CO,Chairman/CEO,2023-11-01,10.0,10.0,Executive Director,0.0,0.0,0.0,0.0,0.0,0.0,1.0,0.0,0.0,0.0,1964-06-15,M,,45376.0,2021.0,1700.0,0.0,19784.805,13965.988,1700.0,0.705894649959906
A,USD,STD,INDL,C,3674,10/31/18,1632,ANALOG DEVICES INC,ADI,2018,20449.779,10988.54,6265.674,20449.779,1495.432,6200.942,1165.41,370.16,83.71,3674.0,30986.0936,Semiconductors/Hardware,2145.0,2145.0,2013-05-06,35469.0,Vincent Roche,ANALOG DEVICES INC,President/CEO,2022-03-09,10.0,10.0,Executive Director,1.0,0.0,0.0,0.0,0.0,0.0,0.0,0.0,0.0,0.0,1960-06-15,M,,32412.0,2018.0,984.615,0.0,11007.691,4949.953,984.615,0.44968131827101615
A,USD,STD,INDL,C,3674,10/31/19,1632,ANALOG DEVICES INC,ADI,2019,21392.641,11709.188,5192.252,21392.641,1363.011,5991.065,1130.348,368.302,106.63,3674.0,39272.04226,Semiconductors/Hardware,2145.0,2145.0,2013-05-06,35469.0,Vincent Roche,ANALOG DEVICES INC,President/CEO,2022-03-09,10.0,10.0,Executive Director,1.0,0.0,0.0,0.0,0.0,0.0,0.0,0.0,0.0,0.0,1960-06-15,M,,32412.0,2019.0,1030.769,0.0,11948.434,7039.56,1030.769,0.5891617261308052
A,USD,STD,INDL,C,3674,10/31/20,1632,ANALOG DEVICES INC,ADI,2020,21468.603,11997.945,5433.594,21468.603,1220.761,5603.056,1050.519,369.485,118.53,3674.0,43795.05705,Semiconductors/Hardware,2145.0,2145.0,2013-05-06,35469.0,Vincent Roche,ANALOG DEVICES INC,President/CEO,2022-03-09,10.0,10.0,Executive Director,1.0,0.0,0.0,0.0,0.0,0.0,0.0,0.0,0.0,0.0,1960-06-15,M,,32412.0,2020.0,1050.0,0.0,12357.918,7505.999,1050.0,0.6073837842264368
A,USD,STD,INDL,C,3674,10/31/21,1632,ANALOG DEVICES INC,ADI,2021,52322.071,37992.542,6548.994,52322.071,1390.422,7318.286,1296.126,525.331,173.49,3674.0,91139.67519,Semiconductors/Hardware,2145.0,2145.0,2013-05-06,35469.0,Vincent Roche,ANALOG DEVICES INC,President/CEO,2022-03-09,10.0,10.0,Executive Director,1.0,0.0,0.0,0.0,0.0,0.0,0.0,0.0,0.0,0.0,1960-06-15,M,,32412.0,2021.0,1050.0,0.0,30824.323,22978.469,1050.0,0.7454654884066716
A,USD,STD,INDL,C,3674,10/31/22,1632,ANALOG DEVICES INC,ADI,2022,50302.35,36465.323,6885.904,50302.35,2748.561,12013.953,1700.518,509.296,142.62,3674.0,72635.79552,Semiconductors/Hardware,2145.0,2145.0,2022-03-09,35469.0,Vincent Roche,ANALOG DEVICES INC,Chair/President/CEO,2027-01-01,10.0,40.0,Executive Director,1.0,0.0,0.0,0.0,0.0,0.0,0.0,0.0,0.0,0.0,1960-06-15,M,,32412.0,2022.0,1075.0,0.0,22098.295,15000.172,1075.0,0.6787931829129805
A,USD,STD,INDL,C,3674,10/31/23,1632,ANALOG DEVICES INC,ADI,2023,48794.478,35565.122,6262.917,48794.478,3314.579,12305.539,1660.194,496.262,157.33,3674.0,78076.90046,Semiconductors/Hardware,2145.0,2145.0,2022-03-09,35469.0,Vincent Roche,ANALOG DEVICES INC,Chair/President/CEO,2027-01-01,10.0,40.0,Executive Director,1.0,0.0,0.0,0.0,0.0,0.0,0.0,0.0,0.0,0.0,1960-06-15,M,,32412.0,2023.0,1128.846,0.0,20544.113,14998.15,1128.846,0.7300461207548848
A,USD,STD,INDL,C,3674,10/31/24,1632,ANALOG DEVICES INC,ADI,2024,48228.277,35176.317,6952.883,48228.277,1635.273,9427.157,1487.863,496.297,223.11,3674.0,110728.82367,Semiconductors/Hardware,2145.0,2145.0,2022-03-09,35469.0,Vincent Roche,ANALOG DEVICES INC,Chair/President/CEO,2027-01-01,10.0,40.0,Executive Director,1.0,0.0,0.0,0.0,0.0,0.0,0.0,0.0,0.0,0.0,1960-06-15,M,,32412.0,2024.0,1137.692,0.0,22436.615,19999.288,1137.692,0.8913683280655303
A,USD,STD,INDL,C,3674,10/31/25,1632,ANALOG DEVICES INC,ADI,2025,47992.712,33815.755,8428.97,47992.712,2267.342,11019.707,1766.001,489.654,234.13,3674.0,114642.69102,Semiconductors/Hardware,2145.0,2145.0,2022-03-09,35469.0,Vincent Roche,ANALOG DEVICES INC,Chair/President/CEO,2027-01-01,10.0,40.0,Executive Director,1.0,0.0,0.0,0.0,0.0,0.0,0.0,0.0,0.0,0.0,1960-06-15,M,,32412.0,2025.0,1200.0,0.0,27456.265,22002.279,1200.0,0.8013573222723483
A,USD,STD,INDL,C,2834,12/31/15,2403,BRISTOL-MYERS SQUIBB CO,BMY,2015,31748.0,14266.0,6550.0,31748.0,1565.0,16560.0,5920.0,1669.0,68.79,2834.0,114810.51,Biotech,5118.0,5118.0,2015-05-05,857412.0,Doctor Giovanni Caforio,BRISTOL-MYERS SQUIBB CO,CEO,2016-12-28,10.0,15.0,Executive Director,0.0,0.0,0.0,0.0,0.0,0.0,1.0,0.0,0.0,0.0,1964-06-15,M,,45376.0,2015.0,1290.323,0.0,15640.437,10443.9,1290.323,0.6677498844821279
A,USD,STD,INDL,C,2834,12/31/16,2403,BRISTOL-MYERS SQUIBB CO,BMY,2016,33707.0,16177.0,5716.0,33707.0,4457.0,19427.0,4940.0,1672.0,58.44,2834.0,97711.68,Biotech,5118.0,5118.0,2016-12-01,857412.0,Doctor Giovanni Caforio,BRISTOL-MYERS SQUIBB CO,Chairman Elect/CEO,2017-05-02,20.0,10.0,Executive Director,0.0,0.0,0.0,0.0,0.0,0.0,1.0,0.0,0.0,0.0,1964-06-15,M,,45376.0,2016.0,1513.077,0.0,16933.858,11823.808,1513.077,0.6982347436715248
A,USD,STD,INDL,C,2834,12/31/17,2403,BRISTOL-MYERS SQUIBB CO,BMY,2017,33551.0,11741.0,6975.0,33551.0,1007.0,20776.0,6411.0,1633.0,61.28,2834.0,100070.24,Biotech,5118.0,5118.0,2017-05-02,857412.0,Doctor Giovanni Caforio,BRISTOL-MYERS SQUIBB CO,Chairman/CEO,2023-11-01,10.0,10.0,Executive Director,0.0,0.0,0.0,0.0,0.0,0.0,1.0,0.0,0.0,0.0,1964-06-15,M,,45376.0,2017.0,1587.5,0.0,18687.123,12650.528,1587.5,0.6769649881364831
A,USD,STD,INDL,C,2834,12/31/18,2403,BRISTOL-MYERS SQUIBB CO,BMY,2018,34986.0,14031.0,5646.0,34986.0,4920.0,22561.0,6345.0,1632.0,51.98,2834.0,84831.36,Biotech,5118.0,5118.0,2017-05-02,857412.0,Doctor Giovanni Caforio,BRISTOL-MYERS SQUIBB CO,Chairman/CEO,2023-11-01,10.0,10.0,Executive Director,0.0,0.0,0.0,0.0,0.0,0.0,1.0,0.0,0.0,0.0,1964-06-15,M,,45376.0,2018.0,1637.5,0.0,19379.755,13011.542,1637.5,0.6713986838326903
A,USD,STD,INDL,C,2834,12/31/19,2403,BRISTOL-MYERS SQUIBB CO,BMY,2019,129944.0,51598.0,44059.0,129944.0,3439.0,26145.0,6148.0,2251.0,64.19,2834.0,144491.69,Biotech,5118.0,5118.0,2017-05-02,857412.0,Doctor Giovanni Caforio,BRISTOL-MYERS SQUIBB CO,Chairman/CEO,2023-11-01,10.0,10.0,Executive Director,0.0,0.0,0.0,0.0,0.0,0.0,1.0,0.0,0.0,0.0,1964-06-15,M,,45376.0,2019.0,1650.0,0.0,18767.252,12545.753,1650.0,0.66849174295736
A,USD,STD,INDL,C,2834,12/31/20,2403,BRISTOL-MYERS SQUIBB CO,BMY,2020,118481.0,37822.0,49169.0,118481.0,-9015.0,42518.0,22581.0,2244.0,62.03,2834.0,139195.32,Biotech,5118.0,5118.0,2017-05-02,857412.0,Doctor Giovanni Caforio,BRISTOL-MYERS SQUIBB CO,Chairman/CEO,2023-11-01,10.0,10.0,Executive Director,0.0,0.0,0.0,0.0,0.0,0.0,1.0,0.0,0.0,0.0,1964-06-15,M,,45376.0,2020.0,1687.115,0.0,20150.902,13457.248,1687.115,0.6678236041245201
A,USD,STD,INDL,C,2834,12/31/22,2403,BRISTOL-MYERS SQUIBB CO,BMY,2022,96820.0,31061.0,36317.0,96820.0,6327.0,46159.0,10324.0,2098.0,71.95,2834.0,150951.1,Biotech,5118.0,5118.0,2017-05-02,857412.0,Doctor Giovanni Caforio,BRISTOL-MYERS SQUIBB CO,Chairman/CEO,2023-11-01,10.0,10.0,Executive Director,0.0,0.0,0.0,0.0,0.0,0.0,1.0,0.0,0.0,0.0,1964-06-15,M,,45376.0,2022.0,1700.0,0.0,20053.032,14289.505,1700.0,0.7125857576051342
A,USD,STD,INDL,C,3674,10/31/16,1632,ANALOG DEVICES INC,ADI,2016,7970.278,5165.618,1732.177,7970.278,861.664,3421.409,653.816,308.171,64.1,3674.0,19753.761099999996,Semiconductors/Hardware,2145.0,2145.0,2013-05-06,35469.0,Vincent Roche,ANALOG DEVICES INC,President/CEO,2022-03-09,10.0,10.0,Executive Director,1.0,0.0,0.0,0.0,0.0,0.0,0.0,0.0,0.0,0.0,1960-06-15,M,,32412.0,2016.0,827.692,0.0,7150.024,3572.511,827.692,0.4996502109643268
A,USD,STD,INDL,C,2834,12/31/23,2403,BRISTOL-MYERS SQUIBB CO,BMY,2023,95159.0,29430.0,38183.0,95159.0,8025.0,45006.0,10212.0,2021.0,51.31,2834.0,103697.51,Biotech,5118.0,5118.0,2023-11-01,1093830.0,Doctor Chris Boerner,BRISTOL-MYERS SQUIBB CO,CEO,2024-04-01,10.0,10.0,Executive Director,1.0,0.0,0.0,0.0,1.0,1.0,0.0,0.0,1.0,1.0,1970-06-15,M,,58054.0,2023.0,1256.921,0.0,3135.655,0.0,1256.921,0.0
A,USD,STD,INDL,C,2834,12/31/24,2403,BRISTOL-MYERS SQUIBB CO,BMY,2024,92603.0,16335.0,48973.0,92603.0,-8948.0,48300.0,24532.0,2029.0,56.56,2834.0,114760.24,Biotech,5118.0,5118.0,2024-04-01,1093830.0,Doctor Chris Boerner,BRISTOL-MYERS SQUIBB CO,Chairman/CEO,2027-01-01,10.0,40.0,Executive Director,1.0,0.0,0.0,0.0,1.0,1.0,0.0,0.0,1.0,1.0,1970-06-15,M,,58054.0,2024.0,1536.538,0.0,18787.618,13643.063,1536.538,0.7261731103964324
A,USD,STD,INDL,C,2834,12/31/25,2403,BRISTOL-MYERS SQUIBB CO,BMY,2025,90038.0,18473.0,44676.0,90038.0,7054.0,48194.0,13672.0,2036.0,53.94,2834.0,109821.84,Biotech,5118.0,5118.0,2024-04-01,1093830.0,Doctor Chris Boerner,BRISTOL-MYERS SQUIBB CO,Chairman/CEO,2027-01-01,10.0,40.0,Executive Director,1.0,0.0,0.0,0.0,1.0,1.0,0.0,0.0,1.0,1.0,1970-06-15,M,,58054.0,,,,,,,
A,USD,STD,INDL,C,3674,12/31/17,3969,DIODES INC,DIOD,2017,1488.673,831.504,247.887,1488.673,-1.805,1054.204,77.877,49.13,28.67,3674.0,1408.5571000000002,Semiconductors/Hardware,9322.0,9322.0,2005-06-01,34717.0,Doctor Keh-Shew Lu,DIODES INC,President/CEO,2020-05-18,10.0,10.0,Executive Director,1.0,0.0,0.0,0.0,1.0,0.0,0.0,0.0,1.0,0.0,1946-06-15,M,Asian Association Network,18346.0,2017.0,657.418,12.707,5525.314,3303.771,670.125,0.5979336197001655
A,USD,STD,INDL,C,3674,12/31/18,3969,DIODES INC,DIOD,2018,1526.371,931.463,187.184,1526.371,104.021,1213.989,86.286,50.221,32.26,3674.0,1620.12946,Semiconductors/Hardware,9322.0,9322.0,2005-06-01,34717.0,Doctor Keh-Shew Lu,DIODES INC,President/CEO,2020-05-18,10.0,10.0,Executive Director,1.0,0.0,0.0,0.0,1.0,0.0,0.0,0.0,1.0,0.0,1946-06-15,M,Asian Association Network,18346.0,2018.0,689.32,26.683,6144.874,3688.02,716.003,0.6001782949495791
A,USD,STD,INDL,C,3674,12/31/19,3969,DIODES INC,DIOD,2019,1639.384,1106.424,92.084,1639.384,153.25,1249.13,88.517,51.207,56.37,3674.0,2886.53859,Semiconductors/Hardware,9322.0,9322.0,2005-06-01,34717.0,Doctor Keh-Shew Lu,DIODES INC,President/CEO,2020-05-18,10.0,10.0,Executive Director,1.0,0.0,0.0,0.0,1.0,0.0,0.0,0.0,1.0,0.0,1946-06-15,M,Asian Association Network,18346.0,2019.0,723.713,28.01,7143.924,4842.72,751.723,0.6778795519101267
A,USD,STD,INDL,C,3674,12/31/20,3969,DIODES INC,DIOD,2020,1979.457,963.82,315.244,1979.457,98.088,1229.215,94.288,44.276,70.5,3674.0,3121.458,Semiconductors/Hardware,9322.0,9322.0,2020-05-18,34717.0,Doctor Keh-Shew Lu,DIODES INC,Chairman/President/CEO,2024-01-02,10.0,10.0,Executive Director,1.0,0.0,0.0,0.0,1.0,0.0,0.0,0.0,1.0,0.0,1946-06-15,M,Asian Association Network,18346.0,2020.0,728.25,0.0,7540.194,5255.838,728.25,0.6970428081823888
A,USD,STD,INDL,C,3674,12/31/21,3969,DIODES INC,DIOD,2021,2194.495,1237.242,287.888,2194.495,228.763,1805.162,119.2,45.017,109.81,3674.0,4943.31677,Semiconductors/Hardware,9322.0,9322.0,2020-05-18,34717.0,Doctor Keh-Shew Lu,DIODES INC,Chairman/President/CEO,2024-01-02,10.0,10.0,Executive Director,1.0,0.0,0.0,0.0,1.0,0.0,0.0,0.0,1.0,0.0,1946-06-15,M,Asian Association Network,18346.0,2021.0,728.25,168.058,7760.878,5092.48,896.308,0.656173180405619
A,USD,STD,INDL,C,3674,12/31/22,3969,DIODES INC,DIOD,2022,2288.312,1513.645,168.281,2288.312,331.283,2000.58,126.316,45.47,76.14,3674.0,3462.0858,Semiconductors/Hardware,9322.0,9322.0,2020-05-18,34717.0,Doctor Keh-Shew Lu,DIODES INC,Chairman/President/CEO,2024-01-02,10.0,10.0,Executive Director,1.0,0.0,0.0,0.0,1.0,0.0,0.0,0.0,1.0,0.0,1946-06-15,M,Asian Association Network,18346.0,2022.0,757.303,204.615,9045.646,6250.51,961.918,0.6909965302643946
A,USD,STD,INDL,C,3674,12/31/23,3969,DIODES INC,DIOD,2023,2367.659,1740.741,44.362,2367.659,227.182,1661.739,134.868,45.938,80.52,3674.0,3698.92776,Semiconductors/Hardware,9322.0,9322.0,2020-05-18,34717.0,Doctor Keh-Shew Lu,DIODES INC,Chairman/President/CEO,2024-01-02,10.0,10.0,Executive Director,1.0,0.0,0.0,0.0,1.0,0.0,0.0,0.0,1.0,0.0,1946-06-15,M,Asian Association Network,18346.0,2023.0,805.753,0.0,9483.816,8365.62,805.753,0.8820942962200026
A,USD,STD,INDL,C,3674,12/31/24,3969,DIODES INC,DIOD,2024,2386.281,1795.301,48.274,2386.281,44.024,1311.12,134.051,46.333,61.67,3674.0,2857.35611,Semiconductors/Hardware,9322.0,9322.0,2024-01-02,34717.0,Doctor Keh-Shew Lu,DIODES INC,Chairman/CEO,2025-05-13,10.0,10.0,Executive Director,1.0,0.0,0.0,0.0,1.0,0.0,0.0,0.0,1.0,0.0,1946-06-15,M,Asian Association Network,18346.0,2024.0,740.192,0.0,4823.227,3821.6,740.192,0.7923326022183903
A,USD,STD,INDL,C,3674,12/31/25,3969,DIODES INC,DIOD,2025,2448.1,1878.124,53.194,2448.1,66.141,1482.073,162.175,45.876,49.34,3674.0,2263.52184,Semiconductors/Hardware,9322.0,9322.0,2025-05-13,1962819.0,Gary Yu,DIODES INC,President/CEO,2027-01-01,10.0,40.0,Executive Director,1.0,0.0,1.0,0.0,0.0,0.0,0.0,0.0,1.0,0.0,1972-06-15,M,,,,,,,,,
A,USD,STD,INDL,C,3674,12/31/15,6008,INTEL CORP,INTC,2015,103065.0,61085.0,20036.0,103065.0,11420.0,55355.0,12128.0,4725.0,34.45,3674.0,162776.25,Semiconductors/Hardware,16239.0,16239.0,2013-05-16,764621.0,Brian Krzanich,INTEL CORP,CEO,2018-06-20,10.0,10.0,Executive Director,1.0,0.0,0.0,0.0,0.0,0.0,0.0,0.0,0.0,0.0,1960-05-09,M,,44188.0,2015.0,1100.0,0.0,14633.5,9799.0,1100.0,0.6696279085659617
A,USD,STD,INDL,C,3674,12/31/16,6008,INTEL CORP,INTC,2016,113327.0,66226.0,20649.0,113327.0,10316.0,59387.0,12740.0,4730.0,36.27,3674.0,171557.1,Semiconductors/Hardware,16239.0,16239.0,2013-05-16,764621.0,Brian Krzanich,INTEL CORP,CEO,2018-06-20,10.0,10.0,Executive Director,1.0,0.0,0.0,0.0,0.0,0.0,0.0,0.0,0.0,0.0,1960-05-09,M,,44188.0,2016.0,1250.0,0.0,19076.0,11710.6,1250.0,0.6138918012161879
A,USD,STD,INDL,C,3674,10/31/17,1632,ANALOG DEVICES INC,ADI,2017,21141.294,10161.54,7551.084,21141.294,727.259,5107.503,968.602,368.636,91.3,3674.0,33656.4668,Semiconductors/Hardware,2145.0,2145.0,2013-05-06,35469.0,Vincent Roche,ANALOG DEVICES INC,President/CEO,2022-03-09,10.0,10.0,Executive Director,1.0,0.0,0.0,0.0,0.0,0.0,0.0,0.0,0.0,0.0,1960-06-15,M,,32412.0,2017.0,878.0,0.0,10511.761,4316.355,878.0,0.41062149339202053
A,USD,STD,INDL,C,3674,10/31/15,1632,ANALOG DEVICES INC,ADI,2015,7062.178,5072.959,498.497,7062.178,696.878,3435.092,637.459,312.061,60.12,3674.0,18761.10732,Semiconductors/Hardware,2145.0,2145.0,2013-05-06,35469.0,Vincent Roche,ANALOG DEVICES INC,President/CEO,2022-03-09,10.0,10.0,Executive Director,1.0,0.0,0.0,0.0,0.0,0.0,0.0,0.0,0.0,0.0,1960-06-15,M,,32412.0,2015.0,785.192,0.0,7814.186,3405.368,785.192,0.4357930563720905
A,USD,STD,INDL,C,3674,12/31/17,10499,TEXAS INSTRUMENTS INC,TXN,2017,17642.0,10337.0,3577.0,17642.0,3682.0,14961.0,1508.0,983.159,104.44,3674.0,102681.12596,Semiconductors/Hardware,30509.0,30509.0,2008-04-17,13520.0,Rich Templeton,TEXAS INSTRUMENTS INC,Chairman/President/CEO,2018-06-01,10.0,10.0,Executive Director,1.0,0.0,0.0,0.0,0.0,0.0,0.0,0.0,0.0,0.0,1958-06-15,M,,14274.0,2017.0,1188.004,0.0,16380.444,5500.01,1188.004,0.3357668449035936
A,USD,STD,INDL,C,3674,9/30/20,1327,SKYWORKS SOLUTIONS INC,SWKS,2020,5106.7,4164.2,150.7,5106.7,814.8,3355.7,473.9,165.6,145.5,3674.0,24094.8,Semiconductors/Hardware,1573.0,1573.0,2016-05-11,327486.0,Liam Griffin,SKYWORKS SOLUTIONS INC (Alpha Industries prior to 6/2002),President/CEO,2021-05-13,10.0,10.0,Executive Director,1.0,0.0,1.0,0.0,0.0,0.0,0.0,0.0,0.0,0.0,1966-06-15,M,,24319.0,2020.0,1043.888,0.0,21800.44,17430.59,1043.888,0.7995522108728081
A,USD,STD,INDL,C,3674,12/31/17,1161,ADVANCED MICRO DEVICES,AMD,2017,3540.0,611.0,1325.0,3540.0,43.0,5329.0,1160.0,967.0,10.28,3674.0,9940.76,Semiconductors/Hardware,881.0,881.0,2014-10-08,542142.0,Doctor Lisa Su,ADVANCED MICRO DEVICES INC (AMD),President/CEO,2022-02-14,10.0,10.0,Executive Director,1.0,1.0,0.0,0.0,1.0,1.0,0.0,0.0,1.0,1.0,1969-11-07,F,,37809.0,2017.0,924.997,0.0,10894.82,6980.739,924.997,0.6407392687534076
A,USD,STD,INDL,C,3674,12/31/18,1161,ADVANCED MICRO DEVICES,AMD,2018,4556.0,1266.0,1114.0,4556.0,337.0,6475.0,1434.0,1005.0,18.46,3674.0,18552.3,Semiconductors/Hardware,881.0,881.0,2014-10-08,542142.0,Doctor Lisa Su,ADVANCED MICRO DEVICES INC (AMD),President/CEO,2022-02-14,10.0,10.0,Executive Director,1.0,1.0,0.0,0.0,1.0,1.0,0.0,0.0,1.0,1.0,1969-11-07,F,,37809.0,2018.0,961.057,0.0,13356.393,8622.802,961.057,0.6455936119879072
A,USD,STD,INDL,C,3674,12/31/19,1161,ADVANCED MICRO DEVICES,AMD,2019,6028.0,2827.0,685.0,6028.0,341.0,6731.0,1547.0,1170.0,45.86,3674.0,53656.2,Semiconductors/Hardware,881.0,881.0,2014-10-08,542142.0,Doctor Lisa Su,ADVANCED MICRO DEVICES INC (AMD),President/CEO,2022-02-14,10.0,10.0,Executive Director,1.0,1.0,0.0,0.0,1.0,1.0,0.0,0.0,1.0,1.0,1969-11-07,F,,37809.0,2019.0,1026.442,0.0,58534.289,53176.358,1026.442,0.9084650878735369
A,USD,STD,INDL,C,3674,12/31/20,1161,ADVANCED MICRO DEVICES,AMD,2020,8962.0,5837.0,531.0,8962.0,2490.0,9763.0,1983.0,1211.0,91.71,3674.0,111060.81,Semiconductors/Hardware,881.0,881.0,2014-10-08,542142.0,Doctor Lisa Su,ADVANCED MICRO DEVICES INC (AMD),President/CEO,2022-02-14,10.0,10.0,Executive Director,1.0,1.0,0.0,0.0,1.0,1.0,0.0,0.0,1.0,1.0,1969-11-07,F,,37809.0,2020.0,1095.574,0.0,27141.878,18840.582,1095.574,0.6941517458740327
A,USD,STD,INDL,C,3674,12/31/21,1161,ADVANCED MICRO DEVICES,AMD,2021,12419.0,7497.0,349.0,12419.0,3162.0,16434.0,2845.0,1207.0,143.9,3674.0,173687.30000000002,Semiconductors/Hardware,881.0,881.0,2014-10-08,542142.0,Doctor Lisa Su,ADVANCED MICRO DEVICES INC (AMD),President/CEO,2022-02-14,10.0,10.0,Executive Director,1.0,1.0,0.0,0.0,1.0,1.0,0.0,0.0,1.0,1.0,1969-11-07,F,,37809.0,2021.0,1076.317,0.0,29498.107,19929.804,1076.317,0.6756299311003245
A,USD,STD,INDL,C,3674,12/31/22,1161,ADVANCED MICRO DEVICES,AMD,2022,67580.0,54750.0,2863.0,67580.0,1320.0,23601.0,5005.0,1612.0,64.77,3674.0,104409.24,Semiconductors/Hardware,881.0,881.0,2022-02-14,542142.0,Doctor Lisa Su,ADVANCED MICRO DEVICES INC (AMD),Chair/President/CEO,2027-01-01,10.0,40.0,Executive Director,1.0,1.0,0.0,0.0,1.0,1.0,0.0,0.0,1.0,1.0,1969-11-07,F,,37809.0,2022.0,1148.889,0.0,30219.921,21900.27,1148.889,0.7246964676049286
A,USD,STD,INDL,C,3674,12/31/23,1161,ADVANCED MICRO DEVICES,AMD,2023,67885.0,55892.0,2252.0,67885.0,854.0,22680.0,5872.0,1616.0,147.41,3674.0,238214.56,Semiconductors/Hardware,881.0,881.0,2022-02-14,542142.0,Doctor Lisa Su,ADVANCED MICRO DEVICES INC (AMD),Chair/President/CEO,2027-01-01,10.0,40.0,Executive Director,1.0,1.0,0.0,0.0,1.0,1.0,0.0,0.0,1.0,1.0,1969-11-07,F,,37809.0,2023.0,1200.0,0.0,8500.023,0.0,1200.0,0.0
A,USD,STD,INDL,C,3674,12/31/24,1161,ADVANCED MICRO DEVICES,AMD,2024,69226.0,57568.0,2212.0,69226.0,1641.0,25785.0,6456.0,1622.0,120.79,3674.0,195921.38,Semiconductors/Hardware,881.0,881.0,2022-02-14,542142.0,Doctor Lisa Su,ADVANCED MICRO DEVICES INC (AMD),Chair/President/CEO,2027-01-01,10.0,40.0,Executive Director,1.0,1.0,0.0,0.0,1.0,1.0,0.0,0.0,1.0,1.0,1969-11-07,F,,37809.0,2024.0,1230.0,0.0,30996.392,21699.384,1230.0,0.7000616071702797
A,USD,STD,INDL,C,3674,12/31/25,1161,ADVANCED MICRO DEVICES,AMD,2025,76926.0,62999.0,2973.0,76926.0,4335.0,34639.0,8091.0,1630.0,214.16,3674.0,349080.8,Semiconductors/Hardware,881.0,881.0,2022-02-14,542142.0,Doctor Lisa Su,ADVANCED MICRO DEVICES INC (AMD),Chair/President/CEO,2027-01-01,10.0,40.0,Executive Director,1.0,1.0,0.0,0.0,1.0,1.0,0.0,0.0,1.0,1.0,1969-11-07,F,,37809.0,,,,,,,
A,USD,STD,INDL,C,3674,9/30/15,1327,SKYWORKS SOLUTIONS INC,SWKS,2015,3719.4,3159.2,0.0,3719.4,798.3,3258.4,303.2,190.3,84.21,3674.0,16025.163,Semiconductors/Hardware,1573.0,1573.0,2014-05-06,327474.0,Dave Aldrich,SKYWORKS SOLUTIONS INC (Alpha Industries prior to 6/2002),Chairman/CEO,2016-05-11,10.0,10.0,Executive Director,1.0,0.0,1.0,0.0,0.0,0.0,0.0,0.0,0.0,0.0,1957-06-15,M,,17260.0,2015.0,771.635,0.0,10158.055,4603.19,771.635,0.4531566328396528
A,USD,STD,INDL,C,3674,9/30/16,1327,SKYWORKS SOLUTIONS INC,SWKS,2016,3855.4,3541.4,0.0,3855.4,995.2,3289.0,312.4,184.9,76.14,3674.0,14078.286,Semiconductors/Hardware,1573.0,1573.0,2016-05-11,327486.0,Liam Griffin,SKYWORKS SOLUTIONS INC (Alpha Industries prior to 6/2002),President/CEO,2021-05-13,10.0,10.0,Executive Director,1.0,0.0,1.0,0.0,0.0,0.0,0.0,0.0,0.0,0.0,1966-06-15,M,,24319.0,2016.0,660.404,0.0,6728.703,3465.06,660.404,0.5149670003268089
A,USD,STD,INDL,C,3674,9/30/17,1327,SKYWORKS SOLUTIONS INC,SWKS,2017,4573.6,4065.7,0.0,4573.6,1010.2,3651.4,355.2,183.1,101.9,3674.0,18657.89,Semiconductors/Hardware,1573.0,1573.0,2016-05-11,327486.0,Liam Griffin,SKYWORKS SOLUTIONS INC (Alpha Industries prior to 6/2002),President/CEO,2021-05-13,10.0,10.0,Executive Director,1.0,0.0,1.0,0.0,0.0,0.0,0.0,0.0,0.0,0.0,1966-06-15,M,,24319.0,2017.0,850.0,0.0,8701.859,5336.604,850.0,0.6132717158483032
A,USD,STD,INDL,C,3674,9/30/18,1327,SKYWORKS SOLUTIONS INC,SWKS,2018,4828.9,4097.0,0.0,4828.9,918.4,3868.0,404.5,177.4,90.71,3674.0,16091.954,Semiconductors/Hardware,1573.0,1573.0,2016-05-11,327486.0,Liam Griffin,SKYWORKS SOLUTIONS INC (Alpha Industries prior to 6/2002),President/CEO,2021-05-13,10.0,10.0,Executive Director,1.0,0.0,1.0,0.0,0.0,0.0,0.0,0.0,0.0,0.0,1966-06-15,M,,24319.0,2018.0,894.808,0.0,9342.113,7150.399,894.808,0.7653941886594607
A,USD,STD,INDL,C,3674,9/30/19,1327,SKYWORKS SOLUTIONS INC,SWKS,2019,4839.6,4122.3,0.0,4839.6,853.6,3376.8,424.1,170.1,79.25,3674.0,13480.425,Semiconductors/Hardware,1573.0,1573.0,2016-05-11,327486.0,Liam Griffin,SKYWORKS SOLUTIONS INC (Alpha Industries prior to 6/2002),President/CEO,2021-05-13,10.0,10.0,Executive Director,1.0,0.0,1.0,0.0,0.0,0.0,0.0,0.0,0.0,0.0,1966-06-15,M,,24319.0,2019.0,972.0,0.0,13660.593,11658.937,972.0,0.8534722467758171
A,USD,STD,INDL,C,3674,9/30/21,1327,SKYWORKS SOLUTIONS INC,SWKS,2021,8590.7,5297.1,2380.1,8590.7,1498.3,5109.1,532.3,165.3,164.78,3674.0,27238.134,Semiconductors/Hardware,1573.0,1573.0,2021-05-13,327486.0,Liam Griffin,SKYWORKS SOLUTIONS INC (Alpha Industries prior to 6/2002),Chairman/President/CEO,2025-02-04,10.0,10.0,Executive Director,1.0,0.0,1.0,0.0,0.0,0.0,0.0,0.0,0.0,0.0,1966-06-15,M,,24319.0,2021.0,1070.223,0.0,16150.421,11612.745,1070.223,0.7190366740284975
A,USD,STD,INDL,C,2836,12/31/25,1602,AMGEN INC,AMGN,2025,90586.0,8658.0,50701.0,90586.0,7711.0,36751.0,7272.0,538.8,327.31,2836.0,176354.628,Biotech,2068.0,2068.0,2013-01-01,534543.0,Bob Bradway,AMGEN INC,Chairman/President/CEO,2027-01-01,10.0,40.0,Executive Director,1.0,0.0,1.0,1.0,0.0,0.0,0.0,0.0,0.0,0.0,1963-01-11,M,,33199.0,,,,,,,
A,USD,STD,INDL,C,3674,9/30/22,1327,SKYWORKS SOLUTIONS INC,SWKS,2022,8873.8,5469.0,1896.8,8873.8,1275.2,5485.5,617.9,160.2,85.27,3674.0,13660.254,Semiconductors/Hardware,1573.0,1573.0,2021-05-13,327486.0,Liam Griffin,SKYWORKS SOLUTIONS INC (Alpha Industries prior to 6/2002),Chairman/President/CEO,2025-02-04,10.0,10.0,Executive Director,1.0,0.0,1.0,0.0,0.0,0.0,0.0,0.0,0.0,0.0,1966-06-15,M,,24319.0,2022.0,1124.289,0.0,16667.162,13087.793,1124.289,0.7852442425411117
A,USD,STD,INDL,C,3674,9/30/23,1327,SKYWORKS SOLUTIONS INC,SWKS,2023,8426.7,6082.7,1181.6,8426.7,982.8,4772.4,606.8,159.5,98.59,3674.0,15725.105,Semiconductors/Hardware,1573.0,1573.0,2021-05-13,327486.0,Liam Griffin,SKYWORKS SOLUTIONS INC (Alpha Industries prior to 6/2002),Chairman/President/CEO,2025-02-04,10.0,10.0,Executive Director,1.0,0.0,1.0,0.0,0.0,0.0,0.0,0.0,0.0,0.0,1966-06-15,M,,24319.0,2023.0,1170.502,0.0,2706.51,0.0,1170.502,0.0
A,USD,STD,INDL,C,3674,9/30/24,1327,SKYWORKS SOLUTIONS INC,SWKS,2024,8283.3,6336.7,1180.2,8283.3,596.0,4178.0,779.6,159.9,98.77,3674.0,15793.323,Semiconductors/Hardware,1573.0,1573.0,2021-05-13,327486.0,Liam Griffin,SKYWORKS SOLUTIONS INC (Alpha Industries prior to 6/2002),Chairman/President/CEO,2025-02-04,10.0,10.0,Executive Director,1.0,0.0,1.0,0.0,0.0,0.0,0.0,0.0,0.0,0.0,1966-06-15,M,,24319.0,2024.0,1175.002,0.0,18096.527,15523.244,1175.002,0.8578023838496747
A,USD,STD,INDL,C,3674,9/30/25,1327,SKYWORKS SOLUTIONS INC,SWKS,2025,7917.0,5757.1,666.9,7917.0,477.1,4086.9,785.5,148.7,76.98,3674.0,11446.926,Semiconductors/Hardware,1573.0,1573.0,2025-02-17,486930.0,Phil Brace,SKYWORKS SOLUTIONS INC (Alpha Industries prior to 6/2002),President/CEO,2027-01-01,10.0,40.0,Executive Director,1.0,0.0,0.0,0.0,0.0,0.0,0.0,0.0,1.0,0.0,1970-06-15,M,,48291.0,2025.0,571.154,0.0,24536.606,22608.588,571.154,0.9214227917259624
A,USD,STD,INDL,C,2836,12/31/15,1602,AMGEN INC,AMGN,2015,71576.0,28083.0,29306.0,71576.0,6939.0,21662.0,4070.0,754.0,162.33,2836.0,122396.82,Biotech,2068.0,2068.0,2013-01-01,534543.0,Bob Bradway,AMGEN INC,Chairman/President/CEO,2027-01-01,10.0,40.0,Executive Director,1.0,0.0,1.0,1.0,0.0,0.0,0.0,0.0,0.0,0.0,1963-01-11,M,,33199.0,2015.0,1505.769,0.0,16097.714,10199.959,1505.769,0.6336277933624613
A,USD,STD,INDL,C,2836,12/31/16,1602,AMGEN INC,AMGN,2016,77626.0,29875.0,30193.0,77626.0,7722.0,22991.0,3840.0,738.2,146.21,2836.0,107932.222,Biotech,2068.0,2068.0,2013-01-01,534543.0,Bob Bradway,AMGEN INC,Chairman/President/CEO,2027-01-01,10.0,40.0,Executive Director,1.0,0.0,1.0,1.0,0.0,0.0,0.0,0.0,0.0,0.0,1963-01-11,M,,33199.0,2016.0,1531.731,0.0,16850.001,7699.723,1531.731,0.45695682748030697
A,USD,STD,INDL,C,2836,12/31/17,1602,AMGEN INC,AMGN,2017,79954.0,25241.0,34190.0,79954.0,1979.0,22849.0,3962.0,722.2,173.9,2836.0,125590.58000000002,Biotech,2068.0,2068.0,2013-01-01,534543.0,Bob Bradway,AMGEN INC,Chairman/President/CEO,2027-01-01,10.0,40.0,Executive Director,1.0,0.0,1.0,1.0,0.0,0.0,0.0,0.0,0.0,0.0,1963-01-11,M,,33199.0,2017.0,1555.962,0.0,16899.789,8399.812,1555.962,0.49703650146164546
A,USD,STD,INDL,C,2836,12/31/18,1602,AMGEN INC,AMGN,2018,66416.0,12500.0,29510.0,66416.0,8394.0,23747.0,4067.0,629.6,194.67,2836.0,122564.232,Biotech,2068.0,2068.0,2013-01-01,534543.0,Bob Bradway,AMGEN INC,Chairman/President/CEO,2027-01-01,10.0,40.0,Executive Director,1.0,0.0,1.0,1.0,0.0,0.0,0.0,0.0,0.0,0.0,1963-01-11,M,,33199.0,2018.0,1566.0,0.0,18555.266,8749.818,1566.0,0.47155443635246186
A,USD,STD,INDL,C,2836,12/31/19,1602,AMGEN INC,AMGN,2019,59707.0,9673.0,27338.0,59707.0,7842.0,23362.0,4116.0,591.4,241.07,2836.0,142568.79799999998,Biotech,2068.0,2068.0,2013-01-01,534543.0,Bob Bradway,AMGEN INC,Chairman/President/CEO,2027-01-01,10.0,40.0,Executive Director,1.0,0.0,1.0,1.0,0.0,0.0,0.0,0.0,0.0,0.0,1963-01-11,M,,33199.0,2019.0,1600.923,0.0,19612.793,9799.716,1600.923,0.4996593804870117
A,USD,STD,INDL,C,2836,12/31/20,1602,AMGEN INC,AMGN,2020,62948.0,9409.0,33201.0,62948.0,7264.0,25424.0,4207.0,578.3,229.92,2836.0,132962.73599999998,Biotech,2068.0,2068.0,2013-01-01,534543.0,Bob Bradway,AMGEN INC,Chairman/President/CEO,2027-01-01,10.0,40.0,Executive Director,1.0,0.0,1.0,1.0,0.0,0.0,0.0,0.0,0.0,0.0,1963-01-11,M,,33199.0,2020.0,1647.538,0.0,20131.408,10079.676,1647.538,0.50069403988037
A,USD,STD,INDL,C,2836,12/31/21,1602,AMGEN INC,AMGN,2021,61165.0,6700.0,33747.0,61165.0,5893.0,25979.0,6324.0,558.3,224.97,2836.0,125600.751,Biotech,2068.0,2068.0,2013-01-01,534543.0,Bob Bradway,AMGEN INC,Chairman/President/CEO,2027-01-01,10.0,40.0,Executive Director,1.0,0.0,1.0,1.0,0.0,0.0,0.0,0.0,0.0,0.0,1963-01-11,M,,33199.0,2021.0,1674.061,0.0,21721.154,11138.622,1674.061,0.512800655066485
A,USD,STD,INDL,C,2836,12/31/22,1602,AMGEN INC,AMGN,2022,65121.0,3661.0,37893.0,65121.0,6552.0,26323.0,4434.0,534.0,262.64,2836.0,140249.75999999998,Biotech,2068.0,2068.0,2013-01-01,534543.0,Bob Bradway,AMGEN INC,Chairman/President/CEO,2027-01-01,10.0,40.0,Executive Director,1.0,0.0,1.0,1.0,0.0,0.0,0.0,0.0,0.0,0.0,1963-01-11,M,,33199.0,2022.0,1722.3,0.0,21399.733,11138.544,1722.3,0.5204992043592319
A,USD,STD,INDL,C,2836,12/31/23,1602,AMGEN INC,AMGN,2023,97154.0,6232.0,63861.0,97154.0,6717.0,28190.0,5567.0,535.4,288.02,2836.0,154205.908,Biotech,2068.0,2068.0,2013-01-01,534543.0,Bob Bradway,AMGEN INC,Chairman/President/CEO,2027-01-01,10.0,40.0,Executive Director,1.0,0.0,1.0,1.0,0.0,0.0,0.0,0.0,0.0,0.0,1963-01-11,M,,33199.0,2023.0,1786.977,0.0,22643.65,11138.503,1786.977,0.4919040437385315
A,USD,STD,INDL,C,2836,12/31/24,1602,AMGEN INC,AMGN,2024,91839.0,5877.0,57222.0,91839.0,4090.0,33424.0,6158.0,536.9,260.64,2836.0,139937.61599999998,Biotech,2068.0,2068.0,2013-01-01,534543.0,Bob Bradway,AMGEN INC,Chairman/President/CEO,2027-01-01,10.0,40.0,Executive Director,1.0,0.0,1.0,1.0,0.0,0.0,0.0,0.0,0.0,0.0,1963-01-11,M,,33199.0,2024.0,1869.242,0.0,24428.495,12599.93,1869.242,0.5157882219105189
A,USD,STD,INDL,C,3674,12/31/17,6008,INTEL CORP,INTC,2017,123249.0,69019.0,25037.0,123249.0,9601.0,62761.0,13098.0,4687.0,46.16,3674.0,216351.92,Semiconductors/Hardware,16239.0,16239.0,2013-05-16,764621.0,Brian Krzanich,INTEL CORP,CEO,2018-06-20,10.0,10.0,Executive Director,1.0,0.0,0.0,0.0,0.0,0.0,0.0,0.0,0.0,0.0,1960-05-09,M,,44188.0,2017.0,1380.0,0.0,21527.7,13076.9,1380.0,0.6074452914152464
A,USD,STD,INDL,C,3674,12/31/19,6008,INTEL CORP,INTC,2019,136524.0,77504.0,25683.0,136524.0,21048.0,71965.0,13362.0,4290.0,59.85,3674.0,256756.5,Semiconductors/Hardware,16239.0,16239.0,2019-01-30,48076.0,Bob Swan,INTEL CORP,CEO,2021-02-15,10.0,10.0,Executive Director,1.0,0.0,1.0,0.0,1.0,0.0,0.0,0.0,0.0,0.0,1960-06-15,M,,26136.0,2019.0,1227.3,0.0,66935.1,61722.6,1227.3,0.9221260594217383
A,USD,STD,INDL,C,3674,12/31/20,6008,INTEL CORP,INTC,2020,153091.0,81038.0,34251.0,153091.0,20899.0,77867.0,13556.0,4062.0,49.82,3674.0,202368.84,Semiconductors/Hardware,16239.0,16239.0,2019-01-30,48076.0,Bob Swan,INTEL CORP,CEO,2021-02-15,10.0,10.0,Executive Director,1.0,0.0,1.0,0.0,1.0,0.0,0.0,0.0,0.0,0.0,1960-06-15,M,,26136.0,2020.0,1250.0,0.0,22389.5,16902.0,1250.0,0.7549074342883941
I,USD,STD,INDL,C,3674,9/30/16,7346,MICROSEMI CORP,MSCC,2016,4423.0,1728.9,2138.5,4423.0,-32.6,1655.0,309.1,113.6,41.98,3674.0,4768.927999999999,Semiconductors/Hardware,20600.0,20600.0,2013-11-12,201550.0,Jimmy Peterson,MICROSEMI CORP (De-listed 05/2018),Chairman/CEO,2018-05-29,10.0,10.0,Executive Director,,,,,,,,,,,1955-06-15,M,,14085.0,2016.0,805.0,0.0,27958.781,27107.28,805.0,0.9695444161174266
A,USD,STD,INDL,C,2834,12/31/24,7257,MERCK & CO INC,MRK,2024,117106.0,46313.0,35339.0,117106.0,17117.0,64168.0,17938.0,2527.637,99.48,2834.0,251449.32876000003,Biotech,27219.0,27219.0,2022-12-01,485800.0,Rob Davis,MERCK & CO INC (Schering-Plough Corp prior to 11/2009),Chairman/President/CEO,2027-01-01,10.0,40.0,Executive Director,1.0,0.0,1.0,1.0,0.0,0.0,0.0,0.0,0.0,0.0,1966-06-15,M,,31185.0,2024.0,1623.874,0.0,22674.186,13077.541,1623.874,0.5767590069164996
A,USD,STD,INDL,C,2834,12/31/25,7257,MERCK & CO INC,MRK,2025,136866.0,52606.0,47651.0,136866.0,18254.0,65011.0,15789.0,2474.627,105.26,2834.0,260479.23802,Biotech,27219.0,27219.0,2022-12-01,485800.0,Rob Davis,MERCK & CO INC (Schering-Plough Corp prior to 11/2009),Chairman/President/CEO,2027-01-01,10.0,40.0,Executive Director,1.0,0.0,1.0,1.0,0.0,0.0,0.0,0.0,0.0,0.0,1966-06-15,M,,31185.0,,,,,,,
A,USD,STD,INDL,C,3674,8/31/15,7343,MICRON TECHNOLOGY INC,MU,2015,24143.0,12302.0,6252.0,24143.0,2899.0,16192.0,1540.0,1039.0,16.41,3674.0,17049.99,Semiconductors/Hardware,20589.0,20589.0,2012-02-04,56477.0,D Durcan,MICRON TECHNOLOGY INC,CEO,2017-05-08,10.0,10.0,Executive Director,1.0,1.0,0.0,0.0,0.0,0.0,0.0,0.0,1.0,1.0,1961-04-20,M,,,,,,,,,
A,USD,STD,INDL,C,3674,8/31/16,7343,MICRON TECHNOLOGY INC,MU,2016,27540.0,12080.0,9154.0,27540.0,-276.0,12399.0,1617.0,1040.0,16.49,3674.0,17149.6,Semiconductors/Hardware,20589.0,20589.0,2012-02-04,56477.0,D Durcan,MICRON TECHNOLOGY INC,CEO,2017-05-08,10.0,10.0,Executive Director,1.0,1.0,0.0,0.0,0.0,0.0,0.0,0.0,1.0,1.0,1961-04-20,M,,,,,,,,,
A,USD,STD,INDL,C,3674,8/31/17,7343,MICRON TECHNOLOGY INC,MU,2017,35336.0,18621.0,9872.0,35336.0,5089.0,20322.0,1824.0,1112.0,31.97,3674.0,35550.64,Semiconductors/Hardware,20589.0,20589.0,2017-05-08,205405.0,Sanjay Mehrotra,MICRON TECHNOLOGY INC,President/CEO,2025-01-16,10.0,10.0,Executive Director,1.0,1.0,0.0,0.0,0.0,0.0,0.0,0.0,1.0,1.0,1958-06-27,M,,21604.0,2017.0,387.692,0.0,15373.026,6885.622,387.692,0.4479028396881655
A,USD,STD,INDL,C,3674,8/31/18,7343,MICRON TECHNOLOGY INC,MU,2018,43376.0,32294.0,3777.0,43376.0,14135.0,30391.0,2141.0,1161.0,52.52,3674.0,60975.72,Semiconductors/Hardware,20589.0,20589.0,2017-05-08,205405.0,Sanjay Mehrotra,MICRON TECHNOLOGY INC,President/CEO,2025-01-16,10.0,10.0,Executive Director,1.0,1.0,0.0,0.0,0.0,0.0,0.0,0.0,1.0,1.0,1958-06-27,M,,21604.0,2018.0,1200.0,0.0,14241.583,7499.952,1200.0,0.5266234799881446
A,USD,STD,INDL,C,3674,8/31/19,7343,MICRON TECHNOLOGY INC,MU,2019,48887.0,35881.0,4541.0,48887.0,6313.0,23406.0,2441.0,1106.0,45.27,3674.0,50068.62,Semiconductors/Hardware,20589.0,20589.0,2017-05-08,205405.0,Sanjay Mehrotra,MICRON TECHNOLOGY INC,President/CEO,2025-01-16,10.0,10.0,Executive Director,1.0,1.0,0.0,0.0,0.0,0.0,0.0,0.0,1.0,1.0,1958-06-27,M,,21604.0,2019.0,1286.154,0.0,16944.751,11999.963,1286.154,0.7081817254204561
A,USD,STD,INDL,C,3674,8/31/20,7343,MICRON TECHNOLOGY INC,MU,2020,53678.0,38996.0,6906.0,53678.0,2687.0,21435.0,2600.0,1113.0,45.51,3674.0,50652.63,Semiconductors/Hardware,20589.0,20589.0,2017-05-08,205405.0,Sanjay Mehrotra,MICRON TECHNOLOGY INC,President/CEO,2025-01-16,10.0,10.0,Executive Director,1.0,1.0,0.0,0.0,0.0,0.0,0.0,0.0,1.0,1.0,1958-06-27,M,,21604.0,2020.0,1369.039,0.0,19995.487,14999.988,1369.039,0.7501686755616405
A,USD,STD,INDL,C,3674,8/31/21,7343,MICRON TECHNOLOGY INC,MU,2021,58849.0,43933.0,7125.0,58849.0,5861.0,27705.0,2663.0,1119.0,73.7,3674.0,82470.3,Semiconductors/Hardware,20589.0,20589.0,2017-05-08,205405.0,Sanjay Mehrotra,MICRON TECHNOLOGY INC,President/CEO,2025-01-16,10.0,10.0,Executive Director,1.0,1.0,0.0,0.0,0.0,0.0,0.0,0.0,1.0,1.0,1958-06-27,M,,21604.0,2021.0,1350.0,0.0,25316.709,18499.995,1350.0,0.7307424910560057
A,USD,STD,INDL,C,3674,8/31/22,7343,MICRON TECHNOLOGY INC,MU,2022,66283.0,49907.0,7413.0,66283.0,8687.0,30758.0,3116.0,1094.0,56.53,3674.0,61843.82,Semiconductors/Hardware,20589.0,20589.0,2017-05-08,205405.0,Sanjay Mehrotra,MICRON TECHNOLOGY INC,President/CEO,2025-01-16,10.0,10.0,Executive Director,1.0,1.0,0.0,0.0,0.0,0.0,0.0,0.0,1.0,1.0,1958-06-27,M,,21604.0,2022.0,1409.893,0.0,28840.809,11749.973,1409.893,0.4074078851255525
A,USD,STD,INDL,C,3674,8/31/23,7343,MICRON TECHNOLOGY INC,MU,2023,64254.0,44120.0,13655.0,64254.0,-5833.0,15540.0,3114.0,1098.0,69.94,3674.0,76794.12,Semiconductors/Hardware,20589.0,20589.0,2017-05-08,205405.0,Sanjay Mehrotra,MICRON TECHNOLOGY INC,President/CEO,2025-01-16,10.0,10.0,Executive Director,1.0,1.0,0.0,0.0,0.0,0.0,0.0,0.0,1.0,1.0,1958-06-27,M,,21604.0,2023.0,1255.476,0.0,25276.954,23750.006,1255.476,0.939591297274189
A,USD,STD,INDL,C,3674,8/31/24,7343,MICRON TECHNOLOGY INC,MU,2024,69416.0,45131.0,13576.0,69416.0,778.0,25111.0,3430.0,1109.0,96.24,3674.0,106730.16,Semiconductors/Hardware,20589.0,20589.0,2017-05-08,205405.0,Sanjay Mehrotra,MICRON TECHNOLOGY INC,President/CEO,2025-01-16,10.0,10.0,Executive Director,1.0,1.0,0.0,0.0,0.0,0.0,0.0,0.0,1.0,1.0,1958-06-27,M,,21604.0,2024.0,1416.909,0.0,30060.126,23749.623,1416.909,0.7900706404224653
A,USD,STD,INDL,C,3674,8/31/25,7343,MICRON TECHNOLOGY INC,MU,2025,82798.0,54165.0,14718.0,82798.0,8539.0,37378.0,3798.0,1122.0,119.01,3674.0,133529.22,Semiconductors/Hardware,20589.0,20589.0,2025-01-16,205405.0,Sanjay Mehrotra,MICRON TECHNOLOGY INC,Chairman/President/CEO,2027-01-01,10.0,40.0,Executive Director,1.0,1.0,0.0,0.0,0.0,0.0,0.0,0.0,1.0,1.0,1958-06-27,M,,21604.0,2025.0,1446.185,0.0,5580.117,0.0,1446.185,0.0
I,USD,STD,INDL,C,3674,9/30/15,7346,MICROSEMI CORP,MSCC,2015,2450.1,1207.2,953.9,2450.1,84.6,1245.6,200.3,95.1,32.82,3674.0,3121.182,Semiconductors/Hardware,20600.0,20600.0,2013-11-12,201550.0,Jimmy Peterson,MICROSEMI CORP (De-listed 05/2018),Chairman/CEO,2018-05-29,10.0,10.0,Executive Director,,,,,,,,,,,1955-06-15,M,,14085.0,2015.0,735.0,0.0,7421.663,5837.575,735.0,0.7865588884863137
I,USD,STD,INDL,C,3674,9/30/17,7346,MICROSEMI CORP,MSCC,2017,4323.1,1994.3,1735.6,4323.1,176.3,1811.8,341.6,116.3,51.48,3674.0,5987.124,Semiconductors/Hardware,20600.0,20600.0,2013-11-12,201550.0,Jimmy Peterson,MICROSEMI CORP (De-listed 05/2018),Chairman/CEO,2018-05-29,10.0,10.0,Executive Director,,,,,,,,,,,1955-06-15,M,,14085.0,2017.0,805.0,0.0,3546.776,864.32,805.0,0.24369173581867026
A,USD,STD,INDL,C,3674,12/31/21,6008,INTEL CORP,INTC,2021,168406.0,95391.0,33805.0,168406.0,19868.0,79024.0,15190.0,4070.0,51.5,3674.0,209605.0,Semiconductors/Hardware,16239.0,16239.0,2021-02-15,486395.0,Doctor Pat Gelsinger,INTEL CORP,CEO,2024-12-01,10.0,10.0,Executive Director,1.0,0.0,0.0,0.0,0.0,0.0,0.0,0.0,1.0,1.0,1960-06-15,M,,37196.0,2021.0,1098.5,1750.0,177905.4,169541.4,2848.5,0.9529862499957843
A,USD,STD,INDL,C,2834,12/31/15,8020,NOVO NORDISK A/S,NVO,2015,13357.828,6834.539,0.0,13357.828,5072.538,15704.64,1980.123,2547.831,58.08,2834.0,147978.02448,Biotech,1916059.0,1916059.0,2011-04-07,732483.0,Doctor Quinton Hennigh,NOVO RESOURCES CORP (Galliard Resources Corp prior to 06/2011),President/CEO,2017-06-05,10.0,10.0,Executive Director,1.0,0.0,0.0,0.0,1.0,0.0,0.0,0.0,1.0,0.0,1967-06-15,M,,,,,,,,,
A,USD,STD,INDL,C,2834,12/31/16,8020,NOVO NORDISK A/S,NVO,2016,13842.781,6424.598,0.0,13842.781,5382.334,15863.87,2066.788,2504.333,35.86,2834.0,89805.38138,Biotech,1916059.0,1916059.0,2011-04-07,732483.0,Doctor Quinton Hennigh,NOVO RESOURCES CORP (Galliard Resources Corp prior to 06/2011),President/CEO,2017-06-05,10.0,10.0,Executive Director,1.0,0.0,0.0,0.0,1.0,0.0,0.0,0.0,1.0,0.0,1967-06-15,M,,,,,,,,,
A,USD,STD,INDL,C,2834,12/31/17,8020,NOVO NORDISK A/S,NVO,2017,16526.73,8043.369,0.0,16526.73,6156.653,18034.973,2262.768,2444.0,53.67,2834.0,131169.48,Biotech,1916059.0,1916059.0,2017-10-20,1264832.0,Rob Humphryson,NOVO RESOURCES CORP (Galliard Resources Corp prior to 06/2011),CEO,2022-04-13,10.0,10.0,Executive Director,0.0,0.0,0.0,0.0,0.0,0.0,0.0,0.0,0.0,0.0,1900-01-01,M,,,,,,,,,
A,USD,STD,INDL,C,2834,12/31/18,8020,NOVO NORDISK A/S,NVO,2018,16989.192,7950.805,0.0,16989.192,5924.568,17152.076,2270.716,2394.0,46.07,2834.0,110291.58,Biotech,1916059.0,1916059.0,2017-10-20,1264832.0,Rob Humphryson,NOVO RESOURCES CORP (Galliard Resources Corp prior to 06/2011),CEO,2022-04-13,10.0,10.0,Executive Director,0.0,0.0,0.0,0.0,0.0,0.0,0.0,0.0,0.0,0.0,1900-01-01,M,,,,,,,,,
A,USD,STD,INDL,C,2834,12/31/19,8020,NOVO NORDISK A/S,NVO,2019,18864.091,8649.17,451.884,18864.091,5849.562,18324.804,2135.523,2352.0,57.88,2834.0,136133.76,Biotech,1916059.0,1916059.0,2017-10-20,1264832.0,Rob Humphryson,NOVO RESOURCES CORP (Galliard Resources Corp prior to 06/2011),CEO,2022-04-13,10.0,10.0,Executive Director,0.0,0.0,0.0,0.0,0.0,0.0,0.0,0.0,0.0,0.0,1900-01-01,M,,,,,,,,,
A,USD,STD,INDL,C,2834,12/31/20,8020,NOVO NORDISK A/S,NVO,2020,23441.699,10243.066,468.601,23441.699,6815.986,20534.011,2501.039,2312.5,69.85,2834.0,161528.125,Biotech,1916059.0,1916059.0,2017-10-20,1264832.0,Rob Humphryson,NOVO RESOURCES CORP (Galliard Resources Corp prior to 06/2011),CEO,2022-04-13,10.0,10.0,Executive Director,0.0,0.0,0.0,0.0,0.0,0.0,0.0,0.0,0.0,0.0,1900-01-01,M,,,,,,,,,
A,USD,STD,INDL,C,2834,12/31/21,8020,NOVO NORDISK A/S,NVO,2021,29752.082,10821.358,1982.524,29752.082,7304.945,21536.868,2718.418,2278.9,112.0,2834.0,255236.8,Biotech,1916059.0,1916059.0,2021-08-05,732483.0,Doctor Quinton Hennigh,NOVO RESOURCES CORP (Galliard Resources Corp prior to 06/2011),Co-Chairman/Acting CEO,2022-04-13,10.0,10.0,Executive Director,1.0,0.0,0.0,0.0,1.0,0.0,0.0,0.0,1.0,0.0,1967-06-15,M,,,,,,,,,
A,USD,STD,INDL,C,2834,12/31/22,8020,NOVO NORDISK A/S,NVO,2022,34663.791,11995.263,3494.009,34663.791,7977.829,25424.74,3455.072,2249.9,135.34,2834.0,304501.466,Biotech,1916059.0,1916059.0,2022-04-13,1114611.0,Mike Spreadborough,NOVO RESOURCES CORP (Galliard Resources Corp prior to 06/2011),Co-Chairman (Executive)/Acting CEO,2027-01-01,10.0,40.0,Executive Director,1.0,0.0,1.0,0.0,0.0,0.0,0.0,0.0,0.0,0.0,1900-01-01,M,,,,,,,,,
A,USD,STD,INDL,C,2834,12/31/23,8020,NOVO NORDISK A/S,NVO,2023,46639.066,15803.265,3044.354,46639.066,12410.4,34444.892,4811.379,4458.3,103.45,2834.0,461211.135,Biotech,1916059.0,1916059.0,2022-04-13,1114611.0,Mike Spreadborough,NOVO RESOURCES CORP (Galliard Resources Corp prior to 06/2011),Co-Chairman (Executive)/Acting CEO,2027-01-01,10.0,40.0,Executive Director,1.0,0.0,1.0,0.0,0.0,0.0,0.0,0.0,0.0,0.0,1900-01-01,M,,,,,,,,,
A,USD,STD,INDL,C,2834,12/31/24,8020,NOVO NORDISK A/S,NVO,2024,64661.327,19918.623,12448.48,64661.327,14019.081,40313.535,6671.932,4441.0,86.02,2834.0,382014.82,Biotech,1916059.0,1916059.0,2022-04-13,1114611.0,Mike Spreadborough,NOVO RESOURCES CORP (Galliard Resources Corp prior to 06/2011),Co-Chairman (Executive)/Acting CEO,2027-01-01,10.0,40.0,Executive Director,1.0,0.0,1.0,0.0,0.0,0.0,0.0,0.0,0.0,0.0,1900-01-01,M,,,,,,,,,
A,USD,STD,INDL,C,2834,12/31/25,8020,NOVO NORDISK A/S,NVO,2025,85350.226,30506.344,18698.847,85350.226,16103.763,48588.295,8181.109,4444.0,50.88,2834.0,226110.72,Biotech,1916059.0,1916059.0,2022-04-13,1114611.0,Mike Spreadborough,NOVO RESOURCES CORP (Galliard Resources Corp prior to 06/2011),Co-Chairman (Executive)/Acting CEO,2027-01-01,10.0,40.0,Executive Director,1.0,0.0,1.0,0.0,0.0,0.0,0.0,0.0,0.0,0.0,1900-01-01,M,,,,,,,,,
A,USD,STD,INDL,C,3674,12/31/15,10499,TEXAS INSTRUMENTS INC,TXN,2015,16230.0,9946.0,3120.0,16230.0,2986.0,13000.0,1280.0,1011.268,54.81,3674.0,55427.59908000001,Semiconductors/Hardware,30509.0,30509.0,2008-04-17,13520.0,Rich Templeton,TEXAS INSTRUMENTS INC,Chairman/President/CEO,2018-06-01,10.0,10.0,Executive Director,1.0,0.0,0.0,0.0,0.0,0.0,0.0,0.0,0.0,0.0,1958-06-15,M,,14274.0,2015.0,1140.25,0.0,14911.852,4900.017,1140.25,0.3285988219303678
A,USD,STD,INDL,C,3674,12/31/16,10499,TEXAS INSTRUMENTS INC,TXN,2016,16431.0,10473.0,2978.0,16431.0,3595.0,13370.0,1370.0,995.984,72.97,3674.0,72676.95248,Semiconductors/Hardware,30509.0,30509.0,2008-04-17,13520.0,Rich Templeton,TEXAS INSTRUMENTS INC,Chairman/President/CEO,2018-06-01,10.0,10.0,Executive Director,1.0,0.0,0.0,0.0,0.0,0.0,0.0,0.0,0.0,0.0,1958-06-15,M,,14274.0,2016.0,1164.083,0.0,14972.465,4900.048,1164.083,0.3272706264466138
A,USD,STD,INDL,C,2834,12/31/23,7257,MERCK & CO INC,MRK,2023,106675.0,37581.0,34611.0,106675.0,365.0,60115.0,30531.0,2531.633,109.02,2834.0,275998.62966,Biotech,27219.0,27219.0,2022-12-01,485800.0,Rob Davis,MERCK & CO INC (Schering-Plough Corp prior to 11/2009),Chairman/President/CEO,2027-01-01,10.0,40.0,Executive Director,1.0,0.0,1.0,1.0,0.0,0.0,0.0,0.0,0.0,0.0,1966-06-15,M,,31185.0,2023.0,1603.091,0.0,19622.124,9997.585,1603.091,0.5095057497343305
A,USD,STD,INDL,C,2834,12/31/22,7257,MERCK & CO INC,MRK,2022,109160.0,45991.0,29758.0,109160.0,14519.0,59283.0,13548.0,2537.834,110.95,2834.0,281572.6823,Biotech,27219.0,27219.0,2022-12-01,485800.0,Rob Davis,MERCK & CO INC (Schering-Plough Corp prior to 11/2009),Chairman/President/CEO,2027-01-01,10.0,40.0,Executive Director,1.0,0.0,1.0,1.0,0.0,0.0,0.0,0.0,0.0,0.0,1966-06-15,M,,31185.0,2022.0,1538.613,0.0,18469.834,8868.587,1538.613,0.4801660372258895
A,USD,STD,INDL,C,2834,12/31/21,7257,MERCK & CO INC,MRK,2021,105694.0,38184.0,31915.0,105694.0,13049.0,48704.0,12245.0,2527.604,76.64,2834.0,193715.57056,Biotech,27219.0,27219.0,2021-07-01,485800.0,Rob Davis,MERCK & CO INC (Schering-Plough Corp prior to 11/2009),President/CEO,2022-12-01,10.0,10.0,Executive Director,1.0,0.0,1.0,1.0,0.0,0.0,0.0,0.0,0.0,0.0,1966-06-15,M,,31185.0,2021.0,1319.959,0.0,13486.481,6324.576,1319.959,0.46895672785213577
A,USD,STD,INDL,C,2834,12/31/20,7257,MERCK & CO INC,MRK,2020,91588.0,25317.0,26722.0,91588.0,7067.0,47994.0,13558.0,2530.226,81.8,2834.0,206972.4868,Biotech,27219.0,27219.0,2011-12-01,31551.0,Ken Frazier,MERCK & CO INC (Schering-Plough Corp prior to 11/2009),Chairman/President/CEO,2021-04-01,10.0,10.0,Executive Director,1.0,0.0,0.0,0.0,0.0,0.0,0.0,0.0,0.0,0.0,1954-12-17,M,Black Association Network,29095.0,2020.0,1702.006,0.0,19799.788,10778.499,1702.006,0.5443744650195245
A,USD,STD,INDL,C,3674,12/31/22,6008,INTEL CORP,INTC,2022,182103.0,101423.0,37920.0,182103.0,8014.0,63054.0,17528.0,4137.0,26.43,3674.0,109340.91,Semiconductors/Hardware,16239.0,16239.0,2021-02-15,486395.0,Doctor Pat Gelsinger,INTEL CORP,CEO,2024-12-01,10.0,10.0,Executive Director,1.0,0.0,0.0,0.0,0.0,0.0,0.0,0.0,1.0,1.0,1960-06-15,M,,37196.0,2022.0,1302.1,0.0,11614.7,8869.6,1302.1,0.763652957028593
A,USD,STD,INDL,C,3674,12/31/23,6008,INTEL CORP,INTC,2023,191572.0,105590.0,47267.0,191572.0,1689.0,54228.0,16046.0,4228.0,50.25,3674.0,212457.0,Semiconductors/Hardware,16239.0,16239.0,2021-02-15,486395.0,Doctor Pat Gelsinger,INTEL CORP,CEO,2024-12-01,10.0,10.0,Executive Director,1.0,0.0,0.0,0.0,0.0,0.0,0.0,0.0,1.0,1.0,1960-06-15,M,,37196.0,2023.0,1067.7,0.0,16743.4,12426.8,1067.7,0.7421909528530644
A,USD,STD,INDL,C,3674,12/31/25,6008,INTEL CORP,INTC,2025,211429.0,114281.0,44367.0,211429.0,-267.0,52853.0,13774.0,4994.0,36.9,3674.0,184278.6,Semiconductors/Hardware,16239.0,16239.0,2025-03-18,182411.0,Lip-Bu Tan,INTEL CORP,CEO,2027-01-01,10.0,40.0,Executive Director,1.0,0.0,1.0,0.0,0.0,0.0,0.0,0.0,1.0,1.0,1959-11-12,M,Asian Association Network,35475.0,,,,,,,
A,USD,STD,INDL,C,2834,12/31/15,6266,JOHNSON & JOHNSON,JNJ,2015,133411.0,71150.0,12857.0,133411.0,15409.0,70074.0,9270.0,2755.162,102.72,2834.0,283010.24064,Biotech,17478.0,17478.0,2012-12-28,747756.0,Alex Gorsky,JOHNSON & JOHNSON,Chairman/CEO,2022-01-03,10.0,10.0,Executive Director,1.0,0.0,1.0,1.0,0.0,0.0,0.0,0.0,0.0,0.0,1960-05-24,M,,42535.0,2015.0,1613.462,0.0,21081.598,10693.427,1613.462,0.5072398686285545
A,USD,STD,INDL,C,2834,12/31/16,6266,JOHNSON & JOHNSON,JNJ,2016,141208.0,70418.0,22442.0,141208.0,16540.0,71890.0,9124.0,2706.511,115.21,2834.0,311817.13230999996,Biotech,17478.0,17478.0,2012-12-28,747756.0,Alex Gorsky,JOHNSON & JOHNSON,Chairman/CEO,2022-01-03,10.0,10.0,Executive Director,1.0,0.0,1.0,1.0,0.0,0.0,0.0,0.0,0.0,0.0,1960-05-24,M,,42535.0,2016.0,1600.0,0.0,31816.85,21217.802,1600.0,0.6668731191177002
A,USD,STD,INDL,C,2834,12/31/17,6266,JOHNSON & JOHNSON,JNJ,2017,157303.0,60160.0,30675.0,157303.0,1300.0,76450.0,10962.0,2682.525,139.72,2834.0,374802.393,Biotech,17478.0,17478.0,2012-12-28,747756.0,Alex Gorsky,JOHNSON & JOHNSON,Chairman/CEO,2022-01-03,10.0,10.0,Executive Director,1.0,0.0,1.0,1.0,0.0,0.0,0.0,0.0,0.0,0.0,1960-05-24,M,,42535.0,2017.0,1600.0,0.0,22843.42,12354.361,1600.0,0.5408279933565114
A,USD,STD,INDL,C,2834,12/31/18,6266,JOHNSON & JOHNSON,JNJ,2018,152954.0,59752.0,27684.0,152954.0,15297.0,81581.0,11901.0,2662.324,129.05,2834.0,343572.9122,Biotech,17478.0,17478.0,2012-12-28,747756.0,Alex Gorsky,JOHNSON & JOHNSON,Chairman/CEO,2022-01-03,10.0,10.0,Executive Director,1.0,0.0,1.0,1.0,0.0,0.0,0.0,0.0,0.0,0.0,1960-05-24,M,,42535.0,2018.0,1642.308,0.0,18662.346,8884.237,1642.308,0.47605145676754673
A,USD,STD,INDL,C,2834,12/31/19,6266,JOHNSON & JOHNSON,JNJ,2019,157728.0,59471.0,27210.0,157728.0,15119.0,82059.0,12245.0,2632.507,145.87,2834.0,384003.79609,Biotech,17478.0,17478.0,2012-12-28,747756.0,Alex Gorsky,JOHNSON & JOHNSON,Chairman/CEO,2022-01-03,10.0,10.0,Executive Director,1.0,0.0,1.0,1.0,0.0,0.0,0.0,0.0,0.0,0.0,1960-05-24,M,,42535.0,2019.0,1650.0,0.0,19590.777,9956.365,1650.0,0.508216953314307
A,USD,STD,INDL,C,2834,12/31/20,6266,JOHNSON & JOHNSON,JNJ,2020,174894.0,63278.0,32635.0,174894.0,14714.0,82584.0,12340.0,2632.512,157.38,2834.0,414304.73856,Biotech,17478.0,17478.0,2012-12-28,747756.0,Alex Gorsky,JOHNSON & JOHNSON,Chairman/CEO,2022-01-03,10.0,10.0,Executive Director,1.0,0.0,1.0,1.0,0.0,0.0,0.0,0.0,0.0,0.0,1960-05-24,M,,42535.0,2020.0,1650.0,0.0,23139.974,13757.654,1650.0,0.5945405988788061
A,USD,STD,INDL,C,2834,12/31/21,6266,JOHNSON & JOHNSON,JNJ,2021,182018.0,74023.0,29985.0,182018.0,20878.0,93775.0,15614.0,2628.965,171.07,2834.0,449737.04255,Biotech,17478.0,17478.0,2012-12-28,747756.0,Alex Gorsky,JOHNSON & JOHNSON,Chairman/CEO,2022-01-03,10.0,10.0,Executive Director,1.0,0.0,1.0,1.0,0.0,0.0,0.0,0.0,0.0,0.0,1960-05-24,M,,42535.0,2021.0,1650.0,0.0,26039.043,14789.176,1650.0,0.5679615798476157
A,USD,STD,INDL,C,2834,12/31/22,6266,JOHNSON & JOHNSON,JNJ,2022,187378.0,76804.0,26888.0,187378.0,17941.0,94943.0,15386.0,2613.597,176.65,2834.0,461691.91005000006,Biotech,17478.0,17478.0,2022-01-03,879247.0,Joaquin Duato,JOHNSON & JOHNSON,CEO,2023-01-28,10.0,15.0,Executive Director,1.0,0.0,1.0,0.0,0.0,0.0,0.0,0.0,1.0,0.0,1961-06-15,M,,50453.0,2022.0,1490.962,0.0,13099.487,5940.829,1490.962,0.45351615677774254
A,USD,STD,INDL,C,2834,12/31/23,6266,JOHNSON & JOHNSON,JNJ,2023,167558.0,68774.0,25881.0,167558.0,35153.0,85159.0,15398.0,2407.078,156.74,2834.0,377285.40572,Biotech,17478.0,17478.0,2023-01-01,879247.0,Joaquin Duato,JOHNSON & JOHNSON,Chairman/CEO,2027-01-01,20.0,40.0,Executive Director,1.0,0.0,1.0,0.0,0.0,0.0,0.0,0.0,1.0,0.0,1961-06-15,M,,50453.0,2023.0,1584.615,0.0,22006.617,11004.52,1584.615,0.5000550516237912
A,USD,STD,INDL,C,2834,12/31/24,6266,JOHNSON & JOHNSON,JNJ,2024,180104.0,71490.0,30651.0,180104.0,14066.0,88821.0,17443.0,2406.922,144.62,2834.0,348089.05964,Biotech,17478.0,17478.0,2023-01-01,879247.0,Joaquin Duato,JOHNSON & JOHNSON,Chairman/CEO,2027-01-01,20.0,40.0,Executive Director,1.0,0.0,1.0,0.0,0.0,0.0,0.0,0.0,1.0,0.0,1961-06-15,M,,50453.0,2024.0,1600.0,0.0,21608.36,10787.159,1600.0,0.4992122956115133
A,USD,STD,INDL,C,2834,12/31/25,6266,JOHNSON & JOHNSON,JNJ,2025,199210.0,81544.0,39438.0,199210.0,26804.0,94193.0,14746.0,2407.939,206.95,2834.0,498322.97604999994,Biotech,17478.0,17478.0,2023-01-01,879247.0,Joaquin Duato,JOHNSON & JOHNSON,Chairman/CEO,2027-01-01,20.0,40.0,Executive Director,1.0,0.0,1.0,0.0,0.0,0.0,0.0,0.0,1.0,0.0,1961-06-15,M,,50453.0,2025.0,1600.0,0.0,27456.874,15028.948,1600.0,0.5473655886682511
A,USD,STD,INDL,C,2834,12/31/15,6730,LILLY (ELI) & CO,LLY,2015,35568.9,14571.3,7972.4,35568.9,2408.4,19958.7,5331.4,1055.267,84.26,2834.0,88916.79742,Biotech,18888.0,18888.0,2009-01-01,33316.0,Doctor John Lechleiter,ELI LILLY & CO,Chairman/President/CEO,2016-12-31,10.0,10.0,Executive Director,1.0,0.0,0.0,0.0,1.0,1.0,0.0,0.0,1.0,1.0,1953-06-15,M,,23011.0,2015.0,1500.0,0.0,16562.5,11350.0,1500.0,0.6852830188679245
A,USD,STD,INDL,C,2834,12/31/17,6730,LILLY (ELI) & CO,LLY,2017,44981.0,11592.2,9940.5,44981.0,-204.1,22871.3,6394.4,1050.008,84.46,2834.0,88683.67568,Biotech,18888.0,18888.0,2017-06-01,1068880.0,Dave Ricks,ELI LILLY & CO,Chair/CEO,2027-01-01,10.0,40.0,Executive Director,1.0,0.0,1.0,0.0,0.0,0.0,0.0,0.0,0.0,0.0,1967-06-15,M,,52782.0,2017.0,1400.0,0.0,14498.0,10200.0,1400.0,0.7035453165953924
A,USD,STD,INDL,C,2834,12/31/18,6730,LILLY (ELI) & CO,LLY,2018,43908.4,9828.7,11639.7,43908.4,3232.0,24555.7,7291.0,1007.035,115.72,2834.0,116534.0902,Biotech,18888.0,18888.0,2017-06-01,1068880.0,Dave Ricks,ELI LILLY & CO,Chair/CEO,2027-01-01,10.0,40.0,Executive Director,1.0,0.0,1.0,0.0,0.0,0.0,0.0,0.0,0.0,0.0,1967-06-15,M,,52782.0,2018.0,1400.0,0.0,15701.0,10584.0,1400.0,0.6740971912617031
A,USD,STD,INDL,C,2834,12/31/19,6730,LILLY (ELI) & CO,LLY,2019,39286.1,2606.9,14304.6,39286.1,8318.4,22319.5,5834.6,907.526,131.43,2834.0,119276.14218,Biotech,18888.0,18888.0,2017-06-01,1068880.0,Dave Ricks,ELI LILLY & CO,Chair/CEO,2027-01-01,10.0,40.0,Executive Director,1.0,0.0,1.0,0.0,0.0,0.0,0.0,0.0,0.0,0.0,1967-06-15,M,,52782.0,2019.0,1400.0,0.0,16625.0,12222.0,1400.0,0.7351578947368421
A,USD,STD,INDL,C,2834,12/31/20,6730,LILLY (ELI) & CO,LLY,2020,46633.1,5641.6,16586.6,46633.1,6193.7,24539.8,6746.1,906.59,168.84,2834.0,153068.6556,Biotech,18888.0,18888.0,2017-06-01,1068880.0,Dave Ricks,ELI LILLY & CO,Chair/CEO,2027-01-01,10.0,40.0,Executive Director,1.0,0.0,1.0,0.0,0.0,0.0,0.0,0.0,0.0,0.0,1967-06-15,M,,52782.0,2020.0,1483.333,0.0,17824.705,13587.5,1483.333,0.7622847054130769
A,USD,STD,INDL,C,2834,12/31/21,6730,LILLY (ELI) & CO,LLY,2021,48806.0,8979.2,15346.4,48806.0,5581.7,28318.4,7900.8,903.653,276.22,2834.0,249607.03166000004,Biotech,18888.0,18888.0,2017-06-01,1068880.0,Dave Ricks,ELI LILLY & CO,Chair/CEO,2027-01-01,10.0,40.0,Executive Director,1.0,0.0,1.0,0.0,0.0,0.0,0.0,0.0,0.0,0.0,1967-06-15,M,,52782.0,2021.0,1500.0,0.0,19067.75,14966.0,1500.0,0.7848854741644924
A,USD,STD,INDL,C,2834,12/31/22,6730,LILLY (ELI) & CO,LLY,2022,49489.8,10649.8,14737.5,49489.8,6244.8,28541.4,8099.3,900.182,365.84,2834.0,329322.58288,Biotech,18888.0,18888.0,2017-06-01,1068880.0,Dave Ricks,ELI LILLY & CO,Chair/CEO,2027-01-01,10.0,40.0,Executive Director,1.0,0.0,1.0,0.0,0.0,0.0,0.0,0.0,0.0,0.0,1967-06-15,M,,52782.0,2022.0,1500.0,0.0,21398.135,16981.25,1500.0,0.7935855157470499
A,USD,STD,INDL,C,2834,12/31/23,6730,LILLY (ELI) & CO,LLY,2023,64006.3,10771.9,18320.8,64006.3,5240.4,34124.1,13113.2,899.379,582.92,2834.0,524266.00668,Biotech,18888.0,18888.0,2017-06-01,1068880.0,Dave Ricks,ELI LILLY & CO,Chair/CEO,2027-01-01,10.0,40.0,Executive Director,1.0,0.0,1.0,0.0,0.0,0.0,0.0,0.0,0.0,0.0,1967-06-15,M,,52782.0,2023.0,1621.154,0.0,25125.91,18840.25,1621.154,0.7498335383673665
A,USD,STD,INDL,C,2834,12/31/24,6730,LILLY (ELI) & CO,LLY,2024,78714.9,14192.1,29498.0,78714.9,10590.0,45042.7,14271.0,897.538,772.0,2834.0,692899.336,Biotech,18888.0,18888.0,2017-06-01,1068880.0,Dave Ricks,ELI LILLY & CO,Chair/CEO,2027-01-01,10.0,40.0,Executive Director,1.0,0.0,1.0,0.0,0.0,0.0,0.0,0.0,0.0,0.0,1967-06-15,M,,52782.0,2024.0,1690.385,0.0,27496.443,19749.324,1690.385,0.7182501387543109
A,USD,STD,INDL,C,2834,12/31/25,6730,LILLY (ELI) & CO,LLY,2025,112476.0,26535.0,42008.0,112476.0,20640.0,65179.0,16247.0,894.8,1074.68,2834.0,961623.664,Biotech,18888.0,18888.0,2017-06-01,1068880.0,Dave Ricks,ELI LILLY & CO,Chair/CEO,2027-01-01,10.0,40.0,Executive Director,1.0,0.0,1.0,0.0,0.0,0.0,0.0,0.0,0.0,0.0,1967-06-15,M,,52782.0,,,,,,,
A,USD,STD,INDL,C,2834,12/31/15,7257,MERCK & CO INC,MRK,2015,101779.0,44676.0,23929.0,101779.0,4442.0,39498.0,6704.0,2781.129,52.82,2834.0,146899.23378,Biotech,27219.0,27219.0,2011-12-01,31551.0,Ken Frazier,MERCK & CO INC (Schering-Plough Corp prior to 11/2009),Chairman/President/CEO,2021-04-01,10.0,10.0,Executive Director,1.0,0.0,0.0,0.0,0.0,0.0,0.0,0.0,0.0,0.0,1954-12-17,M,Black Association Network,29095.0,2015.0,1500.0,0.0,19898.438,9912.966,1500.0,0.4981780982004719
A,USD,STD,INDL,C,2834,12/31/16,7257,MERCK & CO INC,MRK,2016,95377.0,40088.0,24274.0,95377.0,3920.0,39807.0,10124.0,2748.731,58.87,2834.0,161817.79397,Biotech,27219.0,27219.0,2011-12-01,31551.0,Ken Frazier,MERCK & CO INC (Schering-Plough Corp prior to 11/2009),Chairman/President/CEO,2021-04-01,10.0,10.0,Executive Director,1.0,0.0,0.0,0.0,0.0,0.0,0.0,0.0,0.0,0.0,1954-12-17,M,Black Association Network,29095.0,2016.0,1527.404,0.0,17023.82,7875.521,1527.404,0.46261773209538165
A,USD,STD,INDL,C,2834,12/31/17,7257,MERCK & CO INC,MRK,2017,87872.0,34336.0,21353.0,87872.0,2394.0,40122.0,10208.0,2696.612,56.27,2834.0,151738.35724,Biotech,27219.0,27219.0,2011-12-01,31551.0,Ken Frazier,MERCK & CO INC (Schering-Plough Corp prior to 11/2009),Chairman/President/CEO,2021-04-01,10.0,10.0,Executive Director,1.0,0.0,0.0,0.0,0.0,0.0,0.0,0.0,0.0,0.0,1954-12-17,M,Black Association Network,29095.0,2017.0,1572.212,0.0,17138.429,8814.767,1572.212,0.514327596770976
A,USD,STD,INDL,C,2834,12/31/18,7257,MERCK & CO INC,MRK,2018,82637.0,26701.0,19806.0,82637.0,6220.0,42294.0,9752.0,2592.56,76.41,2834.0,198097.5096,Biotech,27219.0,27219.0,2011-12-01,31551.0,Ken Frazier,MERCK & CO INC (Schering-Plough Corp prior to 11/2009),Chairman/President/CEO,2021-04-01,10.0,10.0,Executive Director,1.0,0.0,0.0,0.0,0.0,0.0,0.0,0.0,0.0,0.0,1954-12-17,M,Black Association Network,29095.0,2018.0,1610.577,0.0,20934.504,9456.006,1610.577,0.4516947714643728
A,USD,STD,INDL,C,2834,12/31/19,7257,MERCK & CO INC,MRK,2019,84397.0,25907.0,23504.0,84397.0,9843.0,46840.0,9872.0,2539.017,90.95,2834.0,230923.59615,Biotech,27219.0,27219.0,2011-12-01,31551.0,Ken Frazier,MERCK & CO INC (Schering-Plough Corp prior to 11/2009),Chairman/President/CEO,2021-04-01,10.0,10.0,Executive Director,1.0,0.0,0.0,0.0,0.0,0.0,0.0,0.0,0.0,0.0,1954-12-17,M,Black Association Network,29095.0,2019.0,1659.482,0.0,22570.328,11425.398,1659.482,0.5062132016867454
A,USD,STD,INDL,C,7372,3/31/20,16721,ELECTRONIC ARTS INC,EA,2019,11112.0,7461.0,552.0,11112.0,3039.0,5537.0,1559.0,288.413,100.17,7372.0,28890.33021,Software,10364.0,10364.0,2013-09-17,1207036.0,Andrew Wilson,ELECTRONIC ARTS INC,CEO,2021-08-12,10.0,10.0,Executive Director,,,,,,,,,,,1974-09-07,M,,44810.0,2019.0,1200.0,0.0,21365.752,16022.957,1200.0,0.7499364871407288
A,USD,STD,INDL,C,7372,3/31/21,16721,ELECTRONIC ARTS INC,EA,2020,13288.0,7840.0,2078.0,13288.0,837.0,5629.0,1778.0,286.465,135.37,7372.0,38778.767049999995,Software,10364.0,10364.0,2013-09-17,1207036.0,Andrew Wilson,ELECTRONIC ARTS INC,CEO,2021-08-12,10.0,10.0,Executive Director,,,,,,,,,,,1974-09-07,M,,44810.0,2020.0,1249.615,0.0,39165.82,32870.225,1249.615,0.8392579294905609
A,USD,STD,INDL,C,7372,3/31/22,16721,ELECTRONIC ARTS INC,EA,2021,13800.0,7625.0,2150.0,13800.0,789.0,6991.0,2186.0,280.051,126.51,7372.0,35429.25201,Software,10364.0,10364.0,2021-08-12,1207036.0,Andrew Wilson,ELECTRONIC ARTS INC,Chairman/CEO,2027-01-01,10.0,40.0,Executive Director,,,,,,,,,,,1974-09-07,M,,44810.0,2021.0,1292.923,0.0,19858.539,13973.702,1292.923,0.7036621374815135
A,USD,STD,INDL,C,7372,10/31/22,24975,SYNOPSYS INC,SNPS,2022,9418.087,5515.725,602.097,9418.087,984.594,5081.542,1680.379,152.375,292.55,7372.0,44577.30625,Software,29816.0,29816.0,2022-04-30,64702.0,Doctor Aart De Geus,SYNOPSYS INC,Chairman/CEO,2024-01-01,10.0,10.0,Executive Director,0.0,0.0,0.0,0.0,1.0,0.0,0.0,0.0,1.0,0.0,1954-06-01,M,,14024.0,2022.0,540.0,0.0,10058.496,5167.367,540.0,0.5137315757743505
A,USD,STD,INDL,C,7372,10/31/15,24975,SYNOPSYS INC,SNPS,2015,5045.739,3133.989,0.0,5045.739,225.934,2242.211,776.229,155.157,49.98,7372.0,7754.74686,Software,29816.0,29816.0,2012-05-21,64702.0,Doctor Aart De Geus,SYNOPSYS INC,Chairman/Co-CEO,2022-04-30,10.0,10.0,Executive Director,0.0,0.0,0.0,0.0,1.0,0.0,0.0,0.0,1.0,0.0,1954-06-01,M,,14024.0,2015.0,500.0,0.0,4919.139,1250.03,500.0,0.2541156084428596
A,USD,STD,INDL,C,7372,10/31/16,24975,SYNOPSYS INC,SNPS,2016,5240.365,3195.146,0.0,5240.365,266.826,2422.532,856.705,151.454,59.31,7372.0,8982.73674,Software,29816.0,29816.0,2012-05-21,64702.0,Doctor Aart De Geus,SYNOPSYS INC,Chairman/Co-CEO,2022-04-30,10.0,10.0,Executive Director,0.0,0.0,0.0,0.0,1.0,0.0,0.0,0.0,1.0,0.0,1954-06-01,M,,14024.0,2016.0,500.0,0.0,5715.052,1749.994,500.0,0.3062078875222833
A,USD,STD,INDL,C,7372,10/31/17,24975,SYNOPSYS INC,SNPS,2017,5396.414,3275.62,134.063,5396.414,136.563,2724.88,908.841,150.445,86.52,7372.0,13016.5014,Software,29816.0,29816.0,2012-05-21,64702.0,Doctor Aart De Geus,SYNOPSYS INC,Chairman/Co-CEO,2022-04-30,10.0,10.0,Executive Director,0.0,0.0,0.0,0.0,1.0,0.0,0.0,0.0,1.0,0.0,1954-06-01,M,,14024.0,2017.0,525.0,0.0,6652.152,1849.978,525.0,0.27810218407516846
A,USD,STD,INDL,C,7372,10/31/18,24975,SYNOPSYS INC,SNPS,2018,6145.974,3479.152,125.535,6145.974,432.518,3121.058,1084.822,149.265,89.53,7372.0,13363.69545,Software,29816.0,29816.0,2012-05-21,64702.0,Doctor Aart De Geus,SYNOPSYS INC,Chairman/Co-CEO,2022-04-30,10.0,10.0,Executive Director,0.0,0.0,0.0,0.0,1.0,0.0,0.0,0.0,1.0,0.0,1954-06-01,M,,14024.0,2018.0,535.1,0.0,7432.836,2249.988,535.1,0.3027092216214645
A,USD,STD,INDL,C,7372,10/31/19,24975,SYNOPSYS INC,SNPS,2019,6405.16,4083.013,120.093,6405.16,532.367,3360.694,1136.932,150.331,135.75,7372.0,20407.43325,Software,29816.0,29816.0,2012-05-21,64702.0,Doctor Aart De Geus,SYNOPSYS INC,Chairman/Co-CEO,2022-04-30,10.0,10.0,Executive Director,0.0,0.0,0.0,0.0,1.0,0.0,0.0,0.0,1.0,0.0,1954-06-01,M,,14024.0,2019.0,540.0,0.0,9627.625,5562.554,540.0,0.5777701146440581
A,USD,STD,INDL,C,7372,10/31/20,24975,SYNOPSYS INC,SNPS,2020,8030.062,4907.404,563.234,8030.062,664.347,3685.281,1279.022,152.618,213.86,7372.0,32638.88548,Software,29816.0,29816.0,2012-05-21,64702.0,Doctor Aart De Geus,SYNOPSYS INC,Chairman/Co-CEO,2022-04-30,10.0,10.0,Executive Director,0.0,0.0,0.0,0.0,1.0,0.0,0.0,0.0,1.0,0.0,1954-06-01,M,,14024.0,2020.0,540.0,0.0,6768.566,2300.041,540.0,0.3398121551891494
A,USD,STD,INDL,C,7372,10/31/21,24975,SYNOPSYS INC,SNPS,2021,8752.26,5295.137,512.097,8752.26,757.516,4204.193,1504.823,153.062,333.18,7372.0,50997.19716,Software,29816.0,29816.0,2012-05-21,64702.0,Doctor Aart De Geus,SYNOPSYS INC,Chairman/Co-CEO,2022-04-30,10.0,10.0,Executive Director,0.0,0.0,0.0,0.0,1.0,0.0,0.0,0.0,1.0,0.0,1954-06-01,M,,14024.0,2021.0,540.0,0.0,9974.985,5250.326,540.0,0.5263492626805955
A,USD,STD,INDL,C,7372,10/31/23,24975,SYNOPSYS INC,SNPS,2023,10333.131,6147.308,602.113,10333.131,1229.888,5842.619,1946.813,152.053,469.44,7372.0,71379.76032,Software,29816.0,29816.0,2022-04-30,64702.0,Doctor Aart De Geus,SYNOPSYS INC,Chairman/CEO,2024-01-01,10.0,10.0,Executive Director,0.0,0.0,0.0,0.0,1.0,0.0,0.0,0.0,1.0,0.0,1954-06-01,M,,14024.0,2023.0,678.75,0.0,12681.076,7540.58,678.75,0.5946325059482335
A,USD,STD,INDL,C,2836,12/31/24,24468,BIOGEN INC,BIIB,2024,28049.3,16716.0,4881.7,28049.3,1632.2,9675.9,2041.8,145.8,152.92,2836.0,22295.736,Biotech,440155.0,440155.0,2022-11-14,1026.0,Chris Viehbacher,BIOGEN INC (Biogen Idec Inc prior to 03/2015),President/CEO,2027-01-01,10.0,40.0,Executive Director,1.0,0.0,0.0,0.0,0.0,0.0,0.0,0.0,0.0,0.0,1960-03-26,M,,,,,,,,,
A,USD,STD,INDL,C,7372,10/31/24,24975,SYNOPSYS INC,SNPS,2024,13073.561,8990.702,589.666,13073.561,2263.38,6127.436,2082.36,154.112,513.61,7372.0,79153.46432,Software,29816.0,29816.0,2024-01-01,1864086.0,Sassine Ghazi,SYNOPSYS INC,President/CEO,2027-01-01,10.0,40.0,Executive Director,1.0,0.0,0.0,0.0,1.0,0.0,0.0,0.0,1.0,0.0,1970-06-15,M,,,,,,,,,
A,USD,STD,INDL,C,7372,10/31/25,24975,SYNOPSYS INC,SNPS,2025,48224.461,28327.602,14143.096,48224.461,1332.22,7054.178,2479.338,185.994,453.82,7372.0,84407.79708,Software,29816.0,29816.0,2024-01-01,1864086.0,Sassine Ghazi,SYNOPSYS INC,President/CEO,2027-01-01,10.0,40.0,Executive Director,1.0,0.0,0.0,0.0,1.0,0.0,0.0,0.0,1.0,0.0,1970-06-15,M,,,,,,,,,
A,USD,STD,INDL,C,3572,1/31/18,25756,EVERPURE INC,P,2017,1079.407,497.906,0.0,1079.407,-177.602,1023.019,279.196,220.979,20.14,3572.0,4450.51706,Semiconductors/Hardware,1569335.0,1569335.0,2017-03-06,375436.0,Joe Conway,PRIMERO MINING CORP (Mala Noche Resources Corp prior to 08/2010) (De-listed 05/2018),Interim President/CEO,2018-05-10,10.0,10.0,Executive Director,1.0,0.0,1.0,0.0,0.0,0.0,0.0,0.0,0.0,0.0,1957-07-26,M,,,,,,,,,
A,USD,STD,INDL,C,3572,1/31/19,25756,EVERPURE INC,P,2018,1973.025,737.78,449.828,1973.025,-178.362,1359.824,349.936,243.524,17.91,3572.0,4361.51484,Semiconductors/Hardware,1706477.0,1706477.0,2017-09-18,8391.0,Roger Lynch,PANDORA MEDIA INC (De-listed 02/2019),President/CEO,2019-02-01,10.0,10.0,Executive Director,1.0,0.0,1.0,1.0,0.0,0.0,0.0,0.0,0.0,0.0,1962-10-24,M,,37497.0,,,,,,,
A,USD,STD,INDL,C,2834,6/30/15,24782,PERRIGO CO PLC,PRGO,2015,19720.6,10662.6,5246.9,19720.6,128.0,4603.9,187.8,146.3,184.83,2834.0,27040.629000000004,Biotech,24205.0,24205.0,2015-10-22,206108.0,Joe Papa Jr,PERRIGO COMPANY PLC (Perrigo Co prior to 12/2013),Chairman/CEO,2016-04-24,10.0,10.0,Executive Director,1.0,0.0,1.0,1.0,1.0,0.0,0.0,0.0,0.0,0.0,1956-06-15,M,,24736.0,2015.0,612.0,500.0,11282.453,9599.914,1112.0,0.8508711713667233
A,USD,STD,INDL,C,2834,12/31/16,24782,PERRIGO CO PLC,PRGO,2016,13870.1,5958.1,5224.5,13870.1,-4012.8,5280.6,187.5,143.4,83.23,2834.0,11935.182,Biotech,24205.0,24205.0,2016-06-13,270780.0,John Hendrickson,PERRIGO COMPANY PLC (Perrigo Co prior to 12/2013),CEO,2018-01-15,10.0,10.0,Executive Director,1.0,0.0,1.0,0.0,0.0,0.0,0.0,0.0,0.0,0.0,1962-06-15,M,,20238.0,2016.0,810.521,0.0,5799.897,3437.04,810.521,0.5926036272713119
A,USD,STD,INDL,C,2834,12/31/17,24782,PERRIGO CO PLC,PRGO,2017,11628.8,6170.5,3270.8,11628.8,119.6,4946.2,180.4,140.8,87.16,2834.0,12272.128,Biotech,24205.0,24205.0,2016-06-13,270780.0,John Hendrickson,PERRIGO COMPANY PLC (Perrigo Co prior to 12/2013),CEO,2018-01-15,10.0,10.0,Executive Director,1.0,0.0,1.0,0.0,0.0,0.0,0.0,0.0,0.0,0.0,1962-06-15,M,,20238.0,2017.0,900.0,0.0,8322.229,4200.001,900.0,0.5046726063414021
A,USD,STD,INDL,C,2834,12/31/18,24782,PERRIGO CO PLC,PRGO,2018,10983.4,5668.0,3052.2,10983.4,131.0,4731.7,227.1,135.9,38.75,2834.0,5266.125,Biotech,24205.0,24205.0,2018-10-08,56076.0,Murray Kessler,PERRIGO COMPANY PLC (Perrigo Co prior to 12/2013),President/CEO,2023-06-30,10.0,10.0,Executive Director,1.0,0.0,1.0,0.0,0.0,0.0,0.0,0.0,0.0,0.0,1959-04-01,M,,,,,,,,,
A,USD,STD,INDL,C,2834,12/31/19,24782,PERRIGO CO PLC,PRGO,2019,11301.4,5803.8,3467.5,11301.4,146.1,4837.4,191.7,136.1,51.66,2834.0,7030.9259999999995,Biotech,24205.0,24205.0,2018-10-08,56076.0,Murray Kessler,PERRIGO COMPANY PLC (Perrigo Co prior to 12/2013),President/CEO,2023-06-30,10.0,10.0,Executive Director,1.0,0.0,1.0,0.0,0.0,0.0,0.0,0.0,0.0,0.0,1959-04-01,M,,,,,,,,,
A,USD,STD,INDL,C,2834,12/31/20,24782,PERRIGO CO PLC,PRGO,2020,11488.4,5655.1,3687.6,11488.4,-162.6,5085.8,177.7,133.1,44.72,2834.0,5952.232,Biotech,24205.0,24205.0,2018-10-08,56076.0,Murray Kessler,PERRIGO COMPANY PLC (Perrigo Co prior to 12/2013),President/CEO,2023-06-30,10.0,10.0,Executive Director,1.0,0.0,1.0,0.0,0.0,0.0,0.0,0.0,0.0,0.0,1959-04-01,M,,,,,,,,,
A,USD,STD,INDL,C,2834,12/31/21,24782,PERRIGO CO PLC,PRGO,2021,10425.7,5151.7,3064.0,10425.7,-68.9,4138.7,122.9,133.8,38.9,2834.0,5204.820000000001,Biotech,24205.0,24205.0,2018-10-08,56076.0,Murray Kessler,PERRIGO COMPANY PLC (Perrigo Co prior to 12/2013),President/CEO,2023-06-30,10.0,10.0,Executive Director,1.0,0.0,1.0,0.0,0.0,0.0,0.0,0.0,0.0,0.0,1959-04-01,M,,,,,,,,,
A,USD,STD,INDL,C,2834,12/31/22,24782,PERRIGO CO PLC,PRGO,2022,11017.3,4842.1,4259.9,11017.3,-140.6,4451.6,123.1,134.7,34.09,2834.0,4591.923,Biotech,24205.0,24205.0,2018-10-08,56076.0,Murray Kessler,PERRIGO COMPANY PLC (Perrigo Co prior to 12/2013),President/CEO,2023-06-30,10.0,10.0,Executive Director,1.0,0.0,1.0,0.0,0.0,0.0,0.0,0.0,0.0,0.0,1959-04-01,M,,,,,,,,,
A,USD,STD,INDL,C,2834,12/31/23,24782,PERRIGO CO PLC,PRGO,2023,10809.1,4767.9,3792.4,10809.1,-12.7,4664.8,122.5,135.5,32.18,2834.0,4360.39,Biotech,24205.0,24205.0,2023-06-30,1710096.0,Patrick Lockwood-Taylor,PERRIGO COMPANY PLC (Perrigo Co prior to 12/2013),President/CEO,2027-01-01,10.0,40.0,Executive Director,1.0,0.0,0.0,0.0,0.0,0.0,0.0,0.0,0.0,0.0,1969-06-15,M,Asian Association Network,,,,,,,,
A,USD,STD,INDL,C,2836,12/31/25,24468,BIOGEN INC,BIIB,2025,29439.5,18256.8,6577.2,29439.5,1292.9,9890.6,2250.4,146.8,175.99,2836.0,25835.332,Biotech,440155.0,440155.0,2022-11-14,1026.0,Chris Viehbacher,BIOGEN INC (Biogen Idec Inc prior to 03/2015),President/CEO,2027-01-01,10.0,40.0,Executive Director,1.0,0.0,0.0,0.0,0.0,0.0,0.0,0.0,0.0,0.0,1960-03-26,M,,,,,,,,,
A,USD,STD,INDL,C,2836,12/31/23,24468,BIOGEN INC,BIIB,2023,26844.8,14799.4,7188.2,26844.8,1161.1,9835.6,2462.0,144.9,258.77,2836.0,37495.773,Biotech,440155.0,440155.0,2022-11-14,1026.0,Chris Viehbacher,BIOGEN INC (Biogen Idec Inc prior to 03/2015),President/CEO,2027-01-01,10.0,40.0,Executive Director,1.0,0.0,0.0,0.0,0.0,0.0,0.0,0.0,0.0,0.0,1960-03-26,M,,,,,,,,,
A,USD,STD,INDL,C,2834,12/31/19,23812,REGENERON PHARMACEUTICALS,REGN,2019,14805.2,11089.7,713.9,14805.2,2115.8,7863.4,3036.6,110.277,375.48,2834.0,41406.807960000006,Biotech,25954.0,25954.0,1994-01-02,201093.0,Doctor Len Schleifer,REGENERON PHARMACEUTICALS INC,President/CEO,2023-06-09,30.0,10.0,Executive Director,0.0,0.0,0.0,0.0,1.0,0.0,1.0,0.0,0.0,0.0,1953-01-01,M,,9752.0,,,,,,,
A,USD,STD,INDL,C,2836,12/31/20,24344,VERTEX PHARMACEUTICALS INC,VRTX,2020,11751.808,8686.815,889.505,11751.808,2711.647,6205.683,1829.537,259.89,236.34,2834.0,61422.4026,Biotech,32537.0,32537.0,2020-04-01,1890670.0,Doctor Reshma Kewalramani,VERTEX PHARMACEUTICALS INC,President/CEO,2027-01-01,10.0,40.0,Executive Director,1.0,0.0,0.0,0.0,0.0,0.0,1.0,0.0,0.0,0.0,1973-01-01,F,,,,,,,,,
A,USD,STD,INDL,C,2834,12/31/21,23812,REGENERON PHARMACEUTICALS,REGN,2021,25434.8,18768.8,1980.0,25434.8,8075.3,16071.7,2908.1,108.675,631.52,2834.0,68630.436,Biotech,25954.0,25954.0,1994-01-02,201093.0,Doctor Len Schleifer,REGENERON PHARMACEUTICALS INC,President/CEO,2023-06-09,30.0,10.0,Executive Director,0.0,0.0,0.0,0.0,1.0,0.0,1.0,0.0,0.0,0.0,1953-01-01,M,,9752.0,,,,,,,
A,USD,STD,INDL,C,2834,12/31/22,23812,REGENERON PHARMACEUTICALS,REGN,2022,29214.5,22664.0,2757.2,29214.5,4338.4,12172.9,3847.6,109.6,721.49,2834.0,79075.304,Biotech,25954.0,25954.0,1994-01-02,201093.0,Doctor Len Schleifer,REGENERON PHARMACEUTICALS INC,President/CEO,2023-06-09,30.0,10.0,Executive Director,0.0,0.0,0.0,0.0,1.0,0.0,1.0,0.0,0.0,0.0,1953-01-01,M,,9752.0,,,,,,,
A,USD,STD,INDL,C,2834,12/31/23,23812,REGENERON PHARMACEUTICALS,REGN,2023,33080.2,25973.1,2771.6,33080.2,3953.6,13117.2,4625.1,109.4,878.29,2834.0,96084.926,Biotech,25954.0,25954.0,2023-06-09,201093.0,Doctor Len Schleifer,REGENERON PHARMACEUTICALS INC,Co-Chair/President/CEO,2027-01-01,10.0,40.0,Executive Director,0.0,0.0,0.0,0.0,1.0,0.0,1.0,0.0,0.0,0.0,1953-01-01,M,,9752.0,,,,,,,
A,USD,STD,INDL,C,2834,12/31/24,23812,REGENERON PHARMACEUTICALS,REGN,2024,37759.4,29353.6,2908.5,37759.4,4412.6,14202.0,5233.0,109.6,712.33,2834.0,78071.368,Biotech,25954.0,25954.0,2023-06-09,201093.0,Doctor Len Schleifer,REGENERON PHARMACEUTICALS INC,Co-Chair/President/CEO,2027-01-01,10.0,40.0,Executive Director,0.0,0.0,0.0,0.0,1.0,0.0,1.0,0.0,0.0,0.0,1953-01-01,M,,9752.0,,,,,,,
A,USD,STD,INDL,C,2834,12/31/25,23812,REGENERON PHARMACEUTICALS,REGN,2025,40558.7,31256.9,2934.9,40558.7,4504.9,14342.9,5974.3,105.7,771.87,2834.0,81586.659,Biotech,25954.0,25954.0,2023-06-09,201093.0,Doctor Len Schleifer,REGENERON PHARMACEUTICALS INC,Co-Chair/President/CEO,2027-01-01,10.0,40.0,Executive Director,0.0,0.0,0.0,0.0,1.0,0.0,1.0,0.0,0.0,0.0,1953-01-01,M,,9752.0,,,,,,,
A,USD,STD,INDL,C,7372,12/31/20,23818,EVOLENT HEALTH INC,EVH,2020,1370.185,619.6,325.869,1370.185,-334.246,1022.433,15.1,84.357,16.03,7372.0,1352.24271,Software,2292952.0,2292952.0,2020-10-01,1093063.0,Seth Blackley,EVOLENT HEALTH INC,CEO,2027-01-01,10.0,40.0,Executive Director,1.0,0.0,1.0,1.0,0.0,0.0,0.0,0.0,0.0,0.0,1979-06-15,M,,,,,,,,,
A,USD,STD,INDL,C,7372,12/31/22,23818,EVOLENT HEALTH INC,EVH,2022,1817.293,859.417,468.996,1817.293,-19.164,1352.013,,99.963,28.08,7372.0,2806.9610399999997,Software,2292952.0,2292952.0,2020-10-01,1093063.0,Seth Blackley,EVOLENT HEALTH INC,CEO,2027-01-01,10.0,40.0,Executive Director,1.0,0.0,1.0,1.0,0.0,0.0,0.0,0.0,0.0,0.0,1979-06-15,M,,,,,,,,,
A,USD,STD,INDL,C,7372,12/31/23,23818,EVOLENT HEALTH INC,EVH,2023,2680.308,1067.701,635.058,2680.308,-113.04,1963.896,,113.887,33.03,7372.0,3761.68761,Software,2292952.0,2292952.0,2020-10-01,1093063.0,Seth Blackley,EVOLENT HEALTH INC,CEO,2027-01-01,10.0,40.0,Executive Director,1.0,0.0,1.0,1.0,0.0,0.0,0.0,0.0,0.0,0.0,1979-06-15,M,,,,,,,,,
A,USD,STD,INDL,C,7372,12/31/24,23818,EVOLENT HEALTH INC,EVH,2024,2544.411,1001.259,515.489,2544.411,-61.623,2554.741,,115.038,11.25,7372.0,1294.1775,Software,2292952.0,2292952.0,2020-10-01,1093063.0,Seth Blackley,EVOLENT HEALTH INC,CEO,2027-01-01,10.0,40.0,Executive Director,1.0,0.0,1.0,1.0,0.0,0.0,0.0,0.0,0.0,0.0,1979-06-15,M,,,,,,,,,
A,USD,STD,INDL,C,2836,12/31/15,24344,VERTEX PHARMACEUTICALS INC,VRTX,2015,2498.875,939.967,739.503,2498.875,-556.334,1032.336,995.922,246.307,125.83,2834.0,30992.80981,Biotech,32537.0,32537.0,2012-05-22,33491.0,Professor Doctor Jeff Leiden,VERTEX PHARMACEUTICALS INC,Chairman/President/CEO,2020-03-31,10.0,10.0,Executive Director,1.0,1.0,0.0,0.0,1.0,1.0,1.0,1.0,1.0,1.0,1955-10-12,M,,23051.0,2015.0,1297.692,0.0,28099.826,7038.885,1297.692,0.2504956792259141
A,USD,STD,INDL,C,2836,12/31/16,24344,VERTEX PHARMACEUTICALS INC,VRTX,2016,2896.787,1156.582,521.335,2896.787,-112.052,1702.177,1047.69,248.301,73.67,2834.0,18292.33467,Biotech,32537.0,32537.0,2012-05-22,33491.0,Professor Doctor Jeff Leiden,VERTEX PHARMACEUTICALS INC,Chairman/President/CEO,2020-03-31,10.0,10.0,Executive Director,1.0,1.0,0.0,0.0,1.0,1.0,1.0,1.0,1.0,1.0,1955-10-12,M,,23051.0,2016.0,1300.0,0.0,17419.758,9800.076,1300.0,0.5625839348629297
A,USD,STD,INDL,C,2836,12/31/17,24344,VERTEX PHARMACEUTICALS INC,VRTX,2017,3546.014,2028.579,583.902,3546.014,263.484,2488.652,1484.625,253.253,149.86,2834.0,37952.49458,Biotech,32537.0,32537.0,2012-05-22,33491.0,Professor Doctor Jeff Leiden,VERTEX PHARMACEUTICALS INC,Chairman/President/CEO,2020-03-31,10.0,10.0,Executive Director,1.0,1.0,0.0,0.0,1.0,1.0,1.0,1.0,1.0,1.0,1955-10-12,M,,23051.0,2017.0,1300.0,0.0,17227.301,8750.114,1300.0,0.5079213511158829
A,USD,STD,INDL,C,2836,12/31/18,24344,VERTEX PHARMACEUTICALS INC,VRTX,2018,6245.898,4435.203,581.55,6245.898,2096.896,3047.597,1416.476,255.172,165.71,2834.0,42284.55212,Biotech,32537.0,32537.0,2012-05-22,33491.0,Professor Doctor Jeff Leiden,VERTEX PHARMACEUTICALS INC,Chairman/President/CEO,2020-03-31,10.0,10.0,Executive Director,1.0,1.0,0.0,0.0,1.0,1.0,1.0,1.0,1.0,1.0,1955-10-12,M,,23051.0,2018.0,1300.0,0.0,18799.147,9800.288,1300.0,0.5213155682010465
A,USD,STD,INDL,C,2836,12/31/19,24344,VERTEX PHARMACEUTICALS INC,VRTX,2019,8318.465,6085.244,622.868,8318.465,1176.81,4162.821,1754.54,258.993,218.95,2834.0,56706.517349999995,Biotech,32537.0,32537.0,2012-05-22,33491.0,Professor Doctor Jeff Leiden,VERTEX PHARMACEUTICALS INC,Chairman/President/CEO,2020-03-31,10.0,10.0,Executive Director,1.0,1.0,0.0,0.0,1.0,1.0,1.0,1.0,1.0,1.0,1955-10-12,M,,23051.0,2019.0,1300.0,0.0,18789.985,9334.681,1300.0,0.4967902316047618
A,USD,STD,INDL,C,2836,12/31/21,24344,VERTEX PHARMACEUTICALS INC,VRTX,2021,13432.5,10100.0,887.2,13432.5,2342.1,7574.4,3051.1,254.479,219.6,2834.0,55883.5884,Biotech,32537.0,32537.0,2020-04-01,1890670.0,Doctor Reshma Kewalramani,VERTEX PHARMACEUTICALS INC,President/CEO,2027-01-01,10.0,40.0,Executive Director,1.0,0.0,0.0,0.0,0.0,0.0,1.0,0.0,0.0,0.0,1973-01-01,F,,,,,,,,,
A,USD,STD,INDL,C,2836,12/31/22,24468,BIOGEN INC,BIIB,2022,24554.1,13397.9,6614.0,24554.1,3046.9,10173.4,2350.7,144.1,276.92,2836.0,39904.172,Biotech,440155.0,440155.0,2022-11-14,1026.0,Chris Viehbacher,BIOGEN INC (Biogen Idec Inc prior to 03/2015),President/CEO,2027-01-01,10.0,40.0,Executive Director,1.0,0.0,0.0,0.0,0.0,0.0,0.0,0.0,0.0,0.0,1960-03-26,M,,,,,,,,,
A,USD,STD,INDL,C,2836,12/31/22,24344,VERTEX PHARMACEUTICALS INC,VRTX,2022,18150.9,13912.7,810.3,18150.9,3322.0,8930.7,2655.8,257.012,288.78,2834.0,74219.92536,Biotech,32537.0,32537.0,2020-04-01,1890670.0,Doctor Reshma Kewalramani,VERTEX PHARMACEUTICALS INC,President/CEO,2027-01-01,10.0,40.0,Executive Director,1.0,0.0,0.0,0.0,0.0,0.0,1.0,0.0,0.0,0.0,1973-01-01,F,,,,,,,,,
A,USD,STD,INDL,C,2836,12/31/23,24344,VERTEX PHARMACEUTICALS INC,VRTX,2023,22730.2,17580.4,724.7,22730.2,3619.6,9869.2,3690.0,257.695,406.89,2834.0,104853.51855,Biotech,32537.0,32537.0,2020-04-01,1890670.0,Doctor Reshma Kewalramani,VERTEX PHARMACEUTICALS INC,President/CEO,2027-01-01,10.0,40.0,Executive Director,1.0,0.0,0.0,0.0,0.0,0.0,1.0,0.0,0.0,0.0,1973-01-01,F,,,,,,,,,
A,USD,STD,INDL,C,2836,12/31/24,24344,VERTEX PHARMACEUTICALS INC,VRTX,2024,22533.2,16409.6,1657.2,22533.2,-535.6,11020.1,8258.7,256.94,402.7,2836.0,103469.738,Biotech,32537.0,32537.0,2020-04-01,1890670.0,Doctor Reshma Kewalramani,VERTEX PHARMACEUTICALS INC,President/CEO,2027-01-01,10.0,40.0,Executive Director,1.0,0.0,0.0,0.0,0.0,0.0,1.0,0.0,0.0,0.0,1973-01-01,F,,,,,,,,,
A,USD,STD,INDL,C,2836,12/31/25,24344,VERTEX PHARMACEUTICALS INC,VRTX,2025,25643.0,18665.8,1953.2,25643.0,3953.2,12001.3,4421.5,253.991,453.36,2836.0,115149.35976,Biotech,32537.0,32537.0,2020-04-01,1890670.0,Doctor Reshma Kewalramani,VERTEX PHARMACEUTICALS INC,President/CEO,2027-01-01,10.0,40.0,Executive Director,1.0,0.0,0.0,0.0,0.0,0.0,1.0,0.0,0.0,0.0,1973-01-01,F,,,,,,,,,
A,USD,STD,INDL,C,2836,12/31/16,24468,BIOGEN INC,BIIB,2016,22876.8,12140.1,6512.7,22876.8,3702.8,11448.8,1985.5,215.9,283.58,2836.0,61224.922,Biotech,440155.0,440155.0,2010-07-15,272786.0,Doctor George Scangos,BIOGEN INC (Biogen Idec Inc prior to 03/2015),CEO,2017-01-06,10.0,10.0,Executive Director,1.0,1.0,0.0,0.0,1.0,0.0,0.0,0.0,0.0,0.0,1948-06-15,M,,41346.0,2016.0,1500.0,0.0,17733.788,13007.653,1500.0,0.7334954607554799
A,USD,STD,INDL,C,2836,12/31/17,24468,BIOGEN INC,BIIB,2017,23652.6,12612.8,5935.0,23652.6,2539.1,12273.9,2373.6,211.5,318.57,2836.0,67377.555,Biotech,440155.0,440155.0,2017-01-06,1694109.0,Michel Vounatsos,BIOGEN INC (Biogen Idec Inc prior to 03/2015),CEO,2022-11-14,10.0,10.0,Executive Director,0.0,0.0,1.0,0.0,0.0,0.0,0.0,0.0,0.0,0.0,1961-06-15,M,,,,,,,,,
A,USD,STD,INDL,C,2836,12/31/18,24468,BIOGEN INC,BIIB,2018,25288.9,13039.6,5936.5,25288.9,4430.7,13452.9,2899.0,197.2,300.92,2836.0,59341.424,Biotech,440155.0,440155.0,2017-01-06,1694109.0,Michel Vounatsos,BIOGEN INC (Biogen Idec Inc prior to 03/2015),CEO,2022-11-14,10.0,10.0,Executive Director,0.0,0.0,1.0,0.0,0.0,0.0,0.0,0.0,0.0,0.0,1961-06-15,M,,,,,,,,,
A,USD,STD,INDL,C,2836,12/31/19,24468,BIOGEN INC,BIIB,2019,27234.3,13343.2,4871.7,27234.3,5888.5,14377.9,2496.5,174.2,296.73,2836.0,51690.366,Biotech,440155.0,440155.0,2017-01-06,1694109.0,Michel Vounatsos,BIOGEN INC (Biogen Idec Inc prior to 03/2015),CEO,2022-11-14,10.0,10.0,Executive Director,0.0,0.0,1.0,0.0,0.0,0.0,0.0,0.0,0.0,0.0,1961-06-15,M,,,,,,,,,
A,USD,STD,INDL,C,2836,12/31/20,24468,BIOGEN INC,BIIB,2020,24618.9,10700.3,7828.2,24618.9,4000.6,13444.6,4275.6,152.4,244.86,2836.0,37316.664,Biotech,440155.0,440155.0,2017-01-06,1694109.0,Michel Vounatsos,BIOGEN INC (Biogen Idec Inc prior to 03/2015),CEO,2022-11-14,10.0,10.0,Executive Director,0.0,0.0,1.0,0.0,0.0,0.0,0.0,0.0,0.0,0.0,1961-06-15,M,,,,,,,,,
A,USD,STD,INDL,C,2836,12/31/21,24468,BIOGEN INC,BIIB,2021,23877.3,10896.2,6604.4,23877.3,1556.1,10981.7,3148.5,147.0,239.92,2836.0,35268.24,Biotech,440155.0,440155.0,2017-01-06,1694109.0,Michel Vounatsos,BIOGEN INC (Biogen Idec Inc prior to 03/2015),CEO,2022-11-14,10.0,10.0,Executive Director,0.0,0.0,1.0,0.0,0.0,0.0,0.0,0.0,0.0,0.0,1961-06-15,M,,,,,,,,,
A,USD,STD,INDL,C,2834,12/31/24,24782,PERRIGO CO PLC,PRGO,2024,9647.7,4319.4,3735.5,9647.7,-171.8,4373.4,112.2,136.5,25.71,2834.0,3509.415,Biotech,24205.0,24205.0,2023-06-30,1710096.0,Patrick Lockwood-Taylor,PERRIGO COMPANY PLC (Perrigo Co prior to 12/2013),President/CEO,2027-01-01,10.0,40.0,Executive Director,1.0,0.0,0.0,0.0,0.0,0.0,0.0,0.0,0.0,0.0,1969-06-15,M,Asian Association Network,,,,,,,,
A,USD,STD,INDL,C,2834,12/31/25,24782,PERRIGO CO PLC,PRGO,2025,8535.2,2935.5,3755.1,8535.2,-1425.4,4253.1,95.4,137.6,13.92,2834.0,1915.392,Biotech,24205.0,24205.0,2023-06-30,1710096.0,Patrick Lockwood-Taylor,PERRIGO COMPANY PLC (Perrigo Co prior to 12/2013),President/CEO,2027-01-01,10.0,40.0,Executive Director,1.0,0.0,0.0,0.0,0.0,0.0,0.0,0.0,0.0,0.0,1969-06-15,M,Asian Association Network,,,,,,,,
A,USD,STD,INDL,C,3674,9/30/15,24800,QUALCOMM INC,QCOM,2015,50796.0,31421.0,9969.0,50796.0,5271.0,25281.0,5490.0,1524.0,53.73,3674.0,81884.51999999999,Semiconductors/Hardware,25529.0,25529.0,2014-03-04,640531.0,Steve Mollenkopf,QUALCOMM INC,CEO,2021-06-30,10.0,10.0,Executive Director,1.0,0.0,0.0,0.0,0.0,0.0,0.0,0.0,1.0,0.0,1968-06-15,M,,36696.0,2015.0,1141.886,0.0,10372.325,8000.034,1141.886,0.7712864762721954
A,USD,STD,INDL,C,3672,9/30/16,28139,SANMINA CORP,SANM,2016,3625.222,1609.803,434.059,3625.222,187.838,6481.181,37.746,73.031,28.47,3672.0,2079.19257,Semiconductors/Hardware,27025.0,27025.0,2002-12-06,83652.0,Jure Sola,SANMINA CORP (Sanmina-SCI Corp prior to 11/2012),Chairman/CEO,2017-10-02,10.0,10.0,Executive Director,1.0,0.0,0.0,0.0,0.0,0.0,0.0,0.0,0.0,0.0,1951-01-02,M,,8095.0,,,,,,,
A,USD,STD,INDL,C,2836,12/31/24,26376,BEONE MEDICINES LTD,ONC,2024,5920.91,3332.222,210.761,5920.91,-644.786,3810.241,1953.295,106.721,184.71,2836.0,19712.43591,Biotech,23141.0,23141.0,2024-06-24,601215.0,Wayne Pisano,ONCOLYTICS BIOTECH INC,Chair/Interim CEO,2025-06-11,10.0,10.0,Executive Director,1.0,0.0,1.0,0.0,0.0,0.0,0.0,0.0,0.0,0.0,1955-06-15,M,,,,,,,,,
A,USD,STD,INDL,C,2836,12/31/25,26376,BEONE MEDICINES LTD,ONC,2025,8188.573,4361.194,1865.095,8188.573,286.933,5343.033,2145.868,110.852,303.81,2836.0,33677.94612,Biotech,23141.0,23141.0,2025-06-11,2250110.0,Jared Kelly,ONCOLYTICS BIOTECH INC,CEO,2027-01-01,10.0,40.0,Executive Director,1.0,0.0,0.0,0.0,0.0,0.0,0.0,0.0,1.0,0.0,1900-01-01,M,,,,,,,,,
A,USD,STD,INDL,C,7372,7/31/15,27928,INTUIT INC,INTU,2015,4968.0,2332.0,500.0,4968.0,365.0,4192.0,798.0,277.706,105.77,7372.0,29372.96362,Software,16626.0,16626.0,2008-01-01,444827.0,Brad Smith,INTUIT INC,President/CEO,2016-01-21,10.0,10.0,Executive Director,1.0,0.0,1.0,0.0,0.0,0.0,0.0,0.0,0.0,0.0,1964-06-15,M,,28880.0,2015.0,1000.0,0.0,16015.331,10373.838,1000.0,0.6477442145903821
A,USD,STD,INDL,C,7372,7/31/16,27928,INTUIT INC,INTU,2016,4250.0,1161.0,488.0,4250.0,979.0,4694.0,881.0,257.853,110.99,7372.0,28619.10447,Software,16626.0,16626.0,2016-01-21,444827.0,Brad Smith,INTUIT INC,Chairman/President/CEO,2018-12-31,10.0,10.0,Executive Director,1.0,0.0,1.0,0.0,0.0,0.0,0.0,0.0,0.0,0.0,1964-06-15,M,,28880.0,2016.0,1000.0,0.0,18788.385,11576.785,1000.0,0.6161671160134307
A,USD,STD,INDL,C,7372,7/31/17,27928,INTUIT INC,INTU,2017,4068.0,1354.0,438.0,4068.0,971.0,5177.0,998.0,255.668,137.21,7372.0,35080.206280000006,Software,16626.0,16626.0,2016-01-21,444827.0,Brad Smith,INTUIT INC,Chairman/President/CEO,2018-12-31,10.0,10.0,Executive Director,1.0,0.0,1.0,0.0,0.0,0.0,0.0,0.0,0.0,0.0,1964-06-15,M,,28880.0,2017.0,1000.0,0.0,22855.157,16451.308,1000.0,0.7198072627547473
A,USD,STD,INDL,C,7372,7/31/19,27928,INTUIT INC,INTU,2019,6283.0,3749.0,386.0,6283.0,1557.0,6784.0,1233.0,260.18,277.31,7372.0,72150.51580000001,Software,16626.0,16626.0,2019-01-01,556870.0,Sasan Goodarzi,INTUIT INC,CEO,2026-01-22,10.0,10.0,Executive Director,1.0,0.0,1.0,1.0,0.0,0.0,0.0,0.0,0.0,0.0,1968-03-01,M,,34210.0,2019.0,910.769,0.0,17506.677,11198.32,910.769,0.6396599423180082
A,USD,STD,INDL,C,7372,7/31/20,27928,INTUIT INC,INTU,2020,10931.0,5106.0,2252.0,10931.0,1826.0,7649.0,1392.0,261.74,306.37,7372.0,80189.2838,Software,16626.0,16626.0,2019-01-01,556870.0,Sasan Goodarzi,INTUIT INC,CEO,2026-01-22,10.0,10.0,Executive Director,1.0,0.0,1.0,1.0,0.0,0.0,0.0,0.0,0.0,0.0,1968-03-01,M,,34210.0,2020.0,1038.462,0.0,15574.145,13025.683,1038.462,0.8363658486549342
A,USD,STD,INDL,C,7372,7/31/21,27928,INTUIT INC,INTU,2021,15516.0,9869.0,2414.0,15516.0,2062.0,9613.0,1678.0,273.235,529.97,7372.0,144806.35295,Software,16626.0,16626.0,2019-01-01,556870.0,Sasan Goodarzi,INTUIT INC,CEO,2026-01-22,10.0,10.0,Executive Director,1.0,0.0,1.0,1.0,0.0,0.0,0.0,0.0,0.0,0.0,1968-03-01,M,,34210.0,2021.0,1000.0,0.0,19179.185,15981.685,1000.0,0.8332828011200684
A,USD,STD,INDL,C,7372,7/31/22,27928,INTUIT INC,INTU,2022,27734.0,16441.0,6957.0,27734.0,2066.0,12726.0,2347.0,281.932,456.17,7372.0,128608.92044000002,Software,16626.0,16626.0,2019-01-01,556870.0,Sasan Goodarzi,INTUIT INC,CEO,2026-01-22,10.0,10.0,Executive Director,1.0,0.0,1.0,1.0,0.0,0.0,0.0,0.0,0.0,0.0,1968-03-01,M,,34210.0,2022.0,1100.0,0.0,27174.857,17489.821,1100.0,0.6436030555744967
A,USD,STD,INDL,C,7372,7/31/23,27928,INTUIT INC,INTU,2023,27780.0,17269.0,6600.0,27780.0,2384.0,14368.0,2539.0,280.421,511.7,7372.0,143491.4257,Software,16626.0,16626.0,2019-01-01,556870.0,Sasan Goodarzi,INTUIT INC,CEO,2026-01-22,10.0,10.0,Executive Director,1.0,0.0,1.0,1.0,0.0,0.0,0.0,0.0,0.0,0.0,1968-03-01,M,,34210.0,2023.0,1100.0,0.0,27305.429,17840.333,1100.0,0.6533621207709279
A,USD,STD,INDL,C,7372,7/31/24,27928,INTUIT INC,INTU,2024,32132.0,18436.0,5997.0,32132.0,2963.0,16285.0,2754.0,280.268,647.35,7372.0,181431.4898,Software,16626.0,16626.0,2019-01-01,556870.0,Sasan Goodarzi,INTUIT INC,CEO,2026-01-22,10.0,10.0,Executive Director,1.0,0.0,1.0,1.0,0.0,0.0,0.0,0.0,0.0,0.0,1968-03-01,M,,34210.0,2024.0,1200.0,0.0,36572.36,24247.389,1200.0,0.662997657247167
A,USD,STD,INDL,C,7372,7/31/25,27928,INTUIT INC,INTU,2025,36958.0,19710.0,6570.0,36958.0,3869.0,18831.0,2928.0,279.129,785.13,7372.0,219152.55177,Software,16626.0,16626.0,2019-01-01,556870.0,Sasan Goodarzi,INTUIT INC,CEO,2026-01-22,10.0,10.0,Executive Director,1.0,0.0,1.0,1.0,0.0,0.0,0.0,0.0,0.0,0.0,1968-03-01,M,,34210.0,2025.0,1300.0,0.0,36845.552,24285.384,1300.0,0.6591130457212311
A,USD,STD,INDL,C,3672,9/30/15,28139,SANMINA CORP,SANM,2015,3493.264,1520.471,423.949,3493.264,377.261,6374.541,33.083,78.058,21.37,3672.0,1668.09946,Semiconductors/Hardware,27025.0,27025.0,2002-12-06,83652.0,Jure Sola,SANMINA CORP (Sanmina-SCI Corp prior to 11/2012),Chairman/CEO,2017-10-02,10.0,10.0,Executive Director,1.0,0.0,0.0,0.0,0.0,0.0,0.0,0.0,0.0,0.0,1951-01-02,M,,8095.0,,,,,,,
A,USD,STD,INDL,C,3672,9/30/17,28139,SANMINA CORP,SANM,2017,3847.363,1647.684,391.447,3847.363,138.833,6868.619,33.716,71.664,37.15,3672.0,2662.3176,Semiconductors/Hardware,27025.0,27025.0,2017-10-02,204362.0,Bob Eulau,SANMINA CORP (Sanmina-SCI Corp prior to 11/2012),CEO,2018-08-31,10.0,10.0,Executive Director,1.0,0.0,1.0,1.0,0.0,0.0,0.0,0.0,0.0,0.0,1961-06-15,M,,,,,,,,,
A,USD,STD,INDL,C,3674,9/30/16,24800,QUALCOMM INC,QCOM,2016,52359.0,31778.0,10008.0,52359.0,5705.0,23554.0,5151.0,1476.0,68.5,3674.0,101106.0,Semiconductors/Hardware,25529.0,25529.0,2014-03-04,640531.0,Steve Mollenkopf,QUALCOMM INC,CEO,2021-06-30,10.0,10.0,Executive Director,1.0,0.0,0.0,0.0,0.0,0.0,0.0,0.0,1.0,0.0,1968-06-15,M,,36696.0,2016.0,1138.694,0.0,11066.012,8000.114,1138.694,0.7229446344356033
A,USD,STD,INDL,C,3672,9/30/18,28139,SANMINA CORP,SANM,2018,4085.133,1472.844,14.346,4085.133,-95.533,7110.13,30.754,67.777,27.6,3672.0,1870.6452,Semiconductors/Hardware,27025.0,27025.0,2018-10-01,456223.0,Michael Clarke,SANMINA CORP (Sanmina-SCI Corp prior to 11/2012),CEO,2019-09-30,10.0,10.0,Executive Director,0.0,0.0,0.0,0.0,0.0,0.0,0.0,0.0,0.0,0.0,1954-06-15,M,,57613.0,,,,,,,
A,USD,STD,INDL,C,3672,9/30/19,28139,SANMINA CORP,SANM,2019,3905.513,1642.573,346.971,3905.513,141.515,8233.859,27.552,69.72,32.11,3672.0,2238.7092,Semiconductors/Hardware,27025.0,27025.0,2019-12-09,807018.0,Hartmut Liebel,SANMINA CORP (Sanmina-SCI Corp prior to 11/2012),CEO,2020-08-17,10.0,10.0,Executive Director,1.0,0.0,1.0,0.0,0.0,0.0,0.0,0.0,0.0,0.0,1963-06-15,M,,57614.0,,,,,,,
A,USD,STD,INDL,C,3672,9/30/20,28139,SANMINA CORP,SANM,2020,3772.656,1629.916,366.264,3772.656,139.713,6960.37,22.564,64.999,27.05,3672.0,1758.22295,Semiconductors/Hardware,27025.0,27025.0,2020-08-17,83652.0,Jure Sola,SANMINA CORP (Sanmina-SCI Corp prior to 11/2012),Chairman/CEO,2027-01-01,10.0,40.0,Executive Director,1.0,0.0,0.0,0.0,0.0,0.0,0.0,0.0,0.0,0.0,1951-01-02,M,,8095.0,,,,,,,
A,USD,STD,INDL,C,3672,9/30/21,28139,SANMINA CORP,SANM,2021,4206.719,1878.628,350.159,4206.719,268.998,6756.643,20.911,64.307,38.54,3672.0,2478.39178,Semiconductors/Hardware,27025.0,27025.0,2020-08-17,83652.0,Jure Sola,SANMINA CORP (Sanmina-SCI Corp prior to 11/2012),Chairman/CEO,2027-01-01,10.0,40.0,Executive Director,1.0,0.0,0.0,0.0,0.0,0.0,0.0,0.0,0.0,0.0,1951-01-02,M,,8095.0,,,,,,,
A,USD,STD,INDL,C,3674,6/30/15,27794,WOLFSPEED INC,WOLF,2015,2954.4,2466.356,200.0,2954.4,-64.051,1658.984,182.797,105.507,26.03,3674.0,2746.3472100000004,Semiconductors/Hardware,8220.0,8220.0,2005-04-27,90127.0,Chuck Swoboda,WOLFSPEED INC (Cree Inc prior to 10/2021),Chairman/President/CEO,2017-09-27,10.0,10.0,Executive Director,1.0,0.0,0.0,0.0,0.0,0.0,0.0,0.0,0.0,0.0,1966-06-15,M,,18580.0,2015.0,779.615,0.0,5416.377,3610.4,779.615,0.6665710307831231
A,USD,STD,INDL,C,3674,6/30/16,27794,WOLFSPEED INC,WOLF,2016,2766.06,2367.824,160.0,2766.06,-21.536,1616.627,168.848,100.829,24.44,3674.0,2464.26076,Semiconductors/Hardware,8220.0,8220.0,2005-04-27,90127.0,Chuck Swoboda,WOLFSPEED INC (Cree Inc prior to 10/2021),Chairman/President/CEO,2017-09-27,10.0,10.0,Executive Director,1.0,0.0,0.0,0.0,0.0,0.0,0.0,0.0,0.0,0.0,1966-06-15,M,,18580.0,2016.0,785.0,0.0,6048.9,5003.146,785.0,0.8271166658400702
A,USD,STD,INDL,C,3674,6/30/17,27794,WOLFSPEED INC,WOLF,2017,2649.867,2222.805,145.0,2649.867,-98.118,1473.0,158.549,97.674,24.65,3674.0,2407.6641,Semiconductors/Hardware,8220.0,8220.0,2017-09-27,34852.0,Gregg Lowe,WOLFSPEED INC (Cree Inc prior to 10/2021),President/CEO,2024-11-18,10.0,10.0,Executive Director,1.0,0.0,0.0,0.0,0.0,0.0,0.0,0.0,0.0,0.0,1962-06-15,M,,,,,,,,,
A,USD,STD,INDL,C,3674,6/30/18,27794,WOLFSPEED INC,WOLF,2018,2637.545,2067.136,292.0,2637.545,-279.968,1493.68,164.321,101.488,41.57,3674.0,4218.85616,Semiconductors/Hardware,8220.0,8220.0,2017-09-27,34852.0,Gregg Lowe,WOLFSPEED INC (Cree Inc prior to 10/2021),President/CEO,2024-11-18,10.0,10.0,Executive Director,1.0,0.0,0.0,0.0,0.0,0.0,0.0,0.0,0.0,0.0,1962-06-15,M,,,,,,,,,
A,USD,STD,INDL,C,3674,6/30/19,27794,WOLFSPEED INC,WOLF,2019,2816.9,2036.2,469.1,2816.9,-375.1,1080.0,157.9,106.57,56.18,3674.0,5987.102599999999,Semiconductors/Hardware,8220.0,8220.0,2017-09-27,34852.0,Gregg Lowe,WOLFSPEED INC (Cree Inc prior to 10/2021),President/CEO,2024-11-18,10.0,10.0,Executive Director,1.0,0.0,0.0,0.0,0.0,0.0,0.0,0.0,0.0,0.0,1962-06-15,M,,,,,,,,,
A,USD,STD,INDL,C,2836,12/31/23,26376,BEONE MEDICINES LTD,ONC,2023,5805.275,3537.327,219.869,5805.275,-881.708,2458.779,1778.594,104.578,180.36,2836.0,18861.688080000004,Biotech,23141.0,23141.0,2017-01-19,790419.0,Doctor Matt Coffey,ONCOLYTICS BIOTECH INC,President/CEO,2025-02-07,10.0,10.0,Executive Director,0.0,0.0,0.0,0.0,1.0,0.0,0.0,0.0,0.0,0.0,1900-01-01,M,,,,,,,,,
A,USD,STD,INDL,C,2836,12/31/22,26376,BEONE MEDICINES LTD,ONC,2022,6379.29,4383.355,243.665,6379.29,-2003.815,1415.921,1640.508,104.318,219.94,2836.0,22943.70092,Biotech,23141.0,23141.0,2017-01-19,790419.0,Doctor Matt Coffey,ONCOLYTICS BIOTECH INC,President/CEO,2025-02-07,10.0,10.0,Executive Director,0.0,0.0,0.0,0.0,1.0,0.0,0.0,0.0,0.0,0.0,1900-01-01,M,,,,,,,,,
A,USD,STD,INDL,C,2836,12/31/21,26376,BEONE MEDICINES LTD,ONC,2021,8645.949,6242.987,245.154,8645.949,-1413.354,1176.283,1459.239,102.677,270.93,2836.0,27818.27961,Biotech,23141.0,23141.0,2017-01-19,790419.0,Doctor Matt Coffey,ONCOLYTICS BIOTECH INC,President/CEO,2025-02-07,10.0,10.0,Executive Director,0.0,0.0,0.0,0.0,1.0,0.0,0.0,0.0,0.0,0.0,1900-01-01,M,,,,,,,,,
A,USD,STD,INDL,C,2836,12/31/25,26359,APELLIS PHARMACEUTICALS,APLS,2025,1075.257,370.147,373.611,1075.257,22.388,1003.782,295.854,126.621,25.12,2836.0,3180.71952,Biotech,2725802.0,2725802.0,2017-11-09,1488593.0,Doctor Cedric Francois,APELLIS PHARMACEUTICALS INC,President/CEO,2027-01-01,10.0,40.0,Executive Director,0.0,0.0,0.0,0.0,1.0,0.0,1.0,0.0,0.0,0.0,1972-06-15,M,,,,,,,,,
A,USD,STD,INDL,C,3674,9/30/17,24800,QUALCOMM INC,QCOM,2017,65486.0,30746.0,19398.0,65486.0,2466.0,23231.0,5485.0,1474.0,51.84,3674.0,76412.16,Semiconductors/Hardware,25529.0,25529.0,2014-03-04,640531.0,Steve Mollenkopf,QUALCOMM INC,CEO,2021-06-30,10.0,10.0,Executive Director,1.0,0.0,0.0,0.0,0.0,0.0,0.0,0.0,1.0,0.0,1968-06-15,M,,36696.0,2017.0,1156.079,0.0,11591.31,8000.035,1156.079,0.6901752260961013
A,USD,STD,INDL,C,3674,9/30/18,24800,QUALCOMM INC,QCOM,2018,32686.0,928.0,15365.0,32686.0,-4864.0,22732.0,5625.0,1219.0,72.03,3674.0,87804.57,Semiconductors/Hardware,25529.0,25529.0,2014-03-04,640531.0,Steve Mollenkopf,QUALCOMM INC,CEO,2021-06-30,10.0,10.0,Executive Director,1.0,0.0,0.0,0.0,0.0,0.0,0.0,0.0,1.0,0.0,1968-06-15,M,,36696.0,2018.0,1390.739,0.0,19975.472,10000.072,1390.739,0.5006175573723615
A,USD,STD,INDL,C,3674,9/30/19,24800,QUALCOMM INC,QCOM,2019,32957.0,4909.0,13437.0,32957.0,4386.0,19550.0,5398.0,1145.0,76.28,3674.0,87340.6,Semiconductors/Hardware,25529.0,25529.0,2014-03-04,640531.0,Steve Mollenkopf,QUALCOMM INC,CEO,2021-06-30,10.0,10.0,Executive Director,1.0,0.0,0.0,0.0,0.0,0.0,0.0,0.0,1.0,0.0,1968-06-15,M,,36696.0,2019.0,1198.709,0.0,23065.053,21600.214,1198.709,0.9364909761967597
A,USD,STD,INDL,C,3674,9/30/20,24800,QUALCOMM INC,QCOM,2020,35594.0,6077.0,15597.0,35594.0,5198.0,21731.0,5975.0,1131.0,117.68,3674.0,133096.08000000002,Semiconductors/Hardware,25529.0,25529.0,2014-03-04,640531.0,Steve Mollenkopf,QUALCOMM INC,CEO,2021-06-30,10.0,10.0,Executive Director,1.0,0.0,0.0,0.0,0.0,0.0,0.0,0.0,1.0,0.0,1968-06-15,M,,36696.0,2020.0,1528.659,0.0,25930.689,18000.269,1528.659,0.6941685583441304
A,USD,STD,INDL,C,3674,9/30/21,24800,QUALCOMM INC,QCOM,2021,41240.0,9950.0,14129.0,41240.0,9043.0,33566.0,7176.0,1125.0,128.98,3674.0,145102.5,Semiconductors/Hardware,25529.0,25529.0,2021-06-30,1284093.0,Cristiano Amon,QUALCOMM INC,President/CEO,2027-01-01,10.0,40.0,Executive Director,1.0,0.0,0.0,0.0,0.0,0.0,0.0,0.0,0.0,0.0,1970-06-15,M,,46758.0,2021.0,1032.902,0.0,20638.924,16000.168,1032.902,0.7752423527505601
A,USD,STD,INDL,C,3674,9/30/22,24800,QUALCOMM INC,QCOM,2022,49014.0,18013.0,14110.0,49014.0,12936.0,44200.0,8194.0,1121.0,112.98,3674.0,126650.58,Semiconductors/Hardware,25529.0,25529.0,2021-06-30,1284093.0,Cristiano Amon,QUALCOMM INC,President/CEO,2027-01-01,10.0,40.0,Executive Director,1.0,0.0,0.0,0.0,0.0,0.0,0.0,0.0,0.0,0.0,1970-06-15,M,,46758.0,2022.0,1150.0,0.0,4754.113,0.0,1150.0,0.0
A,USD,STD,INDL,C,3674,9/30/23,24800,QUALCOMM INC,QCOM,2023,51040.0,21581.0,15055.0,51040.0,7232.0,35820.0,8968.0,1114.0,111.06,3674.0,123720.84,Semiconductors/Hardware,25529.0,25529.0,2021-06-30,1284093.0,Cristiano Amon,QUALCOMM INC,President/CEO,2027-01-01,10.0,40.0,Executive Director,1.0,0.0,0.0,0.0,0.0,0.0,0.0,0.0,0.0,0.0,1970-06-15,M,,46758.0,2023.0,1346.154,0.0,23490.335,21110.241,1346.154,0.8986777327781832
A,USD,STD,INDL,C,3674,9/30/24,24800,QUALCOMM INC,QCOM,2024,55154.0,26274.0,13978.0,55154.0,10142.0,38962.0,8893.0,1113.0,170.05,3674.0,189265.65,Semiconductors/Hardware,25529.0,25529.0,2021-06-30,1284093.0,Cristiano Amon,QUALCOMM INC,President/CEO,2027-01-01,10.0,40.0,Executive Director,1.0,0.0,0.0,0.0,0.0,0.0,0.0,0.0,0.0,0.0,1970-06-15,M,,46758.0,2024.0,1350.0,0.0,25931.574,20000.084,1350.0,0.7712637883068725
A,USD,STD,INDL,C,3674,9/30/25,24800,QUALCOMM INC,QCOM,2025,50143.0,21206.0,15541.0,50143.0,5541.0,44141.0,9042.0,1074.0,166.36,3674.0,178670.64,Semiconductors/Hardware,25529.0,25529.0,2021-06-30,1284093.0,Cristiano Amon,QUALCOMM INC,President/CEO,2027-01-01,10.0,40.0,Executive Director,1.0,0.0,0.0,0.0,0.0,0.0,0.0,0.0,0.0,0.0,1970-06-15,M,,46758.0,2025.0,1350.0,0.0,5539.054,0.0,1350.0,0.0
A,USD,STD,INDL,C,2836,12/31/15,24856,GILEAD SCIENCES INC,GILD,2015,51839.0,18534.0,21195.0,51839.0,18108.0,32639.0,3014.0,1422.0,101.19,2836.0,143892.18,Biotech,13273.0,13273.0,2008-05-07,47456.0,Doctor John Martin,GILEAD SCIENCES INC,Chairman/CEO,2016-03-10,10.0,10.0,Executive Director,1.0,0.0,1.0,0.0,1.0,1.0,0.0,0.0,0.0,0.0,1951-06-15,M,,,,,,,,,
A,USD,STD,INDL,C,2836,12/31/16,24856,GILEAD SCIENCES INC,GILD,2016,56977.0,18887.0,26346.0,56977.0,13501.0,30390.0,5098.0,1310.0,71.61,2836.0,93809.1,Biotech,13273.0,13273.0,2016-03-10,48201.0,Doctor John Milligan,GILEAD SCIENCES INC,President/CEO,2018-12-31,10.0,10.0,Executive Director,1.0,0.0,0.0,0.0,1.0,0.0,0.0,0.0,0.0,0.0,1960-06-15,M,,26635.0,2016.0,1465.385,0.0,13935.212,4349.75,1465.385,0.31214092760124496
A,USD,STD,INDL,C,2836,12/31/17,24856,GILEAD SCIENCES INC,GILD,2017,70283.0,20442.0,30795.0,70283.0,4628.0,26107.0,3734.0,1308.0,71.64,2836.0,93705.12,Biotech,13273.0,13273.0,2016-03-10,48201.0,Doctor John Milligan,GILEAD SCIENCES INC,President/CEO,2018-12-31,10.0,10.0,Executive Director,1.0,0.0,0.0,0.0,1.0,0.0,0.0,0.0,0.0,0.0,1960-06-15,M,,26635.0,2017.0,1539.462,0.0,15438.459,4894.499,1539.462,0.3170328722575226
A,USD,STD,INDL,C,2836,12/31/19,24856,GILEAD SCIENCES INC,GILD,2019,61627.0,22525.0,22720.0,61627.0,5386.0,22449.0,9106.0,1266.0,64.98,2836.0,82264.68000000001,Biotech,13273.0,13273.0,2019-03-01,1015485.0,Daniel O'Day,GILEAD SCIENCES INC,Chairman/CEO,2027-01-01,10.0,40.0,Executive Director,1.0,0.0,1.0,1.0,0.0,0.0,0.0,0.0,0.0,0.0,1964-06-15,M,,,,,,,,,
A,USD,STD,INDL,C,2836,12/31/20,24856,GILEAD SCIENCES INC,GILD,2020,68407.0,18202.0,29253.0,68407.0,123.0,24689.0,10895.0,1254.0,58.26,2836.0,73058.04,Biotech,13273.0,13273.0,2019-03-01,1015485.0,Daniel O'Day,GILEAD SCIENCES INC,Chairman/CEO,2027-01-01,10.0,40.0,Executive Director,1.0,0.0,1.0,1.0,0.0,0.0,0.0,0.0,0.0,0.0,1964-06-15,M,,,,,,,,,
A,USD,STD,INDL,C,2836,12/31/21,24856,GILEAD SCIENCES INC,GILD,2021,67952.0,21069.0,25668.0,67952.0,6225.0,27305.0,5540.0,1254.0,72.61,2836.0,91052.94,Biotech,13273.0,13273.0,2019-03-01,1015485.0,Daniel O'Day,GILEAD SCIENCES INC,Chairman/CEO,2027-01-01,10.0,40.0,Executive Director,1.0,0.0,1.0,1.0,0.0,0.0,0.0,0.0,0.0,0.0,1964-06-15,M,,,,,,,,,
A,USD,STD,INDL,C,2836,12/31/22,24856,GILEAD SCIENCES INC,GILD,2022,63171.0,21240.0,23424.0,63171.0,4592.0,27281.0,8621.0,1247.0,85.85,2836.0,107054.95,Biotech,13273.0,13273.0,2019-03-01,1015485.0,Daniel O'Day,GILEAD SCIENCES INC,Chairman/CEO,2027-01-01,10.0,40.0,Executive Director,1.0,0.0,1.0,1.0,0.0,0.0,0.0,0.0,0.0,0.0,1964-06-15,M,,,,,,,,,
A,USD,STD,INDL,C,2836,12/31/23,24856,GILEAD SCIENCES INC,GILD,2023,62125.0,22833.0,23735.0,62125.0,5665.0,27116.0,6923.0,1246.0,81.01,2836.0,100938.46,Biotech,13273.0,13273.0,2019-03-01,1015485.0,Daniel O'Day,GILEAD SCIENCES INC,Chairman/CEO,2027-01-01,10.0,40.0,Executive Director,1.0,0.0,1.0,1.0,0.0,0.0,0.0,0.0,0.0,0.0,1964-06-15,M,,,,,,,,,
A,USD,STD,INDL,C,2836,12/31/24,24856,GILEAD SCIENCES INC,GILD,2024,58995.0,19330.0,25394.0,58995.0,480.0,28754.0,14750.0,1246.0,92.37,2836.0,115093.02,Biotech,13273.0,13273.0,2019-03-01,1015485.0,Daniel O'Day,GILEAD SCIENCES INC,Chairman/CEO,2027-01-01,10.0,40.0,Executive Director,1.0,0.0,1.0,1.0,0.0,0.0,0.0,0.0,0.0,0.0,1964-06-15,M,,,,,,,,,
A,USD,STD,INDL,C,2836,12/31/25,24856,GILEAD SCIENCES INC,GILD,2025,59023.0,22702.0,22632.0,59023.0,8510.0,29443.0,7413.0,1241.0,122.74,2836.0,152320.34,Biotech,13273.0,13273.0,2019-03-01,1015485.0,Daniel O'Day,GILEAD SCIENCES INC,Chairman/CEO,2027-01-01,10.0,40.0,Executive Director,1.0,0.0,1.0,1.0,0.0,0.0,0.0,0.0,0.0,0.0,1964-06-15,M,,,,,,,,,
A,USD,STD,INDL,C,3571,10/31/16,26156,HEWLETT PACKARD ENTERPRISE,HPE,2016,79679.0,31448.0,12608.0,79679.0,3161.0,50123.0,2298.0,1666.332,22.47,3571.0,37442.48004,Semiconductors/Hardware,2358912.0,2358912.0,2015-11-02,34345.0,Meg Whitman,HEWLETT PACKARD ENTERPRISE CO,President/CEO,2017-06-20,10.0,10.0,Executive Director,1.0,1.0,1.0,1.0,0.0,0.0,0.0,0.0,0.0,0.0,1956-08-04,F,,5706.0,,,,,,,
A,USD,STD,INDL,C,3571,10/31/17,26156,HEWLETT PACKARD ENTERPRISE,HPE,2017,61406.0,23466.0,10182.0,61406.0,344.0,28871.0,1486.0,1595.161,13.92,3571.0,22204.64112,Semiconductors/Hardware,2358912.0,2358912.0,2017-06-20,34345.0,Meg Whitman,HEWLETT PACKARD ENTERPRISE CO,CEO,2018-02-01,10.0,10.0,Executive Director,1.0,1.0,1.0,1.0,0.0,0.0,0.0,0.0,0.0,0.0,1956-08-04,F,,5706.0,,,,,,,
A,USD,STD,INDL,C,3571,10/31/18,26156,HEWLETT PACKARD ENTERPRISE,HPE,2018,55493.0,21239.0,10136.0,55493.0,1908.0,30852.0,1663.0,1423.303,15.25,3571.0,21705.37075,Semiconductors/Hardware,2358912.0,2358912.0,2018-02-01,1192124.0,Antonio Neri,HEWLETT PACKARD ENTERPRISE CO,President/CEO,2027-01-01,10.0,40.0,Executive Director,1.0,0.0,0.0,0.0,0.0,0.0,0.0,0.0,0.0,0.0,1967-05-10,M,Latino Association Network,48608.0,2018.0,950.0,0.0,12621.288,9202.54,950.0,0.7291284376047833
A,USD,STD,INDL,C,3571,10/31/19,26156,HEWLETT PACKARD ENTERPRISE,HPE,2019,51803.0,17098.0,9395.0,51803.0,1049.0,29135.0,1842.0,1294.369,16.41,3571.0,21240.595289999997,Semiconductors/Hardware,2358912.0,2358912.0,2018-02-01,1192124.0,Antonio Neri,HEWLETT PACKARD ENTERPRISE CO,President/CEO,2027-01-01,10.0,40.0,Executive Director,1.0,0.0,0.0,0.0,0.0,0.0,0.0,0.0,0.0,0.0,1967-05-10,M,Latino Association Network,48608.0,2019.0,1100.0,0.0,13665.382,10254.482,1100.0,0.7503984886774479
A,USD,STD,INDL,C,3571,10/31/20,26156,HEWLETT PACKARD ENTERPRISE,HPE,2020,54015.0,16049.0,13084.0,54015.0,-322.0,26982.0,1874.0,1287.01,8.64,3571.0,11119.7664,Semiconductors/Hardware,2358912.0,2358912.0,2018-02-01,1192124.0,Antonio Neri,HEWLETT PACKARD ENTERPRISE CO,President/CEO,2027-01-01,10.0,40.0,Executive Director,1.0,0.0,0.0,0.0,0.0,0.0,0.0,0.0,0.0,0.0,1967-05-10,M,Latino Association Network,48608.0,2020.0,1077.083,0.0,13451.026,10811.086,1077.083,0.803736904530554
A,USD,STD,INDL,C,3571,10/31/21,26156,HEWLETT PACKARD ENTERPRISE,HPE,2021,57699.0,19971.0,10834.0,57699.0,3427.0,27784.0,1979.0,1294.634,14.65,3571.0,18966.3881,Semiconductors/Hardware,2358912.0,2358912.0,2018-02-01,1192124.0,Antonio Neri,HEWLETT PACKARD ENTERPRISE CO,President/CEO,2027-01-01,10.0,40.0,Executive Director,1.0,0.0,0.0,0.0,0.0,0.0,0.0,0.0,0.0,0.0,1967-05-10,M,Latino Association Network,48608.0,2021.0,1225.0,0.0,19036.324,13118.823,1225.0,0.6891468646992981
A,USD,STD,INDL,C,3571,10/31/22,26156,HEWLETT PACKARD ENTERPRISE,HPE,2022,57123.0,19864.0,8704.0,57123.0,868.0,28496.0,2045.0,1281.037,14.27,3571.0,18280.39799,Semiconductors/Hardware,2358912.0,2358912.0,2018-02-01,1192124.0,Antonio Neri,HEWLETT PACKARD ENTERPRISE CO,President/CEO,2027-01-01,10.0,40.0,Executive Director,1.0,0.0,0.0,0.0,0.0,0.0,0.0,0.0,0.0,0.0,1967-05-10,M,Latino Association Network,48608.0,2022.0,1275.0,0.0,3979.655,0.0,1275.0,0.0
A,USD,STD,INDL,C,3571,10/31/23,26156,HEWLETT PACKARD ENTERPRISE,HPE,2023,57153.0,21182.0,8453.0,57153.0,2025.0,29135.0,2349.0,1282.63,15.38,3571.0,19726.849400000003,Semiconductors/Hardware,2358912.0,2358912.0,2018-02-01,1192124.0,Antonio Neri,HEWLETT PACKARD ENTERPRISE CO,President/CEO,2027-01-01,10.0,40.0,Executive Director,1.0,0.0,0.0,0.0,0.0,0.0,0.0,0.0,0.0,0.0,1967-05-10,M,Latino Association Network,48608.0,2023.0,1300.0,0.0,4488.746,0.0,1300.0,0.0
A,USD,STD,INDL,C,3571,10/31/24,26156,HEWLETT PACKARD ENTERPRISE,HPE,2024,71262.0,24816.0,14813.0,71262.0,2579.0,30127.0,2246.0,1297.258,19.49,3571.0,25283.55842,Semiconductors/Hardware,2358912.0,2358912.0,2018-02-01,1192124.0,Antonio Neri,HEWLETT PACKARD ENTERPRISE CO,President/CEO,2027-01-01,10.0,40.0,Executive Director,1.0,0.0,0.0,0.0,0.0,0.0,0.0,0.0,0.0,0.0,1967-05-10,M,Latino Association Network,48608.0,2024.0,1300.0,0.0,11865.595,8136.478,1300.0,0.6857201851234599
A,USD,STD,INDL,C,3571,10/31/25,26156,HEWLETT PACKARD ENTERPRISE,HPE,2025,75906.0,24688.0,19152.0,75906.0,57.0,34296.0,2518.0,1318.292,24.42,3571.0,32192.69064,Semiconductors/Hardware,2358912.0,2358912.0,2018-02-01,1192124.0,Antonio Neri,HEWLETT PACKARD ENTERPRISE CO,President/CEO,2027-01-01,10.0,40.0,Executive Director,1.0,0.0,0.0,0.0,0.0,0.0,0.0,0.0,0.0,0.0,1967-05-10,M,Latino Association Network,48608.0,2025.0,1350.0,0.0,23469.026,19628.955,1350.0,0.8363770614085135
A,USD,STD,INDL,C,2834,12/31/20,23812,REGENERON PHARMACEUTICALS,REGN,2020,17163.3,11025.3,2695.7,17163.3,3513.2,8497.1,2735.0,106.951,483.11,2834.0,51669.09761,Biotech,25954.0,25954.0,1994-01-02,201093.0,Doctor Len Schleifer,REGENERON PHARMACEUTICALS INC,President/CEO,2023-06-09,30.0,10.0,Executive Director,0.0,0.0,0.0,0.0,1.0,0.0,1.0,0.0,0.0,0.0,1953-01-01,M,,9752.0,,,,,,,
A,USD,STD,INDL,C,2834,12/31/18,23812,REGENERON PHARMACEUTICALS,REGN,2018,11734.5,8757.3,708.5,11734.5,2444.4,6710.8,2186.1,109.006,373.5,2834.0,40713.741,Biotech,25954.0,25954.0,1994-01-02,201093.0,Doctor Len Schleifer,REGENERON PHARMACEUTICALS INC,President/CEO,2023-06-09,30.0,10.0,Executive Director,0.0,0.0,0.0,0.0,1.0,0.0,1.0,0.0,0.0,0.0,1953-01-01,M,,9752.0,,,,,,,
A,USD,STD,INDL,C,7372,3/31/23,16721,ELECTRONIC ARTS INC,EA,2022,13459.0,7293.0,2157.0,13459.0,802.0,7426.0,2328.0,272.914,120.45,7372.0,32872.4913,Software,10364.0,10364.0,2021-08-12,1207036.0,Andrew Wilson,ELECTRONIC ARTS INC,Chairman/CEO,2027-01-01,10.0,40.0,Executive Director,,,,,,,,,,,1974-09-07,M,,44810.0,2022.0,1300.0,0.0,15688.431,11753.683,1300.0,0.7491942948278257
A,USD,STD,INDL,C,2834,12/31/23,18888,AMNEAL PHARMACEUTICALS INC,AMRX,2023,3472.569,19.781,2522.899,3472.569,-83.993,2393.607,194.75,306.565,6.07,2834.0,1860.84955,Biotech,1560214.0,1560214.0,2019-08-03,1981116.0,Chintu Patel,AMNEAL PHARMACEUTICALS INC (Impax Laboratories Inc prior to 05/2018),Co-CEO,2027-01-01,10.0,40.0,Executive Director,1.0,0.0,0.0,0.0,0.0,0.0,0.0,0.0,0.0,0.0,1971-06-15,M,,,,,,,,,
I,USD,STD,INDL,C,7372,12/31/18,17695,TABLEAU SOFTWARE INC,DATA,2018,1634.725,1013.585,0.0,1634.725,-77.042,1155.352,382.886,84.357,120.0,7372.0,10122.84,Software,1953153.0,1953153.0,2016-09-16,1768029.0,Adam Selipsky,TABLEAU SOFTWARE INC (De-listed 08/2019),President/CEO,2019-08-01,10.0,10.0,Executive Director,1.0,1.0,1.0,1.0,0.0,0.0,0.0,0.0,0.0,0.0,1966-06-15,M,,,,,,,,,
A,USD,STD,INDL,C,8731,12/31/15,17928,IQVIA HOLDINGS INC,IQV,2015,3926.316,-564.217,2419.293,3926.316,387.205,5737.619,3.198,119.378,68.66,8731.0,8196.49348,Biotech,1951118.0,1951118.0,2013-05-09,1010281.0,Tom Pike,IQVIA HOLDINGS INC (Quintiles IMS Holdings Inc prior to 11/2017),CEO,2016-10-03,10.0,10.0,Executive Director,1.0,0.0,0.0,0.0,0.0,0.0,0.0,0.0,0.0,0.0,1959-06-15,M,,51778.0,2015.0,1040.0,0.0,5259.379,625.016,1040.0,0.11883836475751224
A,USD,STD,INDL,C,8731,12/31/16,17928,IQVIA HOLDINGS INC,IQV,2016,21208.0,8633.0,7108.0,21208.0,115.0,6878.0,,235.4,76.05,8731.0,17902.17,Biotech,1951118.0,1951118.0,2016-10-03,33049.0,Ari Bousbib,IQVIA HOLDINGS INC (Quintiles IMS Holdings Inc prior to 11/2017),Chairman/President/CEO,2027-01-01,10.0,40.0,Executive Director,0.0,0.0,1.0,1.0,0.0,0.0,0.0,0.0,1.0,0.0,1961-06-15,M,,24349.0,2016.0,390.137,0.0,6639.912,0.0,390.137,0.0
A,USD,STD,INDL,C,8731,12/31/17,17928,IQVIA HOLDINGS INC,IQV,2017,22742.0,8109.0,10122.0,22742.0,1309.0,9739.0,,208.1,97.9,8731.0,20372.99,Biotech,1951118.0,1951118.0,2016-10-03,33049.0,Ari Bousbib,IQVIA HOLDINGS INC (Quintiles IMS Holdings Inc prior to 11/2017),Chairman/President/CEO,2027-01-01,10.0,40.0,Executive Director,0.0,0.0,1.0,1.0,0.0,0.0,0.0,0.0,1.0,0.0,1961-06-15,M,,24349.0,2017.0,1600.0,0.0,8123.356,0.0,1600.0,0.0
A,USD,STD,INDL,C,8731,12/31/18,17928,IQVIA HOLDINGS INC,IQV,2018,22549.0,6714.0,10907.0,22549.0,259.0,10412.0,,197.5,116.17,8731.0,22943.575,Biotech,1951118.0,1951118.0,2016-10-03,33049.0,Ari Bousbib,IQVIA HOLDINGS INC (Quintiles IMS Holdings Inc prior to 11/2017),Chairman/President/CEO,2027-01-01,10.0,40.0,Executive Director,0.0,0.0,1.0,1.0,0.0,0.0,0.0,0.0,1.0,0.0,1961-06-15,M,,24349.0,2018.0,1600.0,0.0,15985.226,3911.254,1600.0,0.24467930575395053
A,USD,STD,INDL,C,8731,12/31/19,17928,IQVIA HOLDINGS INC,IQV,2019,23251.0,6003.0,11941.0,23251.0,191.0,11088.0,,192.3,154.51,8731.0,29712.273,Biotech,1951118.0,1951118.0,2016-10-03,33049.0,Ari Bousbib,IQVIA HOLDINGS INC (Quintiles IMS Holdings Inc prior to 11/2017),Chairman/President/CEO,2027-01-01,10.0,40.0,Executive Director,0.0,0.0,1.0,1.0,0.0,0.0,0.0,0.0,1.0,0.0,1961-06-15,M,,24349.0,2019.0,1684.47,0.0,21555.899,6599.377,1684.47,0.306151787035187
A,USD,STD,INDL,C,8731,12/31/20,17928,IQVIA HOLDINGS INC,IQV,2020,24564.0,6001.0,12877.0,24564.0,279.0,11359.0,,191.2,179.17,8731.0,34257.304,Biotech,1951118.0,1951118.0,2016-10-03,33049.0,Ari Bousbib,IQVIA HOLDINGS INC (Quintiles IMS Holdings Inc prior to 11/2017),Chairman/President/CEO,2027-01-01,10.0,40.0,Executive Director,0.0,0.0,1.0,1.0,0.0,0.0,0.0,0.0,1.0,0.0,1961-06-15,M,,24349.0,2020.0,1643.333,0.0,24677.162,8316.609,1643.333,0.3370164283883212
A,USD,STD,INDL,C,8731,12/31/21,17928,IQVIA HOLDINGS INC,IQV,2021,24689.0,6042.0,12524.0,24689.0,966.0,13874.0,,190.6,282.14,8731.0,53775.884,Biotech,1951118.0,1951118.0,2016-10-03,33049.0,Ari Bousbib,IQVIA HOLDINGS INC (Quintiles IMS Holdings Inc prior to 11/2017),Chairman/President/CEO,2027-01-01,10.0,40.0,Executive Director,0.0,0.0,1.0,1.0,0.0,0.0,0.0,0.0,1.0,0.0,1961-06-15,M,,24349.0,2021.0,1800.0,0.0,28080.312,14108.891,1800.0,0.502447800437545
A,USD,STD,INDL,C,8731,12/31/22,17928,IQVIA HOLDINGS INC,IQV,2022,25337.0,5765.0,13083.0,25337.0,1091.0,14410.0,,185.7,204.89,8731.0,38048.073,Biotech,1951118.0,1951118.0,2016-10-03,33049.0,Ari Bousbib,IQVIA HOLDINGS INC (Quintiles IMS Holdings Inc prior to 11/2017),Chairman/President/CEO,2027-01-01,10.0,40.0,Executive Director,0.0,0.0,1.0,1.0,0.0,0.0,0.0,0.0,1.0,0.0,1961-06-15,M,,24349.0,2022.0,1800.0,0.0,29714.287,16193.875,1800.0,0.5449861543034837
A,USD,STD,INDL,C,8731,12/31/23,17928,IQVIA HOLDINGS INC,IQV,2023,26681.0,6112.0,13406.0,26681.0,1358.0,14984.0,,181.5,231.38,8731.0,41995.47,Biotech,1951118.0,1951118.0,2016-10-03,33049.0,Ari Bousbib,IQVIA HOLDINGS INC (Quintiles IMS Holdings Inc prior to 11/2017),Chairman/President/CEO,2027-01-01,10.0,40.0,Executive Director,0.0,0.0,1.0,1.0,0.0,0.0,0.0,0.0,1.0,0.0,1961-06-15,M,,24349.0,2023.0,1800.0,0.0,23553.98,16405.071,1800.0,0.6964882792632073
A,USD,STD,INDL,C,8731,12/31/24,17928,IQVIA HOLDINGS INC,IQV,2024,26899.0,6067.0,13229.0,26899.0,1373.0,15405.0,,176.1,196.51,8731.0,34605.411,Biotech,1951118.0,1951118.0,2016-10-03,33049.0,Ari Bousbib,IQVIA HOLDINGS INC (Quintiles IMS Holdings Inc prior to 11/2017),Chairman/President/CEO,2027-01-01,10.0,40.0,Executive Director,0.0,0.0,1.0,1.0,0.0,0.0,0.0,0.0,1.0,0.0,1961-06-15,M,,24349.0,2024.0,1800.0,0.0,26025.226,15749.918,1800.0,0.605178913720096
A,USD,STD,INDL,C,8731,12/31/25,17928,IQVIA HOLDINGS INC,IQV,2025,29944.0,6503.0,14321.0,29944.0,1360.0,16310.0,,169.6,225.41,8731.0,38229.536,Biotech,1951118.0,1951118.0,2016-10-03,33049.0,Ari Bousbib,IQVIA HOLDINGS INC (Quintiles IMS Holdings Inc prior to 11/2017),Chairman/President/CEO,2027-01-01,10.0,40.0,Executive Director,0.0,0.0,1.0,1.0,0.0,0.0,0.0,0.0,1.0,0.0,1961-06-15,M,,24349.0,2025.0,1800.0,0.0,27438.397,15749.957,1800.0,0.5740115575993743
A,USD,STD,INDL,C,2834,12/31/18,18888,AMNEAL PHARMACEUTICALS INC,AMRX,2018,4352.736,503.037,2669.681,4352.736,-169.726,1662.991,233.449,127.376,13.53,2834.0,1723.39728,Biotech,1560214.0,1560214.0,2018-05-04,1054826.0,Robert Stewart,AMNEAL PHARMACEUTICALS INC (Impax Laboratories Inc prior to 05/2018),President/CEO,2019-08-02,10.0,10.0,Executive Director,1.0,0.0,0.0,0.0,0.0,0.0,0.0,0.0,0.0,0.0,1967-06-15,M,,41364.0,2018.0,634.615,0.0,11683.805,4999.996,634.615,0.4279424382724635
A,USD,STD,INDL,C,2834,12/31/24,18888,AMNEAL PHARMACEUTICALS INC,AMRX,2024,3501.445,-109.267,2252.884,3501.445,-116.886,2793.957,190.714,309.881,7.92,2834.0,2454.2575199999997,Biotech,1560214.0,1560214.0,2019-08-03,762401.0,Chirag Patel,AMNEAL PHARMACEUTICALS INC (Impax Laboratories Inc prior to 05/2018),President/Co-CEO,2027-01-01,10.0,40.0,Executive Director,1.0,0.0,0.0,0.0,0.0,0.0,0.0,0.0,0.0,0.0,1966-06-15,M,,,,,,,,,
A,USD,STD,INDL,C,7372,3/31/24,15855,GEN DIGITAL INC,GEN,2023,15772.0,2197.0,8467.0,15772.0,616.0,3812.0,332.0,623.0,22.4,7372.0,13955.2,Software,29774.0,29774.0,2019-12-19,1096288.0,Vincent Pilette,GEN DIGITAL INC (NortonLifeLock Inc prior to 11/2022),CEO,2024-06-13,10.0,10.0,Executive Director,1.0,0.0,1.0,1.0,0.0,0.0,0.0,0.0,1.0,0.0,1972-06-15,M,,43722.0,2023.0,950.0,0.0,15362.827,13386.893,950.0,0.8713821355926225
A,USD,STD,INDL,C,2834,12/31/25,18888,AMNEAL PHARMACEUTICALS INC,AMRX,2025,3678.28,-70.794,2667.47,3678.28,72.057,3018.76,186.175,314.565,12.6,2834.0,3963.519,Biotech,1560214.0,1560214.0,2019-08-03,762401.0,Chirag Patel,AMNEAL PHARMACEUTICALS INC (Impax Laboratories Inc prior to 05/2018),President/Co-CEO,2027-01-01,10.0,40.0,Executive Director,1.0,0.0,0.0,0.0,0.0,0.0,0.0,0.0,0.0,0.0,1966-06-15,M,,,,,,,,,
A,USD,STD,INDL,C,7372,9/30/15,18699,PTC INC,PTC,2015,2209.913,860.171,618.125,2209.913,47.557,1255.242,227.513,113.745,31.74,7372.0,3610.2663,Software,23786.0,23786.0,2010-10-01,203273.0,Jim Heppelmann,PTC INC (Parametric Technology Corp prior to 01/2013),President/CEO,2023-02-20,10.0,10.0,Executive Director,,,,,,,,,,,,,,65036.0,,,,,,,
A,USD,STD,INDL,C,7372,9/30/16,18699,PTC INC,PTC,2016,2352.253,842.666,758.125,2352.253,-54.465,1140.533,229.331,114.968,44.31,7372.0,5094.232080000001,Software,23786.0,23786.0,2010-10-01,203273.0,Jim Heppelmann,PTC INC (Parametric Technology Corp prior to 01/2013),President/CEO,2023-02-20,10.0,10.0,Executive Director,,,,,,,,,,,,,,65036.0,,,,,,,
A,USD,STD,INDL,C,7372,9/30/17,18699,PTC INC,PTC,2017,2360.384,885.436,712.406,2360.384,6.239,1164.039,236.059,115.333,56.28,7372.0,6490.94124,Software,23786.0,23786.0,2010-10-01,203273.0,Jim Heppelmann,PTC INC (Parametric Technology Corp prior to 01/2013),President/CEO,2023-02-20,10.0,10.0,Executive Director,,,,,,,,,,,,,,65036.0,,,,,,,
A,USD,STD,INDL,C,7372,9/30/18,18699,PTC INC,PTC,2018,2329.022,874.589,643.268,2329.022,51.987,1251.12,249.774,117.981,106.19,7372.0,12528.40239,Software,23786.0,23786.0,2010-10-01,203273.0,Jim Heppelmann,PTC INC (Parametric Technology Corp prior to 01/2013),President/CEO,2023-02-20,10.0,10.0,Executive Director,,,,,,,,,,,,,,65036.0,,,,,,,
A,USD,STD,INDL,C,7372,9/30/19,18699,PTC INC,PTC,2019,2664.588,1201.998,669.134,2664.588,-27.46,1255.631,246.888,114.899,68.18,7372.0,7833.813820000001,Software,23786.0,23786.0,2010-10-01,203273.0,Jim Heppelmann,PTC INC (Parametric Technology Corp prior to 01/2013),President/CEO,2023-02-20,10.0,10.0,Executive Director,,,,,,,,,,,,,,65036.0,,,,,,,
A,USD,STD,INDL,C,7372,9/30/20,18699,PTC INC,PTC,2020,3382.738,1438.248,1185.702,3382.738,130.695,1458.415,256.575,116.125,82.72,7372.0,9605.86,Software,23786.0,23786.0,2010-10-01,203273.0,Jim Heppelmann,PTC INC (Parametric Technology Corp prior to 01/2013),President/CEO,2023-02-20,10.0,10.0,Executive Director,,,,,,,,,,,,,,65036.0,,,,,,,
A,USD,STD,INDL,C,7372,9/30/21,18699,PTC INC,PTC,2021,4507.56,2038.468,1620.406,4507.56,476.923,1807.159,299.917,117.163,119.79,7372.0,14034.95577,Software,23786.0,23786.0,2010-10-01,203273.0,Jim Heppelmann,PTC INC (Parametric Technology Corp prior to 01/2013),President/CEO,2023-02-20,10.0,10.0,Executive Director,,,,,,,,,,,,,,65036.0,,,,,,,
A,USD,STD,INDL,C,7372,9/30/22,18699,PTC INC,PTC,2022,4687.268,2296.034,1518.201,4687.268,313.081,1933.347,338.822,117.472,104.6,7372.0,12287.571199999998,Software,23786.0,23786.0,2010-10-01,203273.0,Jim Heppelmann,PTC INC (Parametric Technology Corp prior to 01/2013),President/CEO,2023-02-20,10.0,10.0,Executive Director,,,,,,,,,,,,,,65036.0,,,,,,,
A,USD,STD,INDL,C,7372,9/30/23,18699,PTC INC,PTC,2023,6288.842,2677.29,1854.865,6288.842,245.54,2097.053,394.37,118.846,141.68,7372.0,16838.101280000003,Software,23786.0,23786.0,2023-07-27,203273.0,Jim Heppelmann,PTC INC (Parametric Technology Corp prior to 01/2013),Chairman/CEO,2024-02-14,10.0,10.0,Executive Director,,,,,,,,,,,,,,65036.0,2023.0,379.615,0.0,1321.514,496.351,379.615,0.37559269141303087
A,USD,STD,INDL,C,7372,9/30/24,18699,PTC INC,PTC,2024,6383.542,3214.398,1384.673,6383.542,376.333,2298.472,433.047,120.155,180.66,7372.0,21707.2023,Software,23786.0,23786.0,2024-10-01,544533.0,Neil Barua,PTC INC (Parametric Technology Corp prior to 01/2013),President/CEO,2027-01-01,10.0,40.0,Executive Director,1.0,0.0,0.0,0.0,0.0,0.0,0.0,0.0,0.0,0.0,1977-06-15,M,,64480.0,2024.0,800.0,0.0,16399.903,13968.399,800.0,0.8517366840523386
A,USD,STD,INDL,C,7372,3/31/25,15855,GEN DIGITAL INC,GEN,2024,15495.0,2269.0,8010.0,15495.0,643.0,3935.0,329.0,617.0,26.54,7372.0,16375.18,Software,29774.0,29774.0,2024-06-13,1096288.0,Vincent Pilette,GEN DIGITAL INC (NortonLifeLock Inc prior to 11/2022),President/CEO,2025-07-17,10.0,10.0,Executive Director,1.0,0.0,1.0,1.0,0.0,0.0,0.0,0.0,1.0,0.0,1972-06-15,M,,43722.0,2024.0,950.0,0.0,22510.197,19831.803,950.0,0.8810141910352894
A,USD,STD,INDL,C,7372,3/31/23,15855,GEN DIGITAL INC,GEN,2022,15947.0,2200.0,9560.0,15947.0,1349.0,3338.0,313.0,640.0,17.16,7372.0,10982.4,Software,29774.0,29774.0,2019-12-19,1096288.0,Vincent Pilette,GEN DIGITAL INC (NortonLifeLock Inc prior to 11/2022),CEO,2024-06-13,10.0,10.0,Executive Director,1.0,0.0,1.0,1.0,0.0,0.0,0.0,0.0,1.0,0.0,1972-06-15,M,,43722.0,2022.0,940.385,0.0,25291.364,23336.21,940.385,0.9226947981136959
A,USD,STD,INDL,C,2834,12/31/17,23812,REGENERON PHARMACEUTICALS,REGN,2017,8764.286,6144.078,703.453,8764.286,1198.511,5872.227,2075.142,107.624,375.96,2834.0,40462.319039999995,Biotech,25954.0,25954.0,1994-01-02,201093.0,Doctor Len Schleifer,REGENERON PHARMACEUTICALS INC,President/CEO,2023-06-09,30.0,10.0,Executive Director,0.0,0.0,0.0,0.0,1.0,0.0,1.0,0.0,0.0,0.0,1953-01-01,M,,9752.0,,,,,,,
A,USD,STD,INDL,C,3674,3/31/18,16401,CIRRUS LOGIC INC,CRUS,2017,1430.117,1161.728,0.0,1430.117,161.995,1532.186,366.444,61.96,40.63,3674.0,2517.4348,Semiconductors/Hardware,6905.0,6905.0,2007-05-17,498587.0,Doctor Jason Rhode,CIRRUS LOGIC INC,President/CEO,2020-01-27,10.0,10.0,Executive Director,1.0,0.0,0.0,0.0,1.0,0.0,0.0,0.0,1.0,0.0,1969-06-15,M,,33750.0,2017.0,775.962,0.0,5941.204,2660.2,775.962,0.4477543609005851
A,USD,STD,INDL,C,7372,3/31/24,16721,ELECTRONIC ARTS INC,EA,2023,13420.0,7513.0,2130.0,13420.0,1273.0,7562.0,2420.0,266.415,132.67,7372.0,35345.27805,Software,10364.0,10364.0,2021-08-12,1207036.0,Andrew Wilson,ELECTRONIC ARTS INC,Chairman/CEO,2027-01-01,10.0,40.0,Executive Director,,,,,,,,,,,1974-09-07,M,,44810.0,2023.0,1300.0,0.0,23230.333,17978.523,1300.0,0.7739244633299058
A,USD,STD,INDL,C,7372,3/31/25,16721,ELECTRONIC ARTS INC,EA,2024,12368.0,6386.0,1751.0,12368.0,1121.0,7463.0,2569.0,252.315,144.52,7372.0,36464.5638,Software,10364.0,10364.0,2021-08-12,1207036.0,Andrew Wilson,ELECTRONIC ARTS INC,Chairman/CEO,2027-01-01,10.0,40.0,Executive Director,,,,,,,,,,,1974-09-07,M,,44810.0,2024.0,1300.0,0.0,30529.835,25710.91,1300.0,0.8421568606577795
I,USD,STD,INDL,C,3674,6/30/15,14256,MAXIM INTEGRATED PRODUCTS,MXIM,2015,4228.384,2290.02,1000.0,4228.384,206.038,2306.864,530.672,284.823,34.575,3674.0,9847.755225,Semiconductors/Hardware,19863.0,19863.0,2007-01-01,36387.0,Tunc Doluca,MAXIM INTEGRATED PRODUCTS INC (De-listed 08/2021),President/CEO,2021-08-26,10.0,10.0,Executive Director,1.0,0.0,0.0,0.0,0.0,0.0,0.0,0.0,1.0,0.0,1958-06-15,M,,10038.0,2015.0,590.0,160.0,5891.095,4285.25,750.0,0.7274114574624921
I,USD,STD,INDL,C,3674,6/30/16,14256,MAXIM INTEGRATED PRODUCTS,MXIM,2016,4234.616,2107.814,990.09,4234.616,227.475,2194.719,494.763,283.909,35.69,3674.0,10132.71221,Semiconductors/Hardware,19863.0,19863.0,2007-01-01,36387.0,Tunc Doluca,MAXIM INTEGRATED PRODUCTS INC (De-listed 08/2021),President/CEO,2021-08-26,10.0,10.0,Executive Director,1.0,0.0,0.0,0.0,0.0,0.0,0.0,0.0,1.0,0.0,1958-06-15,M,,10038.0,2016.0,600.0,0.0,4854.605,2778.574,600.0,0.5723584102105115
I,USD,STD,INDL,C,3674,6/30/17,14256,MAXIM INTEGRATED PRODUCTS,MXIM,2017,4570.233,2202.694,1487.678,4570.233,571.613,2295.615,453.977,282.912,44.9,3674.0,12702.7488,Semiconductors/Hardware,19863.0,19863.0,2007-01-01,36387.0,Tunc Doluca,MAXIM INTEGRATED PRODUCTS INC (De-listed 08/2021),President/CEO,2021-08-26,10.0,10.0,Executive Director,1.0,0.0,0.0,0.0,0.0,0.0,0.0,0.0,1.0,0.0,1958-06-15,M,,10038.0,2017.0,660.0,0.0,6584.119,3772.23,660.0,0.5729285877123425
I,USD,STD,INDL,C,3674,6/30/18,14256,MAXIM INTEGRATED PRODUCTS,MXIM,2018,4451.561,1930.94,991.147,4451.561,467.318,2480.066,450.943,278.664,58.66,3674.0,16346.430239999998,Semiconductors/Hardware,19863.0,19863.0,2007-01-01,36387.0,Tunc Doluca,MAXIM INTEGRATED PRODUCTS INC (De-listed 08/2021),President/CEO,2021-08-26,10.0,10.0,Executive Director,1.0,0.0,0.0,0.0,0.0,0.0,0.0,0.0,1.0,0.0,1958-06-15,M,,10038.0,2018.0,700.0,0.0,8085.05,4919.967,700.0,0.6085264778820167
I,USD,STD,INDL,C,3674,6/30/19,14256,MAXIM INTEGRATED PRODUCTS,MXIM,2019,3743.982,1845.276,992.584,3743.982,827.486,2314.329,435.222,271.852,59.82,3674.0,16262.186639999998,Semiconductors/Hardware,19863.0,19863.0,2007-01-01,36387.0,Tunc Doluca,MAXIM INTEGRATED PRODUCTS INC (De-listed 08/2021),President/CEO,2021-08-26,10.0,10.0,Executive Director,1.0,0.0,0.0,0.0,0.0,0.0,0.0,0.0,1.0,0.0,1958-06-15,M,,10038.0,2019.0,800.0,0.0,9143.785,7004.785,800.0,0.7660706151774128
I,USD,STD,INDL,C,3674,6/30/20,14256,MAXIM INTEGRATED PRODUCTS,MXIM,2020,3629.303,1657.457,1042.336,3629.303,654.694,2191.395,440.166,266.797,60.61,3674.0,16170.566170000002,Semiconductors/Hardware,19863.0,19863.0,2007-01-01,36387.0,Tunc Doluca,MAXIM INTEGRATED PRODUCTS INC (De-listed 08/2021),President/CEO,2021-08-26,10.0,10.0,Executive Director,1.0,0.0,0.0,0.0,0.0,0.0,0.0,0.0,1.0,0.0,1958-06-15,M,,10038.0,2020.0,825.0,0.0,7330.479,5232.479,825.0,0.7137976931657536
A,USD,STD,INDL,C,2836,6/30/22,15414,BIO-TECHNE CORP,TECH,2022,2294.805,1701.77,301.543,2294.805,272.051,1105.599,87.14,39.16,346.64,2836.0,13574.422399999998,Biotech,30123.0,30123.0,2014-04-01,1134582.0,Chuck Kummeth,BIO-TECHNE CORP (Techne Corp prior to 11/2014),President/CEO,2024-02-01,10.0,10.0,Executive Director,1.0,0.0,1.0,0.0,0.0,0.0,0.0,0.0,1.0,0.0,1960-06-07,M,,44956.0,2022.0,1183.0,0.0,15370.55,7724.568,1183.0,0.5025563821724012
A,USD,STD,INDL,C,2836,6/30/23,15414,BIO-TECHNE CORP,TECH,2023,2638.692,1966.516,443.766,2638.692,285.263,1136.702,92.493,157.642,81.63,2836.0,12868.316459999998,Biotech,30123.0,30123.0,2014-04-01,1134582.0,Chuck Kummeth,BIO-TECHNE CORP (Techne Corp prior to 11/2014),President/CEO,2024-02-01,10.0,10.0,Executive Director,1.0,0.0,1.0,0.0,0.0,0.0,0.0,0.0,1.0,0.0,1960-06-07,M,,44956.0,2023.0,1184.2,0.0,30584.644,29325.21,1184.2,0.9588213614649234
A,USD,STD,INDL,C,2836,6/30/24,15414,BIO-TECHNE CORP,TECH,2024,2703.867,2068.85,406.618,2703.867,168.105,1159.06,96.664,158.216,71.65,2836.0,11336.176400000002,Biotech,30123.0,30123.0,2024-02-01,2008711.0,Kim Kelderman,BIO-TECHNE CORP (Techne Corp prior to 11/2014),President/CEO,2027-01-01,10.0,40.0,Executive Director,1.0,0.0,0.0,0.0,0.0,0.0,0.0,0.0,0.0,0.0,1967-06-15,M,,,,,,,,,
A,USD,STD,INDL,C,2836,6/30/25,15414,BIO-TECHNE CORP,TECH,2025,2557.868,1918.808,429.96,2557.868,73.4,1219.635,99.496,154.972,51.45,2836.0,7973.309400000001,Biotech,30123.0,30123.0,2024-02-01,2008711.0,Kim Kelderman,BIO-TECHNE CORP (Techne Corp prior to 11/2014),President/CEO,2027-01-01,10.0,40.0,Executive Director,1.0,0.0,0.0,0.0,0.0,0.0,0.0,0.0,0.0,0.0,1967-06-15,M,,,,,,,,,
A,USD,STD,INDL,C,3674,3/31/16,16401,CIRRUS LOGIC INC,CRUS,2015,1181.883,859.483,160.907,1181.883,123.63,1169.251,269.217,62.63,36.41,3674.0,2280.3583,Semiconductors/Hardware,6905.0,6905.0,2007-05-17,498587.0,Doctor Jason Rhode,CIRRUS LOGIC INC,President/CEO,2020-01-27,10.0,10.0,Executive Director,1.0,0.0,0.0,0.0,1.0,0.0,0.0,0.0,1.0,0.0,1969-06-15,M,,33750.0,2015.0,658.5,0.0,6160.335,2550.828,658.5,0.41407293596857964
A,USD,STD,INDL,C,3674,3/31/17,16401,CIRRUS LOGIC INC,CRUS,2016,1413.47,1151.692,60.0,1413.47,261.209,1538.94,303.658,64.295,60.69,3674.0,3902.06355,Semiconductors/Hardware,6905.0,6905.0,2007-05-17,498587.0,Doctor Jason Rhode,CIRRUS LOGIC INC,President/CEO,2020-01-27,10.0,10.0,Executive Director,1.0,0.0,0.0,0.0,1.0,0.0,0.0,0.0,1.0,0.0,1969-06-15,M,,33750.0,2016.0,721.154,0.0,7331.927,2877.85,721.154,0.39250936350020943
A,USD,STD,INDL,C,3674,3/31/19,16401,CIRRUS LOGIC INC,CRUS,2018,1352.64,1140.24,0.0,1352.64,89.991,1185.524,375.139,58.954,42.07,3674.0,2480.1947800000003,Semiconductors/Hardware,6905.0,6905.0,2007-05-17,498587.0,Doctor Jason Rhode,CIRRUS LOGIC INC,President/CEO,2020-01-27,10.0,10.0,Executive Director,1.0,0.0,0.0,0.0,1.0,0.0,0.0,0.0,1.0,0.0,1969-06-15,M,,33750.0,2018.0,800.0,0.0,4911.321,2163.85,800.0,0.4405841116880774
A,USD,STD,INDL,C,7372,3/31/22,15855,GEN DIGITAL INC,GEN,2021,6943.0,-93.0,2811.0,6943.0,836.0,2796.0,253.0,582.0,26.52,7372.0,15434.64,Software,29774.0,29774.0,2019-12-19,1096288.0,Vincent Pilette,GEN DIGITAL INC (NortonLifeLock Inc prior to 11/2022),CEO,2024-06-13,10.0,10.0,Executive Director,1.0,0.0,1.0,1.0,0.0,0.0,0.0,0.0,1.0,0.0,1972-06-15,M,,43722.0,2021.0,885.577,0.0,13517.505,11437.131,885.577,0.8460977820981017
A,USD,STD,INDL,C,3674,3/31/20,16401,CIRRUS LOGIC INC,CRUS,2019,1592.677,1229.779,129.312,1592.677,159.498,1281.124,347.647,58.242,65.63,3674.0,3822.42246,Semiconductors/Hardware,6905.0,6905.0,2007-05-17,498587.0,Doctor Jason Rhode,CIRRUS LOGIC INC,President/CEO,2020-01-27,10.0,10.0,Executive Director,1.0,0.0,0.0,0.0,1.0,0.0,0.0,0.0,1.0,0.0,1969-06-15,M,,33750.0,2019.0,800.0,0.0,6110.871,2128.788,800.0,0.3483608146858279
A,USD,STD,INDL,C,3674,3/31/21,16401,CIRRUS LOGIC INC,CRUS,2020,1830.614,1389.005,127.883,1830.614,217.344,1369.23,342.759,57.652,84.79,3674.0,4888.313080000001,Semiconductors/Hardware,6905.0,6905.0,2020-01-27,498587.0,Doctor Jason Rhode,CIRRUS LOGIC INC,CEO,2021-01-01,10.0,10.0,Executive Director,1.0,0.0,0.0,0.0,1.0,0.0,0.0,0.0,1.0,0.0,1969-06-15,M,,33750.0,2020.0,692.308,0.0,2158.91,0.0,692.308,0.0
A,USD,STD,INDL,C,3674,3/31/22,16401,CIRRUS LOGIC INC,CRUS,2021,2123.4,1599.817,163.162,2123.4,326.355,1781.46,406.307,56.596,84.79,3674.0,4798.77484,Semiconductors/Hardware,6905.0,6905.0,2021-01-01,2025770.0,John Forsyth,CIRRUS LOGIC INC,President/CEO,2027-01-01,10.0,40.0,Executive Director,0.0,0.0,0.0,0.0,0.0,0.0,0.0,0.0,0.0,0.0,1973-06-15,M,,,,,,,,,
A,USD,STD,INDL,C,3674,3/31/23,16401,CIRRUS LOGIC INC,CRUS,2022,2063.966,1658.282,122.631,2063.966,176.703,1897.617,458.412,55.098,109.38,3674.0,6026.61924,Semiconductors/Hardware,6905.0,6905.0,2021-01-01,2025770.0,John Forsyth,CIRRUS LOGIC INC,President/CEO,2027-01-01,10.0,40.0,Executive Director,0.0,0.0,0.0,0.0,0.0,0.0,0.0,0.0,0.0,0.0,1973-06-15,M,,,,,,,,,
A,USD,STD,INDL,C,3674,3/31/24,16401,CIRRUS LOGIC INC,CRUS,2023,2231.576,1817.014,134.576,2231.576,274.572,1788.89,426.475,53.491,92.56,3674.0,4951.1269600000005,Semiconductors/Hardware,6905.0,6905.0,2021-01-01,2025770.0,John Forsyth,CIRRUS LOGIC INC,President/CEO,2027-01-01,10.0,40.0,Executive Director,0.0,0.0,0.0,0.0,0.0,0.0,0.0,0.0,0.0,0.0,1973-06-15,M,,,,,,,,,
A,USD,STD,INDL,C,3674,3/31/25,16401,CIRRUS LOGIC INC,CRUS,2024,2327.073,1949.449,121.908,2327.073,331.507,1896.077,434.684,52.291,99.655,3674.0,5211.0596049999995,Semiconductors/Hardware,6905.0,6905.0,2021-01-01,2025770.0,John Forsyth,CIRRUS LOGIC INC,President/CEO,2027-01-01,10.0,40.0,Executive Director,0.0,0.0,0.0,0.0,0.0,0.0,0.0,0.0,0.0,0.0,1973-06-15,M,,,,,,,,,
A,USD,STD,INDL,C,3571,1/31/24,14489,DELL TECHNOLOGIES INC,DELL,2023,82089.0,-2404.0,19588.0,82089.0,3211.0,88425.0,2801.0,705.0,82.88,3571.0,58430.399999999994,Semiconductors/Hardware,2519758.0,2519758.0,2016-09-07,32603.0,Mike Dell,DELL TECHNOLOGIES INC,Chairman/CEO,2027-01-01,10.0,40.0,Executive Director,0.0,0.0,0.0,0.0,0.0,0.0,0.0,0.0,0.0,0.0,1965-02-23,M,,281.0,,,,,,,
A,USD,STD,INDL,C,3571,1/31/25,14489,DELL TECHNOLOGIES INC,DELL,2024,79746.0,-1482.0,19885.0,79746.0,4592.0,95567.0,3061.0,696.0,103.6,3571.0,72105.59999999999,Semiconductors/Hardware,2519758.0,2519758.0,2016-09-07,32603.0,Mike Dell,DELL TECHNOLOGIES INC,Chairman/CEO,2027-01-01,10.0,40.0,Executive Director,0.0,0.0,0.0,0.0,0.0,0.0,0.0,0.0,0.0,0.0,1965-02-23,M,,281.0,,,,,,,
A,USD,STD,INDL,C,7372,3/31/16,15855,GEN DIGITAL INC,GEN,2015,11767.0,3676.0,2207.0,11767.0,2488.0,3600.0,748.0,612.0,18.38,7372.0,11248.56,Software,29774.0,29774.0,2014-09-24,49801.0,Mike Brown,GEN DIGITAL INC (NortonLifeLock Inc prior to 11/2022),President/CEO,2016-04-28,10.0,10.0,Executive Director,1.0,1.0,1.0,1.0,0.0,0.0,0.0,0.0,0.0,0.0,1959-06-15,M,,4834.0,,,,,,,
A,USD,STD,INDL,C,7372,3/31/17,15855,GEN DIGITAL INC,GEN,2016,18174.0,3487.0,6876.0,18174.0,-106.0,4019.0,823.0,608.0,30.68,7372.0,18653.44,Software,29774.0,29774.0,2016-08-01,1068227.0,Greg Clark,GEN DIGITAL INC (NortonLifeLock Inc prior to 11/2022),CEO,2018-11-29,10.0,10.0,Executive Director,1.0,0.0,0.0,0.0,0.0,0.0,0.0,0.0,0.0,0.0,1965-06-15,M,,51776.0,2016.0,666.667,0.0,1789.937,0.0,666.667,0.0
A,USD,STD,INDL,C,7372,3/31/18,15855,GEN DIGITAL INC,GEN,2017,15759.0,5023.0,5026.0,15759.0,1138.0,4834.0,956.0,624.0,25.85,7372.0,16130.4,Software,29774.0,29774.0,2016-08-01,1068227.0,Greg Clark,GEN DIGITAL INC (NortonLifeLock Inc prior to 11/2022),CEO,2018-11-29,10.0,10.0,Executive Director,1.0,0.0,0.0,0.0,0.0,0.0,0.0,0.0,0.0,0.0,1965-06-15,M,,51776.0,2017.0,1000.0,0.0,17347.581,15982.645,1000.0,0.9213183670968305
A,USD,STD,INDL,C,7372,3/31/19,15855,GEN DIGITAL INC,GEN,2018,15938.0,5738.0,3961.0,15938.0,31.0,4731.0,913.0,630.0,22.99,7372.0,14483.7,Software,29774.0,29774.0,2018-11-29,1068227.0,Greg Clark,GEN DIGITAL INC (NortonLifeLock Inc prior to 11/2022),President/CEO/Principal Executive Officer,2019-05-09,10.0,10.0,Executive Director,1.0,0.0,0.0,0.0,0.0,0.0,0.0,0.0,0.0,0.0,1965-06-15,M,,51776.0,2018.0,1000.0,0.0,4421.038,1500.0,1000.0,0.33928683716358016
A,USD,STD,INDL,C,7372,3/31/20,15855,GEN DIGITAL INC,GEN,2019,7735.0,10.0,3538.0,7735.0,3887.0,2490.0,328.0,589.0,18.71,7372.0,11020.19,Software,29774.0,29774.0,2019-12-19,1096288.0,Vincent Pilette,GEN DIGITAL INC (NortonLifeLock Inc prior to 11/2022),CEO,2024-06-13,10.0,10.0,Executive Director,1.0,0.0,1.0,1.0,0.0,0.0,0.0,0.0,1.0,0.0,1972-06-15,M,,43722.0,2019.0,568.75,0.0,20596.491,19446.262,568.75,0.9441541280017065
A,USD,STD,INDL,C,7372,3/31/21,15855,GEN DIGITAL INC,GEN,2020,6361.0,-500.0,3354.0,6361.0,554.0,2556.0,267.0,580.0,21.26,7372.0,12330.8,Software,29774.0,29774.0,2019-12-19,1096288.0,Vincent Pilette,GEN DIGITAL INC (NortonLifeLock Inc prior to 11/2022),CEO,2024-06-13,10.0,10.0,Executive Director,1.0,0.0,1.0,1.0,0.0,0.0,0.0,0.0,1.0,0.0,1972-06-15,M,,43722.0,2020.0,753.974,1300.0,13829.574,10278.897,2053.974,0.7432547813837216
A,USD,STD,INDL,C,7372,9/30/25,18699,PTC INC,PTC,2025,6617.172,3826.229,1320.688,6617.172,733.997,2739.226,457.693,119.536,203.02,7372.0,24268.19872,Software,23786.0,23786.0,2024-10-01,544533.0,Neil Barua,PTC INC (Parametric Technology Corp prior to 01/2013),President/CEO,2027-01-01,10.0,40.0,Executive Director,1.0,0.0,0.0,0.0,0.0,0.0,0.0,0.0,0.0,0.0,1977-06-15,M,,64480.0,2025.0,800.0,0.0,24315.129,21720.456,800.0,0.8932897703318785
A,USD,STD,INDL,C,8731,12/31/21,19998,MEDPACE HOLDINGS INC,MEDP,2021,1659.935,952.928,130.965,1659.935,181.848,1142.377,,35.827,217.64,8731.0,7797.388279999999,Biotech,2504679.0,2504679.0,2021-08-01,982110.0,Doctor August Troendle,MEDPACE HOLDINGS INC,Chairman/CEO,2027-01-01,10.0,40.0,Executive Director,0.0,0.0,1.0,0.0,0.0,0.0,1.0,0.0,0.0,0.0,1956-06-15,M,,55683.0,2021.0,696.667,711.0,4542.193,0.0,1407.667,0.0
A,USD,STD,INDL,C,8731,12/31/22,19998,MEDPACE HOLDINGS INC,MEDP,2022,1352.495,386.387,138.867,1352.495,245.368,1459.996,,31.02,212.41,8731.0,6588.9582,Biotech,2504679.0,2504679.0,2021-08-01,982110.0,Doctor August Troendle,MEDPACE HOLDINGS INC,Chairman/CEO,2027-01-01,10.0,40.0,Executive Director,0.0,0.0,1.0,0.0,0.0,0.0,1.0,0.0,0.0,0.0,1956-06-15,M,,55683.0,2022.0,770.25,772.5,6088.499,0.0,1542.75,0.0
A,USD,STD,INDL,C,3674,12/31/22,23119,SOLAREDGE TECHNOLOGIES INC,SEDG,2022,4265.949,2176.366,716.092,4265.949,93.779,3110.279,289.814,56.133,283.27,3674.0,15900.79491,Semiconductors/Hardware,2231001.0,2231001.0,2020-02-19,1449249.0,Zvi Lando,SOLAREDGE TECHNOLOGIES INC,CEO,2024-08-26,10.0,10.0,Executive Director,,,,,,,,,,,,,,51831.0,2022.0,850.952,0.0,1925.0,0.0,850.952,0.0
A,USD,STD,INDL,C,2834,12/31/23,22410,INDIVIOR PHARMACEUTICALS INC,INDV,2023,1954.0,0.0,270.0,1954.0,2.0,1093.0,106.0,136.526,15.27,2834.0,2084.75202,Biotech,2200546.0,2200546.0,2020-06-29,1491972.0,Mark Crossley,INDIVIOR PLC,CEO,2025-05-08,10.0,10.0,Executive Director,,,,,,,,,,,,,,,,,,,,,
A,USD,STD,INDL,C,2834,12/31/24,22410,INDIVIOR PHARMACEUTICALS INC,INDV,2024,1319.0,-349.0,347.0,1319.0,2.0,1188.0,108.0,124.969,12.43,2834.0,1553.36467,Biotech,2200546.0,2200546.0,2020-06-29,1491972.0,Mark Crossley,INDIVIOR PLC,CEO,2025-05-08,10.0,10.0,Executive Director,,,,,,,,,,,,,,,,,,,,,
A,USD,STD,INDL,C,2834,12/31/25,22410,INDIVIOR PHARMACEUTICALS INC,INDV,2025,1201.0,-98.0,312.0,1201.0,210.0,1239.0,97.0,125.0,35.88,2834.0,4485.0,Biotech,2200546.0,2200546.0,2025-05-08,1760716.0,Joe Ciaffoni,INDIVIOR PHARMACEUTICALS INC (Indivior PLC prior to 01/2026),CEO,2026-02-03,10.0,10.0,Executive Director,1.0,0.0,1.0,0.0,0.0,0.0,0.0,0.0,0.0,0.0,1971-03-01,M,,,,,,,,,
I,USD,STD,INDL,C,2836,12/31/15,22734,BAXALTA INC,BXLT,2015,12329.0,3924.0,5265.0,12329.0,956.0,6148.0,1176.0,679.288,39.03,2836.0,26512.610640000003,Biotech,2301441.0,2301441.0,2015-07-01,1077323.0,Doctor Ludwig Hantson,BAXALTA INC (De-listed 06/2016),President/CEO,2016-06-03,10.0,10.0,Executive Director,0.0,0.0,0.0,0.0,1.0,0.0,0.0,0.0,1.0,0.0,1962-08-01,M,,40792.0,2015.0,527.397,0.0,4569.296,1697.388,527.397,0.3714769189827054
I,USD,STD,INDL,C,2836,12/31/15,22734,BAXALTA INC,BXLT,2015,12329.0,3924.0,5265.0,12329.0,956.0,6148.0,1176.0,679.288,39.03,2836.0,26512.610640000003,Biotech,2301441.0,2301441.0,2015-07-01,1077323.0,Doctor Ludwig Hantson,BAXALTA INC (De-listed 06/2016),President/CEO,2016-06-03,10.0,10.0,Executive Director,0.0,0.0,0.0,0.0,1.0,0.0,0.0,0.0,1.0,0.0,1962-08-01,M,,40792.0,2015.0,1119.231,0.0,18580.029,4497.392,1119.231,0.24205516579118366
A,USD,STD,INDL,C,3672,12/31/15,23084,BENCHMARK ELECTRONICS INC,BHE,2015,1893.878,1321.904,222.909,1893.878,95.401,2540.873,,50.178,20.67,3672.0,1037.17926,Semiconductors/Hardware,4002.0,4002.0,2012-01-01,205183.0,Gayla Delly,BENCHMARK ELECTRONICS INC,President/CEO,2016-09-16,10.0,10.0,Executive Director,1.0,0.0,0.0,0.0,0.0,0.0,0.0,0.0,0.0,0.0,1959-06-15,F,,21626.0,2015.0,890.577,0.0,3189.1,1342.49,890.577,0.42096202690414225
A,USD,STD,INDL,C,3672,12/31/16,23084,BENCHMARK ELECTRONICS INC,BHE,2016,1998.668,1365.465,211.252,1998.668,64.047,2310.415,,49.33,30.5,3672.0,1504.565,Semiconductors/Hardware,4002.0,4002.0,2016-09-16,106062.0,Paul Tufano,BENCHMARK ELECTRONICS INC,President/CEO,2019-03-18,10.0,10.0,Executive Director,1.0,0.0,1.0,1.0,0.0,0.0,0.0,0.0,0.0,0.0,1954-06-15,M,,51061.0,2016.0,321.745,193.846,2340.728,1699.977,515.591,0.7262599498959298
A,USD,STD,INDL,C,3672,12/31/17,23084,BENCHMARK ELECTRONICS INC,BHE,2017,2097.317,1328.819,193.406,2097.317,-31.965,2466.811,,49.143,29.1,3672.0,1430.0613,Semiconductors/Hardware,4002.0,4002.0,2016-09-16,106062.0,Paul Tufano,BENCHMARK ELECTRONICS INC,President/CEO,2019-03-18,10.0,10.0,Executive Director,1.0,0.0,1.0,1.0,0.0,0.0,0.0,0.0,0.0,0.0,1954-06-15,M,,51061.0,2017.0,1000.0,0.0,4282.281,1800.005,1000.0,0.42033789935784227
A,USD,STD,INDL,C,3672,12/31/19,23084,BENCHMARK ELECTRONICS INC,BHE,2019,1759.874,1014.832,206.81,1759.874,23.425,2268.095,,36.957,34.36,3672.0,1269.84252,Semiconductors/Hardware,4002.0,4002.0,2019-03-18,535295.0,Jeff Benck,BENCHMARK ELECTRONICS INC,President/CEO,2025-09-02,10.0,10.0,Executive Director,1.0,0.0,0.0,0.0,0.0,0.0,0.0,0.0,1.0,0.0,1965-06-15,M,,33918.0,2019.0,692.308,85.0,5991.248,4900.044,777.308,0.8178669953238458
A,USD,STD,INDL,C,3672,12/31/24,23084,BENCHMARK ELECTRONICS INC,BHE,2024,2139.464,1113.313,359.454,2139.464,63.327,2656.105,,35.992,45.4,3672.0,1634.0368,Semiconductors/Hardware,4002.0,4002.0,2019-03-18,535295.0,Jeff Benck,BENCHMARK ELECTRONICS INC,President/CEO,2025-09-02,10.0,10.0,Executive Director,1.0,0.0,0.0,0.0,0.0,0.0,0.0,0.0,1.0,0.0,1965-06-15,M,,33918.0,2024.0,1004.615,0.0,6544.395,4200.0,1004.615,0.641770553274978
A,USD,STD,INDL,C,3672,12/31/25,23084,BENCHMARK ELECTRONICS INC,BHE,2025,2071.715,1099.803,305.515,2071.715,24.852,2659.108,,35.669,42.76,3672.0,1525.2064399999997,Semiconductors/Hardware,4002.0,4002.0,2025-09-02,535295.0,Jeff Benck,BENCHMARK ELECTRONICS INC,CEO,2026-03-31,10.0,10.0,Executive Director,1.0,0.0,0.0,0.0,0.0,0.0,0.0,0.0,1.0,0.0,1965-06-15,M,,33918.0,,,,,,,
A,USD,STD,INDL,C,3674,12/31/20,23119,SOLAREDGE TECHNOLOGIES INC,SEDG,2020,2437.109,1085.757,636.1,2437.109,140.322,1459.271,163.123,51.561,319.12,3674.0,16454.14632,Semiconductors/Hardware,2231001.0,2231001.0,2020-02-19,1449249.0,Zvi Lando,SOLAREDGE TECHNOLOGIES INC,CEO,2024-08-26,10.0,10.0,Executive Director,,,,,,,,,,,,,,51831.0,2020.0,477.133,0.0,4079.71,1979.899,477.133,0.48530385738201975
A,USD,STD,INDL,C,3674,12/31/21,23119,SOLAREDGE TECHNOLOGIES INC,SEDG,2021,2892.06,1310.039,700.955,2892.06,169.17,1963.865,219.633,52.815,280.57,3674.0,14818.30455,Semiconductors/Hardware,2231001.0,2231001.0,2020-02-19,1449249.0,Zvi Lando,SOLAREDGE TECHNOLOGIES INC,CEO,2024-08-26,10.0,10.0,Executive Director,,,,,,,,,,,,,,51831.0,2021.0,888.765,0.0,7361.336,4299.75,888.765,0.5840991363524229
A,USD,STD,INDL,C,3674,12/31/23,23119,SOLAREDGE TECHNOLOGIES INC,SEDG,2023,4587.731,2411.909,714.343,4587.731,34.329,2976.528,321.482,57.123,93.6,3674.0,5346.712799999999,Semiconductors/Hardware,2231001.0,2231001.0,2020-02-19,1449249.0,Zvi Lando,SOLAREDGE TECHNOLOGIES INC,CEO,2024-08-26,10.0,10.0,Executive Director,,,,,,,,,,,,,,51831.0,2023.0,816.851,0.0,7500.45,6558.293,816.851,0.8743866034704584
A,USD,STD,INDL,C,8731,12/31/23,19998,MEDPACE HOLDINGS INC,MEDP,2023,1656.828,558.95,142.122,1656.828,282.81,1885.842,,30.682,306.53,8731.0,9404.95346,Biotech,2504679.0,2504679.0,2021-08-01,982110.0,Doctor August Troendle,MEDPACE HOLDINGS INC,Chairman/CEO,2027-01-01,10.0,40.0,Executive Director,0.0,0.0,1.0,0.0,0.0,0.0,1.0,0.0,0.0,0.0,1956-06-15,M,,55683.0,2023.0,814.275,814.422,1646.031,0.0,1628.6970000000001,0.0
A,USD,STD,INDL,C,3674,12/31/25,23119,SOLAREDGE TECHNOLOGIES INC,SEDG,2025,2182.194,427.464,386.767,2182.194,-405.448,1168.022,221.255,60.36,28.85,3674.0,1741.386,Semiconductors/Hardware,2231001.0,2231001.0,2024-12-04,1123639.0,Shuki Nir,SOLAREDGE TECHNOLOGIES INC,CEO,2027-01-01,10.0,40.0,Executive Director,1.0,0.0,1.0,0.0,0.0,0.0,0.0,0.0,0.0,0.0,1969-10-01,M,,47849.0,,,,,,,
A,USD,STD,INDL,C,2836,12/31/19,24040,IONIS PHARMACEUTICALS INC,IONS,2019,3233.112,1471.094,785.5,3233.112,294.146,1122.599,382.488,140.34,60.41,2836.0,8477.9394,Biotech,17053.0,17053.0,1999-02-01,320726.0,Doctor Stanley Crooke,IONIS PHARMACEUTICALS INC (Isis Pharmaceuticals Inc prior to 12/2015),Chairman/President/CEO,2020-01-28,20.0,15.0,Executive Director,1.0,0.0,0.0,0.0,1.0,0.0,1.0,0.0,0.0,0.0,1945-06-15,M,,,,,,,,,
A,USD,STD,INDL,C,2836,12/31/18,24302,ALKERMES PLC,ALKS,2018,1825.007,1171.285,276.465,1825.007,-139.311,1094.274,425.406,155.757,29.51,2836.0,4596.38907,Biotech,1391.0,1391.0,2011-09-16,104962.0,Richard Pops,ALKERMES PLC (Alkermes Inc prior to 09/2011),Chairman/CEO,2027-01-01,10.0,40.0,Executive Director,1.0,1.0,0.0,0.0,0.0,0.0,0.0,0.0,0.0,0.0,1962-06-15,M,,64496.0,2018.0,1002.316,0.0,17055.802,4876.35,1002.316,0.2859056407901546
A,USD,STD,INDL,C,2836,12/31/19,24302,ALKERMES PLC,ALKS,2019,1805.403,1085.442,279.637,1805.403,-196.62,1170.947,599.427,157.779,20.4,2836.0,3218.6915999999997,Biotech,1391.0,1391.0,2011-09-16,104962.0,Richard Pops,ALKERMES PLC (Alkermes Inc prior to 09/2011),Chairman/CEO,2027-01-01,10.0,40.0,Executive Director,1.0,1.0,0.0,0.0,0.0,0.0,0.0,0.0,0.0,0.0,1962-06-15,M,,64496.0,2019.0,1037.4,0.0,14637.147,10635.344,1037.4,0.7265995210678692
A,USD,STD,INDL,C,2836,12/31/20,24302,ALKERMES PLC,ALKS,2020,1949.73,1066.982,391.582,1949.73,-110.861,1038.756,394.588,159.161,19.95,2836.0,3175.26195,Biotech,1391.0,1391.0,2011-09-16,104962.0,Richard Pops,ALKERMES PLC (Alkermes Inc prior to 09/2011),Chairman/CEO,2027-01-01,10.0,40.0,Executive Director,1.0,1.0,0.0,0.0,0.0,0.0,0.0,0.0,0.0,0.0,1962-06-15,M,,64496.0,2020.0,1073.712,0.0,8041.702,2551.714,1073.712,0.31731019130029936
A,USD,STD,INDL,C,2836,12/31/21,24302,ALKERMES PLC,ALKS,2021,2024.484,1112.584,396.966,2024.484,-48.169,1173.751,406.526,161.937,23.26,2836.0,3766.6546200000007,Biotech,1391.0,1391.0,2011-09-16,104962.0,Richard Pops,ALKERMES PLC (Alkermes Inc prior to 09/2011),Chairman/CEO,2027-01-01,10.0,40.0,Executive Director,1.0,1.0,0.0,0.0,0.0,0.0,0.0,0.0,0.0,0.0,1962-06-15,M,,64496.0,2021.0,1105.923,0.0,8846.588,3101.695,1105.923,0.35060918401535146
A,USD,STD,INDL,C,2836,12/31/22,24302,ALKERMES PLC,ALKS,2022,1963.978,1043.753,380.099,1963.978,-158.267,1111.795,393.842,164.377,26.13,2836.0,4295.17101,Biotech,1391.0,1391.0,2011-09-16,104962.0,Richard Pops,ALKERMES PLC (Alkermes Inc prior to 09/2011),Chairman/CEO,2027-01-01,10.0,40.0,Executive Director,1.0,1.0,0.0,0.0,0.0,0.0,0.0,0.0,0.0,0.0,1962-06-15,M,,64496.0,2022.0,1144.631,0.0,10314.172,4157.121,1144.631,0.40304941589106713
A,USD,STD,INDL,C,2836,12/31/23,24302,ALKERMES PLC,ALKS,2023,2136.223,1202.686,363.439,2136.223,355.757,1466.313,270.806,166.98,27.74,2836.0,4632.025199999999,Biotech,1391.0,1391.0,2011-09-16,104962.0,Richard Pops,ALKERMES PLC (Alkermes Inc prior to 09/2011),Chairman/CEO,2027-01-01,10.0,40.0,Executive Director,1.0,1.0,0.0,0.0,0.0,0.0,0.0,0.0,0.0,0.0,1962-06-15,M,,64496.0,2023.0,1178.97,0.0,2610.234,0.0,1178.97,0.0
A,USD,STD,INDL,C,2836,12/31/24,24302,ALKERMES PLC,ALKS,2024,2055.567,1464.977,69.372,2055.567,367.07,1557.632,245.326,162.177,28.76,2836.0,4664.21052,Biotech,1391.0,1391.0,2011-09-16,104962.0,Richard Pops,ALKERMES PLC (Alkermes Inc prior to 09/2011),Chairman/CEO,2027-01-01,10.0,40.0,Executive Director,1.0,1.0,0.0,0.0,0.0,0.0,0.0,0.0,0.0,0.0,1962-06-15,M,,64496.0,2024.0,1214.339,0.0,10131.193,3640.82,1214.339,0.35936735190021557
A,USD,STD,INDL,C,2836,12/31/25,24302,ALKERMES PLC,ALKS,2025,2486.993,1819.295,63.253,2486.993,241.664,1475.899,323.964,165.607,27.98,2836.0,4633.68386,Biotech,1391.0,1391.0,2011-09-16,104962.0,Richard Pops,ALKERMES PLC (Alkermes Inc prior to 09/2011),Chairman/CEO,2027-01-01,10.0,40.0,Executive Director,1.0,1.0,0.0,0.0,0.0,0.0,0.0,0.0,0.0,0.0,1962-06-15,M,,64496.0,,,,,,,
A,USD,STD,INDL,C,2836,12/31/15,24468,BIOGEN INC,BIIB,2015,19504.8,9372.8,6521.5,19504.8,3547.0,10763.8,2012.8,218.6,306.35,2836.0,66968.11,Biotech,440155.0,440155.0,2010-07-15,272786.0,Doctor George Scangos,BIOGEN INC (Biogen Idec Inc prior to 03/2015),CEO,2017-01-06,10.0,10.0,Executive Director,1.0,1.0,0.0,0.0,1.0,0.0,0.0,0.0,0.0,0.0,1948-06-15,M,,41346.0,2015.0,1538.462,0.0,16874.386,13015.232,1538.462,0.7713010713397217
I,USD,STD,INDL,C,3674,12/31/15,23767,ATMEL CORP,ATML,2015,1260.418,873.66,55.0,1260.418,26.891,1172.456,230.212,421.31,8.61,3674.0,3627.4791,Semiconductors/Hardware,2960.0,2960.0,2006-08-07,183402.0,Steve Laub,ATMEL CORP (De-listed 04/2016),President/CEO,2016-04-04,10.0,10.0,Executive Director,1.0,1.0,0.0,0.0,0.0,0.0,0.0,0.0,0.0,0.0,1958-06-15,M,,8124.0,,,,,,,
A,USD,STD,INDL,C,2834,12/31/15,23812,REGENERON PHARMACEUTICALS,REGN,2015,5609.132,3654.837,362.919,5609.132,636.056,4103.728,1620.577,104.649,542.87,2834.0,56810.80263,Biotech,25954.0,25954.0,1994-01-02,201093.0,Doctor Len Schleifer,REGENERON PHARMACEUTICALS INC,President/CEO,2023-06-09,30.0,10.0,Executive Director,0.0,0.0,0.0,0.0,1.0,0.0,1.0,0.0,0.0,0.0,1953-01-01,M,,9752.0,,,,,,,
A,USD,STD,INDL,C,2834,12/31/16,23812,REGENERON PHARMACEUTICALS,REGN,2016,6973.466,4449.245,351.569,6973.466,895.522,4860.427,2052.295,106.008,367.09,2834.0,38914.47672,Biotech,25954.0,25954.0,1994-01-02,201093.0,Doctor Len Schleifer,REGENERON PHARMACEUTICALS INC,President/CEO,2023-06-09,30.0,10.0,Executive Director,0.0,0.0,0.0,0.0,1.0,0.0,1.0,0.0,0.0,0.0,1953-01-01,M,,9752.0,,,,,,,
I,USD,STD,INDL,C,8731,12/31/22,22039,SYNEOS HEALTH INC,SYNH,2022,8199.218,3495.001,2830.858,8199.218,266.497,5393.082,,102.911,36.68,8731.0,3774.77548,Biotech,2164733.0,2164733.0,2022-04-29,1960636.0,Michelle Keefe,SYNEOS HEALTH INC (INC Research Holdings Inc prior to 01/2018) (De-listed 09/2023),CEO,2023-09-28,10.0,10.0,Executive Director,1.0,0.0,0.0,0.0,0.0,0.0,0.0,0.0,0.0,0.0,1967-06-15,F,,,,,,,,,
I,USD,STD,INDL,C,8731,12/31/21,22039,SYNEOS HEALTH INC,SYNH,2021,8237.093,3412.555,3015.7,8237.093,234.831,5212.97,,103.764,102.68,8731.0,10654.48752,Biotech,2164733.0,2164733.0,2016-10-01,1480344.0,Alistair Macdonald,SYNEOS HEALTH INC (INC Research Holdings Inc prior to 01/2018) (De-listed 09/2023),CEO,2022-04-29,10.0,10.0,Executive Director,1.0,0.0,0.0,0.0,0.0,0.0,0.0,0.0,1.0,0.0,1970-02-01,M,,51055.0,2021.0,1114.884,0.0,8364.51,7111.804,1114.884,0.8502355786531428
I,USD,STD,INDL,C,8731,12/31/20,22039,SYNEOS HEALTH INC,SYNH,2020,8063.306,3242.112,3155.336,8063.306,192.787,4415.777,,103.935,68.13,8731.0,7081.09155,Biotech,2164733.0,2164733.0,2016-10-01,1480344.0,Alistair Macdonald,SYNEOS HEALTH INC (INC Research Holdings Inc prior to 01/2018) (De-listed 09/2023),CEO,2022-04-29,10.0,10.0,Executive Director,1.0,0.0,0.0,0.0,0.0,0.0,0.0,0.0,1.0,0.0,1970-02-01,M,,51055.0,2020.0,909.255,636.0,7776.953,6096.25,1545.255,0.783886697013599
A,USD,STD,INDL,C,8731,12/31/24,19998,MEDPACE HOLDINGS INC,MEDP,2024,2100.866,825.545,126.234,2100.866,404.386,2109.054,,30.561,332.23,8731.0,10153.28103,Biotech,2504679.0,2504679.0,2021-08-01,982110.0,Doctor August Troendle,MEDPACE HOLDINGS INC,Chairman/CEO,2027-01-01,10.0,40.0,Executive Director,0.0,0.0,1.0,0.0,0.0,0.0,1.0,0.0,0.0,0.0,1956-06-15,M,,55683.0,2024.0,866.25,649.8,8600.016,0.0,1516.05,0.0
A,USD,STD,INDL,C,8731,12/31/25,19998,MEDPACE HOLDINGS INC,MEDP,2025,1975.472,459.071,113.643,1975.472,451.123,2530.234,,28.301,561.65,8731.0,15895.25665,Biotech,2504679.0,2504679.0,2021-08-01,982110.0,Doctor August Troendle,MEDPACE HOLDINGS INC,Chairman/CEO,2027-01-01,10.0,40.0,Executive Director,0.0,0.0,1.0,0.0,0.0,0.0,1.0,0.0,0.0,0.0,1956-06-15,M,,55683.0,,,,,,,
I,USD,STD,INDL,C,2834,6/30/15,20228,CATALENT INC,CTLT,2015,3145.4,634.0,1864.1,3145.4,212.2,1830.8,12.2,124.319,29.33,2834.0,3646.27627,Biotech,2129696.0,2129696.0,2014-07-31,1047323.0,John Chiminski,CATALENT INC (De-listed 12/2024),President/CEO,2016-10-25,10.0,10.0,Executive Director,1.0,0.0,0.0,0.0,0.0,0.0,0.0,0.0,1.0,1.0,1964-10-02,M,,48040.0,2015.0,935.921,500.0,4911.394,425.015,1435.921,0.0865365311762811
I,USD,STD,INDL,C,2834,6/30/16,20228,CATALENT INC,CTLT,2016,3091.1,635.9,1832.8,3091.1,111.5,1848.1,7.6,124.712,22.99,2834.0,2867.12888,Biotech,2129696.0,2129696.0,2016-10-25,1047323.0,John Chiminski,CATALENT INC (De-listed 12/2024),Chairman/President/CEO,2019-02-13,10.0,10.0,Executive Director,1.0,0.0,0.0,0.0,0.0,0.0,0.0,0.0,1.0,1.0,1964-10-02,M,,48040.0,2016.0,975.0,0.0,5531.787,764.803,975.0,0.13825604637344135
I,USD,STD,INDL,C,2834,6/30/17,20228,CATALENT INC,CTLT,2017,3454.3,723.5,2055.1,3454.3,109.8,2075.4,7.0,125.05,35.1,2834.0,4389.255,Biotech,2129696.0,2129696.0,2016-10-25,1047323.0,John Chiminski,CATALENT INC (De-listed 12/2024),Chairman/President/CEO,2019-02-13,10.0,10.0,Executive Director,1.0,0.0,0.0,0.0,0.0,0.0,0.0,0.0,1.0,1.0,1964-10-02,M,,48040.0,2017.0,975.0,0.0,6326.615,900.072,975.0,0.14226754749577777
I,USD,STD,INDL,C,2834,6/30/18,20228,CATALENT INC,CTLT,2018,4531.1,1086.7,2649.4,4531.1,83.6,2463.4,6.3,133.424,41.89,2834.0,5589.13136,Biotech,2129696.0,2129696.0,2016-10-25,1047323.0,John Chiminski,CATALENT INC (De-listed 12/2024),Chairman/President/CEO,2019-02-13,10.0,10.0,Executive Director,1.0,0.0,0.0,0.0,0.0,0.0,0.0,0.0,1.0,1.0,1964-10-02,M,,48040.0,2018.0,1017.61,0.0,8526.869,2306.42,1017.61,0.2704884993542178
I,USD,STD,INDL,C,2834,6/30/19,20228,CATALENT INC,CTLT,2019,6184.0,1681.6,2882.8,6184.0,137.4,2518.0,3.3,145.738,54.21,2834.0,7900.45698,Biotech,2129696.0,2129696.0,2019-02-13,1047323.0,John Chiminski,CATALENT INC (De-listed 12/2024),Chairman/CEO,2022-07-01,10.0,10.0,Executive Director,1.0,0.0,0.0,0.0,0.0,0.0,0.0,0.0,1.0,1.0,1964-10-02,M,,48040.0,2019.0,1025.0,0.0,8514.987,4147.771,1025.0,0.48711419054427213
I,USD,STD,INDL,C,2834,6/30/20,20228,CATALENT INC,CTLT,2020,7776.5,2898.8,3033.3,7776.5,220.7,3094.3,2.6,162.788,73.3,2834.0,11932.3604,Biotech,2129696.0,2129696.0,2019-02-13,1047323.0,John Chiminski,CATALENT INC (De-listed 12/2024),Chairman/CEO,2022-07-01,10.0,10.0,Executive Director,1.0,0.0,0.0,0.0,0.0,0.0,0.0,0.0,1.0,1.0,1964-10-02,M,,48040.0,2020.0,963.915,0.0,9166.195,4620.211,963.915,0.5040489537916224
I,USD,STD,INDL,C,2834,6/30/21,20228,CATALENT INC,CTLT,2021,9112.0,3915.0,3239.0,9112.0,585.0,3998.0,21.0,170.549,108.12,2834.0,18439.75788,Biotech,2129696.0,2129696.0,2019-02-13,1047323.0,John Chiminski,CATALENT INC (De-listed 12/2024),Chairman/CEO,2022-07-01,10.0,10.0,Executive Director,1.0,0.0,0.0,0.0,0.0,0.0,0.0,0.0,1.0,1.0,1964-10-02,M,,48040.0,2021.0,1052.569,0.0,12581.139,6689.674,1052.569,0.5317224457976341
I,USD,STD,INDL,C,2834,6/30/22,20228,CATALENT INC,CTLT,2022,10508.0,4775.0,4256.0,10508.0,499.0,4802.0,23.0,179.302,107.29,2834.0,19237.31158,Biotech,2129696.0,2129696.0,2022-07-01,1779146.0,Alessandro Maselli,CATALENT INC (De-listed 12/2024),President/CEO,2024-12-18,10.0,10.0,Executive Director,1.0,0.0,0.0,0.0,0.0,0.0,0.0,0.0,1.0,0.0,1972-03-01,M,,,,,,,,,
I,USD,STD,INDL,C,2834,6/30/23,20228,CATALENT INC,CTLT,2023,10777.0,4611.0,4368.0,10777.0,-256.0,4263.0,18.0,180.273,43.36,2834.0,7816.63728,Biotech,2129696.0,2129696.0,2022-07-01,1779146.0,Alessandro Maselli,CATALENT INC (De-listed 12/2024),President/CEO,2024-12-18,10.0,10.0,Executive Director,1.0,0.0,0.0,0.0,0.0,0.0,0.0,0.0,1.0,0.0,1972-03-01,M,,,,,,,,,
I,USD,STD,INDL,C,2836,12/31/20,20943,SAGE THERAPEUTICS INC,SAGE,2020,2159.246,2072.334,19.438,2159.246,606.073,1114.2,292.714,58.308,86.51,2836.0,5044.22508,Biotech,2125688.0,2125688.0,2020-12-15,345845.0,Professor Barry Greene,SAGE THERAPEUTICS INC (De-listed 07/2025),President/CEO,2025-07-31,10.0,10.0,Executive Director,1.0,0.0,0.0,0.0,0.0,0.0,0.0,0.0,0.0,0.0,1964-06-15,M,,,,,,,,,
I,USD,STD,INDL,C,3674,3/31/16,22325,XILINX INC,XLNX,2015,4823.154,2589.893,995.835,4823.154,550.867,2213.881,533.891,253.687,47.43,3674.0,12032.37441,Semiconductors/Hardware,33857.0,33857.0,2008-02-14,350055.0,Moshe Gavrielov,XILINX INC (De-listed 02/2022),President/CEO,2018-01-29,10.0,10.0,Executive Director,1.0,0.0,0.0,0.0,0.0,0.0,0.0,0.0,1.0,0.0,1953-06-15,M,,,,,,,,,
I,USD,STD,INDL,C,3674,3/31/17,22325,XILINX INC,XLNX,2016,4740.532,2507.633,995.247,4740.532,622.512,2349.33,601.443,248.027,57.89,3674.0,14358.28303,Semiconductors/Hardware,33857.0,33857.0,2008-02-14,350055.0,Moshe Gavrielov,XILINX INC (De-listed 02/2022),President/CEO,2018-01-29,10.0,10.0,Executive Director,1.0,0.0,0.0,0.0,0.0,0.0,0.0,0.0,1.0,0.0,1953-06-15,M,,,,,,,,,
I,USD,STD,INDL,C,3674,3/31/18,22325,XILINX INC,XLNX,2017,5055.687,2330.235,1214.44,5055.687,512.381,2539.004,639.75,253.377,72.24,3674.0,18303.95448,Semiconductors/Hardware,33857.0,33857.0,2008-02-14,350055.0,Moshe Gavrielov,XILINX INC (De-listed 02/2022),President/CEO,2018-01-29,10.0,10.0,Executive Director,1.0,0.0,0.0,0.0,0.0,0.0,0.0,0.0,1.0,0.0,1953-06-15,M,,,,,,,,,
I,USD,STD,INDL,C,3674,3/31/19,22325,XILINX INC,XLNX,2018,5151.348,2861.509,1234.807,5151.348,889.75,3059.04,743.027,253.891,126.79,3674.0,32190.83989,Semiconductors/Hardware,33857.0,33857.0,2018-01-29,339239.0,Victor Peng,XILINX INC (De-listed 02/2022),President/CEO,2022-02-14,10.0,10.0,Executive Director,1.0,0.0,0.0,0.0,0.0,0.0,0.0,0.0,1.0,1.0,1960-06-15,M,,22632.0,2018.0,700.0,0.0,6589.807,4181.52,700.0,0.6345436216872513
I,USD,STD,INDL,C,3674,3/31/20,22325,XILINX INC,XLNX,2019,4693.334,2315.049,796.074,4693.334,792.721,3162.666,853.589,243.81,77.94,3674.0,19002.5514,Semiconductors/Hardware,33857.0,33857.0,2018-01-29,339239.0,Victor Peng,XILINX INC (De-listed 02/2022),President/CEO,2022-02-14,10.0,10.0,Executive Director,1.0,0.0,0.0,0.0,0.0,0.0,0.0,0.0,1.0,1.0,1960-06-15,M,,22632.0,2019.0,887.5,0.0,11222.252,9324.173,887.5,0.8308646963194197
I,USD,STD,INDL,C,3674,3/31/21,22325,XILINX INC,XLNX,2020,5519.201,2886.961,1533.546,5519.201,646.508,3147.599,904.639,245.808,123.9,3674.0,30455.6112,Semiconductors/Hardware,33857.0,33857.0,2018-01-29,339239.0,Victor Peng,XILINX INC (De-listed 02/2022),President/CEO,2022-02-14,10.0,10.0,Executive Director,1.0,0.0,0.0,0.0,0.0,0.0,0.0,0.0,1.0,1.0,1960-06-15,M,,22632.0,2020.0,950.0,0.0,14601.229,11918.916,950.0,0.8162953954081537
I,USD,STD,INDL,C,8731,12/31/15,21739,PRA HEALTH SCIENCES INC,PRAH,2015,2228.743,702.722,889.514,2228.743,81.765,1613.883,,60.245,45.27,8731.0,2727.29115,Biotech,2166779.0,2166779.0,2014-11-13,334096.0,Colin Shannon,PRA HEALTH SCIENCES INC (De-listed 07/2021),Chairman/President/CEO,2021-07-01,10.0,10.0,Executive Director,0.0,0.0,1.0,0.0,0.0,0.0,0.0,0.0,0.0,0.0,1960-06-15,M,,28073.0,,,,,,,
I,USD,STD,INDL,C,8731,12/31/16,21739,PRA HEALTH SCIENCES INC,PRAH,2016,2190.391,729.252,797.052,2190.391,68.175,1811.711,,61.598,55.12,8731.0,3395.28176,Biotech,2166779.0,2166779.0,2014-11-13,334096.0,Colin Shannon,PRA HEALTH SCIENCES INC (De-listed 07/2021),Chairman/President/CEO,2021-07-01,10.0,10.0,Executive Director,0.0,0.0,1.0,0.0,0.0,0.0,0.0,0.0,0.0,0.0,1960-06-15,M,,28073.0,,,,,,,
I,USD,STD,INDL,C,8731,12/31/17,21739,PRA HEALTH SCIENCES INC,PRAH,2017,3358.046,930.771,1225.397,3358.046,86.927,2259.389,,63.624,91.07,8731.0,5794.23768,Biotech,2166779.0,2166779.0,2014-11-13,334096.0,Colin Shannon,PRA HEALTH SCIENCES INC (De-listed 07/2021),Chairman/President/CEO,2021-07-01,10.0,10.0,Executive Director,0.0,0.0,1.0,0.0,0.0,0.0,0.0,0.0,0.0,0.0,1960-06-15,M,,28073.0,,,,,,,
I,USD,STD,INDL,C,8731,12/31/18,21739,PRA HEALTH SCIENCES INC,PRAH,2018,3186.467,1045.03,1082.384,3186.467,153.905,2871.922,,65.395,91.96,8731.0,6013.7242,Biotech,2166779.0,2166779.0,2014-11-13,334096.0,Colin Shannon,PRA HEALTH SCIENCES INC (De-listed 07/2021),Chairman/President/CEO,2021-07-01,10.0,10.0,Executive Director,0.0,0.0,1.0,0.0,0.0,0.0,0.0,0.0,0.0,0.0,1960-06-15,M,,28073.0,,,,,,,
I,USD,STD,INDL,C,8731,12/31/19,21739,PRA HEALTH SCIENCES INC,PRAH,2019,3544.43,1089.991,1312.548,3544.43,243.02,3066.262,,63.492,111.15,8731.0,7057.1358,Biotech,2166779.0,2166779.0,2014-11-13,334096.0,Colin Shannon,PRA HEALTH SCIENCES INC (De-listed 07/2021),Chairman/President/CEO,2021-07-01,10.0,10.0,Executive Director,0.0,0.0,1.0,0.0,0.0,0.0,0.0,0.0,0.0,0.0,1960-06-15,M,,28073.0,,,,,,,
I,USD,STD,INDL,C,8731,12/31/20,21739,PRA HEALTH SCIENCES INC,PRAH,2020,4178.501,1479.185,1317.651,4178.501,197.043,3183.365,,64.539,125.44,8731.0,8095.77216,Biotech,2166779.0,2166779.0,2014-11-13,334096.0,Colin Shannon,PRA HEALTH SCIENCES INC (De-listed 07/2021),Chairman/President/CEO,2021-07-01,10.0,10.0,Executive Director,0.0,0.0,1.0,0.0,0.0,0.0,0.0,0.0,0.0,0.0,1960-06-15,M,,28073.0,,,,,,,
I,USD,STD,INDL,C,8731,12/31/15,22039,SYNEOS HEALTH INC,SYNH,2015,1211.219,217.434,472.035,1211.219,117.047,1399.239,,53.871,48.51,8731.0,2613.28221,Biotech,2164733.0,2164733.0,2014-11-07,1109557.0,Jamie Macdonald,SYNEOS HEALTH INC (INC Research Holdings Inc prior to 01/2018) (De-listed 09/2023),CEO,2016-10-01,10.0,10.0,Executive Director,,,,,,,,,,,,,,,,,,,,,
I,USD,STD,INDL,C,8731,12/31/16,22039,SYNEOS HEALTH INC,SYNH,2016,1288.507,301.473,485.849,1288.507,112.63,1610.596,,53.763,52.6,8731.0,2827.9338,Biotech,2164733.0,2164733.0,2016-10-01,1480344.0,Alistair Macdonald,SYNEOS HEALTH INC (INC Research Holdings Inc prior to 01/2018) (De-listed 09/2023),CEO,2022-04-29,10.0,10.0,Executive Director,1.0,0.0,0.0,0.0,0.0,0.0,0.0,0.0,1.0,0.0,1970-02-01,M,,51055.0,2016.0,583.262,0.0,4372.758,2463.606,583.262,0.5633986605250051
I,USD,STD,INDL,C,8731,12/31/17,22039,SYNEOS HEALTH INC,SYNH,2017,7285.867,3022.579,2966.31,7285.867,-138.469,2672.064,,104.436,43.6,8731.0,4553.409600000001,Biotech,2164733.0,2164733.0,2016-10-01,1480344.0,Alistair Macdonald,SYNEOS HEALTH INC (INC Research Holdings Inc prior to 01/2018) (De-listed 09/2023),CEO,2022-04-29,10.0,10.0,Executive Director,1.0,0.0,0.0,0.0,0.0,0.0,0.0,0.0,1.0,0.0,1970-02-01,M,,51055.0,2017.0,852.703,0.0,5870.074,4249.97,852.703,0.724006205032509
I,USD,STD,INDL,C,8731,12/31/18,22039,SYNEOS HEALTH INC,SYNH,2018,7254.909,2856.144,2763.778,7254.909,24.284,4390.116,,103.372,39.35,8731.0,4067.6882,Biotech,2164733.0,2164733.0,2016-10-01,1480344.0,Alistair Macdonald,SYNEOS HEALTH INC (INC Research Holdings Inc prior to 01/2018) (De-listed 09/2023),CEO,2022-04-29,10.0,10.0,Executive Director,1.0,0.0,0.0,0.0,0.0,0.0,0.0,0.0,1.0,0.0,1970-02-01,M,,51055.0,2018.0,1017.045,0.0,7573.682,6071.508,1017.045,0.8016586912415916
I,USD,STD,INDL,C,8731,12/31/19,22039,SYNEOS HEALTH INC,SYNH,2019,7453.795,3029.654,2805.652,7453.795,131.258,4675.815,,103.866,59.475,8731.0,6177.4303500000005,Biotech,2164733.0,2164733.0,2016-10-01,1480344.0,Alistair Macdonald,SYNEOS HEALTH INC (INC Research Holdings Inc prior to 01/2018) (De-listed 09/2023),CEO,2022-04-29,10.0,10.0,Executive Director,1.0,0.0,0.0,0.0,0.0,0.0,0.0,0.0,1.0,0.0,1970-02-01,M,,51055.0,2019.0,1000.913,0.0,7596.359,5833.08,1000.913,0.7678784006916998
A,USD,STD,INDL,C,3674,12/31/25,264416,ULTRA CLEAN HOLDINGS INC,UCTT,2025,1729.0,711.0,623.6,1729.0,-181.2,2054.0,32.0,45.5,25.33,3674.0,1152.515,Semiconductors/Hardware,488272.0,488272.0,2025-09-02,3082984.0,James Xiao,ULTRA CLEAN HOLDINGS INC,CEO,2027-01-01,10.0,40.0,Executive Director,1.0,0.0,1.0,0.0,0.0,0.0,0.0,0.0,0.0,0.0,1970-06-15,M,,,,,,,,,
