costat,curcd,datafmt,indfmt,consol,sic,datadate,gvkey,conm,tic,fyear,at,ceq,dltt,lse,ni,revt,xrd,csho,prcc_f,sich,mkt_cap,industry,boardid,companyid,datestartrole,directorid,directorname,companyname,rolename,dateendrole,datestartroleflag,dateendroleflag,seniority,UG,top20_ug,MBA,top20_mba,PhD,top20_phd,MD,top20_md,Master's,top20_masters,dob,gender,diversitynetworklabel,re,volatility,roa,adjusted_roa,firm_size,equity_capital,charter_value,retained_earnings,rd_intensity,ceo_age,ceo_gender,masters_factor,md_factor,phd_factor,mba_factor,ug_factor
A,USD,STD,INDL,C,3674,12/31/15,1161,ADVANCED MICRO DEVICES,AMD,2015,3109.0,-412.0,2032.0,3109.0,-660.0,3991.0,947.0,792.0,2.87,3674.0,2273.04,Semiconductors/Hardware,881.0,881.0,2014-10-08,542142.0,Doctor Lisa Su,ADVANCED MICRO DEVICES INC (AMD),President/CEO,2022-02-14,10.0,10.0,Executive Director,1.0,1.0,0.0,0.0,1.0,1.0,0.0,0.0,1.0,1.0,1969-11-07,F,,-7314.0,0.03501381489351407,-0.21228690897394661,-0.2779364920921522,8.042056410058754,-0.13251849469282728,,-2.352524927629463,0.30459954969443553,46.0,0,1.0553892672857608,-0.34353137885814344,3.930027966732105,-0.4444063793242925,0.961758210171077
I,USD,STD,INDL,C,7372,12/31/21,61676,CITRIX SYSTEMS INC,CTXS,2021,6975.517,547.257,3492.341,6975.517,307.499,3217.17,581.6,124.861,94.59,7372.0,11810.60199,Software,6959.0,6959.0,2021-10-01,52347.0,Bob Calderoni,CITRIX SYSTEMS INC (De-listed 09/2022),Chairman/Interim President/Interim CEO,2022-09-30,10.0,10.0,Executive Director,1.0,0.0,0.0,0.0,0.0,0.0,0.0,0.0,0.0,0.0,1959-06-15,M,,5097.728,0.02132790728455163,0.04408261065093814,-0.02175298653048042,8.850161725806476,0.07845396979177313,3.071834353246615,0.7308028924594406,0.08337733246152221,62.0,0,-0.6773650833982051,-0.27530597743840163,-0.18806471044490725,-0.6182375476915621,0.1164894900028803
A,USD,STD,INDL,C,2836,12/31/21,61655,NOVAVAX INC,NVAX,2021,2576.753,-351.673,362.574,2576.753,-1743.751,1146.29,2534.508,75.841,143.07,2836.0,10850.571869999998,Biotech,22589.0,22589.0,2018-03-14,507661.0,Stan Erck,NOVAVAX INC,President/CEO,2023-01-23,10.0,10.0,Executive Director,1.0,0.0,1.0,1.0,0.0,0.0,0.0,0.0,0.0,0.0,1948-04-01,M,,-3619.303,0.07770744149757769,-0.6767241563316313,-0.7425597535130498,7.8542853581735255,-0.13647912702536874,,-1.4045983452818331,0.9836053358626146,73.0,0,-0.5986162497683529,-0.13342965404338525,-0.11640577451831292,1.683520041240194,0.08550762578148682
A,USD,STD,INDL,C,2836,12/31/25,61655,NOVAVAX INC,NVAX,2025,1176.512,-127.753,265.663,1176.512,440.302,1123.479,342.32,162.576,6.72,2836.0,1092.51072,Biotech,22589.0,22589.0,2025-06-20,2107029.0,John Jacobs,NOVAVAX INC,President/CEO,2027-01-01,10.0,40.0,Executive Director,1.0,0.0,1.0,0.0,0.0,0.0,0.0,0.0,0.0,0.0,1967-06-15,M,,-4566.138,0.046854891537861036,0.37424352662786275,0.3209368714356847,7.070309407860407,-0.10858622776478269,,-3.881080685959854,0.29096175814611325,58.0,0,-0.6637970751564273,-0.2472783908292412,-0.17753790169760764,-0.006433528133942844,0.021768553178682218
A,USD,STD,INDL,C,3679,12/31/20,61562,ADVANCED ENERGY INDS INC,AEIS,2020,1647.662,814.739,400.539,1647.662,134.675,1415.826,143.961,38.293,96.97,3679.0,3713.27221,Semiconductors/Hardware,864.0,864.0,2020-10-29,544257.0,Yuval Wasserman,ADVANCED ENERGY INDUSTRIES INC,President/CEO,2021-03-01,10.0,10.0,Executive Director,1.0,0.0,0.0,0.0,0.0,0.0,0.0,0.0,0.0,0.0,1954-06-15,M,,709.692,0.04296089231971495,0.08173703101728388,0.021830270092376126,7.4071125923467545,0.49448187795797927,1.5168009476224151,0.43072669030420074,0.08737289565456993,66.0,0,-0.6773650833982051,-0.27530597743840163,-0.18806471044490725,-0.6182375476915621,0.1164894900028803
A,USD,STD,INDL,C,3679,12/31/21,61562,ADVANCED ENERGY INDS INC,AEIS,2021,1817.34,870.851,467.913,1817.34,134.736,1455.954,161.831,37.589,91.06,3829.0,3422.85434,Semiconductors/Hardware,864.0,864.0,2021-03-01,647302.0,Steve Kelley,ADVANCED ENERGY INDUSTRIES INC,President/CEO,2027-01-01,10.0,40.0,Executive Director,1.0,1.0,0.0,0.0,0.0,0.0,0.0,0.0,0.0,0.0,1962-06-15,M,,755.107,0.028752462510724112,0.07413912641553039,0.008303529234111831,7.505129172520162,0.4791899149306129,1.3687591898284461,0.41550122706813253,0.0890482793533406,59.0,0,-0.6916225293945008,-0.23947369343537842,-0.222008608786628,-0.5665355396382482,0.9038237180669413
A,USD,STD,INDL,C,3679,12/31/22,61562,ADVANCED ENERGY INDS INC,AEIS,2022,1992.168,1066.267,447.722,1992.168,199.66,1845.422,191.02,37.429,85.78,3829.0,3210.6596200000004,Semiconductors/Hardware,864.0,864.0,2021-03-01,647302.0,Steve Kelley,ADVANCED ENERGY INDUSTRIES INC,President/CEO,2027-01-01,10.0,40.0,Executive Director,1.0,1.0,0.0,0.0,0.0,0.0,0.0,0.0,0.0,0.0,1962-06-15,M,,931.59,0.02738422281173314,0.10022247119720827,0.04316722595123363,7.596978771937747,0.5352294585597199,1.1023126417038345,0.46762622429433665,0.09588548756932147,60.0,0,-0.6916225293945008,-0.23947369343537842,-0.222008608786628,-0.5665355396382482,0.9038237180669413
A,USD,STD,INDL,C,3679,12/31/23,61562,ADVANCED ENERGY INDS INC,AEIS,2023,2556.757,1144.182,985.009,2556.757,128.284,1655.81,202.439,37.318,108.92,3679.0,4064.67656,Semiconductors/Hardware,864.0,864.0,2021-03-01,647302.0,Steve Kelley,ADVANCED ENERGY INDUSTRIES INC,President/CEO,2027-01-01,10.0,40.0,Executive Director,1.0,1.0,0.0,0.0,0.0,0.0,0.0,0.0,0.0,0.0,1962-06-15,M,,995.845,0.021703280425218636,0.05017449839777499,0.0014842387831387055,7.846494937533161,0.44751300182223025,1.2676442015853986,0.3894953646357476,0.07917803686466879,61.0,0,-0.6916225293945008,-0.23947369343537842,-0.222008608786628,-0.5665355396382482,0.9038237180669413
A,USD,STD,INDL,C,3679,12/31/24,61562,ADVANCED ENERGY INDS INC,AEIS,2024,2261.894,1203.171,653.873,2261.894,54.214,1482.042,211.834,37.711,115.63,3679.0,4360.52293,Semiconductors/Hardware,864.0,864.0,2021-03-01,647302.0,Steve Kelley,ADVANCED ENERGY INDUSTRIES INC,President/CEO,2027-01-01,10.0,40.0,Executive Director,1.0,1.0,0.0,0.0,0.0,0.0,0.0,0.0,0.0,0.0,1962-06-15,M,,1014.9,0.02170458904545586,0.023968408776008074,-0.03310071041201345,7.723957794393254,0.5319307624495224,1.2876314167129879,0.448694766421415,0.09365337190867477,62.0,0,-0.6916225293945008,-0.23947369343537842,-0.222008608786628,-0.5665355396382482,0.9038237180669413
A,USD,STD,INDL,C,3679,12/31/25,61562,ADVANCED ENERGY INDS INC,AEIS,2025,2545.8,1362.8,95.7,2545.8,148.4,1798.8,232.4,37.8,209.37,3679.0,7914.186,Semiconductors/Hardware,864.0,864.0,2021-03-01,647302.0,Steve Kelley,ADVANCED ENERGY INDUSTRIES INC,President/CEO,2027-01-01,10.0,40.0,Executive Director,1.0,1.0,0.0,0.0,0.0,0.0,0.0,0.0,0.0,0.0,1962-06-15,M,,1134.8,0.0325787783416342,0.05829208893078796,0.004985433738609914,7.842200221436334,0.535313064655511,1.7591154385359005,0.44575379055699577,0.09128761096708303,63.0,0,-0.6916225293945008,-0.23947369343537842,-0.222008608786628,-0.5665355396382482,0.9038237180669413
I,USD,STD,INDL,C,7372,12/31/15,61676,CITRIX SYSTEMS INC,CTXS,2015,5481.438,1973.446,1324.992,5481.438,319.361,3275.594,563.975,153.817,75.65,7372.0,11636.256050000002,Software,6959.0,6959.0,2015-10-20,52347.0,Bob Calderoni,CITRIX SYSTEMS INC (De-listed 09/2022),Chairman/Interim President/CEO,2016-01-25,10.0,10.0,Executive Director,1.0,0.0,0.0,0.0,0.0,0.0,0.0,0.0,0.0,0.0,1959-06-15,M,,3446.098,0.019925684835215254,0.058262266215544166,-0.007387316902661402,8.60912275427803,0.3600234099154273,1.774344492182815,0.6286850275420428,0.10288814723435712,56.0,0,-0.6773650833982051,-0.27530597743840163,-0.18806471044490725,-0.6182375476915621,0.1164894900028803
I,USD,STD,INDL,C,7372,12/31/16,61676,CITRIX SYSTEMS INC,CTXS,2016,6390.227,2608.727,0.0,6390.227,536.112,3418.265,489.265,156.299,89.31,7372.0,13959.06369,Software,6959.0,6959.0,2016-01-25,272180.0,Kirill Tatarinov,CITRIX SYSTEMS INC (De-listed 09/2022),President/CEO,2017-07-07,10.0,10.0,Executive Director,0.0,0.0,0.0,0.0,0.0,0.0,0.0,0.0,0.0,0.0,,,,3982.033,0.01669721620592197,0.0838956112200709,0.033901349846975744,8.76252507099726,0.4082369843825579,1.6772666612805485,0.623144216942528,0.07656457274522485,,0,-0.6720449074444793,-0.23674111240146314,-0.1428900246012513,-0.648546397838306,-0.5106751006852247
I,USD,STD,INDL,C,7372,12/31/17,61676,CITRIX SYSTEMS INC,CTXS,2017,5820.176,992.461,2127.474,5820.176,-20.719,2824.686,415.801,143.707,88.0,7372.0,12646.216,Software,6959.0,6959.0,2017-07-10,205153.0,David Henshall,CITRIX SYSTEMS INC (De-listed 09/2022),President/CEO,2021-10-01,10.0,10.0,Executive Director,1.0,0.0,1.0,0.0,0.0,0.0,0.0,0.0,0.0,0.0,1969-06-15,M,,3498.678,0.01365697330656129,-0.003559857983676095,-0.06119404582033544,8.669085780818076,0.17052078837478454,2.5449256018934907,0.6011292442015499,0.07144131036587209,48.0,0,-0.6637970751564273,-0.2472783908292412,-0.17753790169760764,-0.006433528133942844,0.021768553178682218
I,USD,STD,INDL,C,7372,12/31/18,61676,CITRIX SYSTEMS INC,CTXS,2018,5136.049,551.519,741.825,5136.049,575.667,2973.903,439.984,131.434,102.46,7372.0,13466.72764,Software,6959.0,6959.0,2017-07-10,205153.0,David Henshall,CITRIX SYSTEMS INC (De-listed 09/2022),President/CEO,2021-10-01,10.0,10.0,Executive Director,1.0,0.0,1.0,0.0,0.0,0.0,0.0,0.0,0.0,0.0,1969-06-15,M,,4160.865,0.011008424940782614,0.11208362692801413,0.03535847173610361,8.54403938582273,0.10738195838863687,3.1953010133976156,0.8101295373155513,0.08566584937176416,49.0,0,-0.6637970751564273,-0.2472783908292412,-0.17753790169760764,-0.006433528133942844,0.021768553178682218
I,USD,STD,INDL,C,7372,12/31/19,61676,CITRIX SYSTEMS INC,CTXS,2019,4388.926,837.656,952.308,4388.926,681.813,3010.564,518.877,130.067,110.9,7372.0,14424.430300000002,Software,6959.0,6959.0,2017-07-10,205153.0,David Henshall,CITRIX SYSTEMS INC (De-listed 09/2022),President/CEO,2021-10-01,10.0,10.0,Executive Director,1.0,0.0,1.0,0.0,0.0,0.0,0.0,0.0,0.0,0.0,1969-06-15,M,,4655.018,0.009667695939815145,0.15534848388876912,0.07514927682880412,8.386839829213447,0.19085671528752135,2.846071081652167,1.0606280443097011,0.11822413957309827,50.0,0,-0.6637970751564273,-0.2472783908292412,-0.17753790169760764,-0.006433528133942844,0.021768553178682218
I,USD,STD,INDL,C,7372,12/31/20,61676,CITRIX SYSTEMS INC,CTXS,2020,4890.347,112.143,1928.389,4890.347,504.446,3236.7,538.08,122.521,130.1,7372.0,15939.9821,Software,6959.0,6959.0,2017-07-10,205153.0,David Henshall,CITRIX SYSTEMS INC (De-listed 09/2022),President/CEO,2021-10-01,10.0,10.0,Executive Director,1.0,0.0,1.0,0.0,0.0,0.0,0.0,0.0,0.0,0.0,1969-06-15,M,,4980.684,0.025944605174821292,0.10315137146709631,0.043244610542188554,8.495018541096488,0.02293150158874207,4.956810986770837,1.018472513300181,0.11002900203196217,51.0,0,-0.6637970751564273,-0.2472783908292412,-0.17753790169760764,-0.006433528133942844,0.021768553178682218
I,USD,STD,INDL,C,7372,9/30/15,61685,NUANCE COMMUNICATIONS INC,NUAN,2015,5585.345,2265.252,2118.821,5585.345,-115.01,1931.136,310.332,309.781,16.37,7372.0,5071.1149700000005,Software,27190.0,27190.0,2000-08-21,275794.0,Paul Ricci,NUANCE COMMUNICATIONS INC (Scansoft Inc prior to 10/2005) (De-listed 03/2022),Chairman/CEO,2018-02-28,10.0,10.0,Executive Director,1.0,1.0,0.0,0.0,0.0,0.0,0.0,0.0,1.0,1.0,1956-06-15,M,,-867.334,0.019756800735983685,-0.020591386924173886,-0.08624097004237946,8.627901482200645,0.4055706496196743,0.8058746975882686,-0.15528745314747788,0.05556183190116277,59.0,0,1.5622273968873046,-0.10715234353633471,-0.491437888389294,-0.5932455801115535,1.7735038512552161
I,USD,STD,INDL,C,8731,6/30/15,61600,PAREXEL INTERNATIONAL CORP,PRXL,2015,1865.021,665.286,345.374,1865.021,147.821,2330.274,24.0,55.237,64.31,8731.0,3552.29147,Biotech,23799.0,23799.0,2012-07-01,324013.0,Josef Von Rickenbach,PAREXEL INTERNATIONAL CORP (De-listed 09/2017),Chairman/CEO,2017-09-29,10.0,10.0,Executive Director,1.0,0.0,1.0,1.0,0.0,0.0,0.0,0.0,0.0,0.0,1954-06-15,M,,626.997,0.01847543458510395,0.0792596973438905,0.013610114225684936,7.531027592068141,0.35671769915727486,1.6751311353529852,0.33618763542072716,0.012868487807912082,61.0,0,-0.5986162497683529,-0.13342965404338525,-0.11640577451831292,1.683520041240194,0.08550762578148682
I,USD,STD,INDL,C,7372,9/30/16,61685,NUANCE COMMUNICATIONS INC,NUAN,2016,5661.47,1931.33,2433.152,5661.47,-12.458,1948.903,271.13,287.633,14.5,7372.0,4170.6785,Software,27190.0,27190.0,2000-08-21,275794.0,Paul Ricci,NUANCE COMMUNICATIONS INC (Scansoft Inc prior to 10/2005) (De-listed 03/2022),Chairman/CEO,2018-02-28,10.0,10.0,Executive Director,1.0,1.0,0.0,0.0,0.0,0.0,0.0,0.0,1.0,1.0,1956-06-15,M,,-545.165,0.018821058139670836,-0.002200488565690536,-0.052194749938785694,8.641438854791012,0.34113578275606865,0.7698698476528447,-0.09629389540172428,0.04789038889193089,60.0,0,1.5622273968873046,-0.10715234353633471,-0.491437888389294,-0.5932455801115535,1.7735038512552161
I,USD,STD,INDL,C,7372,9/30/17,61685,NUANCE COMMUNICATIONS INC,NUAN,2017,5931.923,1931.382,2241.283,5931.923,-150.996,1939.362,266.097,290.187,15.72,7372.0,4561.739640000001,Software,27190.0,27190.0,2000-08-21,275794.0,Paul Ricci,NUANCE COMMUNICATIONS INC (Scansoft Inc prior to 10/2005) (De-listed 03/2022),Chairman/CEO,2018-02-28,10.0,10.0,Executive Director,1.0,1.0,0.0,0.0,0.0,0.0,0.0,0.0,1.0,1.0,1956-06-15,M,,-681.369,0.015230380347839533,-0.025454814568564025,-0.08308900240522336,8.688103722728533,0.3255912121583507,0.8594682419309126,-0.11486477487991668,0.044858471696277914,61.0,0,1.5622273968873046,-0.10715234353633471,-0.491437888389294,-0.5932455801115535,1.7735038512552161
I,USD,STD,INDL,C,7372,9/30/18,61685,NUANCE COMMUNICATIONS INC,NUAN,2018,5302.379,1717.496,2185.361,5302.379,-159.928,2051.661,305.323,287.753,17.32,7372.0,4983.88196,Software,27190.0,27190.0,2018-04-23,745229.0,Mark Benjamin,NUANCE COMMUNICATIONS INC (Scansoft Inc prior to 10/2005) (De-listed 03/2022),CEO,2022-03-04,10.0,10.0,Executive Director,1.0,0.0,0.0,0.0,0.0,0.0,0.0,0.0,0.0,0.0,1970-06-15,M,,-863.7,0.019674871784034962,-0.030161555784677028,-0.10688671097658754,8.57591086675367,0.323910456042467,1.0653416812714305,-0.16288914843695632,0.05758226637514972,48.0,0,-0.6773650833982051,-0.27530597743840163,-0.18806471044490725,-0.6182375476915621,0.1164894900028803
I,USD,STD,INDL,C,7372,9/30/19,61685,NUANCE COMMUNICATIONS INC,NUAN,2019,5365.793,2155.006,793.536,5365.793,213.81,1823.092,275.886,285.93,16.31,7372.0,4663.5183,Software,27190.0,27190.0,2018-04-23,745229.0,Mark Benjamin,NUANCE COMMUNICATIONS INC (Scansoft Inc prior to 10/2005) (De-listed 03/2022),CEO,2022-03-04,10.0,10.0,Executive Director,1.0,0.0,0.0,0.0,0.0,0.0,0.0,0.0,0.0,0.0,1970-06-15,M,,-426.385,0.015749284509769257,0.039846859541544,-0.040352347518421,8.587799454020839,0.40161929466902657,0.7719766554938566,-0.0794635573903056,0.05141569941292928,49.0,0,-0.6773650833982051,-0.27530597743840163,-0.18806471044490725,-0.6182375476915621,0.1164894900028803
I,USD,STD,INDL,C,7372,9/30/20,61685,NUANCE COMMUNICATIONS INC,NUAN,2020,3593.332,1143.933,1212.085,3593.332,21.396,1478.899,226.234,282.952,33.19,7372.0,9391.17688,Software,27190.0,27190.0,2018-04-23,745229.0,Mark Benjamin,NUANCE COMMUNICATIONS INC (Scansoft Inc prior to 10/2005) (De-listed 03/2022),CEO,2022-03-04,10.0,10.0,Executive Director,1.0,0.0,0.0,0.0,0.0,0.0,0.0,0.0,0.0,0.0,1970-06-15,M,,-390.134,0.029953650390963822,0.005954362135199309,-0.05395239878970845,8.186835184737296,0.3183488194244228,2.10529829389098,-0.1085716543865137,0.06295939256378204,50.0,0,-0.6773650833982051,-0.27530597743840163,-0.18806471044490725,-0.6182375476915621,0.1164894900028803
I,USD,STD,INDL,C,7372,9/30/21,61685,NUANCE COMMUNICATIONS INC,NUAN,2021,3386.653,1634.934,580.215,3386.653,-26.726,1362.379,249.2,315.651,55.04,7372.0,17373.43104,Software,27190.0,27190.0,2018-04-23,745229.0,Mark Benjamin,NUANCE COMMUNICATIONS INC (Scansoft Inc prior to 10/2005) (De-listed 03/2022),CEO,2022-03-04,10.0,10.0,Executive Director,1.0,0.0,0.0,0.0,0.0,0.0,0.0,0.0,0.0,0.0,1970-06-15,M,,-403.591,0.01795889178761763,-0.007891567278962446,-0.073727164460381,8.12759739702315,0.482758050500007,2.363339650955492,-0.11917105177294515,0.07358297410452148,51.0,0,-0.6773650833982051,-0.27530597743840163,-0.18806471044490725,-0.6182375476915621,0.1164894900028803
A,USD,STD,INDL,C,2836,12/31/20,62921,NEUROCRINE BIOSCIENCES INC,NBIX,2020,1734.7,1126.2,412.3,1734.7,407.3,1045.9,439.5,93.5,95.85,2836.0,8961.975,Biotech,21929.0,21929.0,2017-11-20,206587.0,Doctor Kevin Gorman,NEUROCRINE BIOSCIENCES INC,President/CEO,2024-10-11,10.0,10.0,Executive Director,0.0,0.0,1.0,1.0,1.0,1.0,0.0,0.0,0.0,0.0,1957-06-15,M,,-723.6,0.030528649758094235,0.23479564189773447,0.1748888809728267,7.458589766767363,0.6492188851098173,2.0741414929657767,-0.41713264541419265,0.2533579293249553,63.0,0,-1.100134203416171,-0.3312438243282555,4.350234766446743,1.8020503918807111,-1.3534026059907567
A,USD,STD,INDL,C,2836,12/31/21,62921,NEUROCRINE BIOSCIENCES INC,NBIX,2021,2072.5,1374.0,440.4,2072.5,89.6,1133.5,433.4,94.9,85.17,2836.0,8082.633000000001,Biotech,21929.0,21929.0,2017-11-20,206587.0,Doctor Kevin Gorman,NEUROCRINE BIOSCIENCES INC,President/CEO,2024-10-11,10.0,10.0,Executive Director,0.0,0.0,1.0,1.0,1.0,1.0,0.0,0.0,0.0,0.0,1957-06-15,M,,-637.5,0.022412381599743885,0.043232810615199034,-0.022602786566219522,7.63651088700945,0.6629674306393245,1.7719914919865771,-0.30759951749095293,0.20911942098914355,64.0,0,-1.100134203416171,-0.3312438243282555,4.350234766446743,1.8020503918807111,-1.3534026059907567
A,USD,STD,INDL,C,2836,12/31/22,62921,NEUROCRINE BIOSCIENCES INC,NBIX,2022,2368.7,1707.8,93.5,2368.7,154.5,1488.7,463.8,96.5,119.44,2836.0,11525.96,Biotech,21929.0,21929.0,2017-11-20,206587.0,Doctor Kevin Gorman,NEUROCRINE BIOSCIENCES INC,President/CEO,2024-10-11,10.0,10.0,Executive Director,0.0,0.0,1.0,1.0,1.0,1.0,0.0,0.0,0.0,0.0,1957-06-15,M,,-414.7,0.021794805955927712,0.06522565120108077,0.008170405955106132,7.770096560428536,0.7209861949592604,1.9093958901023693,-0.1750749356186938,0.1958036053531473,65.0,0,-1.100134203416171,-0.3312438243282555,4.350234766446743,1.8020503918807111,-1.3534026059907567
A,USD,STD,INDL,C,2836,12/31/23,62921,NEUROCRINE BIOSCIENCES INC,NBIX,2023,3251.4,2232.0,258.3,3251.4,249.7,1887.1,708.9,98.7,131.76,2836.0,13004.712,Biotech,21929.0,21929.0,2017-11-20,206587.0,Doctor Kevin Gorman,NEUROCRINE BIOSCIENCES INC,President/CEO,2024-10-11,10.0,10.0,Executive Director,0.0,0.0,1.0,1.0,1.0,1.0,0.0,0.0,0.0,0.0,1957-06-15,M,,-150.1,0.016919808700856825,0.0767976871501507,0.028107427535514415,8.086840951800124,0.6864735190994649,1.7624137088076193,-0.046164729039798236,0.2180291566709725,66.0,0,-1.100134203416171,-0.3312438243282555,4.350234766446743,1.8020503918807111,-1.3534026059907567
A,USD,STD,INDL,C,2836,12/31/24,62921,NEUROCRINE BIOSCIENCES INC,NBIX,2024,3718.7,2589.7,455.1,3718.7,341.3,2355.3,743.6,99.4,136.5,2836.0,13568.1,Biotech,21929.0,21929.0,2024-10-11,1313292.0,Doctor Kyle Gano,NEUROCRINE BIOSCIENCES INC,President/CEO,2027-01-01,10.0,40.0,Executive Director,1.0,0.0,1.0,1.0,1.0,1.0,0.0,0.0,0.0,0.0,1972-06-15,M,,35.0,0.02067762144407618,0.09177938526904564,0.034710266081024115,8.2211294238254,0.6963992793180412,1.6561794104186156,0.00941189125231936,0.19996235243499075,52.0,0,-1.105454379369897,-0.369808689365194,4.305060080603086,1.8323592420274548,-0.7262380153026518
A,USD,STD,INDL,C,2836,12/31/25,62921,NEUROCRINE BIOSCIENCES INC,NBIX,2025,4631.5,3253.1,415.3,4631.5,478.6,2860.5,1033.1,100.1,141.83,2836.0,14197.183,Biotech,21929.0,21929.0,2024-10-11,1313292.0,Doctor Kyle Gano,NEUROCRINE BIOSCIENCES INC,President/CEO,2027-01-01,10.0,40.0,Executive Director,1.0,0.0,1.0,1.0,1.0,1.0,0.0,0.0,0.0,0.0,1972-06-15,M,,460.8,0.023594087024511552,0.10333585231566447,0.05002919712348643,8.440636068694083,0.7023858361222066,1.4734351767722342,0.09949260498758501,0.22305948396847672,53.0,0,-1.105454379369897,-0.369808689365194,4.305060080603086,1.8323592420274548,-0.7262380153026518
I,USD,STD,INDL,C,7372,12/31/17,63080,ANSYS INC,ANSS,2017,2941.623,2245.831,0.0,2941.623,259.251,1095.25,202.746,84.192,147.59,7372.0,12425.89728,Software,2257.0,2257.0,2017-01-01,545851.0,Doctor Ajei Gopal,ANSYS INC (De-listed 07/2025),President/CEO,2025-07-17,10.0,10.0,Executive Director,1.0,0.0,0.0,0.0,1.0,1.0,0.0,0.0,1.0,1.0,1961-06-15,M,,2279.072,0.01239531762096822,0.08813195980586226,0.03049777196920292,7.9867167488305775,0.7634666304961581,1.7107071764640023,0.7747668548960897,0.06892317608340702,56.0,0,1.0696467132820562,-0.3793636628611668,3.9639718650738267,-0.4961083873776064,0.17442398210701618
I,USD,STD,INDL,C,7372,12/31/18,63080,ANSYS INC,ANSS,2018,3265.964,2649.547,0.0,3265.964,419.375,1293.636,233.802,83.634,142.94,7372.0,11954.64396,Software,2257.0,2257.0,2017-01-01,545851.0,Doctor Ajei Gopal,ANSYS INC (De-listed 07/2025),President/CEO,2025-07-17,10.0,10.0,Executive Director,1.0,0.0,0.0,0.0,1.0,1.0,0.0,0.0,1.0,1.0,1961-06-15,M,,2857.032,0.017300559339213786,0.12840772280404805,0.051682567612137534,8.091310250811976,0.8112603200770125,1.5067311367960832,0.8747898017246976,0.07158743942064273,57.0,0,1.0696467132820562,-0.3793636628611668,3.9639718650738267,-0.4961083873776064,0.17442398210701618
I,USD,STD,INDL,C,8731,6/30/16,61600,PAREXEL INTERNATIONAL CORP,PRXL,2016,2036.2,633.4,484.8,2036.2,154.9,2426.3,19.2,52.9,62.88,8731.0,3326.352,Biotech,23799.0,23799.0,2012-07-01,324013.0,Josef Von Rickenbach,PAREXEL INTERNATIONAL CORP (De-listed 09/2017),Chairman/CEO,2017-09-29,10.0,10.0,Executive Director,1.0,0.0,1.0,1.0,0.0,0.0,0.0,0.0,0.0,0.0,1954-06-15,M,,601.5,0.01854044263454833,0.07607307730085454,0.02607881592775938,7.618840604673095,0.31106963952460465,1.6585293528806653,0.2954032020430213,0.009429329142520381,62.0,0,-0.5986162497683529,-0.13342965404338525,-0.11640577451831292,1.683520041240194,0.08550762578148682
A,USD,STD,INDL,C,3572,4/30/25,61591,NETAPP INC,NTAP,2024,10823.0,1040.0,2701.0,10823.0,1186.0,6572.0,1012.0,201.0,89.75,3572.0,18039.75,Semiconductors/Hardware,21903.0,21903.0,2020-07-01,1448606.0,George Kurian,NETAPP INC (Network Appliance Inc prior to 03/2008),CEO,2027-01-01,10.0,40.0,Executive Director,1.0,1.0,1.0,1.0,0.0,0.0,0.0,0.0,0.0,0.0,1966-06-15,M,,149.0,0.020110168851201884,0.10958144691859928,0.052512327730577756,9.289428778295147,0.09609165665711909,2.8533569432920456,0.013766977732606486,0.09350457359327359,58.0,0,-0.6128736957646483,-0.09759737004036201,-0.15034967286003378,1.735222049293508,0.872841853845548
I,USD,STD,INDL,C,7372,12/31/20,63080,ANSYS INC,ANSS,2020,5940.59,4097.872,919.058,5940.59,433.887,1681.297,355.371,86.572,363.8,7372.0,31494.893600000003,Software,2257.0,2257.0,2017-01-01,545851.0,Doctor Ajei Gopal,ANSYS INC (De-listed 07/2025),President/CEO,2025-07-17,10.0,10.0,Executive Director,1.0,0.0,0.0,0.0,1.0,1.0,0.0,0.0,1.0,1.0,1961-06-15,M,,3786.818,0.02902936063192488,0.07303769490909152,0.013130933984183767,8.689563734023457,0.6898089247027652,2.0393576101739326,0.6374481322562238,0.05982082587756434,59.0,0,1.0696467132820562,-0.3793636628611668,3.9639718650738267,-0.4961083873776064,0.17442398210701618
A,USD,STD,INDL,C,7372,12/31/25,60849,FIGMA INC,FIG,2025,2348.207,1510.641,55.845,2348.207,-1250.463,1055.788,1029.7,513.043,37.37,7372.0,19172.41691,Software,2159823.0,2159823.0,2009-10-23,731568.0,Barry Allan,CI FIRST ASSET INVESTMENT GRADE BOND ETF (First Asset Investment Grade Bond ETF prior to 04/2019),President/CEO/Chief Investment Officer,2027-01-01,10.0,40.0,Executive Director,1.0,0.0,1.0,0.0,0.0,0.0,0.0,0.0,0.0,0.0,1900-01-01,M,,-1439.37,0.04308900729337522,-0.5325182149614578,-0.5858248701536358,7.7614073371983965,0.6433167944734004,2.540938562773986,-0.6129655520147925,0.438504782585181,125.0,0,-0.6637970751564273,-0.2472783908292412,-0.17753790169760764,-0.006433528133942844,0.021768553178682218
I,USD,STD,INDL,C,7371,12/31/22,39482,THOUGHTWORKS HOLDG INC,TWKS,2022,1461.85,778.222,421.741,1461.85,-105.393,1296.238,0.0,315.682,10.19,7371.0,3216.79958,Software,3449260.0,3449260.0,2021-09-15,1975125.0,Guo Xiao,THOUGHTWORKS HOLDING INC (De-listed 11/2024),President/CEO,2024-06-17,10.0,10.0,Executive Director,1.0,0.0,0.0,0.0,0.0,0.0,0.0,0.0,1.0,1.0,1974-06-15,M,,-162.724,0.037448909029205876,-0.07209563224681055,-0.1291508774927852,7.2874580358668615,0.5323542087081438,1.4191303945001508,-0.11131374628039813,0.0,48.0,0,1.5764848428835998,-0.142984627539358,-0.4574939900475732,-0.6449475881648674,0.986169623191155
I,USD,STD,INDL,C,7371,12/31/23,39482,THOUGHTWORKS HOLDG INC,TWKS,2023,1327.236,773.13,315.826,1327.236,-68.661,1126.816,0.0,322.407,4.81,7371.0,1550.7776699999995,Software,3449260.0,3449260.0,2021-09-15,1975125.0,Guo Xiao,THOUGHTWORKS HOLDING INC (De-listed 11/2024),President/CEO,2024-06-17,10.0,10.0,Executive Director,1.0,0.0,0.0,0.0,0.0,0.0,0.0,0.0,1.0,1.0,1974-06-15,M,,-231.746,0.038064936879177384,-0.051732321908085674,-0.10042258152272196,7.190853863282325,0.5825113242859596,0.6960645962879076,-0.17460798230307195,0.0,49.0,0,1.5764848428835998,-0.142984627539358,-0.4574939900475732,-0.6449475881648674,0.986169623191155
A,USD,STD,INDL,C,3674,12/31/21,39822,GLOBALFOUNDRIES INC,GFS,2021,15027.602,7975.526,2006.38,15027.602,-250.313,6585.079,478.161,531.846,64.97,3674.0,34554.03462,Semiconductors/Hardware,3469267.0,3469267.0,2021-10-28,453077.0,Doctor Tom Caulfield,GLOBALFOUNDRIES INC,President/CEO,2025-04-28,10.0,10.0,Executive Director,1.0,1.0,0.0,0.0,1.0,1.0,0.0,0.0,1.0,1.0,1959-06-15,M,,-15522.574,0.038041448933413255,-0.016656882448710046,-0.0824924796301286,9.61764392244643,0.5307251283338486,1.4661467170533902,-1.0329375238976917,0.03181884907518844,62.0,0,1.0553892672857608,-0.34353137885814344,3.930027966732105,-0.4444063793242925,0.961758210171077
A,USD,STD,INDL,C,3674,12/31/22,39822,GLOBALFOUNDRIES INC,GFS,2022,17841.0,9913.0,2558.0,17841.0,1448.0,8108.0,482.0,547.755,53.89,3674.0,29518.51695,Semiconductors/Hardware,3469267.0,3469267.0,2021-10-28,453077.0,Doctor Tom Caulfield,GLOBALFOUNDRIES INC,President/CEO,2025-04-28,10.0,10.0,Executive Director,1.0,1.0,0.0,0.0,1.0,1.0,0.0,0.0,1.0,1.0,1959-06-15,M,,-13929.0,0.03921803418697502,0.08116136987837004,0.0241061246323954,9.789254458374703,0.5556302897819629,1.0911707325983613,-0.7807297797208677,0.027016422846253014,63.0,0,1.0553892672857608,-0.34353137885814344,3.930027966732105,-0.4444063793242925,0.961758210171077
A,USD,STD,INDL,C,3674,12/31/23,39822,GLOBALFOUNDRIES INC,GFS,2023,18044.0,11104.0,2151.0,18044.0,1020.0,7392.0,428.0,553.548,60.6,3674.0,33545.0088,Semiconductors/Hardware,3469267.0,3469267.0,2021-10-28,453077.0,Doctor Tom Caulfield,GLOBALFOUNDRIES INC,President/CEO,2025-04-28,10.0,10.0,Executive Director,1.0,1.0,0.0,0.0,1.0,1.0,0.0,0.0,1.0,1.0,1959-06-15,M,,-12934.0,0.024104653142603086,0.0565284859232986,0.007838226308662315,9.800568498528287,0.6153846153846154,1.1055826795845463,-0.7168033695411217,0.02371979605409,64.0,0,1.0553892672857608,-0.34353137885814344,3.930027966732105,-0.4444063793242925,0.961758210171077
A,USD,STD,INDL,C,3674,12/31/24,39822,GLOBALFOUNDRIES INC,GFS,2024,16799.0,10776.0,1477.0,16799.0,-265.0,6750.0,496.0,552.913,42.91,3674.0,23725.49683,Semiconductors/Hardware,3469267.0,3469267.0,2021-10-28,453077.0,Doctor Tom Caulfield,GLOBALFOUNDRIES INC,President/CEO,2025-04-28,10.0,10.0,Executive Director,1.0,1.0,0.0,0.0,1.0,1.0,0.0,0.0,1.0,1.0,1959-06-15,M,,-13249.0,0.027335241956122955,-0.015774748496934343,-0.07284386768495586,9.729074639810214,0.6414667539734508,0.7892288463699294,-0.7886778974938985,0.029525566998035598,65.0,0,1.0553892672857608,-0.34353137885814344,3.930027966732105,-0.4444063793242925,0.961758210171077
A,USD,STD,INDL,C,3674,12/31/25,39822,GLOBALFOUNDRIES INC,GFS,2025,17141.0,11928.0,1552.0,17141.0,885.0,6791.0,518.0,555.888,34.92,3674.0,19411.60896,Semiconductors/Hardware,3469267.0,3469267.0,2025-04-28,1398426.0,Tim Breen,GLOBALFOUNDRIES INC,CEO,2027-01-01,10.0,40.0,Executive Director,0.0,0.0,1.0,0.0,0.0,0.0,0.0,0.0,0.0,0.0,1977-06-15,M,,-12303.0,0.029217643783190823,0.05163059331427571,-0.0016760618779023337,9.749228533507058,0.6958753865002042,0.4869827096369587,-0.7177527565486261,0.03021994049355347,48.0,0,-0.6584768992027012,-0.20871352579230268,-0.13236321585395175,-0.03674237828068685,-0.6053960375094226
A,USD,STD,INDL,C,3572,6/30/25,51008,SANDISK CORP,SNDK,2025,12985.0,9216.0,2022.0,12985.0,-1641.0,7355.0,1132.0,146.0,45.35,3572.0,6621.1,Semiconductors/Hardware,3929783.0,3929783.0,2025-02-24,1621914.0,David Goeckeler,SANDISK CORP,Chairman/CEO,2027-01-01,10.0,40.0,Executive Director,1.0,0.0,1.0,1.0,0.0,0.0,0.0,0.0,1.0,0.0,1962-06-15,M,,-2033.0,0.05812966947762418,-0.12637658837119753,-0.17968324356337556,9.471550124096849,0.7097420100115518,-0.3306795846661904,-0.15656526761648054,0.08717751251443974,63.0,0,1.4068689545496689,-0.058101093096811544,-0.3757039893981911,1.8073470638861047,-0.46846424218128085
A,USD,STD,INDL,C,7372,12/31/25,51461,CIRCLE INTERNET GROUP INC,CRCL,2025,78713.207,3329.327,11.978,78713.207,-69.508,2746.642,0.0,242.259,79.3,7372.0,19211.1387,Software,3973318.0,3973318.0,2025-06-05,1201064.0,Jeremy Allaire,CIRCLE INTERNET GROUP INC,Chairman/CEO,2027-01-01,10.0,40.0,Executive Director,1.0,0.0,0.0,0.0,0.0,0.0,0.0,0.0,0.0,0.0,1971-05-13,M,,-1278.194,0.07669518935439844,-0.0008830538438104802,-0.05418970903598853,11.273566234811607,0.042296929916729224,1.7527200699773513,-0.01623862181094972,0.0,54.0,0,-0.6773650833982051,-0.27530597743840163,-0.18806471044490725,-0.6182375476915621,0.1164894900028803
A,USD,STD,INDL,C,8731,12/31/23,43026,FORTREA HOLDINGS INC,FTRE,2023,4357.2,1738.8,1632.4,4357.2,-3.4,3114.5,0.0,88.8,34.9,8731.0,3099.12,Biotech,3659640.0,3659640.0,2023-06-30,1010281.0,Tom Pike,FORTREA HOLDINGS INC,Chairman/President/CEO,2025-05-13,10.0,10.0,Executive Director,1.0,0.0,0.0,0.0,0.0,0.0,0.0,0.0,0.0,0.0,1959-06-15,M,,-267.5,0.0287694509743952,-0.000780317635178555,-0.049470577249814844,8.37958492820829,0.39906361883778574,0.5779229800918688,-0.061392637473606904,0.0,64.0,0,-0.6773650833982051,-0.27530597743840163,-0.18806471044490725,-0.6182375476915621,0.1164894900028803
A,USD,STD,INDL,C,8731,12/31/24,43026,FORTREA HOLDINGS INC,FTRE,2024,3579.2,1362.4,1110.3,3579.2,-328.5,2700.2,0.0,89.7,18.65,8731.0,1672.905,Biotech,3659640.0,3659640.0,2023-06-30,1010281.0,Tom Pike,FORTREA HOLDINGS INC,Chairman/President/CEO,2025-05-13,10.0,10.0,Executive Director,1.0,0.0,0.0,0.0,0.0,0.0,0.0,0.0,0.0,0.0,1959-06-15,M,,-679.9,0.0387801161766146,-0.09178028609745195,-0.14884940528547347,8.182894590735865,0.38064371926687535,0.20531378580609644,-0.18995864997764864,0.0,65.0,0,-0.6773650833982051,-0.27530597743840163,-0.18806471044490725,-0.6182375476915621,0.1164894900028803
A,USD,STD,INDL,C,8731,12/31/25,43026,FORTREA HOLDINGS INC,FTRE,2025,2715.7,563.5,1102.0,2715.7,-986.2,2723.4,0.0,93.1,17.25,8731.0,1605.975,Biotech,3659640.0,3659640.0,2025-08-04,1908442.0,Anshul Thakral,FORTREA HOLDINGS INC,President/CEO,2027-01-01,10.0,40.0,Executive Director,1.0,1.0,1.0,1.0,0.0,0.0,0.0,0.0,1.0,1.0,1977-06-15,M,,-1553.2,0.0582728580257604,-0.3631476230806054,-0.4164542782727834,7.906805026024057,0.20749714622380971,1.047318994280559,-0.5719335714548736,0.0,48.0,0,1.6409762305171565,0.034723979858681725,-0.4197789524626997,1.7085120088202028,1.7425219870338229
A,USD,STD,INDL,C,3674,3/31/24,43285,ARM HOLDINGS PLC,ARM,2023,7927.0,5295.0,194.0,7927.0,306.0,3233.0,1979.0,1040.33,124.99,3674.0,130030.84669999998,Semiconductors/Hardware,3684000.0,3684000.0,2023-09-14,1618087.0,Rene Haas,ARM HOLDINGS PLC,CEO,2027-01-01,10.0,40.0,Executive Director,1.0,0.0,0.0,0.0,0.0,0.0,0.0,0.0,0.0,0.0,1962-07-23,M,,2833.0,0.03376869626766933,0.03860224549009714,-0.01008801412453915,8.978029932837156,0.6679702283335436,3.2010087255629105,0.35738614860603,0.24965308439510533,61.0,0,-0.6773650833982051,-0.27530597743840163,-0.18806471044490725,-0.6182375476915621,0.1164894900028803
A,USD,STD,INDL,C,3674,3/31/25,43285,ARM HOLDINGS PLC,ARM,2024,8932.0,6839.0,316.0,8932.0,792.0,4007.0,2071.0,1056.514,106.79,3674.0,112825.13006,Semiconductors/Hardware,3684000.0,3684000.0,2023-09-14,1618087.0,Rene Haas,ARM HOLDINGS PLC,CEO,2027-01-01,10.0,40.0,Executive Director,1.0,0.0,0.0,0.0,0.0,0.0,0.0,0.0,0.0,0.0,1962-07-23,M,,3122.0,0.05561405773191373,0.08866995073891626,0.031600831550894735,9.097395612960048,0.7656739811912225,2.8031975763551387,0.3495297805642633,0.23186296462158532,62.0,0,-0.6773650833982051,-0.27530597743840163,-0.18806471044490725,-0.6182375476915621,0.1164894900028803
A,USD,STD,INDL,C,3572,4/30/24,61591,NETAPP INC,NTAP,2023,9887.0,1146.0,2212.0,9887.0,986.0,6268.0,1029.0,206.0,102.21,3572.0,21055.26,Semiconductors/Hardware,21903.0,21903.0,2020-07-01,1448606.0,George Kurian,NETAPP INC (Network Appliance Inc prior to 03/2008),CEO,2027-01-01,10.0,40.0,Executive Director,1.0,1.0,1.0,1.0,0.0,0.0,0.0,0.0,0.0,0.0,1966-06-15,M,,214.0,0.016952018448875637,0.09972691412966522,0.05103665451502894,9.198976041897133,0.11590978051987458,2.9108727918558808,0.021644583796905027,0.10407605947203398,57.0,0,-0.6128736957646483,-0.09759737004036201,-0.15034967286003378,1.735222049293508,0.872841853845548
A,USD,STD,INDL,C,3572,4/30/16,61591,NETAPP INC,NTAP,2015,10037.0,2881.0,1490.0,10037.0,229.0,5546.0,861.0,281.0,23.64,3572.0,6642.84,Semiconductors/Hardware,21903.0,21903.0,2015-06-01,1448606.0,George Kurian,NETAPP INC (Network Appliance Inc prior to 03/2008),CEO,2016-05-20,10.0,10.0,Executive Director,1.0,1.0,1.0,1.0,0.0,0.0,0.0,0.0,0.0,0.0,1966-06-15,M,,29.5,0.016789594446374626,0.022815582345322306,-0.04283400077288326,9.2140335438138,0.2870379595496662,0.8354021267871148,0.0029391252366244894,0.08578260436385374,49.0,0,-0.6128736957646483,-0.09759737004036201,-0.15034967286003378,1.735222049293508,0.872841853845548
A,USD,STD,INDL,C,3572,4/30/17,61591,NETAPP INC,NTAP,2016,9493.0,2780.0,744.0,9493.0,509.0,5519.0,779.0,269.0,39.85,3572.0,10719.65,Semiconductors/Hardware,21903.0,21903.0,2016-05-20,1448606.0,George Kurian,NETAPP INC (Network Appliance Inc prior to 03/2008),President/CEO,2020-07-01,10.0,10.0,Executive Director,1.0,1.0,1.0,1.0,0.0,0.0,0.0,0.0,0.0,0.0,1966-06-15,M,,-31.0,0.021501844898555757,0.053618455704203094,0.003624194331107937,9.158309963881798,0.2928473612135258,1.3496275781533804,-0.003265564099863057,0.08206046560623617,50.0,0,-0.6128736957646483,-0.09759737004036201,-0.15034967286003378,1.735222049293508,0.872841853845548
A,USD,STD,INDL,C,3572,4/30/18,61591,NETAPP INC,NTAP,2017,9865.0,2067.0,1541.0,9865.0,76.0,5911.0,783.0,263.0,66.58,3572.0,17510.54,Semiconductors/Hardware,21903.0,21903.0,2016-05-20,1448606.0,George Kurian,NETAPP INC (Network Appliance Inc prior to 03/2008),President/CEO,2020-07-01,10.0,10.0,Executive Director,1.0,1.0,1.0,1.0,0.0,0.0,0.0,0.0,0.0,0.0,1966-06-15,M,,11.0,0.016301840273063594,0.007704004054738976,-0.049930183781920365,9.196748418456716,0.20952863659401927,2.136704704642875,0.0011150532184490624,0.07937151545869235,51.0,0,-0.6128736957646483,-0.09759737004036201,-0.15034967286003378,1.735222049293508,0.872841853845548
A,USD,STD,INDL,C,3572,4/30/19,61591,NETAPP INC,NTAP,2018,8741.0,1090.0,1144.0,8741.0,1169.0,6146.0,827.0,240.0,72.85,3572.0,17484.0,Semiconductors/Hardware,21903.0,21903.0,2016-05-20,1448606.0,George Kurian,NETAPP INC (Network Appliance Inc prior to 03/2008),President/CEO,2020-07-01,10.0,10.0,Executive Director,1.0,1.0,1.0,1.0,0.0,0.0,0.0,0.0,0.0,0.0,1966-06-15,M,,-288.0,0.022076071572714955,0.1337375586317355,0.057012403439824985,9.075779878580487,0.12469969111085688,2.7751084807600157,-0.032948175265987874,0.0946116005033749,52.0,0,-0.6128736957646483,-0.09759737004036201,-0.15034967286003378,1.735222049293508,0.872841853845548
A,USD,STD,INDL,C,3572,4/30/20,61591,NETAPP INC,NTAP,2019,7522.0,242.0,1239.0,7522.0,819.0,5412.0,847.0,219.0,43.77,3572.0,9585.63,Semiconductors/Hardware,21903.0,21903.0,2016-05-20,1448606.0,George Kurian,NETAPP INC (Network Appliance Inc prior to 03/2008),President/CEO,2020-07-01,10.0,10.0,Executive Director,1.0,1.0,1.0,1.0,0.0,0.0,0.0,0.0,0.0,0.0,1966-06-15,M,,-43.0,0.022270034802273644,0.10888061685721882,0.028681409797253823,8.925587339030281,0.03217229460249933,3.679082654862618,-0.005716564743419303,0.11260303110874767,53.0,0,-0.6128736957646483,-0.09759737004036201,-0.15034967286003378,1.735222049293508,0.872841853845548
A,USD,STD,INDL,C,3572,4/30/21,61591,NETAPP INC,NTAP,2020,9360.0,685.0,2703.0,9360.0,730.0,5744.0,881.0,222.0,74.69,3572.0,16581.18,Semiconductors/Hardware,21903.0,21903.0,2020-07-01,1448606.0,George Kurian,NETAPP INC (Network Appliance Inc prior to 03/2008),CEO,2027-01-01,10.0,40.0,Executive Director,1.0,1.0,1.0,1.0,0.0,0.0,0.0,0.0,0.0,0.0,1966-06-15,M,,-42.0,0.03285604308777776,0.07799145299145299,0.018084692066545234,9.144200569471638,0.07318376068376069,3.1866047579790293,-0.004487179487179487,0.09412393162393162,54.0,0,-0.6128736957646483,-0.09759737004036201,-0.15034967286003378,1.735222049293508,0.872841853845548
A,USD,STD,INDL,C,3572,4/30/22,61591,NETAPP INC,NTAP,2021,10026.0,838.0,2643.0,10026.0,937.0,6318.0,881.0,220.0,73.25,3572.0,16115.0,Semiconductors/Hardware,21903.0,21903.0,2020-07-01,1448606.0,George Kurian,NETAPP INC (Network Appliance Inc prior to 03/2008),CEO,2027-01-01,10.0,40.0,Executive Director,1.0,1.0,1.0,1.0,0.0,0.0,0.0,0.0,0.0,0.0,1966-06-15,M,,181.0,0.018837108969196447,0.09345701176939956,0.027621414587981008,9.212936997823448,0.08358268501895073,2.956487693767455,0.018053062038699382,0.08787153401156991,55.0,0,-0.6128736957646483,-0.09759737004036201,-0.15034967286003378,1.735222049293508,0.872841853845548
I,USD,STD,INDL,C,2836,12/31/15,62263,ALEXION PHARMACEUTICALS INC,ALXN,2015,13133.23,8258.616,3432.557,13133.23,144.385,2604.047,709.472,225.647,190.75,2836.0,43042.16525,Biotech,1355.0,1355.0,2015-04-01,541897.0,David Hallal,ALEXION PHARMACEUTICALS INC (De-listed 07/2021),CEO,2016-12-11,10.0,10.0,Executive Director,1.0,0.0,0.0,0.0,0.0,0.0,0.0,0.0,0.0,0.0,1967-06-15,M,,1242.696,0.02179355978781755,0.010993868225866751,-0.054655714892338815,9.482900938566658,0.6288335771169773,1.6509232034266432,0.09462226733256023,0.05402113569929103,48.0,0,-0.6773650833982051,-0.27530597743840163,-0.18806471044490725,-0.6182375476915621,0.1164894900028803
I,USD,STD,INDL,C,2836,12/31/16,62263,ALEXION PHARMACEUTICALS INC,ALXN,2016,13253.0,8694.0,3121.0,13253.0,399.0,3084.0,757.0,224.0,122.35,2836.0,27406.4,Biotech,1355.0,1355.0,2016-12-11,332327.0,Dave Brennan,ALEXION PHARMACEUTICALS INC (De-listed 07/2021),Interim CEO,2017-03-27,10.0,10.0,Executive Director,1.0,0.0,0.0,0.0,0.0,0.0,0.0,0.0,0.0,0.0,1953-08-17,M,,1878.0,0.02804238938666786,0.030106391005810005,-0.019887870367285152,9.491979220880678,0.6560024145476496,1.1481434301949833,0.14170376518524108,0.0571191428355844,63.0,0,-0.6773650833982051,-0.27530597743840163,-0.18806471044490725,-0.6182375476915621,0.1164894900028803
I,USD,STD,INDL,C,2836,12/31/17,62263,ALEXION PHARMACEUTICALS INC,ALXN,2017,13583.3,8893.1,3063.6,13583.3,443.3,3551.1,909.4,222.3,119.59,2836.0,26584.857000000004,Biotech,1355.0,1355.0,2017-03-27,1077323.0,Doctor Ludwig Hantson,ALEXION PHARMACEUTICALS INC (De-listed 07/2021),CEO,2021-07-21,10.0,10.0,Executive Director,0.0,0.0,0.0,0.0,1.0,0.0,0.0,0.0,1.0,0.0,1962-08-01,M,,2207.7,0.020102901249250855,0.03263566290960224,-0.024998524927057106,9.516596376010158,0.6547083551125279,1.0950660728151689,0.16253046019744832,0.0669498575456627,55.0,0,1.3517165862897502,-0.13620231167584254,-0.13776643091151977,-0.5297285745900591,-1.7663575495855306
I,USD,STD,INDL,C,2836,12/31/18,62263,ALEXION PHARMACEUTICALS INC,ALXN,2018,13931.9,9165.3,2862.7,13931.9,77.6,4131.2,1913.4,223.5,97.36,2836.0,21759.96,Biotech,1355.0,1355.0,2017-03-27,1077323.0,Doctor Ludwig Hantson,ALEXION PHARMACEUTICALS INC (De-listed 07/2021),CEO,2021-07-21,10.0,10.0,Executive Director,0.0,0.0,0.0,0.0,1.0,0.0,0.0,0.0,1.0,0.0,1962-08-01,M,,2316.1,0.024576332930137727,0.005569950975818087,-0.07115520421609244,9.541936453739776,0.6578643257559987,0.8646469697705877,0.16624437442129214,0.13733948707642174,56.0,0,1.3517165862897502,-0.13620231167584254,-0.13776643091151977,-0.5297285745900591,-1.7663575495855306
I,USD,STD,INDL,C,2836,12/31/19,62263,ALEXION PHARMACEUTICALS INC,ALXN,2019,17544.6,11271.8,2612.0,17544.6,2404.3,4991.1,881.9,221.3,108.15,2836.0,23933.595,Biotech,1355.0,1355.0,2017-03-27,1077323.0,Doctor Ludwig Hantson,ALEXION PHARMACEUTICALS INC (De-listed 07/2021),CEO,2021-07-21,10.0,10.0,Executive Director,0.0,0.0,0.0,0.0,1.0,0.0,0.0,0.0,1.0,0.0,1962-08-01,M,,4573.0,0.02326105568621505,0.1370393169408251,0.05684010988086011,9.772501489239328,0.6424654879564082,0.7529790891151646,0.26065000056997595,0.050266178767256024,57.0,0,1.3517165862897502,-0.13620231167584254,-0.13776643091151977,-0.5297285745900591,-1.7663575495855306
I,USD,STD,INDL,C,2836,12/31/20,62263,ALEXION PHARMACEUTICALS INC,ALXN,2020,18103.0,11651.2,2664.0,18103.0,603.4,6069.9,1002.9,219.5,156.24,2836.0,34294.68,Biotech,1355.0,1355.0,2017-03-27,1077323.0,Doctor Ludwig Hantson,ALEXION PHARMACEUTICALS INC (De-listed 07/2021),CEO,2021-07-21,10.0,10.0,Executive Director,0.0,0.0,0.0,0.0,1.0,0.0,0.0,0.0,1.0,0.0,1962-08-01,M,,5118.6,0.030786920877681923,0.033331492017897583,-0.026575268907010174,9.803832949375943,0.6436060321493675,1.0795810611025352,0.2827487156824836,0.05539965751532895,58.0,0,1.3517165862897502,-0.13620231167584254,-0.13776643091151977,-0.5297285745900591,-1.7663575495855306
A,USD,STD,INDL,C,3572,4/30/23,61591,NETAPP INC,NTAP,2022,9818.0,1159.0,2637.0,9818.0,1274.0,6362.0,956.0,212.0,62.89,3572.0,13332.68,Semiconductors/Hardware,21903.0,21903.0,2020-07-01,1448606.0,George Kurian,NETAPP INC (Network Appliance Inc prior to 03/2008),CEO,2027-01-01,10.0,40.0,Executive Director,1.0,1.0,1.0,1.0,0.0,0.0,0.0,0.0,0.0,0.0,1966-06-15,M,,78.0,0.021269512084067153,0.12976166225300467,0.07270641700703004,9.191972714617998,0.11804848237930332,2.442660599887673,0.00794459156651049,0.0973721735587696,56.0,0,-0.6128736957646483,-0.09759737004036201,-0.15034967286003378,1.735222049293508,0.872841853845548
I,USD,STD,INDL,C,7372,12/31/19,63080,ANSYS INC,ANSS,2019,4838.887,3453.379,515.299,4838.887,451.295,1515.892,298.21,85.734,257.41,7372.0,22068.78894,Software,2257.0,2257.0,2017-01-01,545851.0,Doctor Ajei Gopal,ANSYS INC (De-listed 07/2025),President/CEO,2025-07-17,10.0,10.0,Executive Director,1.0,0.0,0.0,0.0,1.0,1.0,0.0,0.0,1.0,1.0,1961-06-15,M,,3305.325,0.014572934196385667,0.09326421551071559,0.013065008450750593,8.48444001458844,0.713672172960435,1.8548111731649684,0.6830754675610321,0.061627808212921686,58.0,0,1.0696467132820562,-0.3793636628611668,3.9639718650738267,-0.4961083873776064,0.17442398210701618
I,USD,STD,INDL,C,7372,12/31/21,63080,ANSYS INC,ANSS,2021,6324.314,4484.048,857.954,6324.314,454.627,1906.715,404.87,87.079,401.12,7372.0,34929.12848,Software,2257.0,2257.0,2017-01-01,545851.0,Doctor Ajei Gopal,ANSYS INC (De-listed 07/2025),President/CEO,2025-07-17,10.0,10.0,Executive Director,1.0,0.0,0.0,0.0,1.0,1.0,0.0,0.0,1.0,1.0,1961-06-15,M,,4203.108,0.019906291871119038,0.07188558316364431,0.006049985982225753,8.752156849215648,0.7090172942077195,2.052794898154559,0.6645950849372754,0.0640180104909402,60.0,0,1.0696467132820562,-0.3793636628611668,3.9639718650738267,-0.4961083873776064,0.17442398210701618
A,USD,STD,INDL,C,3674,1/31/21,117768,NVIDIA CORP,NVDA,2020,28791.0,16893.0,6598.0,28791.0,4332.0,16675.0,3924.0,620.0,519.59,3674.0,322145.80000000005,Semiconductors/Hardware,22806.0,22806.0,1993-04-01,83377.0,Jensen Huang,NVIDIA CORP,President/CEO,2027-01-01,20.0,40.0,Executive Director,1.0,0.0,0.0,0.0,0.0,0.0,0.0,0.0,1.0,1.0,1963-02-17,M,Asian Association Network,14972.0,0.03642207541063851,0.1504636865687194,0.09055692564381163,10.267818117285737,0.5867458580806502,2.948104903154137,0.5200236184918898,0.1362925914348234,57.0,0,1.5764848428835998,-0.142984627539358,-0.4574939900475732,-0.6449475881648674,0.986169623191155
A,USD,STD,INDL,C,3674,12/31/17,110039,AMKOR TECHNOLOGY INC,AMKR,2017,4521.509,1667.328,1240.581,4521.509,260.706,4186.497,166.614,239.184,10.05,3674.0,2403.7992,Semiconductors/Hardware,2079.0,2079.0,2013-05-08,647302.0,Steve Kelley,AMKOR TECHNOLOGY INC,President/CEO,2020-06-17,10.0,10.0,Executive Director,1.0,1.0,0.0,0.0,0.0,0.0,0.0,0.0,0.0,0.0,1962-06-15,M,,-20.332,0.02195298095216719,0.057659069129354826,2.4881292695483337e-05,8.416601066668436,0.3687547674902339,0.3658281406684162,-0.004496728857556183,0.036849202334884215,55.0,0,-0.6916225293945008,-0.23947369343537842,-0.222008608786628,-0.5665355396382482,0.9038237180669413
A,USD,STD,INDL,C,2836,12/31/25,64857,SAREPTA THERAPEUTICS INC,SRPT,2025,3349.703,1140.622,1028.352,3349.703,-713.41,2198.237,1522.066,104.964,21.52,2836.0,2258.82528,Biotech,3218.0,3218.0,2025-07-16,46796.0,Doug Ingram,SAREPTA THERAPEUTICS INC (AVI BioPharma Inc prior to 07/2012),CEO,2027-01-01,10.0,40.0,Executive Director,1.0,0.0,0.0,0.0,0.0,0.0,0.0,0.0,0.0,0.0,1962-08-31,M,,-4876.712,0.06617214036564244,-0.21297709080476687,-0.26628374599694493,8.116626964172456,0.34051436799023677,0.6832711628888906,-1.4558639974947034,0.454388344280075,63.0,0,-0.6773650833982051,-0.27530597743840163,-0.18806471044490725,-0.6182375476915621,0.1164894900028803
A,USD,STD,INDL,C,3674,12/31/25,74813,QNITY ELECTRONICS INC,Q,2025,14070.0,7093.0,4458.0,14070.0,692.0,4754.0,354.0,209.479,81.65,3674.0,17103.96035,Semiconductors/Hardware,3463500.0,3463500.0,2025-10-17,1402205.0,Mark Ayranto,SILVERCO MINING LTD (Quetzal Copper Corp prior to 11/2025),President/CEO,2027-01-01,10.0,40.0,Executive Director,1.0,0.0,1.0,0.0,0.0,0.0,0.0,0.0,0.0,0.0,1976-01-01,M,,-195.0,0.03272292969376288,0.049182658137882015,-0.00412399705429603,9.551800150108434,0.5041222459132907,0.8802016538888648,-0.013859275053304905,0.02515991471215352,49.0,0,-0.6637970751564273,-0.2472783908292412,-0.17753790169760764,-0.006433528133942844,0.021768553178682218
A,USD,STD,INDL,C,7372,12/31/15,103487,SAP SE,SAP,2015,44945.401,25265.635,9370.231,44945.401,3327.198,22579.119,3089.386,1197.953,79.1,7372.0,94758.0823,Software,27081.0,27081.0,2012-04-01,647592.0,Lino Saputo Jr,SAPUTO INC,Vice Chairman/CEO,2017-08-01,10.0,10.0,Executive Director,1.0,0.0,0.0,0.0,1.0,0.0,0.0,0.0,0.0,0.0,1966-06-01,M,,24545.684,0.013557418286717596,0.07402755178444174,0.008377968666236177,10.713203720983495,0.5621406070000354,1.321881969631808,0.5461222606513179,0.06873642088542052,49.0,0,-0.6590887939819979,-0.2500957376593548,0.07635709812470241,-0.6232467470892253,-0.5852210909346579
A,USD,STD,INDL,C,7372,12/31/16,103487,SAP SE,SAP,2016,46721.09,27831.955,6804.985,46721.09,3847.259,23279.822,3212.029,1198.624,86.43,7372.0,103597.07232,Software,27081.0,27081.0,2012-04-01,647592.0,Lino Saputo Jr,SAPUTO INC,Vice Chairman/CEO,2017-08-01,10.0,10.0,Executive Director,1.0,0.0,0.0,0.0,1.0,0.0,0.0,0.0,0.0,0.0,1966-06-01,M,,27062.714,0.013726011650526629,0.08234523209967919,0.03235097072658403,10.751950947709409,0.5957043168299371,1.314324248962204,0.5792397822910382,0.06874901677165494,50.0,0,-0.6590887939819979,-0.2500957376593548,0.07635709812470241,-0.6232467470892253,-0.5852210909346579
A,USD,STD,INDL,C,7372,12/31/17,103487,SAP SE,SAP,2017,51089.893,30666.92,6013.404,51089.893,4830.44,28204.814,4029.774,1193.405,112.36,7372.0,134090.9858,Software,27081.0,27081.0,2017-08-01,647592.0,Lino Saputo Jr,SAPUTO INC,Chairman/CEO,2022-01-13,10.0,10.0,Executive Director,1.0,0.0,0.0,0.0,1.0,0.0,0.0,0.0,0.0,0.0,1966-06-01,M,,30416.863,0.008364387370346449,0.0945478590060856,0.03691367116942626,10.841341967979334,0.600254144200302,1.4753340188268076,0.595359692767413,0.07887614875216122,51.0,0,-0.6590887939819979,-0.2500957376593548,0.07635709812470241,-0.6232467470892253,-0.5852210909346579
A,USD,STD,INDL,C,7372,12/31/18,103487,SAP SE,SAP,2018,58951.922,33009.687,12061.496,58951.922,4674.617,28286.985,4149.109,1193.65,99.55,7372.0,118827.8575,Software,27081.0,27081.0,2017-08-01,647592.0,Lino Saputo Jr,SAPUTO INC,Chairman/CEO,2022-01-13,10.0,10.0,Executive Director,1.0,0.0,0.0,0.0,1.0,0.0,0.0,0.0,0.0,0.0,1966-06-01,M,,32791.012,0.015168837175570318,0.07929541296380464,0.0025702577718941244,10.984477509335633,0.5599425070483707,1.2808748063356403,0.556233128412675,0.07038123371109088,52.0,0,-0.6590887939819979,-0.2500957376593548,0.07635709812470241,-0.6232467470892253,-0.5852210909346579
A,USD,STD,INDL,C,7372,12/31/19,103487,SAP SE,SAP,2019,67572.23,34502.629,14476.157,67572.23,3726.769,30919.5,4816.408,1193.65,133.99,7372.0,159937.16350000002,Software,27081.0,27081.0,2017-08-01,647592.0,Lino Saputo Jr,SAPUTO INC,Chairman/CEO,2022-01-13,10.0,10.0,Executive Director,1.0,0.0,0.0,0.0,1.0,0.0,0.0,0.0,0.0,0.0,1966-06-01,M,,34286.047,0.016173076202427857,0.05515237546548338,-0.025046831594481622,11.120952378813538,0.5106036755039756,1.5337454859383688,0.5073984830750738,0.07127791993841258,53.0,0,-0.6590887939819979,-0.2500957376593548,0.07635709812470241,-0.6232467470892253,-0.5852210909346579
A,USD,STD,INDL,C,7372,12/31/20,103487,SAP SE,SAP,2020,70481.33,35820.456,16393.25,70481.33,6201.711,32952.842,5368.789,1179.579,130.39,7372.0,153805.30581,Software,27081.0,27081.0,2017-08-01,647592.0,Lino Saputo Jr,SAPUTO INC,Chairman/CEO,2022-01-13,10.0,10.0,Executive Director,1.0,0.0,0.0,0.0,1.0,0.0,0.0,0.0,0.0,0.0,1966-06-01,M,,37385.048,0.027965877129117838,0.08799083388466138,0.02808407295975362,11.163103131033603,0.5082261642906001,1.4571684277211379,0.5304248373292615,0.07617320785518661,54.0,0,-0.6590887939819979,-0.2500957376593548,0.07635709812470241,-0.6232467470892253,-0.5852210909346579
A,USD,STD,INDL,C,7372,12/31/21,103487,SAP SE,SAP,2021,80942.334,44188.516,12487.836,80942.334,5977.784,31665.423,5902.72,1179.579,140.11,7372.0,165270.81369,Software,27081.0,27081.0,2017-08-01,647592.0,Lino Saputo Jr,SAPUTO INC,Chairman/CEO,2022-01-13,10.0,10.0,Executive Director,1.0,0.0,0.0,0.0,1.0,0.0,0.0,0.0,0.0,0.0,1966-06-01,M,,44104.354,0.014410372612039151,0.073852379893073,0.008016782711654444,11.301492254189046,0.5459258933650221,1.3191204872183684,0.5448861160835812,0.07292500362047875,55.0,0,-0.6590887939819979,-0.2500957376593548,0.07635709812470241,-0.6232467470892253,-0.5852210909346579
A,USD,STD,INDL,C,7372,12/31/22,103487,SAP SE,SAP,2022,77119.371,42948.476,9353.632,77119.371,2441.007,32993.142,6589.865,1167.118,103.19,7372.0,120434.90641999998,Software,27081.0,27081.0,2022-01-13,647592.0,Lino Saputo Jr,SAPUTO INC,Chairman/President/CEO,2024-08-09,10.0,10.0,Executive Director,1.0,0.0,0.0,0.0,1.0,0.0,0.0,0.0,0.0,0.0,1966-06-01,M,,42981.606,0.02119089600956579,0.031652319882121444,-0.025402925363853197,11.253109773130834,0.5569090546653966,1.0311082466069903,0.5573386484181776,0.08545019123664792,56.0,0,-0.6590887939819979,-0.2500957376593548,0.07635709812470241,-0.6232467470892253,-0.5852210909346579
A,USD,STD,INDL,C,7372,12/31/23,103487,SAP SE,SAP,2023,75533.776,47703.39,8128.71,75533.776,6785.715,34494.513,6990.204,1167.229,154.59,7372.0,180441.93111,Software,27081.0,27081.0,2022-01-13,647592.0,Lino Saputo Jr,SAPUTO INC,Chairman/President/CEO,2024-08-09,10.0,10.0,Executive Director,1.0,0.0,0.0,0.0,1.0,0.0,0.0,0.0,0.0,0.0,1966-06-01,M,,49546.001,0.013629481190476118,0.0898368300824786,0.041146570467842314,11.23233519943798,0.631550447047689,1.3304065501594233,0.655944977515754,0.09254408253070785,57.0,0,-0.6590887939819979,-0.2500957376593548,0.07635709812470241,-0.6232467470892253,-0.5852210909346579
A,USD,STD,INDL,C,3674,12/31/15,110039,AMKOR TECHNOLOGY INC,AMKR,2015,4031.3,1207.883,1519.107,4031.3,56.812,2884.603,82.017,237.005,6.08,3674.0,1440.9904,Semiconductors/Hardware,2079.0,2079.0,2013-05-08,647302.0,Steve Kelley,AMKOR TECHNOLOGY INC,President/CEO,2020-06-17,10.0,10.0,Executive Director,1.0,1.0,0.0,0.0,0.0,0.0,0.0,0.0,0.0,0.0,1962-06-15,M,,-462.234,0.03351433399168317,0.014092724431324881,-0.05155685868688069,8.30184418356794,0.2996261751792226,0.17646141443763716,-0.11466127551906331,0.02034504998387617,53.0,0,-0.6916225293945008,-0.23947369343537842,-0.222008608786628,-0.5665355396382482,0.9038237180669413
A,USD,STD,INDL,C,3674,12/31/16,110039,AMKOR TECHNOLOGY INC,AMKR,2016,4092.086,1383.588,1439.638,4092.086,164.19,3893.635,117.206,238.665,10.55,3674.0,2517.91575,Semiconductors/Hardware,2079.0,2079.0,2013-05-08,647302.0,Steve Kelley,AMKOR TECHNOLOGY INC,President/CEO,2020-06-17,10.0,10.0,Executive Director,1.0,1.0,0.0,0.0,0.0,0.0,0.0,0.0,0.0,0.0,1962-06-15,M,,-297.295,0.02940919413477332,0.04012379016472283,-0.009870471208372325,8.316810143468462,0.33811312860971154,0.5987513509514888,-0.07265121016518226,0.028642115537161245,54.0,0,-0.6916225293945008,-0.23947369343537842,-0.222008608786628,-0.5665355396382482,0.9038237180669413
A,USD,STD,INDL,C,3674,12/31/18,110039,AMKOR TECHNOLOGY INC,AMKR,2018,4495.447,1830.54,1217.732,4495.447,127.092,4316.466,157.182,239.385,6.56,3674.0,1570.3656,Semiconductors/Hardware,2079.0,2079.0,2013-05-08,647302.0,Steve Kelley,AMKOR TECHNOLOGY INC,President/CEO,2020-06-17,10.0,10.0,Executive Director,1.0,1.0,0.0,0.0,0.0,0.0,0.0,0.0,0.0,0.0,1962-06-15,M,,137.001,0.027723488525491814,0.028271270910323266,-0.048453884281587256,8.410820385787986,0.40719866122323317,-0.1533025467993016,0.030475501101447755,0.03496470984976577,56.0,0,-0.6916225293945008,-0.23947369343537842,-0.222008608786628,-0.5665355396382482,0.9038237180669413
A,USD,STD,INDL,C,2836,12/31/23,64857,SAREPTA THERAPEUTICS INC,SRPT,2023,3264.576,859.337,1273.48,3264.576,-535.977,1243.336,877.387,93.732,96.43,2836.0,9038.57676,Biotech,3218.0,3218.0,2017-06-26,46796.0,Doug Ingram,SAREPTA THERAPEUTICS INC (AVI BioPharma Inc prior to 07/2012),President/CEO,2025-07-16,10.0,10.0,Executive Director,1.0,0.0,0.0,0.0,0.0,0.0,0.0,0.0,0.0,0.0,1962-08-31,M,,-4445.295,0.04703607121101693,-0.1641796668235017,-0.212869926438138,8.09088517110313,0.263230814660158,2.3530958412429883,-1.3616760645180261,0.26875986345546865,61.0,0,-0.6773650833982051,-0.27530597743840163,-0.18806471044490725,-0.6182375476915621,0.1164894900028803
A,USD,STD,INDL,C,3674,12/31/19,110039,AMKOR TECHNOLOGY INC,AMKR,2019,4695.615,1963.739,1410.97,4695.615,120.888,4052.65,137.638,240.805,13.0,3674.0,3130.465,Semiconductors/Hardware,2079.0,2079.0,2013-05-08,647302.0,Steve Kelley,AMKOR TECHNOLOGY INC,President/CEO,2020-06-17,10.0,10.0,Executive Director,1.0,1.0,0.0,0.0,0.0,0.0,0.0,0.0,0.0,0.0,1962-06-15,M,,253.192,0.03432773830582117,0.025744870480224637,-0.05445433657974036,8.454384373479204,0.4182069867312376,0.46633124677377974,0.05392094539266955,0.02931202834985407,57.0,0,-0.6916225293945008,-0.23947369343537842,-0.222008608786628,-0.5665355396382482,0.9038237180669413
A,USD,STD,INDL,C,3674,12/31/20,110039,AMKOR TECHNOLOGY INC,AMKR,2020,5022.311,2325.699,1102.815,5022.311,338.138,5050.589,140.727,242.829,15.08,3674.0,3661.86132,Semiconductors/Hardware,2079.0,2079.0,2020-06-17,1365884.0,Giel Rutten,AMKOR TECHNOLOGY INC,President/CEO,2025-12-31,10.0,10.0,Executive Director,1.0,0.0,0.0,0.0,0.0,0.0,0.0,0.0,1.0,0.0,1957-06-15,M,,589.772,0.04597362664193758,0.06732717269002259,0.007420411765114827,8.521645465319017,0.46307347354634154,0.4539509365029376,0.1174304020599282,0.028020367516069795,63.0,0,1.328120120919817,-0.19997741649182793,-0.44736292532478544,-0.49441052504565186,-0.4374823779598874
A,USD,STD,INDL,C,3674,12/31/21,110039,AMKOR TECHNOLOGY INC,AMKR,2021,6038.554,2942.276,1122.325,6038.554,642.995,6138.329,166.037,244.315,24.79,3674.0,6056.56885,Semiconductors/Hardware,2079.0,2079.0,2020-06-17,1365884.0,Giel Rutten,AMKOR TECHNOLOGY INC,President/CEO,2025-12-31,10.0,10.0,Executive Director,1.0,0.0,0.0,0.0,0.0,0.0,0.0,0.0,1.0,0.0,1957-06-15,M,,1183.917,0.033300915307572856,0.10648161795025762,0.04064602076883907,8.705919858293646,0.48724843729144424,0.7219600118507247,0.1960596858121994,0.027496152224522626,64.0,0,1.328120120919817,-0.19997741649182793,-0.44736292532478544,-0.49441052504565186,-0.4374823779598874
A,USD,STD,INDL,C,3674,12/31/22,110039,AMKOR TECHNOLOGY INC,AMKR,2022,6821.757,3668.752,1219.11,6821.757,765.823,7091.585,149.429,245.091,23.98,3674.0,5877.28218,Semiconductors/Hardware,2079.0,2079.0,2020-06-17,1365884.0,Giel Rutten,AMKOR TECHNOLOGY INC,President/CEO,2025-12-31,10.0,10.0,Executive Director,1.0,0.0,0.0,0.0,0.0,0.0,0.0,0.0,1.0,0.0,1957-06-15,M,,1891.343,0.03298298044051427,0.1122618410476949,0.055206595801720264,8.827872342291412,0.5378016250065782,0.4712428910319457,0.2772515936876673,0.021904767349525938,65.0,0,1.328120120919817,-0.19997741649182793,-0.44736292532478544,-0.49441052504565186,-0.4374823779598874
A,USD,STD,INDL,C,3674,12/31/23,110039,AMKOR TECHNOLOGY INC,AMKR,2023,6771.125,3962.308,1176.463,6771.125,359.813,6503.065,177.473,245.888,33.27,3674.0,8180.693760000001,Semiconductors/Hardware,2079.0,2079.0,2020-06-17,1365884.0,Giel Rutten,AMKOR TECHNOLOGY INC,President/CEO,2025-12-31,10.0,10.0,Executive Director,1.0,0.0,0.0,0.0,0.0,0.0,0.0,0.0,1.0,0.0,1957-06-15,M,,2176.181,0.026379538412063967,0.053139323229153206,0.00444906361451692,8.820422526399277,0.5851772046742602,0.7249502749835067,0.32139134929572266,0.026210267865384263,66.0,0,1.328120120919817,-0.19997741649182793,-0.44736292532478544,-0.49441052504565186,-0.4374823779598874
A,USD,STD,INDL,C,3674,12/31/24,110039,AMKOR TECHNOLOGY INC,AMKR,2024,6944.328,4149.545,1104.122,6944.328,354.012,6317.692,162.951,246.684,25.69,3674.0,6337.31196,Semiconductors/Hardware,2079.0,2079.0,2020-06-17,1365884.0,Giel Rutten,AMKOR TECHNOLOGY INC,President/CEO,2025-12-31,10.0,10.0,Executive Director,1.0,0.0,0.0,0.0,0.0,0.0,0.0,0.0,1.0,0.0,1957-06-15,M,,2342.642,0.02990979195708624,0.05097858280887654,-0.006090536379144987,8.84568049024769,0.5975444996261697,0.423456007793547,0.3373461046194822,0.02346533746677864,67.0,0,1.328120120919817,-0.19997741649182793,-0.44736292532478544,-0.49441052504565186,-0.4374823779598874
I,USD,STD,INDL,C,7372,2/29/16,122841,RED HAT INC,RHT,2015,4155.099,1334.432,723.942,4155.099,199.365,2046.93,413.322,181.186,65.35,7372.0,11840.5051,Software,25895.0,25895.0,2008-01-01,333755.0,Jim Whitehurst,RED HAT INC (De-listed 07/2019),President/CEO,2019-07-09,10.0,10.0,Executive Director,1.0,1.0,1.0,1.0,0.0,0.0,0.0,0.0,0.0,0.0,1967-01-01,M,,839.752,0.015237458478942265,0.04798080623349769,-0.01766877688470788,8.332091533720499,0.32115528414605765,2.1830205558687426,0.20210156244171315,0.09947344214903182,48.0,0,-0.6128736957646483,-0.09759737004036201,-0.15034967286003378,1.735222049293508,0.872841853845548
I,USD,STD,INDL,C,7372,2/28/17,122841,RED HAT INC,RHT,2016,4535.185,1247.32,745.633,4535.185,253.703,2411.803,480.668,176.902,82.81,7372.0,14649.25462,Software,25895.0,25895.0,2008-01-01,333755.0,Jim Whitehurst,RED HAT INC (De-listed 07/2019),President/CEO,2019-07-09,10.0,10.0,Executive Director,1.0,1.0,1.0,1.0,0.0,0.0,0.0,0.0,0.0,0.0,1967-01-01,M,,1025.289,0.01857468549750181,0.0559410476088627,0.00594678623576754,8.419621155542991,0.2750317792989701,2.463392205332015,0.22607434977845445,0.1059864151076527,49.0,0,-0.6128736957646483,-0.09759737004036201,-0.15034967286003378,1.735222049293508,0.872841853845548
I,USD,STD,INDL,C,7372,2/28/18,122841,RED HAT INC,RHT,2017,5466.546,1470.23,744.194,5466.546,258.803,2920.461,578.33,177.074,147.4,7372.0,26100.7076,Software,25895.0,25895.0,2008-01-01,333755.0,Jim Whitehurst,RED HAT INC (De-listed 07/2019),President/CEO,2019-07-09,10.0,10.0,Executive Director,1.0,1.0,1.0,1.0,0.0,0.0,0.0,0.0,0.0,0.0,1967-01-01,M,,1264.639,0.013238320637041378,0.047343057206506625,-0.010291130630152717,8.606402251729833,0.2689504487842963,2.876543573935574,0.2313415088796472,0.10579440838877054,50.0,0,-0.6128736957646483,-0.09759737004036201,-0.15034967286003378,1.735222049293508,0.872841853845548
I,USD,STD,INDL,C,7372,2/28/19,122841,RED HAT INC,RHT,2018,5588.289,1613.932,231.54,5588.289,433.988,3362.069,668.542,176.801,182.6,7372.0,32283.862599999997,Software,25895.0,25895.0,2008-01-01,333755.0,Jim Whitehurst,RED HAT INC (De-listed 07/2019),President/CEO,2019-07-09,10.0,10.0,Executive Director,1.0,1.0,1.0,1.0,0.0,0.0,0.0,0.0,0.0,0.0,1967-01-01,M,,1579.198,0.03396675989784284,0.07766026417030329,0.0009351089783927735,8.628428437006598,0.28880610863181916,2.99589405786535,0.28259061047129097,0.11963268184591028,51.0,0,-0.6128736957646483,-0.09759737004036201,-0.15034967286003378,1.735222049293508,0.872841853845548
A,USD,STD,INDL,C,3674,1/31/16,117768,NVIDIA CORP,NVDA,2015,7370.0,4469.0,10.0,7370.0,614.0,5010.0,1331.0,539.0,29.29,3674.0,15787.31,Semiconductors/Hardware,22806.0,22806.0,1993-04-01,83377.0,Jensen Huang,NVIDIA CORP,President/CEO,2027-01-01,20.0,40.0,Executive Director,1.0,0.0,0.0,0.0,0.0,0.0,0.0,0.0,1.0,1.0,1963-02-17,M,Asian Association Network,3956.721,0.021727895085705745,0.08331071913161466,0.017661136013409087,8.905172985183382,0.6063772048846676,1.2620417828151878,0.5368685210312076,0.18059701492537314,52.0,0,1.5764848428835998,-0.142984627539358,-0.4574939900475732,-0.6449475881648674,0.986169623191155
A,USD,STD,INDL,C,3674,1/31/17,117768,NVIDIA CORP,NVDA,2016,9841.0,5762.0,1989.0,9841.0,1666.0,6910.0,1463.0,585.0,109.18,3674.0,63870.3,Semiconductors/Hardware,22806.0,22806.0,1993-04-01,83377.0,Jensen Huang,NVIDIA CORP,President/CEO,2027-01-01,20.0,40.0,Executive Director,1.0,0.0,0.0,0.0,0.0,0.0,0.0,0.0,1.0,1.0,1963-02-17,M,Asian Association Network,4346.0,0.029624614441095768,0.16929173864444672,0.11929747727135157,9.194312610898985,0.5855096026826542,2.4055698279409943,0.44162178640382077,0.14866375368356874,53.0,0,1.5764848428835998,-0.142984627539358,-0.4574939900475732,-0.6449475881648674,0.986169623191155
A,USD,STD,INDL,C,3674,1/31/18,117768,NVIDIA CORP,NVDA,2017,11241.0,7471.0,1985.0,11241.0,3047.0,9714.0,1797.0,606.0,245.8,3674.0,148954.80000000002,Semiconductors/Hardware,22806.0,22806.0,1993-04-01,83377.0,Jensen Huang,NVIDIA CORP,President/CEO,2027-01-01,20.0,40.0,Executive Director,1.0,0.0,0.0,0.0,0.0,0.0,0.0,0.0,1.0,1.0,1963-02-17,M,Asian Association Network,6092.0,0.025440864746505927,0.2710612934792278,0.21342710564256845,9.327323087461798,0.6646205853571746,2.9926140452254475,0.5419446668445868,0.15986122231118227,54.0,0,1.5764848428835998,-0.142984627539358,-0.4574939900475732,-0.6449475881648674,0.986169623191155
A,USD,STD,INDL,C,3674,1/31/19,117768,NVIDIA CORP,NVDA,2018,13292.0,9342.0,1988.0,13292.0,4141.0,11716.0,2376.0,606.0,143.75,3674.0,87112.5,Semiconductors/Hardware,22806.0,22806.0,1993-04-01,83377.0,Jensen Huang,NVIDIA CORP,President/CEO,2027-01-01,20.0,40.0,Executive Director,1.0,0.0,0.0,0.0,0.0,0.0,0.0,0.0,1.0,1.0,1963-02-17,M,Asian Association Network,8769.0,0.030983054889647605,0.3115407764068613,0.23481562121495075,9.494917629474484,0.7028287691844719,2.232680024684721,0.6597201324104724,0.17875413782726451,55.0,0,1.5764848428835998,-0.142984627539358,-0.4574939900475732,-0.6449475881648674,0.986169623191155
A,USD,STD,INDL,C,2836,12/31/24,64857,SAREPTA THERAPEUTICS INC,SRPT,2024,3963.173,1527.742,1329.597,3963.173,235.239,1901.979,804.522,96.9,121.59,2836.0,11782.071000000002,Biotech,3218.0,3218.0,2017-06-26,46796.0,Doug Ingram,SAREPTA THERAPEUTICS INC (AVI BioPharma Inc prior to 07/2012),President/CEO,2025-07-16,10.0,10.0,Executive Director,1.0,0.0,0.0,0.0,0.0,0.0,0.0,0.0,0.0,0.0,1962-08-31,M,,-4211.192,0.03206573783906701,0.05935622795169426,0.002287108763672739,8.284800246035264,0.38548455997252706,2.042788140902578,-1.0625809168562665,0.2029994653274031,62.0,0,-0.6773650833982051,-0.27530597743840163,-0.18806471044490725,-0.6182375476915621,0.1164894900028803
A,USD,STD,INDL,C,7372,2/29/20,65986,BLACKBERRY LTD,BB,2019,3888.0,2529.0,120.0,3888.0,-152.0,1040.0,259.0,554.199,5.17,7372.0,2865.2088299999996,Software,26104.0,26104.0,2013-11-04,141731.0,John Chen,BLACKBERRY LTD (Research In Motion Ltd prior to 07/2013),Chairman (Executive)/CEO,2023-11-04,10.0,10.0,Executive Director,1.0,1.0,0.0,0.0,0.0,0.0,0.0,0.0,1.0,1.0,1955-07-01,M,Asian Association Network,-52.0,0.027074351765308573,-0.03909465020576132,-0.11929385726572632,8.265650165580329,0.6504629629629629,0.12481726987487993,-0.013374485596707819,0.06661522633744855,64.0,0,1.5622273968873046,-0.10715234353633471,-0.491437888389294,-0.5932455801115535,1.7735038512552161
I,USD,STD,INDL,C,7372,12/31/22,63080,ANSYS INC,ANSS,2022,6687.945,4865.851,866.376,6687.945,523.71,2065.553,433.661,86.95,241.59,7372.0,21006.2505,Software,2257.0,2257.0,2017-01-01,545851.0,Doctor Ajei Gopal,ANSYS INC (De-listed 07/2025),President/CEO,2025-07-17,10.0,10.0,Executive Director,1.0,0.0,0.0,0.0,1.0,1.0,0.0,0.0,1.0,1.0,1961-06-15,M,,4660.208,0.026206515798071706,0.07830656502109393,0.021251319775119286,8.808061931046513,0.7275554748132648,1.462578413034172,0.6968071657287851,0.06484218994025819,61.0,0,1.0696467132820562,-0.3793636628611668,3.9639718650738267,-0.4961083873776064,0.17442398210701618
A,USD,STD,INDL,C,3674,3/31/22,64853,QORVO INC,QRVO,2021,7509.072,4553.218,2108.609,7509.072,1033.353,4645.714,623.636,106.303,124.1,3674.0,13192.2023,Semiconductors/Hardware,2204149.0,2204149.0,2015-01-02,181113.0,Bob Bruggeworth,QORVO INC,President/CEO,2027-01-01,10.0,40.0,Executive Director,1.0,0.0,0.0,0.0,0.0,0.0,0.0,0.0,0.0,0.0,1961-04-01,M,,384.685,0.023433762887377526,0.13761394217554446,0.0717783449941259,8.923867168547723,0.6063622775224422,1.0637916844665143,0.05122936629186669,0.08305100816718763,60.0,0,-0.6773650833982051,-0.27530597743840163,-0.18806471044490725,-0.6182375476915621,0.1164894900028803
I,USD,STD,INDL,C,7372,12/31/23,63080,ANSYS INC,ANSS,2023,7322.875,5390.364,854.396,7322.875,500.412,2269.949,494.869,86.906,362.88,7372.0,31536.44928,Software,2257.0,2257.0,2017-01-01,545851.0,Doctor Ajei Gopal,ANSYS INC (De-listed 07/2025),President/CEO,2025-07-17,10.0,10.0,Executive Director,1.0,0.0,0.0,0.0,1.0,1.0,0.0,0.0,1.0,1.0,1961-06-15,M,,5193.071,0.02068656353579341,0.06833545567826843,0.019645196063632145,8.89875828940835,0.7360994145059147,1.7665310817760016,0.7091574006110988,0.06757851253776694,62.0,0,1.0696467132820562,-0.3793636628611668,3.9639718650738267,-0.4961083873776064,0.17442398210701618
I,USD,STD,INDL,C,7372,12/31/24,63080,ANSYS INC,ANSS,2024,8051.431,6086.44,841.144,8051.431,575.692,2544.809,528.014,87.536,337.33,7372.0,29528.51888,Software,2257.0,2257.0,2017-01-01,545851.0,Doctor Ajei Gopal,ANSYS INC (De-listed 07/2025),President/CEO,2025-07-17,10.0,10.0,Executive Director,1.0,0.0,0.0,0.0,1.0,1.0,0.0,0.0,1.0,1.0,1961-06-15,M,,5711.454,0.014523276559081179,0.0715018237130766,0.01443270452505508,8.99360511858962,0.7559451232954738,1.5792931921101614,0.709371290643862,0.06558014345524417,63.0,0,1.0696467132820562,-0.3793636628611668,3.9639718650738267,-0.4961083873776064,0.17442398210701618
A,USD,STD,INDL,C,7372,12/31/20,63290,PEGASYSTEMS INC,PEGA,2020,1604.262,542.172,577.256,1604.262,-61.373,1017.517,236.986,80.89,133.26,7372.0,10779.4014,Software,24040.0,24040.0,2005-01-03,340655.0,Alan Trefler,PEGASYSTEMS INC,Chairman/CEO,2027-01-01,10.0,40.0,Executive Director,1.0,1.0,0.0,0.0,0.0,0.0,0.0,0.0,0.0,0.0,1956-03-10,M,,336.931,0.030789601055592742,-0.03825621999399101,-0.09816298091889877,7.380419116733551,0.33795726633180867,2.989809019893869,0.21002242775805946,0.14772275351532355,64.0,0,-0.6916225293945008,-0.23947369343537842,-0.222008608786628,-0.5665355396382482,0.9038237180669413
A,USD,STD,INDL,C,7372,12/31/21,63290,PEGASYSTEMS INC,PEGA,2021,1593.531,416.088,678.54,1593.531,-63.04,1211.653,260.63,81.712,111.82,7372.0,9137.03584,Software,24040.0,24040.0,2005-01-03,340655.0,Alan Trefler,PEGASYSTEMS INC,Chairman/CEO,2027-01-01,10.0,40.0,Executive Director,1.0,1.0,0.0,0.0,0.0,0.0,0.0,0.0,0.0,0.0,1956-03-10,M,,269.461,0.02015374065080392,-0.039559945805886426,-0.10539554298730498,7.373707587700169,0.26111070321192376,3.089194529152091,0.1690968045177659,0.1635550234040003,65.0,0,-0.6916225293945008,-0.23947369343537842,-0.222008608786628,-0.5665355396382482,0.9038237180669413
A,USD,STD,INDL,C,7372,12/31/22,63290,PEGASYSTEMS INC,PEGA,2022,1357.672,130.843,672.761,1357.672,-345.582,1317.845,294.349,82.436,34.24,7372.0,2822.6086400000004,Software,24040.0,24040.0,2005-01-03,340655.0,Alan Trefler,PEGASYSTEMS INC,Chairman/CEO,2027-01-01,10.0,40.0,Executive Director,1.0,1.0,0.0,0.0,0.0,0.0,0.0,0.0,0.0,0.0,1956-03-10,M,,-99.583,0.03890505083726695,-0.25454012456616915,-0.3115953698121438,7.21352674728096,0.09637305623154929,3.0714186548075197,-0.073348349233099,0.21680420602325157,66.0,0,-0.6916225293945008,-0.23947369343537842,-0.222008608786628,-0.5665355396382482,0.9038237180669413
A,USD,STD,INDL,C,7372,12/31/23,63290,PEGASYSTEMS INC,PEGA,2023,1510.736,353.838,566.269,1510.736,67.808,1432.616,295.512,83.84,48.86,7372.0,4096.4224,Software,24040.0,24040.0,2005-01-03,340655.0,Alan Trefler,PEGASYSTEMS INC,Chairman/CEO,2027-01-01,10.0,40.0,Executive Director,1.0,1.0,0.0,0.0,0.0,0.0,0.0,0.0,0.0,0.0,1956-03-10,M,,-26.584,0.027608206692952497,0.044884082990012814,-0.0038061766246234724,7.320352228278326,0.23421564058842842,2.4490301051304426,-0.01759672106840639,0.19560796856631468,67.0,0,-0.6916225293945008,-0.23947369343537842,-0.222008608786628,-0.5665355396382482,0.9038237180669413
A,USD,STD,INDL,C,7372,12/31/24,63290,PEGASYSTEMS INC,PEGA,2024,1768.273,585.48,67.647,1768.273,99.189,1497.18,298.074,86.112,93.2,7372.0,8025.6384,Software,24040.0,24040.0,2005-01-03,340655.0,Alan Trefler,PEGASYSTEMS INC,Chairman/CEO,2027-01-01,10.0,40.0,Executive Director,1.0,1.0,0.0,0.0,0.0,0.0,0.0,0.0,0.0,0.0,1956-03-10,M,,57.656,0.03191524616160744,0.05609371403623761,-0.0009754051517839105,7.4777586430420255,0.3311027199985523,2.6179644726202946,0.03260582500552799,0.1685678625415872,68.0,0,-0.6916225293945008,-0.23947369343537842,-0.222008608786628,-0.5665355396382482,0.9038237180669413
A,USD,STD,INDL,C,7372,12/31/25,63290,PEGASYSTEMS INC,PEGA,2025,1631.844,787.381,60.825,1631.844,393.437,1745.812,312.681,170.347,59.72,7372.0,10173.12284,Software,24040.0,24040.0,2005-01-03,340655.0,Alan Trefler,PEGASYSTEMS INC,Chairman/CEO,2027-01-01,10.0,40.0,Executive Director,1.0,1.0,0.0,0.0,0.0,0.0,0.0,0.0,0.0,0.0,1956-03-10,M,,454.752,0.035072552413999,0.2410996394263177,0.18779298423413965,7.397465942719911,0.48250997031578996,2.558792257651359,0.2786736967504247,0.19161206585923654,69.0,0,-0.6916225293945008,-0.23947369343537842,-0.222008608786628,-0.5665355396382482,0.9038237180669413
A,USD,STD,INDL,C,3674,3/31/16,64853,QORVO INC,QRVO,2015,6596.819,4999.672,988.13,6596.819,-28.845,2610.726,448.763,127.386,50.41,3674.0,6421.528259999999,Semiconductors/Hardware,2204149.0,2204149.0,2015-01-02,181113.0,Bob Bruggeworth,QORVO INC,President/CEO,2027-01-01,10.0,40.0,Executive Director,1.0,0.0,0.0,0.0,0.0,0.0,0.0,0.0,0.0,0.0,1961-04-01,M,,-411.087,0.03363097922558282,-0.004372561987830801,-0.07002214510603637,8.794342842132819,0.7578913412661465,0.25028382581988845,-0.06231594348730805,0.06802718097919618,54.0,0,-0.6773650833982051,-0.27530597743840163,-0.18806471044490725,-0.6182375476915621,0.1164894900028803
A,USD,STD,INDL,C,3674,3/31/17,64853,QORVO INC,QRVO,2016,6522.323,4896.722,989.154,6522.323,-16.558,3032.574,470.836,126.464,68.56,3674.0,8670.37184,Semiconductors/Hardware,2204149.0,2204149.0,2015-01-02,181113.0,Bob Bruggeworth,QORVO INC,President/CEO,2027-01-01,10.0,40.0,Executive Director,1.0,0.0,0.0,0.0,0.0,0.0,0.0,0.0,0.0,0.0,1961-04-01,M,,-442.941,0.028172841966502663,-0.0025386660550236473,-0.052532927428118804,8.782985879808637,0.7507634933136552,0.5713456763346854,-0.06791154010618608,0.0721883905473556,55.0,0,-0.6773650833982051,-0.27530597743840163,-0.18806471044490725,-0.6182375476915621,0.1164894900028803
A,USD,STD,INDL,C,3674,3/31/18,64853,QORVO INC,QRVO,2017,6381.519,4775.564,983.29,6381.519,-40.288,2973.536,445.103,126.322,70.45,3674.0,8899.384900000001,Semiconductors/Hardware,2204149.0,2204149.0,2015-01-02,181113.0,Bob Bruggeworth,QORVO INC,President/CEO,2027-01-01,10.0,40.0,Executive Director,1.0,0.0,0.0,0.0,0.0,0.0,0.0,0.0,0.0,0.0,1961-04-01,M,,-460.672,0.017304596512920028,-0.006313230439335837,-0.06394741827599518,8.761161435774735,0.7483428318555504,0.6224700798492838,-0.07218845544454228,0.06974875417592583,56.0,0,-0.6773650833982051,-0.27530597743840163,-0.18806471044490725,-0.6182375476915621,0.1164894900028803
A,USD,STD,INDL,C,3674,3/31/19,64853,QORVO INC,QRVO,2018,5808.024,4359.679,919.27,5808.024,133.125,3090.325,450.482,119.063,71.73,3674.0,8540.388990000001,Semiconductors/Hardware,2204149.0,2204149.0,2015-01-02,181113.0,Bob Bruggeworth,QORVO INC,President/CEO,2027-01-01,10.0,40.0,Executive Director,1.0,0.0,0.0,0.0,0.0,0.0,0.0,0.0,0.0,0.0,1961-04-01,M,,-461.521,0.025040730776246887,0.02292087636001504,-0.05380427883189548,8.6669956887275,0.7506303348608752,0.672408125146111,-0.07946265373559062,0.07756200731952899,57.0,0,-0.6773650833982051,-0.27530597743840163,-0.18806471044490725,-0.6182375476915621,0.1164894900028803
A,USD,STD,INDL,C,3674,3/31/20,64853,QORVO INC,QRVO,2019,6560.682,4292.665,1625.308,6560.682,334.325,3239.141,484.414,114.625,80.63,3674.0,9242.21375,Semiconductors/Hardware,2204149.0,2204149.0,2015-01-02,181113.0,Bob Bruggeworth,QORVO INC,President/CEO,2027-01-01,10.0,40.0,Executive Director,1.0,0.0,0.0,0.0,0.0,0.0,0.0,0.0,0.0,0.0,1961-04-01,M,,-327.776,0.023791781471300462,0.050958878970204624,-0.029240328089760376,8.788849839948947,0.6543016412013264,0.7668736881026623,-0.04996065957776951,0.07383592132647185,58.0,0,-0.6773650833982051,-0.27530597743840163,-0.18806471044490725,-0.6182375476915621,0.1164894900028803
A,USD,STD,INDL,C,3674,3/31/21,64853,QORVO INC,QRVO,2020,7221.47,4629.425,1795.722,7221.47,733.611,4015.307,570.395,112.557,182.7,3674.0,20564.1639,Semiconductors/Hardware,2204149.0,2204149.0,2015-01-02,181113.0,Bob Bruggeworth,QORVO INC,President/CEO,2027-01-01,10.0,40.0,Executive Director,1.0,0.0,0.0,0.0,0.0,0.0,0.0,0.0,0.0,0.0,1961-04-01,M,,2.288,0.035942285852517755,0.10158748841994773,0.041680727495039975,8.884813812271013,0.6410640769815564,1.491117274079626,0.0003168329993754734,0.07898599592603721,59.0,0,-0.6773650833982051,-0.27530597743840163,-0.18806471044490725,-0.6182375476915621,0.1164894900028803
A,USD,STD,INDL,C,3674,3/31/23,64853,QORVO INC,QRVO,2022,6691.903,3902.794,2117.229,6691.903,103.152,3569.399,649.841,98.649,101.57,3674.0,10019.77893,Semiconductors/Hardware,2204149.0,2204149.0,2015-01-02,181113.0,Bob Bruggeworth,QORVO INC,President/CEO,2027-01-01,10.0,40.0,Executive Director,1.0,0.0,0.0,0.0,0.0,0.0,0.0,0.0,0.0,0.0,1961-04-01,M,,517.369,0.029401031344771282,0.015414449372622405,-0.04164079587335223,8.808653567082356,0.5832113824722205,0.9428683256463968,0.0773126866901687,0.09710855043774544,61.0,0,-0.6773650833982051,-0.27530597743840163,-0.18806471044490725,-0.6182375476915621,0.1164894900028803
A,USD,STD,INDL,C,7372,2/28/17,65986,BLACKBERRY LTD,BB,2016,3263.0,2057.0,591.0,3263.0,-1206.0,1309.0,306.0,530.497,6.96,7372.0,3692.25912,Software,26104.0,26104.0,2013-11-04,141731.0,John Chen,BLACKBERRY LTD (Research In Motion Ltd prior to 07/2013),Chairman (Executive)/CEO,2023-11-04,10.0,10.0,Executive Director,1.0,1.0,0.0,0.0,0.0,0.0,0.0,0.0,1.0,1.0,1955-07-01,M,Asian Association Network,760.0,,-0.36959852896107875,-0.4195927903341739,8.09040229659332,0.6304014710389212,0.5849898876890063,0.23291449586270305,0.09377873122893043,61.0,0,1.5622273968873046,-0.10715234353633471,-0.491437888389294,-0.5932455801115535,1.7735038512552161
A,USD,STD,INDL,C,3674,3/31/24,64853,QORVO INC,QRVO,2023,6554.635,3556.372,1599.85,6554.635,-70.322,3769.506,682.249,95.798,114.83,3674.0,11000.48434,Semiconductors/Hardware,2204149.0,2204149.0,2015-01-02,181113.0,Bob Bruggeworth,QORVO INC,President/CEO,2027-01-01,10.0,40.0,Executive Director,1.0,0.0,0.0,0.0,0.0,0.0,0.0,0.0,0.0,0.0,1961-04-01,M,,81.32,0.01945944583802148,-0.010728591294557211,-0.059418850909193494,8.787927711962489,0.5425736139388386,1.1291983786344075,0.012406487928008194,0.10408649757004013,62.0,0,-0.6773650833982051,-0.27530597743840163,-0.18806471044490725,-0.6182375476915621,0.1164894900028803
A,USD,STD,INDL,C,3674,3/31/25,64853,QORVO INC,QRVO,2024,5933.131,3392.312,1594.498,5933.131,55.615,3718.971,747.709,92.92,72.41,3674.0,6728.3372,Semiconductors/Hardware,2204149.0,2204149.0,2015-01-02,181113.0,Bob Bruggeworth,QORVO INC,President/CEO,2027-01-01,10.0,40.0,Executive Director,1.0,0.0,0.0,0.0,0.0,0.0,0.0,0.0,0.0,0.0,1961-04-01,M,,-94.695,0.02842056263271152,0.009373634258201952,-0.04769548492981957,8.688307345907015,0.5717574751004149,0.6848163454890736,-0.015960375727419467,0.1260226683011044,63.0,0,-0.6773650833982051,-0.27530597743840163,-0.18806471044490725,-0.6182375476915621,0.1164894900028803
A,USD,STD,INDL,C,7372,3/31/16,64630,TAKE-TWO INTERACTIVE SFTWR,TTWO,2015,2590.277,581.385,497.935,2590.277,-8.302,1413.698,119.807,86.573,37.67,7372.0,3261.20491,Software,29924.0,29924.0,2011-01-01,333171.0,Strauss Zelnick,TAKE TWO INTERACTIVE SOFTWARE INC,Chairman (Executive)/CEO,2027-01-01,10.0,40.0,Executive Director,1.0,0.0,1.0,1.0,0.0,0.0,0.0,0.0,0.0,0.0,1957-06-26,M,,-189.319,0.019809415816148937,-0.0032050626245764447,-0.06885464574278201,7.85952009878181,0.22444896819915397,1.7244388223700367,-0.0730883222141879,0.04625258225278609,58.0,0,-0.5986162497683529,-0.13342965404338525,-0.11640577451831292,1.683520041240194,0.08550762578148682
A,USD,STD,INDL,C,7372,3/31/17,64630,TAKE-TWO INTERACTIVE SFTWR,TTWO,2016,3149.154,1003.728,251.929,3149.154,67.303,1779.748,137.915,102.621,59.27,7372.0,6082.34667,Software,29924.0,29924.0,2011-01-01,333171.0,Strauss Zelnick,TAKE TWO INTERACTIVE SOFTWARE INC,Chairman (Executive)/CEO,2027-01-01,10.0,40.0,Executive Director,1.0,0.0,1.0,1.0,0.0,0.0,0.0,0.0,0.0,0.0,1957-06-26,M,,-204.893,0.01871270574329271,0.021371771593259647,-0.02862248977983551,8.054889124319342,0.3187294111370863,1.8016695187426772,-0.06506287085356893,0.04379430158067849,59.0,0,-0.5986162497683529,-0.13342965404338525,-0.11640577451831292,1.683520041240194,0.08550762578148682
A,USD,STD,INDL,C,7372,3/31/18,64630,TAKE-TWO INTERACTIVE SFTWR,TTWO,2017,3737.841,1488.97,8.068,3737.841,173.533,1792.892,207.63,114.038,97.78,7372.0,11150.63564,Software,29924.0,29924.0,2011-01-01,333171.0,Strauss Zelnick,TAKE TWO INTERACTIVE SOFTWARE INC,Chairman (Executive)/CEO,2027-01-01,10.0,40.0,Executive Director,1.0,0.0,1.0,1.0,0.0,0.0,0.0,0.0,0.0,0.0,1957-06-26,M,,-146.836,0.019061479857412692,0.04642599832363121,-0.011208189513028134,8.226263450995251,0.3983502776067789,2.0134118986042426,-0.03928363994081076,0.055548109189235174,60.0,0,-0.5986162497683529,-0.13342965404338525,-0.11640577451831292,1.683520041240194,0.08550762578148682
A,USD,STD,INDL,C,7372,3/31/19,64630,TAKE-TWO INTERACTIVE SFTWR,TTWO,2018,4243.065,2040.58,0.0,4243.065,333.837,2668.394,230.17,112.181,94.37,7372.0,10586.52097,Software,29924.0,29924.0,2011-01-01,333171.0,Strauss Zelnick,TAKE TWO INTERACTIVE SOFTWARE INC,Chairman (Executive)/CEO,2027-01-01,10.0,40.0,Executive Director,1.0,0.0,1.0,1.0,0.0,0.0,0.0,0.0,0.0,0.0,1957-06-26,M,,57.784,0.02579538105848993,0.07867826677177937,0.0019531115798688548,8.3530411644345,0.480921220862749,1.6463475041644,0.013618457412271554,0.0542461640347249,61.0,0,-0.5986162497683529,-0.13342965404338525,-0.11640577451831292,1.683520041240194,0.08550762578148682
A,USD,STD,INDL,C,7372,3/31/20,64630,TAKE-TWO INTERACTIVE SFTWR,TTWO,2019,4948.832,2539.244,152.059,4948.832,404.459,3088.97,296.398,113.506,118.61,7372.0,13462.94666,Software,29924.0,29924.0,2011-01-01,333171.0,Strauss Zelnick,TAKE TWO INTERACTIVE SOFTWARE INC,Chairman (Executive)/CEO,2027-01-01,10.0,40.0,Executive Director,1.0,0.0,1.0,1.0,0.0,0.0,0.0,0.0,0.0,0.0,1957-06-26,M,,840.437,0.02100346619496517,0.08172817343567128,0.0015289663757062782,8.50690686812393,0.5130996566462551,1.6680748210871557,0.16982532444019113,0.05989251605227254,62.0,0,-0.5986162497683529,-0.13342965404338525,-0.11640577451831292,1.683520041240194,0.08550762578148682
A,USD,STD,INDL,C,7372,3/31/21,64630,TAKE-TWO INTERACTIVE SFTWR,TTWO,2020,6028.218,3331.892,159.671,6028.218,588.886,3372.772,317.311,115.163,176.7,7372.0,20349.302099999997,Software,29924.0,29924.0,2011-01-01,333171.0,Strauss Zelnick,TAKE TWO INTERACTIVE SOFTWARE INC,Chairman (Executive)/CEO,2027-01-01,10.0,40.0,Executive Director,1.0,0.0,1.0,1.0,0.0,0.0,0.0,0.0,0.0,0.0,1957-06-26,M,,1223.709,0.026373025072729615,0.09768823887921771,0.03778147795430995,8.704206723657826,0.5527159104066907,1.809506305646129,0.20299680602128192,0.05263761197753631,63.0,0,-0.5986162497683529,-0.13342965404338525,-0.11640577451831292,1.683520041240194,0.08550762578148682
A,USD,STD,INDL,C,7372,3/31/22,64630,TAKE-TWO INTERACTIVE SFTWR,TTWO,2021,6546.219,3809.659,211.297,6546.219,418.022,3504.8,406.566,115.367,153.74,7372.0,17736.52258,Software,29924.0,29924.0,2011-01-01,333171.0,Strauss Zelnick,TAKE TWO INTERACTIVE SOFTWARE INC,Chairman (Executive)/CEO,2027-01-01,10.0,40.0,Executive Director,1.0,0.0,1.0,1.0,0.0,0.0,0.0,0.0,0.0,0.0,1957-06-26,M,,1862.307,0.018534332577449103,0.06385701425509901,-0.0019785829263195415,8.786642910046872,0.5819632676511434,1.538086252425413,0.28448589941766383,0.0621069964203764,64.0,0,-0.5986162497683529,-0.13342965404338525,-0.11640577451831292,1.683520041240194,0.08550762578148682
A,USD,STD,INDL,C,7372,3/31/23,64630,TAKE-TWO INTERACTIVE SFTWR,TTWO,2022,15862.1,9042.5,2080.0,15862.1,-1124.7,5349.9,892.5,168.9,119.3,7372.0,20149.77,Software,29924.0,29924.0,2011-01-01,333171.0,Strauss Zelnick,TAKE TWO INTERACTIVE SOFTWARE INC,Chairman (Executive)/CEO,2027-01-01,10.0,40.0,Executive Director,1.0,0.0,1.0,1.0,0.0,0.0,0.0,0.0,0.0,0.0,1957-06-26,M,,2231.648,0.02770840576350368,-0.07090486127309752,-0.12796010651907216,9.671687894998628,0.5700695368204715,0.8012571890913719,0.14069057690974082,0.056266194261793835,65.0,0,-0.5986162497683529,-0.13342965404338525,-0.11640577451831292,1.683520041240194,0.08550762578148682
A,USD,STD,INDL,C,7372,3/31/24,64630,TAKE-TWO INTERACTIVE SFTWR,TTWO,2023,12216.9,5667.9,3445.6,12216.9,-3744.2,5349.6,948.2,170.8,148.49,7372.0,25362.092000000004,Software,29924.0,29924.0,2011-01-01,333171.0,Strauss Zelnick,TAKE TWO INTERACTIVE SOFTWARE INC,Chairman (Executive)/CEO,2027-01-01,10.0,40.0,Executive Director,1.0,0.0,1.0,1.0,0.0,0.0,0.0,0.0,0.0,0.0,1957-06-26,M,,1051.0,0.018043092777945753,-0.30647709320695105,-0.35516735282158735,9.410575518055015,0.46393929720305477,1.4984369395150579,0.086028370535897,0.07761379728081592,66.0,0,-0.5986162497683529,-0.13342965404338525,-0.11640577451831292,1.683520041240194,0.08550762578148682
A,USD,STD,INDL,C,7372,3/31/25,64630,TAKE-TWO INTERACTIVE SFTWR,TTWO,2024,9180.7,2137.7,2895.9,9180.7,-4478.9,5633.6,1005.2,177.1,207.25,7372.0,36703.975,Software,29924.0,29924.0,2011-01-01,333171.0,Strauss Zelnick,TAKE TWO INTERACTIVE SOFTWARE INC,Chairman (Executive)/CEO,2027-01-01,10.0,40.0,Executive Director,1.0,0.0,1.0,1.0,0.0,0.0,0.0,0.0,0.0,0.0,1957-06-26,M,,-2685.0,0.014734167275690803,-0.4878604028015292,-0.5449295219895507,9.124858733430756,0.23284716851656187,2.843154575118957,-0.29246135915561994,0.10949056172187306,67.0,0,-0.5986162497683529,-0.13342965404338525,-0.11640577451831292,1.683520041240194,0.08550762578148682
I,USD,STD,INDL,C,3674,12/31/15,65643,FAIRCHILD SEMICONDUCTOR INTL,FCS,2015,1585.9,1096.2,198.4,1585.9,-15.1,1370.2,162.6,113.484,20.71,3674.0,2350.25364,Semiconductors/Hardware,11505.0,11505.0,2014-11-17,333387.0,Doctor Mark Thompson,FAIRCHILD SEMICONDUCTOR INTERNATIONAL INC (De-listed 09/2016),Chairman/President/CEO,2016-09-19,10.0,10.0,Executive Director,0.0,0.0,0.0,0.0,0.0,0.0,0.0,0.0,0.0,0.0,,,,-78.2,0.02350228624861649,-0.009521407402736616,-0.07517099052094219,7.368907348504555,0.69121634403178,0.7626736006168521,-0.049309540324106185,0.10252853269436912,,0,-0.6720449074444793,-0.23674111240146314,-0.1428900246012513,-0.648546397838306,-0.5106751006852247
A,USD,STD,INDL,C,7372,2/29/16,65986,BLACKBERRY LTD,BB,2015,5534.0,3208.0,1277.0,5534.0,-208.0,2160.0,469.0,521.172,7.81,3663.0,4070.35332,Software,26104.0,26104.0,2013-11-04,141731.0,John Chen,BLACKBERRY LTD (Research In Motion Ltd prior to 07/2013),Chairman (Executive)/CEO,2023-11-04,10.0,10.0,Executive Director,1.0,1.0,0.0,0.0,0.0,0.0,0.0,0.0,1.0,1.0,1955-07-01,M,Asian Association Network,987.0,,-0.0375858330321648,-0.10323541615037037,8.618666160346871,0.5796891940730032,0.23808211649320613,0.17835200578243585,0.08474882544271775,60.0,0,1.5622273968873046,-0.10715234353633471,-0.491437888389294,-0.5932455801115535,1.7735038512552161
I,USD,STD,INDL,C,7371,12/31/21,39482,THOUGHTWORKS HOLDG INC,TWKS,2021,1484.15,708.491,497.38,1484.15,-23.623,1069.945,0.0,305.132,26.81,7371.0,8180.58892,Software,3449260.0,3449260.0,2021-09-15,1975125.0,Guo Xiao,THOUGHTWORKS HOLDING INC (De-listed 11/2024),President/CEO,2024-06-17,10.0,10.0,Executive Director,1.0,0.0,0.0,0.0,0.0,0.0,0.0,0.0,1.0,1.0,1974-06-15,M,,-53.071,0.03580147975211976,-0.015916854765353906,-0.08175245194677247,7.302597496786388,0.4773715594784893,2.446382065958678,-0.035758514974901456,0.0,47.0,0,1.5764848428835998,-0.142984627539358,-0.4574939900475732,-0.6449475881648674,0.986169623191155
A,USD,STD,INDL,C,7372,12/31/25,38931,CONFLUENT INC,CFLT,2025,2985.27,1169.139,1097.193,2985.27,-295.275,1166.748,481.706,356.138,30.24,7372.0,10769.613119999998,Software,3411706.0,3411706.0,2021-06-24,1808923.0,Edward Kreps,CONFLUENT INC (De-listed 03/2026),Chairman/CEO,2026-03-17,10.0,10.0,Executive Director,1.0,0.0,0.0,0.0,0.0,0.0,0.0,0.0,1.0,0.0,1980-05-01,M,,-2278.835,0.046263867430991486,-0.09891065129787255,-0.1522173064900506,8.00144547399745,0.39163593242822253,2.22046098804918,-0.7633597631035048,0.1613609489258928,45.0,0,1.328120120919817,-0.19997741649182793,-0.44736292532478544,-0.49441052504565186,-0.4374823779598874
A,USD,STD,INDL,C,2834,12/31/25,38821,ORGANON & CO,OGN,2025,12867.0,752.0,8744.0,12867.0,187.0,6216.0,372.0,260.316,7.17,2834.0,1866.4657199999997,Biotech,1562505.0,1562505.0,2021-02-10,2413290.0,Paddy Nicol,OROGEN ROYALTIES INC (Evrim Resources Corp prior to 08/2020),President/CEO,2027-01-01,10.0,40.0,Executive Director,1.0,0.0,1.0,0.0,0.0,0.0,0.0,0.0,0.0,0.0,1900-01-01,M,,582.0,0.03848560135720213,0.014533302246055802,-0.03877335294612225,9.46242117318499,0.058444081759539905,0.9090656083106137,0.045231988808580086,0.028911168104453253,125.0,0,-0.6637970751564273,-0.2472783908292412,-0.17753790169760764,-0.006433528133942844,0.021768553178682218
I,USD,STD,INDL,C,7372,12/31/18,31607,NATIONAL INSTRUMENTS CORP,NATI,2018,1671.235,1238.358,0.0,1671.235,155.057,1359.132,261.072,132.656,45.38,7372.0,6019.92928,Software,21606.0,21606.0,2018-10-23,205003.0,Alex Davern,NATIONAL INSTRUMENTS CORP (De-listed 10/2023),CEO,2020-01-31,10.0,10.0,Executive Director,1.0,0.0,0.0,0.0,0.0,0.0,0.0,0.0,0.0,0.0,1966-06-15,M,,339.487,0.022494560702517288,0.09277989032063115,0.016054735128720632,7.421318153057999,0.7409837635042349,1.5812892031938954,0.20313540585255815,0.15621501464485846,52.0,0,-0.6773650833982051,-0.27530597743840163,-0.18806471044490725,-0.6182375476915621,0.1164894900028803
A,USD,STD,INDL,C,2834,12/31/17,29955,BAUSCH HEALTH COMPANIES INC,BHC,2017,37497.0,5849.0,25241.0,37497.0,2404.0,8724.0,369.0,348.709,20.78,2834.0,7246.17302,Biotech,4427.0,4427.0,2016-05-02,206108.0,Joe Papa Jr,BAUSCH HEALTH COMPANIES INC (Valeant Pharmaceuticals International Inc prior to 07/2018),Chairman/CEO,2022-05-10,10.0,10.0,Executive Director,1.0,0.0,1.0,1.0,1.0,0.0,0.0,0.0,0.0,0.0,1956-06-15,M,,-4621.0,,0.06411179561031549,0.006477607773656149,10.532016208758332,0.1559858121983092,0.21420276372857783,-0.12323652558871376,0.009840787262981038,61.0,0,-0.5803399603521456,-0.10821941426433843,0.1480160340512967,1.6785108418425307,-0.6162029551560514
A,USD,STD,INDL,C,2834,12/31/18,29955,BAUSCH HEALTH COMPANIES INC,BHC,2018,32492.0,2733.0,24077.0,32492.0,-4148.0,8380.0,442.0,349.871,18.47,2834.0,6462.117369999999,Biotech,4427.0,4427.0,2016-05-02,206108.0,Joe Papa Jr,BAUSCH HEALTH COMPANIES INC (Valeant Pharmaceuticals International Inc prior to 07/2018),Chairman/CEO,2022-05-10,10.0,10.0,Executive Director,1.0,0.0,1.0,1.0,1.0,0.0,0.0,0.0,0.0,0.0,1956-06-15,M,,-7801.0,0.032567418838524195,-0.12766219377077434,-0.20438734896268484,10.388749184170845,0.08411301243382986,0.8605571233988253,-0.24008986827526776,0.013603348516557923,62.0,0,-0.5803399603521456,-0.10821941426433843,0.1480160340512967,1.6785108418425307,-0.6162029551560514
A,USD,STD,INDL,C,2834,12/31/19,29955,BAUSCH HEALTH COMPANIES INC,BHC,2019,33863.0,1063.0,24901.0,33863.0,-1788.0,8601.0,512.0,352.563,29.92,2834.0,10548.68496,Biotech,4427.0,4427.0,2016-05-02,206108.0,Joe Papa Jr,BAUSCH HEALTH COMPANIES INC (Valeant Pharmaceuticals International Inc prior to 07/2018),Chairman/CEO,2022-05-10,10.0,10.0,Executive Director,1.0,0.0,1.0,1.0,1.0,0.0,0.0,0.0,0.0,0.0,1956-06-15,M,,-9538.0,0.023420356604015275,-0.0528009922334111,-0.1330001992933761,10.4300782518805,0.03139119392847651,2.2949061044517824,-0.2816643534240912,0.01511974721672622,63.0,0,-0.5803399603521456,-0.10821941426433843,0.1480160340512967,1.6785108418425307,-0.6162029551560514
A,USD,STD,INDL,C,2834,12/31/20,29955,BAUSCH HEALTH COMPANIES INC,BHC,2020,31199.0,535.0,24152.0,31199.0,-560.0,8027.0,484.0,355.422,20.8,2834.0,7392.7776,Biotech,4427.0,4427.0,2016-05-02,206108.0,Joe Papa Jr,BAUSCH HEALTH COMPANIES INC (Valeant Pharmaceuticals International Inc prior to 07/2018),Chairman/CEO,2022-05-10,10.0,10.0,Executive Director,1.0,0.0,1.0,1.0,1.0,0.0,0.0,0.0,0.0,0.0,1956-06-15,M,,-10146.0,0.04192910937509981,-0.017949293246578416,-0.07785605417148617,10.348141322001869,0.017147985512356165,2.625992055698123,-0.3252027308567582,0.015513317734542774,64.0,0,-0.5803399603521456,-0.10821941426433843,0.1480160340512967,1.6785108418425307,-0.6162029551560514
A,USD,STD,INDL,C,2834,12/31/21,29955,BAUSCH HEALTH COMPANIES INC,BHC,2021,29202.0,-106.0,22868.0,29202.0,-948.0,8434.0,473.0,359.406,27.61,2834.0,9923.19966,Biotech,4427.0,4427.0,2016-05-02,206108.0,Joe Papa Jr,BAUSCH HEALTH COMPANIES INC (Valeant Pharmaceuticals International Inc prior to 07/2018),Chairman/CEO,2022-05-10,10.0,10.0,Executive Director,1.0,0.0,1.0,1.0,1.0,0.0,0.0,0.0,0.0,0.0,1956-06-15,M,,-10885.0,0.024076071514540377,-0.03246352989521266,-0.09829912707663122,10.28199247906151,-0.003629888363810698,,-0.37274844188754197,0.016197520717759057,65.0,0,-0.5803399603521456,-0.10821941426433843,0.1480160340512967,1.6785108418425307,-0.6162029551560514
A,USD,STD,INDL,C,2834,12/31/22,29955,BAUSCH HEALTH COMPANIES INC,BHC,2022,25686.0,-692.0,20518.0,25686.0,-225.0,8124.0,530.0,361.899,6.28,2834.0,2272.72572,Biotech,4427.0,4427.0,2022-05-10,1712387.0,Tom Appio,BAUSCH HEALTH COMPANIES INC (Valeant Pharmaceuticals International Inc prior to 07/2018),CEO,2027-01-01,10.0,40.0,Executive Director,1.0,0.0,0.0,0.0,0.0,0.0,0.0,0.0,0.0,0.0,1961-06-15,M,,-11242.0,0.05445973089571847,-0.008759635599159075,-0.06581488084513372,10.153701375373002,-0.02694074593163591,,-0.4376703262477614,0.020633808300241377,61.0,0,-0.6773650833982051,-0.27530597743840163,-0.18806471044490725,-0.6182375476915621,0.1164894900028803
A,USD,STD,INDL,C,2834,12/31/23,29955,BAUSCH HEALTH COMPANIES INC,BHC,2023,27350.0,-1022.0,22086.0,27350.0,-592.0,8757.0,604.0,365.239,8.02,2834.0,2929.2167799999997,Biotech,4427.0,4427.0,2022-05-10,1712387.0,Tom Appio,BAUSCH HEALTH COMPANIES INC (Valeant Pharmaceuticals International Inc prior to 07/2018),CEO,2027-01-01,10.0,40.0,Executive Director,1.0,0.0,0.0,0.0,0.0,0.0,0.0,0.0,0.0,0.0,1961-06-15,M,,-11659.0,0.03837978133789723,-0.021645338208409505,-0.0703355978230458,10.216471807850127,-0.03736745886654479,,-0.42628884826325414,0.022084095063985374,62.0,0,-0.6773650833982051,-0.27530597743840163,-0.18806471044490725,-0.6182375476915621,0.1164894900028803
A,USD,STD,INDL,C,2834,12/31/24,29955,BAUSCH HEALTH COMPANIES INC,BHC,2024,26523.0,-1279.0,19107.0,26523.0,-46.0,9625.0,634.0,367.843,8.06,2834.0,2964.81458,Biotech,4427.0,4427.0,2022-05-10,1712387.0,Tom Appio,BAUSCH HEALTH COMPANIES INC (Valeant Pharmaceuticals International Inc prior to 07/2018),CEO,2027-01-01,10.0,40.0,Executive Director,1.0,0.0,0.0,0.0,0.0,0.0,0.0,0.0,0.0,0.0,1961-06-15,M,,-12003.0,0.030849438639399766,-0.0017343437770991215,-0.058803462965120644,10.185767560073915,-0.0482222976284734,,-0.4525506164461034,0.023903781623496587,63.0,0,-0.6773650833982051,-0.27530597743840163,-0.18806471044490725,-0.6182375476915621,0.1164894900028803
A,USD,STD,INDL,C,2834,12/31/25,29955,BAUSCH HEALTH COMPANIES INC,BHC,2025,26366.0,-554.0,20782.0,26366.0,157.0,10266.0,743.0,370.532,6.95,2834.0,2575.1974,Biotech,4427.0,4427.0,2022-05-10,1712387.0,Tom Appio,BAUSCH HEALTH COMPANIES INC (Valeant Pharmaceuticals International Inc prior to 07/2018),CEO,2027-01-01,10.0,40.0,Executive Director,1.0,0.0,0.0,0.0,0.0,0.0,0.0,0.0,0.0,0.0,1961-06-15,M,,-11427.0,0.035647760065627275,0.005954638549647273,-0.047352016642530775,10.179830580317915,-0.021011909277099294,,-0.43339907456572857,0.028180232117120535,64.0,0,-0.6773650833982051,-0.27530597743840163,-0.18806471044490725,-0.6182375476915621,0.1164894900028803
I,USD,STD,INDL,C,7372,6/30/23,30870,ASPEN TECHNOLOGY INC,AZPN,2023,14486.052,13070.929,55.442,14486.052,-107.76,1044.178,209.347,64.465,167.61,7372.0,10804.97865,Software,1649258.0,1649258.0,2013-10-01,508234.0,Antonio Pietri,ASPEN TECHNOLOGY INC (De-listed 03/2025),President/CEO,2025-03-12,10.0,10.0,Executive Director,1.0,0.0,1.0,0.0,0.0,0.0,0.0,0.0,0.0,0.0,1966-06-15,M,,-38.955,0.024740638936274803,-0.007438879827298702,-0.05612913944193499,9.580941534421616,0.9023113405916257,-0.19038358989674792,-0.002689138489907395,0.014451625605099307,57.0,0,-0.6637970751564273,-0.2472783908292412,-0.17753790169760764,-0.006433528133942844,0.021768553178682218
I,USD,STD,INDL,C,7372,6/30/24,30870,ASPEN TECHNOLOGY INC,AZPN,2024,14071.707,12812.855,84.875,14071.707,-9.771,1127.482,206.114,63.251,198.63,7372.0,12563.54613,Software,1649258.0,1649258.0,2013-10-01,508234.0,Antonio Pietri,ASPEN TECHNOLOGY INC (De-listed 03/2025),President/CEO,2025-03-12,10.0,10.0,Executive Director,1.0,0.0,1.0,0.0,0.0,0.0,0.0,0.0,0.0,0.0,1966-06-15,M,,-58.423,0.020481419638645155,-0.0006943720473997931,-0.057763491235421315,9.55192146471114,0.9105402066714435,-0.01964950744980367,-0.0041518061739062645,0.014647405606157092,58.0,0,-0.6637970751564273,-0.2472783908292412,-0.17753790169760764,-0.006433528133942844,0.021768553178682218
I,USD,STD,INDL,C,7372,12/31/15,31607,NATIONAL INSTRUMENTS CORP,NATI,2015,1453.856,1081.721,37.0,1453.856,95.262,1225.456,225.131,127.472,28.69,7372.0,3657.17168,Software,21606.0,21606.0,1976-01-02,92037.0,Doctor Jim Truchard,NATIONAL INSTRUMENTS CORP (De-listed 10/2023),Chairman/President/CEO,2017-01-01,30.0,10.0,Executive Director,1.0,0.0,0.0,0.0,1.0,0.0,0.0,0.0,1.0,0.0,1943-06-25,M,,362.741,0.013203931698074097,0.06552368322584905,-0.00012589989235652077,7.281974616050037,0.744035860497876,1.2181367922979363,0.24950270178064402,0.1548509618559197,72.0,0,1.346396410336024,-0.17476717671278105,-0.18294111675517574,-0.49941972444331517,-1.1391929588974257
I,USD,STD,INDL,C,7372,12/31/16,31607,NATIONAL INSTRUMENTS CORP,NATI,2016,1496.564,1114.219,25.0,1496.564,82.734,1228.179,235.706,129.203,30.82,7372.0,3982.03646,Software,21606.0,21606.0,1976-01-02,92037.0,Doctor Jim Truchard,NATIONAL INSTRUMENTS CORP (De-listed 10/2023),Chairman/President/CEO,2017-01-01,30.0,10.0,Executive Director,1.0,0.0,0.0,0.0,1.0,0.0,0.0,0.0,1.0,0.0,1943-06-25,M,,341.581,0.012652197659844502,0.05528263408714896,0.005288372714053802,7.3109270928333565,0.7445181094827885,1.2736396507500263,0.2282434964358357,0.1574981090016865,73.0,0,1.346396410336024,-0.17476717671278105,-0.18294111675517574,-0.49941972444331517,-1.1391929588974257
I,USD,STD,INDL,C,7372,12/31/17,31607,NATIONAL INSTRUMENTS CORP,NATI,2017,1566.434,1128.021,0.0,1566.434,52.411,1289.386,231.761,130.979,41.63,7372.0,5452.655770000001,Software,21606.0,21606.0,2017-01-25,205003.0,Alex Davern,NATIONAL INSTRUMENTS CORP (De-listed 10/2023),President/CEO,2018-10-23,10.0,10.0,Executive Director,1.0,0.0,0.0,0.0,0.0,0.0,0.0,0.0,0.0,0.0,1966-06-15,M,,296.732,0.010168620847068802,0.033458798774796766,-0.024175389061862576,7.356556977362946,0.7201203497881175,1.5756380173082634,0.18943153685377107,0.14795452601258655,51.0,0,-0.6773650833982051,-0.27530597743840163,-0.18806471044490725,-0.6182375476915621,0.1164894900028803
I,USD,STD,INDL,C,7372,12/31/19,31607,NATIONAL INSTRUMENTS CORP,NATI,2019,1651.889,1176.35,40.65,1651.889,162.151,1353.215,272.452,130.505,42.34,7372.0,5525.581700000001,Software,21606.0,21606.0,2018-10-23,205003.0,Alex Davern,NATIONAL INSTRUMENTS CORP (De-listed 10/2023),CEO,2020-01-31,10.0,10.0,Executive Director,1.0,0.0,0.0,0.0,0.0,0.0,0.0,0.0,0.0,0.0,1966-06-15,M,,221.467,0.015036435966272339,0.09816095391397366,0.017961746854008656,7.409674760540195,0.7121241197199085,1.5469721026853152,0.13406893562460917,0.1649336002600659,53.0,0,-0.6773650833982051,-0.27530597743840163,-0.18806471044490725,-0.6182375476915621,0.1164894900028803
A,USD,STD,INDL,C,2834,12/31/15,29955,BAUSCH HEALTH COMPANIES INC,BHC,2015,48964.5,5911.0,30297.8,48964.5,-291.7,10446.5,582.8,342.927,101.65,2834.0,34858.52955000001,Biotech,4427.0,4427.0,2011-03-22,499843.0,Mike Pearson,BAUSCH HEALTH COMPANIES INC (Valeant Pharmaceuticals International Inc prior to 07/2018),Chairman/CEO,2016-01-06,10.0,10.0,Executive Director,1.0,1.0,1.0,0.0,0.0,0.0,0.0,0.0,0.0,0.0,1959-06-15,M,,-4291.3,,-0.0059573772835421574,-0.07160696040174773,10.798850824727285,0.12072011355165477,1.774482835776498,-0.08764104606398514,0.01190250079138968,56.0,0,-0.6780545211527228,-0.2114461068262179,-0.21148180003932845,0.045268479919371,0.8091027812427433
I,USD,STD,INDL,C,7372,12/31/20,31607,NATIONAL INSTRUMENTS CORP,NATI,2020,1884.488,1224.871,127.89,1884.488,143.659,1286.671,280.381,131.247,43.94,7372.0,5766.99318,Software,21606.0,21606.0,2020-02-01,889340.0,Eric Starkloff,NATIONAL INSTRUMENTS CORP (De-listed 10/2023),President/CEO,2023-10-11,10.0,10.0,Executive Director,1.0,0.0,0.0,0.0,0.0,0.0,0.0,0.0,0.0,0.0,1974-06-15,M,,190.275,0.03380411823894081,0.0762323771761879,0.016325616251280144,7.541411444950116,0.6499754840572082,1.5493152997128123,0.10096906958282569,0.1487836483968059,46.0,0,-0.6773650833982051,-0.27530597743840163,-0.18806471044490725,-0.6182375476915621,0.1164894900028803
I,USD,STD,INDL,C,7372,12/31/21,31607,NATIONAL INSTRUMENTS CORP,NATI,2021,2114.985,1223.697,330.468,2114.985,89.315,1469.681,335.986,132.294,43.67,7372.0,5777.278980000001,Software,21606.0,21606.0,2020-02-01,889340.0,Eric Starkloff,NATIONAL INSTRUMENTS CORP (De-listed 10/2023),President/CEO,2023-10-11,10.0,10.0,Executive Director,1.0,0.0,0.0,0.0,0.0,0.0,0.0,0.0,0.0,0.0,1974-06-15,M,,92.727,0.016727144133443242,0.04222961392161173,-0.023605983259806826,7.656802999256647,0.5785842452783352,1.5520562027087004,0.043842864133788184,0.15885975550654022,47.0,0,-0.6773650833982051,-0.27530597743840163,-0.18806471044490725,-0.6182375476915621,0.1164894900028803
I,USD,STD,INDL,C,7372,12/31/22,31607,NATIONAL INSTRUMENTS CORP,NATI,2022,2358.538,1156.124,547.225,2358.538,139.644,1656.564,331.71,131.005,36.9,7372.0,4834.0845,Software,21606.0,21606.0,2020-02-01,889340.0,Eric Starkloff,NATIONAL INSTRUMENTS CORP (De-listed 10/2023),President/CEO,2023-10-11,10.0,10.0,Executive Director,1.0,0.0,0.0,0.0,0.0,0.0,0.0,0.0,0.0,0.0,1974-06-15,M,,-52.606,0.022119145485357032,0.05920786521141487,0.002152619965440229,7.765797214530073,0.49018671736474034,1.430618731542511,-0.022304495411988274,0.14064221140384423,48.0,0,-0.6773650833982051,-0.27530597743840163,-0.18806471044490725,-0.6182375476915621,0.1164894900028803
A,USD,STD,INDL,C,2834,12/31/18,30137,NEKTAR THERAPEUTICS,NKTR,2018,2150.172,1717.575,329.861,2150.172,681.313,1193.323,399.536,173.53,32.87,2834.0,5703.9311,Biotech,16049.0,16049.0,2007-02-14,376561.0,Howard Robin,NEKTAR THERAPEUTICS (Inhale Therapeutic Systems prior to 01/2003),President/CEO,2027-01-01,10.0,40.0,Executive Director,1.0,0.0,0.0,0.0,0.0,0.0,0.0,0.0,0.0,0.0,1952-06-15,M,,-1430.367,0.04816923109463532,0.3168644182883974,0.24013926309648687,7.673303117921879,0.7988081883681863,1.20024219151319,-0.6652337580435426,0.18581583240782598,66.0,0,-0.6773650833982051,-0.27530597743840163,-0.18806471044490725,-0.6182375476915621,0.1164894900028803
A,USD,STD,INDL,C,3672,3/31/16,30170,FLEX LTD,FLEX,2015,12384.981,2570.872,2727.803,12384.981,444.081,24418.885,75.5,544.824,12.06,3672.0,6570.57744,Semiconductors/Hardware,12102.0,12102.0,2006-01-01,377031.0,Mike McNamara,FLEX LTD (Flextronics International Ltd prior to 09/2016),CEO,2018-12-31,10.0,10.0,Executive Director,1.0,0.0,1.0,0.0,0.0,0.0,0.0,0.0,0.0,0.0,1957-06-15,M,,-4516.798,0.015793149251231035,0.03585641350600376,-0.029793169612201804,9.424239807808435,0.20757980977120594,0.9383565780764146,-0.3646996309481621,0.006096093324648621,58.0,0,-0.6637970751564273,-0.2472783908292412,-0.17753790169760764,-0.006433528133942844,0.021768553178682218
A,USD,STD,INDL,C,3672,3/31/17,30170,FLEX LTD,FLEX,2016,12593.363,2644.533,2905.029,12593.363,319.564,23862.934,65.6,531.295,16.8,3672.0,8925.756,Semiconductors/Hardware,12102.0,12102.0,2006-01-01,377031.0,Mike McNamara,FLEX LTD (Flextronics International Ltd prior to 09/2016),CEO,2018-12-31,10.0,10.0,Executive Director,1.0,0.0,1.0,0.0,0.0,0.0,0.0,0.0,0.0,0.0,1957-06-15,M,,-4028.127,0.01619410306940971,0.025375588712879954,-0.024618672660215203,9.440925208128396,0.2099941850322269,1.2164465397852378,-0.319861104615185,0.005209093075455698,59.0,0,-0.6637970751564273,-0.2472783908292412,-0.17753790169760764,-0.006433528133942844,0.021768553178682218
A,USD,STD,INDL,C,3672,3/31/18,30170,FLEX LTD,FLEX,2017,13715.855,3018.573,2906.631,13715.855,428.534,25441.131,78.2,528.078,16.33,3672.0,8623.513739999999,Semiconductors/Hardware,12102.0,12102.0,2006-01-01,377031.0,Mike McNamara,FLEX LTD (Flextronics International Ltd prior to 09/2016),CEO,2018-12-31,10.0,10.0,Executive Director,1.0,0.0,1.0,0.0,0.0,0.0,0.0,0.0,0.0,0.0,1957-06-15,M,,-3700.791,0.012411062278801394,0.031243695708360872,-0.02639049212829847,9.526307741931713,0.2200790982406857,1.0497084249092663,-0.2698184692095389,0.00570143093522059,60.0,0,-0.6637970751564273,-0.2472783908292412,-0.17753790169760764,-0.006433528133942844,0.021768553178682218
A,USD,STD,INDL,C,3672,3/31/20,30170,FLEX LTD,FLEX,2019,13689.617,2831.153,3218.076,13689.617,87.579,24209.87,0.0,497.426,8.375,3672.0,4165.94275,Semiconductors/Hardware,12102.0,12102.0,2019-02-11,892665.0,Revathi Advaithi,FLEX LTD (Flextronics International Ltd prior to 09/2016),CEO,2027-01-01,10.0,40.0,Executive Director,1.0,0.0,1.0,0.0,0.0,0.0,0.0,0.0,0.0,0.0,1967-10-01,F,,-3163.175,0.023860399483682185,0.0063974762770938,-0.0738017307828712,9.524392941265868,0.20681024165979223,0.3862585513689517,-0.23106380551040984,0.0,52.0,0,-0.6637970751564273,-0.2472783908292412,-0.17753790169760764,-0.006433528133942844,0.021768553178682218
A,USD,STD,INDL,C,3672,3/31/21,30170,FLEX LTD,FLEX,2020,15836.0,3436.0,4077.0,15836.0,613.0,24124.0,0.0,492.568,18.31,3672.0,9018.92008,Semiconductors/Hardware,12102.0,12102.0,2019-02-11,892665.0,Revathi Advaithi,FLEX LTD (Flextronics International Ltd prior to 09/2016),CEO,2027-01-01,10.0,40.0,Executive Director,1.0,0.0,1.0,0.0,0.0,0.0,0.0,0.0,0.0,0.0,1967-10-01,F,,-3117.077,0.04187349690506444,0.038709270017681235,-0.021197490907226522,9.670041108226021,0.21697398332912352,0.9650165977294745,-0.19683486991664564,0.0,53.0,0,-0.6637970751564273,-0.2472783908292412,-0.17753790169760764,-0.006433528133942844,0.021768553178682218
A,USD,STD,INDL,C,3672,3/31/22,30170,FLEX LTD,FLEX,2021,19325.0,4129.0,3799.0,19325.0,936.0,26041.0,0.0,460.56,18.55,3672.0,8543.388,Semiconductors/Hardware,12102.0,12102.0,2019-02-11,892665.0,Revathi Advaithi,FLEX LTD (Flextronics International Ltd prior to 09/2016),CEO,2027-01-01,10.0,40.0,Executive Director,1.0,0.0,1.0,0.0,0.0,0.0,0.0,0.0,0.0,0.0,1967-10-01,F,,-2408.0,0.022310986938054778,0.0484346701164295,-0.01740092706498906,9.869154873455622,0.21366106080206987,0.7271224035349081,-0.12460543337645537,0.0,54.0,0,-0.6637970751564273,-0.2472783908292412,-0.17753790169760764,-0.006433528133942844,0.021768553178682218
A,USD,STD,INDL,C,3672,3/31/23,30170,FLEX LTD,FLEX,2022,21395.0,5351.0,4197.0,21395.0,793.0,30346.0,0.0,450.123,23.01,3672.0,10357.33023,Semiconductors/Hardware,12102.0,12102.0,2019-02-11,892665.0,Revathi Advaithi,FLEX LTD (Flextronics International Ltd prior to 09/2016),CEO,2027-01-01,10.0,40.0,Executive Director,1.0,0.0,1.0,0.0,0.0,0.0,0.0,0.0,0.0,0.0,1967-10-01,F,,-1535.0,0.025036840680482998,0.03706473475111007,-0.01999051049486457,9.970912528850917,0.25010516475812106,0.6604110444849187,-0.07174573498480953,0.0,55.0,0,-0.6637970751564273,-0.2472783908292412,-0.17753790169760764,-0.006433528133942844,0.021768553178682218
A,USD,STD,INDL,C,3672,3/31/24,30170,FLEX LTD,FLEX,2023,18257.0,5325.0,3751.0,18257.0,1006.0,26415.0,0.0,408.102,28.61,3672.0,11675.79822,Semiconductors/Hardware,12102.0,12102.0,2019-02-11,892665.0,Revathi Advaithi,FLEX LTD (Flextronics International Ltd prior to 09/2016),CEO,2027-01-01,10.0,40.0,Executive Director,1.0,0.0,1.0,0.0,0.0,0.0,0.0,0.0,0.0,0.0,1967-10-01,F,,-754.0,0.01911387766009872,0.05510215259900312,0.0064118929843668335,9.81230384711351,0.29166894889631373,0.7851054596437621,-0.04129922769348743,0.0,56.0,0,-0.6637970751564273,-0.2472783908292412,-0.17753790169760764,-0.006433528133942844,0.021768553178682218
A,USD,STD,INDL,C,3672,3/31/25,30170,FLEX LTD,FLEX,2024,18381.0,5002.0,2939.0,18381.0,838.0,25813.0,0.0,377.817,33.08,3672.0,12498.18636,Semiconductors/Hardware,12102.0,12102.0,2019-02-11,892665.0,Revathi Advaithi,FLEX LTD (Flextronics International Ltd prior to 09/2016),CEO,2027-01-01,10.0,40.0,Executive Director,1.0,0.0,1.0,0.0,0.0,0.0,0.0,0.0,0.0,0.0,1967-10-01,F,,251.0,0.023139076425497573,0.045590555464882214,-0.01147856372313931,9.819072801393764,0.272128828681791,0.9157457101260817,0.013655405037810783,0.0,57.0,0,-0.6637970751564273,-0.2472783908292412,-0.17753790169760764,-0.006433528133942844,0.021768553178682218
A,USD,STD,INDL,C,2834,12/31/16,29955,BAUSCH HEALTH COMPANIES INC,BHC,2016,43529.0,3152.0,29871.0,43529.0,-2409.0,9674.0,469.0,347.822,14.52,2834.0,5050.37544,Biotech,4427.0,4427.0,2016-05-02,206108.0,Joe Papa Jr,BAUSCH HEALTH COMPANIES INC (Valeant Pharmaceuticals International Inc prior to 07/2018),Chairman/CEO,2022-05-10,10.0,10.0,Executive Director,1.0,0.0,1.0,1.0,1.0,0.0,0.0,0.0,0.0,0.0,1956-06-15,M,,-7237.0,,-0.055342415401226766,-0.10533667677432193,10.681182661619935,0.07241149578441958,0.4714254130826717,-0.16625697810654966,0.010774426244572585,60.0,0,-0.5803399603521456,-0.10821941426433843,0.1480160340512967,1.6785108418425307,-0.6162029551560514
I,USD,STD,INDL,C,2836,12/31/17,29819,BIOVERATIV INC,BIVV,2017,1618.3,897.6,0.0,1618.3,355.6,1168.5,224.6,108.203,53.92,2836.0,5834.30576,Biotech,2607844.0,2607844.0,2017-02-01,1123231.0,John Cox,BIOVERATIV INC (De-listed 03/2018),CEO,2018-03-08,10.0,10.0,Executive Director,1.0,0.0,1.0,0.0,0.0,0.0,0.0,0.0,1.0,0.0,1963-06-15,M,,332.3,0.019480400633773754,0.21973676079836868,0.16210257296170932,7.3891314945228395,0.5546561206204041,1.8717860242961628,0.20533893592041033,0.13878761663474015,54.0,0,1.3416881291615947,-0.17194982988266744,-0.43683611657748583,0.1173934945119674,-0.5322033147840854
A,USD,STD,INDL,C,2834,12/31/24,38821,ORGANON & CO,OGN,2024,13101.0,472.0,8972.0,13101.0,864.0,6403.0,550.0,257.799,14.92,2834.0,3846.36108,Biotech,3394496.0,3394496.0,2021-05-14,2489439.0,Kevin Ali,ORGANON & CO,CEO,2025-10-26,10.0,10.0,Executive Director,1.0,1.0,1.0,0.0,0.0,0.0,0.0,0.0,0.0,0.0,1960-06-15,M,,361.0,0.02464348829347259,0.06594916418594,0.00888004499791848,9.48044384215367,0.036027784138615376,2.097903820711673,0.02755514846194947,0.041981528127623846,64.0,0,-0.6780545211527228,-0.2114461068262179,-0.21148180003932845,0.045268479919371,0.8091027812427433
A,USD,STD,INDL,C,3672,8/31/19,28195,JABIL INC,JBL,2019,12970.475,1887.443,2121.284,12970.475,287.111,25282.32,42.861,153.52,28.81,3672.0,4422.9112000000005,Semiconductors/Hardware,17238.0,17238.0,2013-03-01,63117.0,Mark Mondello,JABIL INC (Jabil Circuit Inc prior to 06/2017),CEO,2021-11-01,10.0,10.0,Executive Director,1.0,0.0,0.0,0.0,0.0,0.0,0.0,0.0,0.0,0.0,1964-06-15,M,,1954.243,0.019471863150037842,0.02213573519859527,-0.05806347186136973,9.470430899615984,0.14551841779117572,0.8515751188041878,0.15066857613156032,0.003304505039329708,55.0,0,-0.6773650833982051,-0.27530597743840163,-0.18806471044490725,-0.6182375476915621,0.1164894900028803
A,USD,STD,INDL,C,3674,3/31/20,27965,MICROCHIP TECHNOLOGY INC,MCHP,2019,17426.1,5585.5,8968.1,17426.1,570.6,5274.2,877.8,245.326,67.8,3674.0,16633.1028,Semiconductors/Hardware,20566.0,20566.0,2016-02-03,61502.0,Steve Sanghi,MICROCHIP TECHNOLOGY INC,Chairman/CEO,2021-03-01,10.0,10.0,Executive Director,1.0,0.0,0.0,0.0,0.0,0.0,0.0,0.0,1.0,0.0,1956-06-15,M,,3189.9,0.020949747969735744,0.032743987467075256,-0.047455219592889744,9.765724361326356,0.3205249596869065,1.0912209002451116,0.1830530066968513,0.050372716786888636,63.0,0,1.328120120919817,-0.19997741649182793,-0.44736292532478544,-0.49441052504565186,-0.4374823779598874
A,USD,STD,INDL,C,3674,3/31/21,27965,MICROCHIP TECHNOLOGY INC,MCHP,2020,16478.8,5337.1,7706.6,16478.8,349.4,5438.4,836.4,273.529,155.22,3674.0,42457.17138,Semiconductors/Hardware,20566.0,20566.0,2016-02-03,61502.0,Steve Sanghi,MICROCHIP TECHNOLOGY INC,Chairman/CEO,2021-03-01,10.0,10.0,Executive Director,1.0,0.0,0.0,0.0,0.0,0.0,0.0,0.0,1.0,0.0,1956-06-15,M,,3410.8,0.03858104801093526,0.021203000218462508,-0.03870376070644525,9.709829985278303,0.32387673859747074,2.073813401297063,0.2069810908561303,0.05075612301866641,64.0,0,1.328120120919817,-0.19997741649182793,-0.44736292532478544,-0.49441052504565186,-0.4374823779598874
A,USD,STD,INDL,C,3674,3/31/22,27965,MICROCHIP TECHNOLOGY INC,MCHP,2021,16199.5,5894.8,7816.3,16199.5,1285.5,6820.9,989.1,554.501,75.14,3674.0,41665.20514,Semiconductors/Hardware,20566.0,20566.0,2021-03-01,61667.0,Ganesh Moorthy,MICROCHIP TECHNOLOGY INC,President/CEO,2024-11-18,10.0,10.0,Executive Director,1.0,0.0,1.0,0.0,0.0,0.0,0.0,0.0,0.0,0.0,1959-06-15,M,,3367.3,0.023451096352802066,0.07935430105867465,0.013518703877256094,9.692735656546635,0.36388777431402203,1.9555957650220208,0.20786444026050188,0.06105744004444582,62.0,0,-0.6637970751564273,-0.2472783908292412,-0.17753790169760764,-0.006433528133942844,0.021768553178682218
A,USD,STD,INDL,C,3674,3/31/23,27965,MICROCHIP TECHNOLOGY INC,MCHP,2022,16370.3,6513.6,5170.3,16370.3,2237.7,8438.7,1118.3,545.46,83.78,3674.0,45698.6388,Semiconductors/Hardware,20566.0,20566.0,2021-03-01,61667.0,Ganesh Moorthy,MICROCHIP TECHNOLOGY INC,President/CEO,2024-11-18,10.0,10.0,Executive Director,1.0,0.0,1.0,0.0,0.0,0.0,0.0,0.0,0.0,0.0,1959-06-15,M,,4154.6,0.029372378951213758,0.136692669040885,0.07963742379491037,9.703223996403732,0.39789130315266064,1.9481762131319962,0.25378887375307724,0.0683127370909513,63.0,0,-0.6637970751564273,-0.2472783908292412,-0.17753790169760764,-0.006433528133942844,0.021768553178682218
A,USD,STD,INDL,C,3674,3/31/24,27965,MICROCHIP TECHNOLOGY INC,MCHP,2023,15873.2,6657.8,5129.1,15873.2,1906.9,7634.4,1097.4,536.664,89.71,3674.0,48144.12744,Semiconductors/Hardware,20566.0,20566.0,2021-03-01,61667.0,Ganesh Moorthy,MICROCHIP TECHNOLOGY INC,President/CEO,2024-11-18,10.0,10.0,Executive Director,1.0,0.0,1.0,0.0,0.0,0.0,0.0,0.0,0.0,0.0,1959-06-15,M,,5760.0,0.020790576691636704,0.12013330645364514,0.07144304683900886,9.672387431505461,0.4194365345361994,1.9784100672921234,0.36287579064082853,0.06913539802938286,64.0,0,-0.6637970751564273,-0.2472783908292412,-0.17753790169760764,-0.006433528133942844,0.021768553178682218
A,USD,STD,INDL,C,3674,3/31/25,27965,MICROCHIP TECHNOLOGY INC,MCHP,2024,15374.6,7078.3,5745.5,15374.6,-0.5,4388.3,983.8,538.705,48.41,3674.0,26078.70905,Semiconductors/Hardware,20566.0,20566.0,2024-11-18,61502.0,Steve Sanghi,MICROCHIP TECHNOLOGY INC,Chair/Interim President/CEO,2025-07-02,10.0,10.0,Executive Director,1.0,0.0,0.0,0.0,0.0,0.0,0.0,0.0,1.0,0.0,1956-06-15,M,,6756.0,0.024042480877501386,-3.252117128250491e-05,-0.057101640359304026,9.640472076076128,0.460389213377909,1.3040854703372036,0.43942606636920634,0.06398865661545666,68.0,0,1.328120120919817,-0.19997741649182793,-0.44736292532478544,-0.49441052504565186,-0.4374823779598874
A,USD,STD,INDL,C,3672,9/30/22,28139,SANMINA CORP,SANM,2022,4835.531,1819.536,377.803,4835.531,240.384,7919.622,21.343,57.394,46.08,3672.0,2644.7155199999997,Semiconductors/Hardware,27025.0,27025.0,2020-08-17,83652.0,Jure Sola,SANMINA CORP (Sanmina-SCI Corp prior to 11/2012),Chairman/CEO,2027-01-01,10.0,40.0,Executive Director,1.0,0.0,0.0,0.0,0.0,0.0,0.0,0.0,0.0,0.0,1951-01-02,M,,-3183.653,0.022081382078108846,0.04971201714971944,-0.0073432280962551985,8.483746226055711,0.37628463140862917,0.3739819821209497,-0.6583874656164959,0.004413786200522756,71.0,0,-0.6773650833982051,-0.27530597743840163,-0.18806471044490725,-0.6182375476915621,0.1164894900028803
A,USD,STD,INDL,C,3672,9/30/23,28139,SANMINA CORP,SANM,2023,4873.968,2168.95,372.99,4873.968,309.97,8935.048,26.427,56.833,54.28,3672.0,3084.89524,Semiconductors/Hardware,27025.0,27025.0,2020-08-17,83652.0,Jure Sola,SANMINA CORP (Sanmina-SCI Corp prior to 11/2012),Chairman/CEO,2027-01-01,10.0,40.0,Executive Director,1.0,0.0,0.0,0.0,0.0,0.0,0.0,0.0,0.0,0.0,1951-01-02,M,,-2859.129,0.020310430560092057,0.06359705275044893,0.01490679313581264,8.491663668714276,0.4450070250768983,0.35227451943886134,-0.5866121812863769,0.005422070887621749,72.0,0,-0.6773650833982051,-0.27530597743840163,-0.18806471044490725,-0.6182375476915621,0.1164894900028803
A,USD,STD,INDL,C,3672,9/30/24,28139,SANMINA CORP,SANM,2024,4822.845,2196.618,344.336,4822.845,222.536,7568.328,28.514,53.921,68.45,3672.0,3690.89245,Semiconductors/Hardware,27025.0,27025.0,2020-08-17,83652.0,Jure Sola,SANMINA CORP (Sanmina-SCI Corp prior to 11/2012),Chairman/CEO,2027-01-01,10.0,40.0,Executive Director,1.0,0.0,0.0,0.0,0.0,0.0,0.0,0.0,0.0,0.0,1951-01-02,M,,-2640.731,0.02708941704192256,0.046142059303170634,-0.01092705988485089,8.481119281878899,0.4554610401122159,0.5189493803575471,-0.5475463134311802,0.005912277918946182,73.0,0,-0.6773650833982051,-0.27530597743840163,-0.18806471044490725,-0.6182375476915621,0.1164894900028803
A,USD,STD,INDL,C,3672,9/30/25,28139,SANMINA CORP,SANM,2025,5858.173,2353.906,318.996,5858.173,245.893,8128.382,31.087,53.404,115.11,3672.0,6147.3344400000005,Semiconductors/Hardware,27025.0,27025.0,2020-08-17,83652.0,Jure Sola,SANMINA CORP (Sanmina-SCI Corp prior to 11/2012),Chairman/CEO,2027-01-01,10.0,40.0,Executive Director,1.0,0.0,0.0,0.0,0.0,0.0,0.0,0.0,0.0,0.0,1951-01-02,M,,-2391.959,0.035477311631301515,0.04197434934065621,-0.011332305851521833,8.675593059215181,0.40181571967915597,0.9599424874624883,-0.40831143088468025,0.005306603270337015,74.0,0,-0.6773650833982051,-0.27530597743840163,-0.18806471044490725,-0.6182375476915621,0.1164894900028803
A,USD,STD,INDL,C,3672,8/31/15,28195,JABIL INC,JBL,2015,9603.207,2314.856,1346.558,9603.207,284.019,17899.196,27.645,192.068,19.35,3672.0,3716.5158000000006,Semiconductors/Hardware,17238.0,17238.0,2013-03-01,63117.0,Mark Mondello,JABIL INC (Jabil Circuit Inc prior to 06/2017),CEO,2021-11-01,10.0,10.0,Executive Director,1.0,0.0,0.0,0.0,0.0,0.0,0.0,0.0,0.0,0.0,1964-06-15,M,,1418.056,0.01791881326097215,0.0295754324570948,-0.03607415066111076,9.169852384169474,0.2410503074649958,0.4734391339061414,0.14766483738192876,0.0028787258256538673,51.0,0,-0.6773650833982051,-0.27530597743840163,-0.18806471044490725,-0.6182375476915621,0.1164894900028803
A,USD,STD,INDL,C,3672,8/31/16,28195,JABIL INC,JBL,2016,10322.677,2438.171,2074.012,10322.677,254.095,18353.086,31.954,186.998,21.19,3672.0,3962.48762,Semiconductors/Hardware,17238.0,17238.0,2013-03-01,63117.0,Mark Mondello,JABIL INC (Jabil Circuit Inc prior to 06/2017),CEO,2021-11-01,10.0,10.0,Executive Director,1.0,0.0,0.0,0.0,0.0,0.0,0.0,0.0,0.0,0.0,1964-06-15,M,,1620.943,0.020664596478426233,0.024615223357274476,-0.02537903801582068,9.242098404622197,0.23619561088659463,0.485623846850302,0.157027387372481,0.0030955148553035226,52.0,0,-0.6773650833982051,-0.27530597743840163,-0.18806471044490725,-0.6182375476915621,0.1164894900028803
A,USD,STD,INDL,C,3672,8/31/17,28195,JABIL INC,JBL,2017,11095.995,2353.514,1632.592,11095.995,129.09,19063.121,29.68,177.728,31.35,3672.0,5571.772800000001,Semiconductors/Hardware,17238.0,17238.0,2013-03-01,63117.0,Mark Mondello,JABIL INC (Jabil Circuit Inc prior to 06/2017),CEO,2021-11-01,10.0,10.0,Executive Director,1.0,0.0,0.0,0.0,0.0,0.0,0.0,0.0,0.0,0.0,1964-06-15,M,,1785.513,0.014523595541764061,0.011633927376499358,-0.04600026046015998,9.314339511381732,0.21210481799964762,0.8618037493525494,0.1609150869300139,0.0026748389846967305,53.0,0,-0.6773650833982051,-0.27530597743840163,-0.18806471044490725,-0.6182375476915621,0.1164894900028803
A,USD,STD,INDL,C,3672,8/31/18,28195,JABIL INC,JBL,2018,12045.641,1950.257,2493.502,12045.641,86.33,22095.416,38.531,164.588,29.56,3672.0,4865.22128,Semiconductors/Hardware,17238.0,17238.0,2013-03-01,63117.0,Mark Mondello,JABIL INC (Jabil Circuit Inc prior to 06/2017),CEO,2021-11-01,10.0,10.0,Executive Director,1.0,0.0,0.0,0.0,0.0,0.0,0.0,0.0,0.0,0.0,1964-06-15,M,,1740.698,0.01810715717291605,0.007166907929598765,-0.06955824726231176,9.396458130735525,0.16190562212504922,0.9141510399102172,0.14450854047534706,0.0031987504857566317,54.0,0,-0.6773650833982051,-0.27530597743840163,-0.18806471044490725,-0.6182375476915621,0.1164894900028803
A,USD,STD,INDL,C,3672,8/31/20,28195,JABIL INC,JBL,2020,14397.416,1811.384,3141.07,14397.416,53.912,27266.438,44.143,150.33,34.15,3672.0,5133.7695,Semiconductors/Hardware,17238.0,17238.0,2013-03-01,63117.0,Mark Mondello,JABIL INC (Jabil Circuit Inc prior to 06/2017),CEO,2021-11-01,10.0,10.0,Executive Director,1.0,0.0,0.0,0.0,0.0,0.0,0.0,0.0,0.0,0.0,1964-06-15,M,,2006.754,0.03639293557785494,0.003744560829526632,-0.05616220009538113,9.574804025017567,0.12581313202313527,1.0417489907015967,0.13938292815877515,0.003066036294290587,56.0,0,-0.6773650833982051,-0.27530597743840163,-0.18806471044490725,-0.6182375476915621,0.1164894900028803
A,USD,STD,INDL,C,2836,12/31/25,29127,INCYTE CORP,INCY,2025,6957.973,5167.478,44.707,6957.973,1286.65,5141.242,2050.152,198.46,98.77,2836.0,19601.8942,Biotech,15783.0,15783.0,2025-06-26,895019.0,Bill Meury,INCYTE CORP (Incyte Genomics prior to 03/2003),President/CEO,2026-03-25,10.0,10.0,Executive Director,1.0,0.0,0.0,0.0,0.0,0.0,0.0,0.0,0.0,0.0,1968-06-15,M,,239.231,0.02148149199956496,0.1849173602714469,0.13161070507926886,8.847643475278948,0.7426700276071782,1.333241449237113,0.03438228346100222,0.2946478809273908,57.0,0,-0.6773650833982051,-0.27530597743840163,-0.18806471044490725,-0.6182375476915621,0.1164894900028803
A,USD,STD,INDL,C,3672,8/31/21,28195,JABIL INC,JBL,2021,16654.0,2136.0,3434.0,16654.0,696.0,29285.0,34.0,144.496,61.78,3672.0,8926.962880000001,Semiconductors/Hardware,17238.0,17238.0,2021-11-01,63117.0,Mark Mondello,JABIL INC (Jabil Circuit Inc prior to 06/2017),Chairman/CEO,2023-04-30,10.0,10.0,Executive Director,1.0,0.0,0.0,0.0,0.0,0.0,0.0,0.0,0.0,0.0,1964-06-15,M,,2663.0,0.018591521156673497,0.04179176173892158,-0.024043835442496976,9.720405706795765,0.12825747568151796,1.4301413129187932,0.15990152515912093,0.002041551579200192,57.0,0,-0.6773650833982051,-0.27530597743840163,-0.18806471044490725,-0.6182375476915621,0.1164894900028803
A,USD,STD,INDL,C,3672,8/31/22,28195,JABIL INC,JBL,2022,19717.0,2451.0,3190.0,19717.0,996.0,33478.0,33.0,135.494,60.3,3672.0,8170.2882,Semiconductors/Hardware,17238.0,17238.0,2021-11-01,63117.0,Mark Mondello,JABIL INC (Jabil Circuit Inc prior to 06/2017),Chairman/CEO,2023-04-30,10.0,10.0,Executive Director,1.0,0.0,0.0,0.0,0.0,0.0,0.0,0.0,0.0,0.0,1964-06-15,M,,3596.0,0.02311153743799525,0.05051478419637876,-0.00654046104959588,9.889236486766269,0.1243089719531369,1.2040080791015706,0.18238068671704621,0.0016736826089161637,58.0,0,-0.6773650833982051,-0.27530597743840163,-0.18806471044490725,-0.6182375476915621,0.1164894900028803
A,USD,STD,INDL,C,3672,8/31/23,28195,JABIL INC,JBL,2023,19424.0,2866.0,3356.0,19424.0,818.0,34702.0,34.0,131.294,114.42,3672.0,15022.659480000002,Semiconductors/Hardware,17238.0,17238.0,2023-05-01,1996477.0,Kenny Wilson,JABIL INC (Jabil Circuit Inc prior to 06/2017),CEO,2024-05-18,10.0,10.0,Executive Director,1.0,0.0,1.0,0.0,0.0,0.0,0.0,0.0,0.0,0.0,1965-06-15,M,,4395.0,0.02303142449515723,0.042112850082372325,-0.006577409532263961,9.874264693859224,0.1475494233937397,1.656642363839502,0.2262664744645799,0.0017504118616144975,58.0,0,-0.6637970751564273,-0.2472783908292412,-0.17753790169760764,-0.006433528133942844,0.021768553178682218
A,USD,STD,INDL,C,3672,8/31/24,28195,JABIL INC,JBL,2024,17351.0,1737.0,3399.0,17351.0,1388.0,28883.0,39.0,113.744,109.28,3672.0,12429.94432,Semiconductors/Hardware,17238.0,17238.0,2024-09-03,540451.0,Mike Dastoor,JABIL INC (Jabil Circuit Inc prior to 06/2017),CEO,2027-01-01,10.0,40.0,Executive Director,1.0,0.0,0.0,0.0,0.0,0.0,0.0,0.0,0.0,0.0,1965-10-01,M,,5714.0,0.023676607001258867,0.0799953893147369,0.02292627012671538,9.761405420601672,0.10010950377499855,1.9679489387685023,0.3293181949167195,0.0022477090657598985,59.0,0,-0.6773650833982051,-0.27530597743840163,-0.18806471044490725,-0.6182375476915621,0.1164894900028803
A,USD,STD,INDL,C,3672,8/31/25,28195,JABIL INC,JBL,2025,18543.0,1513.0,2940.0,18543.0,657.0,29802.0,26.0,107.481,204.83,3672.0,22015.33323,Semiconductors/Hardware,17238.0,17238.0,2024-09-03,540451.0,Mike Dastoor,JABIL INC (Jabil Circuit Inc prior to 06/2017),CEO,2027-01-01,10.0,40.0,Executive Director,1.0,0.0,0.0,0.0,0.0,0.0,0.0,0.0,0.0,0.0,1965-10-01,M,,6365.0,0.025366428359556218,0.035431160006471445,-0.0178754951857066,9.827847638327382,0.08159413255675996,2.677644740784785,0.34325621528339534,0.0014021463625087634,60.0,0,-0.6773650833982051,-0.27530597743840163,-0.18806471044490725,-0.6182375476915621,0.1164894900028803
A,USD,STD,INDL,C,2836,12/31/16,29127,INCYTE CORP,INCY,2016,1638.597,419.467,651.481,1638.597,104.222,1105.719,581.861,188.849,100.27,2836.0,18935.889229999997,Biotech,15783.0,15783.0,2015-05-22,1249099.0,Hervé Hoppenot,INCYTE CORP (Incyte Genomics prior to 03/2003),Chairman/President/CEO,2023-06-05,10.0,10.0,Executive Director,0.0,0.0,0.0,0.0,0.0,0.0,0.0,0.0,0.0,0.0,1959-06-15,M,,-1677.651,0.029486371164470514,0.06360441279948639,0.013610151426391236,7.401595666874841,0.2559915586321713,3.809829443736915,-1.0238338041629516,0.3550970738991955,57.0,0,-0.6720449074444793,-0.23674111240146314,-0.1428900246012513,-0.648546397838306,-0.5106751006852247
A,USD,STD,INDL,C,2836,12/31/17,29127,INCYTE CORP,INCY,2017,2302.582,1630.629,16.608,2302.582,-313.142,1536.216,1326.361,211.263,94.71,2836.0,20008.71873,Biotech,15783.0,15783.0,2015-05-22,1249099.0,Hervé Hoppenot,INCYTE CORP (Incyte Genomics prior to 03/2003),Chairman/President/CEO,2023-06-05,10.0,10.0,Executive Director,0.0,0.0,0.0,0.0,0.0,0.0,0.0,0.0,0.0,0.0,1959-06-15,M,,-1997.015,0.02397020339992053,-0.13599602533156258,-0.19363021316822193,7.741786380958944,0.7081741280006532,2.50720228510829,-0.8672937597879251,0.5760320370783756,58.0,0,-0.6720449074444793,-0.23674111240146314,-0.1428900246012513,-0.648546397838306,-0.5106751006852247
A,USD,STD,INDL,C,2836,12/31/18,29127,INCYTE CORP,INCY,2018,2645.762,1925.967,17.434,2645.762,109.493,1881.883,1197.957,213.275,63.59,2836.0,13562.15725,Biotech,15783.0,15783.0,2015-05-22,1249099.0,Hervé Hoppenot,INCYTE CORP (Incyte Genomics prior to 03/2003),Chairman/President/CEO,2023-06-05,10.0,10.0,Executive Director,0.0,0.0,0.0,0.0,0.0,0.0,0.0,0.0,0.0,0.0,1959-06-15,M,,-1887.924,0.026911907874737497,0.0413842968490741,-0.03534085834283642,7.8807143935394715,0.7279441612662061,1.9518551798191783,-0.7135653169105913,0.45278335693081995,59.0,0,-0.6720449074444793,-0.23674111240146314,-0.1428900246012513,-0.648546397838306,-0.5106751006852247
A,USD,STD,INDL,C,2836,12/31/19,29127,INCYTE CORP,INCY,2019,3426.75,2598.406,43.772,3426.75,446.906,2158.759,1154.111,216.178,87.32,2836.0,18876.66296,Biotech,15783.0,15783.0,2015-05-22,1249099.0,Hervé Hoppenot,INCYTE CORP (Incyte Genomics prior to 03/2003),Chairman/President/CEO,2023-06-05,10.0,10.0,Executive Director,0.0,0.0,0.0,0.0,0.0,0.0,0.0,0.0,0.0,0.0,1959-06-15,M,,-1446.3,0.01972292656419489,0.1304168672940833,0.050217660234118305,8.13936756911149,0.7582712482673086,1.9830282149993765,-0.4220617202889035,0.3367946304807763,60.0,0,-0.6720449074444793,-0.23674111240146314,-0.1428900246012513,-0.648546397838306,-0.5106751006852247
A,USD,STD,INDL,C,2836,12/31/20,29127,INCYTE CORP,INCY,2020,3560.918,2611.268,46.761,3560.918,-295.697,2666.702,2215.942,219.489,86.98,2836.0,19091.15322,Biotech,15783.0,15783.0,2015-05-22,1249099.0,Hervé Hoppenot,INCYTE CORP (Incyte Genomics prior to 03/2003),Chairman/President/CEO,2023-06-05,10.0,10.0,Executive Director,0.0,0.0,0.0,0.0,0.0,0.0,0.0,0.0,0.0,0.0,1959-06-15,M,,-1741.815,0.026820946760760463,-0.08303954205067345,-0.1429463029755812,8.177773655773107,0.7333131512716664,1.9893891184363826,-0.48914774223950114,0.6222951497338608,61.0,0,-0.6720449074444793,-0.23674111240146314,-0.1428900246012513,-0.648546397838306,-0.5106751006852247
A,USD,STD,INDL,C,2836,12/31/21,29127,INCYTE CORP,INCY,2021,4933.352,3770.004,47.24,4933.352,948.581,2986.267,1458.179,221.084,73.4,2836.0,16227.565600000002,Biotech,15783.0,15783.0,2015-05-22,1249099.0,Hervé Hoppenot,INCYTE CORP (Incyte Genomics prior to 03/2003),Chairman/President/CEO,2023-06-05,10.0,10.0,Executive Director,0.0,0.0,0.0,0.0,0.0,0.0,0.0,0.0,0.0,0.0,1959-06-15,M,,-797.328,0.01942538537150264,0.19227920488949501,0.12644360770807644,8.503773954860723,0.7641871084812112,1.4596353139704146,-0.16161992900567404,0.29557570592976135,62.0,0,-0.6720449074444793,-0.23674111240146314,-0.1428900246012513,-0.648546397838306,-0.5106751006852247
A,USD,STD,INDL,C,2836,12/31/22,29127,INCYTE CORP,INCY,2022,5840.984,4370.119,44.192,5840.984,340.66,3394.635,1585.936,222.747,80.32,2836.0,17891.03904,Biotech,15783.0,15783.0,2015-05-22,1249099.0,Hervé Hoppenot,INCYTE CORP (Incyte Genomics prior to 03/2003),Chairman/President/CEO,2023-06-05,10.0,10.0,Executive Director,0.0,0.0,0.0,0.0,0.0,0.0,0.0,0.0,0.0,0.0,1959-06-15,M,,-422.145,0.016728058945943616,0.05832236486181096,0.0012671196158363165,8.672654554779582,0.7481819844053672,1.4095097353500181,-0.07227292524684197,0.2715186345314419,63.0,0,-0.6720449074444793,-0.23674111240146314,-0.1428900246012513,-0.648546397838306,-0.5106751006852247
A,USD,STD,INDL,C,2836,12/31/23,29127,INCYTE CORP,INCY,2023,6782.107,5189.837,43.446,6782.107,597.599,3695.649,1627.594,224.287,62.79,2836.0,14082.98073,Biotech,15783.0,15783.0,2023-06-05,1249099.0,Hervé Hoppenot,INCYTE CORP (Incyte Genomics prior to 03/2003),Chairman/CEO,2025-06-26,10.0,10.0,Executive Director,0.0,0.0,0.0,0.0,0.0,0.0,0.0,0.0,0.0,0.0,1959-06-15,M,,173.491,0.015449930072544728,0.08811406248825034,0.03942380287361405,8.822043099618043,0.7652248777555413,0.9982647377650257,0.02558069343347134,0.23998353314095458,64.0,0,-0.6720449074444793,-0.23674111240146314,-0.1428900246012513,-0.648546397838306,-0.5106751006852247
A,USD,STD,INDL,C,2836,12/31/24,29127,INCYTE CORP,INCY,2024,5444.322,3447.628,50.335,5444.322,32.615,4241.217,2606.848,193.434,69.07,2836.0,13360.486379999998,Biotech,15783.0,15783.0,2023-06-05,1249099.0,Hervé Hoppenot,INCYTE CORP (Incyte Genomics prior to 03/2003),Chairman/CEO,2025-06-26,10.0,10.0,Executive Director,0.0,0.0,0.0,0.0,0.0,0.0,0.0,0.0,0.0,0.0,1959-06-15,M,,-1086.002,0.01899790195164077,0.005990644932463584,-0.05107847425555794,8.602328509707727,0.6332520376274585,1.354615114784492,-0.1994742412370172,0.4788195848812763,65.0,0,-0.6720449074444793,-0.23674111240146314,-0.1428900246012513,-0.648546397838306,-0.5106751006852247
A,USD,STD,INDL,C,3674,8/31/21,31494,PENGUIN SOLUTIONS INC,PENG,2021,1344.798,310.251,372.903,1344.798,21.31,1501.142,49.274,24.368,48.46,3674.0,1180.87328,Semiconductors/Hardware,2660935.0,2660935.0,2020-09-30,540099.0,Mark Adams,PENGUIN SOLUTIONS INC (SMART Global Holdings Inc prior to 10/2024),President/CEO,2026-02-01,10.0,10.0,Executive Director,1.0,0.0,1.0,1.0,0.0,0.0,0.0,0.0,0.0,0.0,1963-06-15,M,,-36.828,,0.015846246053310607,-0.04998935112810795,7.203999094883306,0.23070453703827637,1.3366278642545726,-0.027385525558485366,0.036640447115477565,58.0,0,-0.5986162497683529,-0.13342965404338525,-0.11640577451831292,1.683520041240194,0.08550762578148682
A,USD,STD,INDL,C,3674,8/31/23,31494,PENGUIN SOLUTIONS INC,PENG,2023,1505.958,222.475,821.227,1505.958,-187.526,1441.25,90.565,51.901,25.83,3674.0,1340.60283,Semiconductors/Hardware,2660935.0,2660935.0,2020-09-30,540099.0,Mark Adams,PENGUIN SOLUTIONS INC (SMART Global Holdings Inc prior to 10/2024),President/CEO,2026-02-01,10.0,10.0,Executive Director,1.0,0.0,1.0,1.0,0.0,0.0,0.0,0.0,0.0,0.0,1963-06-15,M,,-123.507,,-0.1245227290535327,-0.17321298866816898,7.317184519524734,0.14772988356913008,1.7960599291737802,-0.08201224735351186,0.06013779932773689,60.0,0,-0.5986162497683529,-0.13342965404338525,-0.11640577451831292,1.683520041240194,0.08550762578148682
A,USD,STD,INDL,C,3674,8/31/24,31494,PENGUIN SOLUTIONS INC,PENG,2024,1474.506,391.381,717.889,1474.506,-52.472,1170.796,81.537,53.277,20.72,3674.0,1103.89944,Semiconductors/Hardware,2660935.0,2660935.0,2020-09-30,540099.0,Mark Adams,PENGUIN SOLUTIONS INC (SMART Global Holdings Inc prior to 10/2024),President/CEO,2026-02-01,10.0,10.0,Executive Director,1.0,0.0,1.0,1.0,0.0,0.0,0.0,0.0,0.0,0.0,1963-06-15,M,,29.995,0.04250162040697657,-0.03558615563449725,-0.09265527482251877,7.296078297423044,0.26543194805582343,1.0369226256374777,0.020342406202484085,0.05529784212475229,61.0,0,-0.5986162497683529,-0.13342965404338525,-0.11640577451831292,1.683520041240194,0.08550762578148682
A,USD,STD,INDL,C,2834,12/31/25,37851,HIMS & HERS HEALTH INC,HIMS,2025,2154.705,540.928,1115.747,2154.705,128.365,2347.637,0.0,227.246,32.47,2834.0,7378.67762,Biotech,3059049.0,3059049.0,2021-01-20,2118690.0,Andrew Dudum,HIMS & HERS HEALTH INC (Oaktree Acquisition Corp prior to 01/2021),Chairman/CEO,2027-01-01,10.0,40.0,Executive Director,1.0,1.0,0.0,0.0,0.0,0.0,0.0,0.0,0.0,0.0,1989-06-15,M,,-111.478,0.0660657330825632,0.05957428046994833,0.006267625277770285,7.67540910221615,0.251045038647982,2.613063534143772,-0.05173701272331943,0.0,36.0,0,-0.6916225293945008,-0.23947369343537842,-0.222008608786628,-0.5665355396382482,0.9038237180669413
A,USD,STD,INDL,C,7372,12/31/24,36898,UNITY SOFTWARE INC,U,2024,6737.407,3190.671,2320.015,6737.407,-664.114,1813.255,924.83,409.393,22.47,7372.0,9199.06071,Software,3081537.0,3081537.0,2024-05-15,1758691.0,Matt Bromberg,UNITY SOFTWARE INC (UNITY TECHNOLOGIES),President/CEO,2027-01-01,10.0,40.0,Executive Director,1.0,1.0,0.0,0.0,0.0,0.0,0.0,0.0,0.0,0.0,1966-12-01,M,,-3745.369,0.03555134022856555,-0.09857115652950757,-0.1556402757175291,8.815430411782469,0.4735755165154784,1.0588701425986695,-0.5559065973007122,0.13726794299349884,58.0,0,-0.6916225293945008,-0.23947369343537842,-0.222008608786628,-0.5665355396382482,0.9038237180669413
A,USD,STD,INDL,C,7372,12/31/25,36898,UNITY SOFTWARE INC,U,2025,6837.606,3237.432,1739.86,6837.606,-402.765,1849.648,929.516,432.86,44.17,7372.0,19119.4262,Software,3081537.0,3081537.0,2024-05-15,1758691.0,Matt Bromberg,UNITY SOFTWARE INC (UNITY TECHNOLOGIES),President/CEO,2027-01-01,10.0,40.0,Executive Director,1.0,1.0,0.0,0.0,0.0,0.0,0.0,0.0,0.0,0.0,1966-12-01,M,,-4140.865,0.04732019061076129,-0.058904388465787584,-0.11221104365796564,8.8301929493523,0.47347448800062475,1.7759244737686133,-0.6056015804361936,0.13594173165286214,59.0,0,-0.6916225293945008,-0.23947369343537842,-0.222008608786628,-0.5665355396382482,0.9038237180669413
A,USD,STD,INDL,C,2834,12/31/20,36474,ROYALTY PHARMA PLC,RPRX,2020,16020.286,4818.716,5816.584,16020.286,975.04,2122.353,26.289,388.135,50.05,2834.0,19426.15675,Biotech,3201625.0,3201625.0,2020-06-16,1093467.0,Pablo Legorreta Creel,ROYALTY PHARMA PLC,Chairman/CEO,2027-01-01,10.0,40.0,Executive Director,1.0,0.0,0.0,0.0,0.0,0.0,0.0,0.0,0.0,0.0,1963-06-15,M,,1952.713,0.02557139228104324,0.060862833534931896,0.0009560726100241376,9.681611073147138,0.30078838792266255,1.394112941497371,0.12189002118938451,0.0016409819400227937,57.0,0,-0.6773650833982051,-0.27530597743840163,-0.18806471044490725,-0.6182375476915621,0.1164894900028803
A,USD,STD,INDL,C,2834,12/31/21,36474,ROYALTY PHARMA PLC,RPRX,2021,17515.865,5776.531,7096.07,17515.865,619.728,2289.463,200.084,432.963,39.85,2834.0,17253.57555,Biotech,3201625.0,3201625.0,2020-06-16,1093467.0,Pablo Legorreta Creel,ROYALTY PHARMA PLC,Chairman/CEO,2027-01-01,10.0,40.0,Executive Director,1.0,0.0,0.0,0.0,0.0,0.0,0.0,0.0,0.0,0.0,1963-06-15,M,,2268.955,0.020081052593792184,0.03538095321013263,-0.030454643971285923,9.770862320652492,0.3297885088746687,1.0942160707610782,0.12953713676144454,0.01142301564895596,58.0,0,-0.6773650833982051,-0.27530597743840163,-0.18806471044490725,-0.6182375476915621,0.1164894900028803
A,USD,STD,INDL,C,2834,12/31/22,36474,ROYALTY PHARMA PLC,RPRX,2022,16813.466,5628.087,6118.81,16813.466,42.832,2237.215,177.106,443.166,39.52,2834.0,17513.92032,Biotech,3201625.0,3201625.0,2020-06-16,1093467.0,Pablo Legorreta Creel,ROYALTY PHARMA PLC,Chairman/CEO,2027-01-01,10.0,40.0,Executive Director,1.0,0.0,0.0,0.0,0.0,0.0,0.0,0.0,0.0,0.0,1963-06-15,M,,1961.883,0.015148398325856785,0.0025474818814871366,-0.0545077633644875,9.72993539194266,0.3347368710294475,1.135226414031592,0.11668522123873805,0.010533580643039334,59.0,0,-0.6773650833982051,-0.27530597743840163,-0.18806471044490725,-0.6182375476915621,0.1164894900028803
A,USD,STD,INDL,C,2834,12/31/23,36474,ROYALTY PHARMA PLC,RPRX,2023,16381.851,6526.434,6135.285,16381.851,1134.834,2354.554,52.0,446.692,28.09,2834.0,12547.57828,Biotech,3201625.0,3201625.0,2020-06-16,1093467.0,Pablo Legorreta Creel,ROYALTY PHARMA PLC,Chairman/CEO,2027-01-01,10.0,40.0,Executive Director,1.0,0.0,0.0,0.0,0.0,0.0,0.0,0.0,0.0,0.0,1963-06-15,M,,2514.954,0.013847142785458793,0.06927385678211821,0.020583597167481926,9.70392935468563,0.3983941741381972,0.6536669820426723,0.15352074683135625,0.0031742444733504167,60.0,0,-0.6773650833982051,-0.27530597743840163,-0.18806471044490725,-0.6182375476915621,0.1164894900028803
A,USD,STD,INDL,C,2834,12/31/24,36474,ROYALTY PHARMA PLC,RPRX,2024,18222.715,6946.518,6614.653,18222.715,858.983,2263.576,2.0,445.985,25.51,2834.0,11377.07735,Biotech,3201625.0,3201625.0,2020-06-16,1093467.0,Pablo Legorreta Creel,ROYALTY PHARMA PLC,Chairman/CEO,2027-01-01,10.0,40.0,Executive Director,1.0,0.0,0.0,0.0,0.0,0.0,0.0,0.0,0.0,0.0,1963-06-15,M,,2842.991,0.013701006253010488,0.04713803623664201,-0.00993108295137951,9.810424171787396,0.3812010449595464,0.4933600455026563,0.15601357975471822,0.00010975312954189318,61.0,0,-0.6773650833982051,-0.27530597743840163,-0.18806471044490725,-0.6182375476915621,0.1164894900028803
A,USD,STD,INDL,C,2834,12/31/25,36474,ROYALTY PHARMA PLC,RPRX,2025,19620.78,6476.837,8587.017,19620.78,770.947,2378.193,452.0,428.669,38.64,2834.0,16563.77016,Biotech,3201625.0,3201625.0,2020-06-16,1093467.0,Pablo Legorreta Creel,ROYALTY PHARMA PLC,Chairman/CEO,2027-01-01,10.0,40.0,Executive Director,1.0,0.0,0.0,0.0,0.0,0.0,0.0,0.0,0.0,0.0,1963-06-15,M,,2353.706,0.016291855257944052,0.039292372678354275,-0.014014282513823771,9.884344487680814,0.3301008930327949,0.9389855157994464,0.11995985888430533,0.02303680077958165,62.0,0,-0.6773650833982051,-0.27530597743840163,-0.18806471044490725,-0.6182375476915621,0.1164894900028803
A,USD,STD,INDL,C,2836,12/31/25,36482,LEGEND BIOTEC COR -ADR,LEGN,2025,1733.7,1002.1,87.2,1733.7,-296.8,1028.9,414.7,184.943,21.74,,4020.66082,Biotech,3198908.0,3198908.0,2022-05-09,2310470.0,Doctor Huang Ying,LEGEND BIOTECH CORP,CEO,2027-01-01,10.0,40.0,Executive Director,0.0,0.0,0.0,0.0,1.0,1.0,0.0,0.0,0.0,0.0,1972-06-15,M,,-1836.3,0.029356540316380842,-0.1711945549979812,-0.22450121019015923,7.458013131991842,0.5780123435427121,1.389348474123942,-1.0591797888908114,0.23919940012689622,53.0,0,-1.178883037046023,-0.4731201477232719,4.278575830520148,-0.4997071970510451,-1.322420741769363
A,USD,STD,INDL,C,3674,3/31/24,37309,ALLEGRO MICROSYSTEMS INC,ALGM,2023,1530.603,1130.435,266.015,1530.603,152.697,1049.367,176.638,191.754,26.96,3674.0,5169.68784,Semiconductors/Hardware,3291073.0,3291073.0,2022-06-13,1754265.0,Vineet Nargolwala,ALLEGRO MICROSYSTEMS INC,President/CEO,2025-02-23,10.0,10.0,Executive Director,1.0,0.0,1.0,1.0,0.0,0.0,0.0,0.0,1.0,0.0,1972-07-01,M,,289.531,0.026561491979907665,0.0997626425663611,0.05107238295172481,7.33341705438958,0.738555327540845,1.5202097931871883,0.18916139586816438,0.1154041903746432,51.0,0,1.4068689545496689,-0.058101093096811544,-0.3757039893981911,1.8073470638861047,-0.46846424218128085
I,USD,STD,INDL,C,7372,12/31/20,37180,MCAFEE CORP,MCFE,2020,5428.0,-6640.0,4021.0,5428.0,-118.0,2906.0,475.0,161.268,16.69,7372.0,2691.5629200000003,Software,3286846.0,3286846.0,2020-10-22,833256.0,Peter Leav,MCAFEE CORP (De-listed 03/2022),President/CEO,2022-03-01,10.0,10.0,Executive Director,1.0,0.0,0.0,0.0,0.0,0.0,0.0,0.0,0.0,0.0,1971-06-15,M,,-163.0,0.031467400183330566,-0.021739130434782608,-0.08164589135969036,8.59932602095476,-1.223286661753869,,-0.030029476787030215,0.08750921149594694,49.0,0,-0.6773650833982051,-0.27530597743840163,-0.18806471044490725,-0.6182375476915621,0.1164894900028803
I,USD,STD,INDL,C,7372,12/31/21,37180,MCAFEE CORP,MCFE,2021,3422.0,-8239.0,2895.0,3422.0,849.0,1920.0,184.0,186.137,25.79,7372.0,4800.47323,Software,3286846.0,3286846.0,2020-10-22,833256.0,Peter Leav,MCAFEE CORP (De-listed 03/2022),President/CEO,2022-03-01,10.0,10.0,Executive Director,1.0,0.0,0.0,0.0,0.0,0.0,0.0,0.0,0.0,0.0,1971-06-15,M,,22.0,0.029151080948480377,0.24810052600818236,0.18226492882676382,8.137980454452139,-2.407656341320865,,0.006428988895382817,0.05376972530683811,50.0,0,-0.6773650833982051,-0.27530597743840163,-0.18806471044490725,-0.6182375476915621,0.1164894900028803
A,USD,STD,INDL,C,7372,12/31/21,37188,CLARITEV CORP,CTEV,2021,8220.407,2344.67,4905.869,8220.407,102.08,1117.602,0.0,638.339,4.43,7372.0,2827.84177,Software,3165150.0,3165150.0,2021-08-03,1310248.0,Mark Tabak,CLARITEV CORP (MultiPlan Corp prior to 02/2025),Chairman/CEO,2022-01-31,10.0,10.0,Executive Director,0.0,0.0,0.0,0.0,0.0,0.0,0.0,0.0,0.0,0.0,1949-06-15,M,,225.112,,0.012417876633115612,-0.05341772054830295,9.014375000206474,0.285225536886434,0.18736912821787313,0.027384532177056442,0.0,72.0,0,-0.6720449074444793,-0.23674111240146314,-0.1428900246012513,-0.648546397838306,-0.5106751006852247
A,USD,STD,INDL,C,2834,12/31/24,37851,HIMS & HERS HEALTH INC,HIMS,2024,707.539,476.716,9.456,707.539,126.038,1476.514,0.0,220.837,24.18,2834.0,5339.838659999999,Biotech,3059049.0,3059049.0,2021-01-20,2118690.0,Andrew Dudum,HIMS & HERS HEALTH INC (Oaktree Acquisition Corp prior to 01/2021),Chairman/CEO,2027-01-01,10.0,40.0,Executive Director,1.0,1.0,0.0,0.0,0.0,0.0,0.0,0.0,0.0,0.0,1989-06-15,M,,-242.461,0.05794319338561156,0.17813576354094968,0.12106664435292816,6.5617927516730505,0.6737663930892855,2.4160297922807117,-0.3426821701701249,0.0,35.0,0,-0.6916225293945008,-0.23947369343537842,-0.222008608786628,-0.5665355396382482,0.9038237180669413
A,USD,STD,INDL,C,7372,12/31/21,38212,APPLOVIN CORP,APP,2021,6163.579,2138.09,3288.417,6163.579,35.446,2793.104,366.402,375.089,94.26,7372.0,35355.88914,Software,3382543.0,3382543.0,2021-04-15,1275602.0,Adam Foroughi,APPLOVIN CORP,Chairman/CEO,2026-04-07,10.0,10.0,Executive Director,1.0,1.0,0.0,0.0,0.0,0.0,0.0,0.0,0.0,0.0,1981-06-15,M,,-1022.408,0.04104997788082481,0.005750879480899003,-0.060084717700519555,8.726412894302147,0.34689098655180706,2.8055520665249483,-0.16587894792944166,0.05944630546635323,40.0,0,-0.6916225293945008,-0.23947369343537842,-0.222008608786628,-0.5665355396382482,0.9038237180669413
A,USD,STD,INDL,C,3674,8/31/25,31494,PENGUIN SOLUTIONS INC,PENG,2025,1617.2,394.246,504.629,1617.2,25.391,1368.794,79.801,52.738,24.13,3674.0,1272.56794,Semiconductors/Hardware,2660935.0,2660935.0,2020-09-30,540099.0,Mark Adams,PENGUIN SOLUTIONS INC (SMART Global Holdings Inc prior to 10/2024),President/CEO,2026-02-01,10.0,10.0,Executive Director,1.0,0.0,1.0,1.0,0.0,0.0,0.0,0.0,0.0,0.0,1963-06-15,M,,46.727,0.03298562515054024,0.01570059361860005,-0.037606061573578,7.388451537766616,0.24378308186989858,1.1718170580169687,0.028893767004699478,0.04934516448182043,62.0,0,-0.5986162497683529,-0.13342965404338525,-0.11640577451831292,1.683520041240194,0.08550762578148682
A,USD,STD,INDL,C,7372,12/31/22,38212,APPLOVIN CORP,APP,2022,5847.846,1902.677,3286.401,5847.846,-192.746,3026.693,507.607,373.874,10.53,7372.0,3936.89322,Software,3382543.0,3382543.0,2021-04-15,1275602.0,Adam Foroughi,APPLOVIN CORP,Chairman/CEO,2026-04-07,10.0,10.0,Executive Director,1.0,1.0,0.0,0.0,0.0,0.0,0.0,0.0,0.0,0.0,1981-06-15,M,,-1253.082,0.05541982416913997,-0.03296017029176213,-0.09001541553773677,8.673828667293545,0.3253637322186665,0.7271300475137392,-0.21428095062694882,0.08680238843498958,41.0,0,-0.6916225293945008,-0.23947369343537842,-0.222008608786628,-0.5665355396382482,0.9038237180669413
A,USD,STD,INDL,C,7372,12/31/23,38212,APPLOVIN CORP,APP,2023,5359.187,1256.329,3092.985,5359.187,356.711,3283.087,592.386,339.887,39.85,7372.0,13544.49695,Software,3382543.0,3382543.0,2021-04-15,1275602.0,Adam Foroughi,APPLOVIN CORP,Chairman/CEO,2026-04-07,10.0,10.0,Executive Director,1.0,1.0,0.0,0.0,0.0,0.0,0.0,0.0,0.0,0.0,1981-06-15,M,,-878.263,0.04168842617981995,0.06656065556212165,0.017870395947485365,8.586567563455931,0.23442529622496844,2.3777863592614654,-0.1638798944690678,0.1105365422031364,42.0,0,-0.6916225293945008,-0.23947369343537842,-0.222008608786628,-0.5665355396382482,0.9038237180669413
A,USD,STD,INDL,C,7372,12/31/24,38212,APPLOVIN CORP,APP,2024,5869.259,1089.818,3675.484,5869.259,1579.776,4709.248,638.689,340.042,323.83,7372.0,110115.80086,Software,3382543.0,3382543.0,2021-04-15,1275602.0,Adam Foroughi,APPLOVIN CORP,Chairman/CEO,2026-04-07,10.0,10.0,Executive Director,1.0,1.0,0.0,0.0,0.0,0.0,0.0,0.0,0.0,0.0,1981-06-15,M,,496.108,0.04940464196723834,0.2691610644546441,0.2120919452666226,8.677483669760125,0.1856823834150103,4.615521837323799,0.08452651348321824,0.10881935862772454,43.0,0,-0.6916225293945008,-0.23947369343537842,-0.222008608786628,-0.5665355396382482,0.9038237180669413
A,USD,STD,INDL,C,7372,12/31/25,38212,APPLOVIN CORP,APP,2025,7259.61,2134.671,3635.97,7259.61,3333.751,5480.717,226.51,338.313,673.82,7372.0,227962.06566,Software,3382543.0,3382543.0,2021-04-15,1275602.0,Adam Foroughi,APPLOVIN CORP,Chairman/CEO,2026-04-07,10.0,10.0,Executive Director,1.0,1.0,0.0,0.0,0.0,0.0,0.0,0.0,0.0,0.0,1981-06-15,M,,1688.11,0.049645378714433606,0.4592190214074861,0.4059123662153081,8.89008138736766,0.29404761412803165,4.670866699982201,0.2325345300918369,0.03120140062620444,44.0,0,-0.6916225293945008,-0.23947369343537842,-0.222008608786628,-0.5665355396382482,0.9038237180669413
A,USD,STD,INDL,C,7372,1/31/23,38646,UIPATH INC,PATH,2022,2735.206,1920.158,56.442,2735.206,-328.352,1058.581,285.75,556.613,15.36,7372.0,8549.57568,Software,3384931.0,3384931.0,2022-05-16,1996885.0,Daniel Dines,UIPATH INC,Chair/Co-CEO,2024-01-31,10.0,10.0,Executive Director,0.0,0.0,0.0,0.0,0.0,0.0,0.0,0.0,0.0,0.0,1972-01-01,M,,-1485.047,0.05180039389155937,-0.12004653397221268,-0.17710177921818732,7.913962031946552,0.7020158627905905,1.4934741793263966,-0.5429378993757691,0.10447110747782799,50.0,0,-0.6720449074444793,-0.23674111240146314,-0.1428900246012513,-0.648546397838306,-0.5106751006852247
A,USD,STD,INDL,C,7372,1/31/24,38646,UIPATH INC,PATH,2023,2954.758,2016.114,58.713,2954.758,-89.883,1308.072,332.101,569.273,22.98,7372.0,13081.89354,Software,3384931.0,3384931.0,2022-05-16,1996885.0,Daniel Dines,UIPATH INC,Chair/Co-CEO,2024-01-31,10.0,10.0,Executive Director,0.0,0.0,0.0,0.0,0.0,0.0,0.0,0.0,0.0,0.0,1972-01-01,M,,-1816.686,0.040060061161112985,-0.030419750111515056,-0.07911000972615134,7.99117203139355,0.682327960530101,1.8700572053770907,-0.6148341082416902,0.11239532983750278,51.0,0,-0.6720449074444793,-0.23674111240146314,-0.1428900246012513,-0.648546397838306,-0.5106751006852247
A,USD,STD,INDL,C,7372,1/31/25,38646,UIPATH INC,PATH,2024,2865.27,1845.762,74.23,2865.27,-73.694,1429.664,380.682,553.512,14.22,7372.0,7870.94064,Software,3384931.0,3384931.0,2024-06-01,1996885.0,Daniel Dines,UIPATH INC,Chairman/CEO,2027-01-01,10.0,40.0,Executive Director,0.0,0.0,0.0,0.0,0.0,0.0,0.0,0.0,0.0,0.0,1972-01-01,M,,-1905.356,0.03327676167230451,-0.025719740199003933,-0.08278885938702546,7.960417865546147,0.6441843177082788,1.4502853771652493,-0.6649830556980668,0.13286077751834907,52.0,0,-0.6720449074444793,-0.23674111240146314,-0.1428900246012513,-0.648546397838306,-0.5106751006852247
A,USD,STD,INDL,C,2834,12/31/21,38821,ORGANON & CO,OGN,2021,10681.0,-1508.0,9309.0,10681.0,1351.0,6304.0,443.0,253.55,30.45,2834.0,7720.5975,Biotech,1562505.0,1562505.0,2021-02-10,2413290.0,Paddy Nicol,OROGEN ROYALTIES INC (Evrim Resources Corp prior to 08/2020),President/CEO,2027-01-01,10.0,40.0,Executive Director,1.0,0.0,1.0,0.0,0.0,0.0,0.0,0.0,0.0,0.0,1900-01-01,M,,-1511.0,0.02509498912843288,0.1264862840558,0.06065068687438145,9.276221741089696,-0.14118528227694035,,-0.14146615485441438,0.04147551727366351,121.0,0,-0.6637970751564273,-0.2472783908292412,-0.17753790169760764,-0.006433528133942844,0.021768553178682218
A,USD,STD,INDL,C,2834,12/31/22,38821,ORGANON & CO,OGN,2022,10955.0,-892.0,9055.0,10955.0,917.0,6174.0,578.0,254.37,27.93,2834.0,7104.5541,Biotech,1562505.0,1562505.0,2021-02-10,2413290.0,Paddy Nicol,OROGEN ROYALTIES INC (Evrim Resources Corp prior to 08/2020),President/CEO,2027-01-01,10.0,40.0,Executive Director,1.0,0.0,1.0,0.0,0.0,0.0,0.0,0.0,0.0,0.0,1900-01-01,M,,-895.0,0.020080957142307024,0.08370607028753993,0.02665082504156529,9.301551252029567,-0.08142400730260155,,-0.08169785486079416,0.052761296211775444,122.0,0,-0.6637970751564273,-0.2472783908292412,-0.17753790169760764,-0.006433528133942844,0.021768553178682218
A,USD,STD,INDL,C,2834,12/31/23,38821,ORGANON & CO,OGN,2023,12058.0,-70.0,8876.0,12058.0,1023.0,6263.0,536.0,255.626,14.42,2834.0,3686.12692,Biotech,1562505.0,1562505.0,2021-02-10,2413290.0,Paddy Nicol,OROGEN ROYALTIES INC (Evrim Resources Corp prior to 08/2020),President/CEO,2027-01-01,10.0,40.0,Executive Director,1.0,0.0,1.0,0.0,0.0,0.0,0.0,0.0,0.0,0.0,1900-01-01,M,,-98.0,0.02445841186631038,0.08483994028860507,0.03614968067396879,9.397483619049352,-0.005805274506551667,,-0.008127384309172333,0.04445181622159562,123.0,0,-0.6637970751564273,-0.2472783908292412,-0.17753790169760764,-0.006433528133942844,0.021768553178682218
A,USD,STD,INDL,C,7372,12/31/23,36898,UNITY SOFTWARE INC,U,2023,7243.441,3182.642,2823.419,7243.441,-822.011,2187.317,1053.588,384.872,40.89,7372.0,15737.41608,Software,3081537.0,3081537.0,2023-10-09,333755.0,Jim Whitehurst,UNITY SOFTWARE INC (UNITY TECHNOLOGIES),President/Interim CEO,2024-05-15,10.0,10.0,Executive Director,1.0,1.0,1.0,1.0,0.0,0.0,0.0,0.0,0.0,0.0,1967-01-01,M,,-3076.839,0.0447296514420034,-0.11348349493010297,-0.16217375454473926,8.887851648714875,0.4393826083487116,1.5983293974059096,-0.4247758765481765,0.14545407355426793,56.0,0,-0.6128736957646483,-0.09759737004036201,-0.15034967286003378,1.735222049293508,0.872841853845548
A,USD,STD,INDL,C,7372,12/31/22,36898,UNITY SOFTWARE INC,U,2022,7833.985,3528.268,2814.947,7833.985,-921.062,1391.024,959.491,374.243,28.59,7372.0,10699.60737,Software,3081537.0,3081537.0,2020-09-18,47756.0,John Riccitiello,UNITY SOFTWARE INC (UNITY TECHNOLOGIES),Chairman (Executive)/President/CEO,2023-10-09,10.0,10.0,Executive Director,1.0,1.0,0.0,0.0,0.0,0.0,0.0,0.0,0.0,0.0,1960-06-15,M,,-2251.51,0.06641590069436362,-0.11757260193885999,-0.17462784718483462,8.966226599493282,0.45037972372936635,1.1093999474238128,-0.2874028990354207,0.12247802363675703,62.0,0,-0.6916225293945008,-0.23947369343537842,-0.222008608786628,-0.5665355396382482,0.9038237180669413
A,USD,STD,INDL,C,7372,12/31/21,36898,UNITY SOFTWARE INC,U,2021,4841.346,2394.391,1795.574,4841.346,-532.607,1110.526,695.71,292.592,142.99,7372.0,41837.73008,Software,3081537.0,3081537.0,2020-09-18,47756.0,John Riccitiello,UNITY SOFTWARE INC (UNITY TECHNOLOGIES),Chairman (Executive)/President/CEO,2023-10-09,10.0,10.0,Executive Director,1.0,1.0,0.0,0.0,0.0,0.0,0.0,0.0,0.0,0.0,1960-06-15,M,,-1335.485,0.034151255974189595,-0.11001217430028756,-0.1758477714817061,8.484948060221823,0.4945713444153755,2.8606696471160724,-0.27584993925243106,0.143701772193105,61.0,0,-0.6916225293945008,-0.23947369343537842,-0.222008608786628,-0.5665355396382482,0.9038237180669413
I,USD,STD,INDL,C,8731,12/31/20,36049,PPD INC,PPD,2020,6293.843,-746.52,4363.849,6293.843,153.691,4681.474,0.0,350.132,34.22,8731.0,11981.51704,Biotech,3158781.0,3158781.0,2020-02-06,1075579.0,David Simmons,PPD INC (De-listed 12/2021),Chairman/CEO,2021-12-08,10.0,10.0,Executive Director,1.0,1.0,0.0,0.0,0.0,0.0,0.0,0.0,0.0,0.0,1964-06-15,M,,-2556.653,0.0391782971044814,0.024419261808723225,-0.03548749911618453,8.747327132921752,-0.11861115696721383,,-0.40621493100479306,0.0,56.0,0,-0.6916225293945008,-0.23947369343537842,-0.222008608786628,-0.5665355396382482,0.9038237180669413
I,USD,STD,INDL,C,7372,9/30/18,32855,AVAYA HLDGS CORP,AVYAQ,2018,7679.0,2051.0,3154.0,7679.0,3264.0,2851.0,210.0,110.013,22.14,7372.0,2435.68782,Software,2762605.0,2762605.0,2018-01-17,443474.0,Jim Chirico Jr,AVAYA HOLDINGS CORP (De-listed 02/2023),President/CEO,2022-08-01,10.0,10.0,Executive Director,1.0,0.0,0.0,0.0,0.0,0.0,0.0,0.0,0.0,0.0,1958-01-01,M,,305.0,,0.4250553457481443,0.34833019055623377,8.946244609330543,0.2670920692798541,0.17190170983578743,0.03971871337413726,0.027347310847766638,60.0,0,-0.6773650833982051,-0.27530597743840163,-0.18806471044490725,-0.6182375476915621,0.1164894900028803
I,USD,STD,INDL,C,7372,9/30/19,32855,AVAYA HLDGS CORP,AVYAQ,2019,6950.0,1300.0,3111.0,6950.0,-671.0,2887.0,206.0,111.033,10.23,7372.0,1135.86759,Software,2762605.0,2762605.0,2018-01-17,443474.0,Jim Chirico Jr,AVAYA HOLDINGS CORP (De-listed 02/2023),President/CEO,2022-08-01,10.0,10.0,Executive Director,1.0,0.0,0.0,0.0,0.0,0.0,0.0,0.0,0.0,0.0,1958-01-01,M,,-462.0,,-0.09654676258992806,-0.17674596964989306,8.846496938558838,0.18705035971223022,-0.13496750906054603,-0.0664748201438849,0.02964028776978417,61.0,0,-0.6773650833982051,-0.27530597743840163,-0.18806471044490725,-0.6182375476915621,0.1164894900028803
I,USD,STD,INDL,C,7372,9/30/20,32855,AVAYA HLDGS CORP,AVYAQ,2020,6231.0,236.0,3024.0,6231.0,-680.0,2873.0,207.0,83.278,15.2,7372.0,1265.8256,Software,2762605.0,2762605.0,2018-01-17,443474.0,Jim Chirico Jr,AVAYA HOLDINGS CORP (De-listed 02/2023),President/CEO,2022-08-01,10.0,10.0,Executive Director,1.0,0.0,0.0,0.0,0.0,0.0,0.0,0.0,0.0,0.0,1958-01-01,M,,-1214.0,,-0.10913176055207832,-0.1690385214769861,8.737292112544221,0.03787514042689777,1.6796480314751236,-0.19483229016209277,0.03322099181511796,62.0,0,-0.6773650833982051,-0.27530597743840163,-0.18806471044490725,-0.6182375476915621,0.1164894900028803
I,USD,STD,INDL,C,7372,9/30/21,32855,AVAYA HLDGS CORP,AVYAQ,2021,5985.0,392.0,2934.0,5985.0,-13.0,2973.0,228.0,84.116,19.79,7372.0,1664.65564,Software,2762605.0,2762605.0,2018-01-17,443474.0,Jim Chirico Jr,AVAYA HOLDINGS CORP (De-listed 02/2023),President/CEO,2022-08-01,10.0,10.0,Executive Director,1.0,0.0,0.0,0.0,0.0,0.0,0.0,0.0,0.0,0.0,1958-01-01,M,,-1076.0,,-0.002172096908939014,-0.06800769409035758,8.697011617992073,0.06549707602339182,1.4461117184104695,-0.1797827903091061,0.0380952380952381,63.0,0,-0.6773650833982051,-0.27530597743840163,-0.18806471044490725,-0.6182375476915621,0.1164894900028803
A,USD,STD,INDL,C,2834,12/31/18,33955,ELANCO ANIMAL HLTH INC,ELAN,2018,8956.7,5197.5,2443.3,8956.7,86.5,3066.8,246.6,365.644,31.53,2834.0,11528.75532,Biotech,2918725.0,2918725.0,2018-09-20,593280.0,Jeff Simmons,ELANCO ANIMAL HEALTH INC,President/CEO,2027-01-01,10.0,40.0,Executive Director,1.0,1.0,0.0,0.0,0.0,0.0,0.0,0.0,0.0,0.0,1967-06-15,M,,-205.8,0.02064671602096939,0.009657574776424352,-0.06706758041548616,9.10015713455713,0.5802918485602956,0.7966666362727123,-0.02297721258945817,0.027532461732557748,51.0,0,-0.6916225293945008,-0.23947369343537842,-0.222008608786628,-0.5665355396382482,0.9038237180669413
A,USD,STD,INDL,C,2834,12/31/19,33955,ELANCO ANIMAL HLTH INC,ELAN,2019,8985.8,5546.9,2392.2,8985.8,67.9,3071.0,270.1,373.012,29.45,2834.0,10985.2034,Biotech,2918725.0,2918725.0,2018-09-20,593280.0,Jeff Simmons,ELANCO ANIMAL HEALTH INC,President/CEO,2027-01-01,10.0,40.0,Executive Director,1.0,1.0,0.0,0.0,0.0,0.0,0.0,0.0,0.0,0.0,1967-06-15,M,,-89.4,0.017907716842178744,0.007556366711923258,-0.07264284034804175,9.103400832538439,0.6172961784148323,0.6833100086757087,-0.009949030692870975,0.03005853680251063,52.0,0,-0.6916225293945008,-0.23947369343537842,-0.222008608786628,-0.5665355396382482,0.9038237180669413
A,USD,STD,INDL,C,2834,12/31/20,33955,ELANCO ANIMAL HLTH INC,ELAN,2020,17692.7,8475.9,5723.8,17692.7,-560.1,3273.3,337.3,471.921,30.67,2834.0,14473.81707,Biotech,2918725.0,2918725.0,2018-09-20,593280.0,Jeff Simmons,ELANCO ANIMAL HEALTH INC,President/CEO,2027-01-01,10.0,40.0,Executive Director,1.0,1.0,0.0,0.0,0.0,0.0,0.0,0.0,0.0,0.0,1967-06-15,M,,-174.2,0.035166573994102474,-0.031657124124638975,-0.09156388504954674,9.780907404111002,0.47906198601683175,0.5351144555212962,-0.009845868635086786,0.019064359877237504,53.0,0,-0.6916225293945008,-0.23947369343537842,-0.222008608786628,-0.5665355396382482,0.9038237180669413
A,USD,STD,INDL,C,2834,12/31/21,33955,ELANCO ANIMAL HLTH INC,ELAN,2021,16483.0,7538.0,6152.0,16483.0,-472.0,4765.0,369.0,473.12,28.38,2834.0,13427.1456,Biotech,2918725.0,2918725.0,2018-09-20,593280.0,Jeff Simmons,ELANCO ANIMAL HEALTH INC,President/CEO,2027-01-01,10.0,40.0,Executive Director,1.0,1.0,0.0,0.0,0.0,0.0,0.0,0.0,0.0,0.0,1967-06-15,M,,-1158.0,0.02026427397363536,-0.02863556391433598,-0.09447116109575454,9.710084825731355,0.4573196626827641,0.577321554008983,-0.07025420129830735,0.022386701449978764,54.0,0,-0.6916225293945008,-0.23947369343537842,-0.222008608786628,-0.5665355396382482,0.9038237180669413
A,USD,STD,INDL,C,2834,12/31/22,33955,ELANCO ANIMAL HLTH INC,ELAN,2022,15491.0,7289.0,5559.0,15491.0,-78.0,4411.0,380.0,474.238,12.22,2834.0,5795.18836,Biotech,2918725.0,2918725.0,2018-09-20,593280.0,Jeff Simmons,ELANCO ANIMAL HEALTH INC,President/CEO,2027-01-01,10.0,40.0,Executive Director,1.0,1.0,0.0,0.0,0.0,0.0,0.0,0.0,0.0,0.0,1967-06-15,M,,-1449.0,0.026662348209666644,-0.005035181718417146,-0.062090426964391786,9.648014489106362,0.47053127622490476,-0.2293383822539431,-0.09353818346136467,0.02453037247433994,55.0,0,-0.6916225293945008,-0.23947369343537842,-0.222008608786628,-0.5665355396382482,0.9038237180669413
A,USD,STD,INDL,C,2834,12/31/23,33955,ELANCO ANIMAL HLTH INC,ELAN,2023,14362.0,6223.0,5846.0,14362.0,-1231.0,4417.0,333.0,492.845,14.9,2834.0,7343.3905,Biotech,2918725.0,2918725.0,2018-09-20,593280.0,Jeff Simmons,ELANCO ANIMAL HEALTH INC,President/CEO,2027-01-01,10.0,40.0,Executive Director,1.0,1.0,0.0,0.0,0.0,0.0,0.0,0.0,0.0,0.0,1967-06-15,M,,-2554.0,0.029679332679353545,-0.08571229633755745,-0.13440255595219375,9.572341108670264,0.4332961983010723,0.16554855136761573,-0.17783038574014762,0.023186185767998885,56.0,0,-0.6916225293945008,-0.23947369343537842,-0.222008608786628,-0.5665355396382482,0.9038237180669413
A,USD,STD,INDL,C,2834,12/31/24,33955,ELANCO ANIMAL HLTH INC,ELAN,2024,12614.0,6096.0,4369.0,12614.0,338.0,4439.0,400.0,494.446,12.11,2834.0,5987.74106,Biotech,2918725.0,2918725.0,2018-09-20,593280.0,Jeff Simmons,ELANCO ANIMAL HEALTH INC,President/CEO,2027-01-01,10.0,40.0,Executive Director,1.0,1.0,0.0,0.0,0.0,0.0,0.0,0.0,0.0,0.0,1967-06-15,M,,-2721.0,0.030064292147971256,0.026795623909941335,-0.03027349527808019,9.442562587223597,0.48327255430474075,-0.017918595914947915,-0.21571270017440938,0.031710797526557796,57.0,0,-0.6916225293945008,-0.23947369343537842,-0.222008608786628,-0.5665355396382482,0.9038237180669413
A,USD,STD,INDL,C,2834,12/31/25,33955,ELANCO ANIMAL HLTH INC,ELAN,2025,13358.0,6547.0,4333.0,13358.0,-232.0,4715.0,368.0,496.975,22.63,2834.0,11246.54425,Biotech,2918725.0,2918725.0,2018-09-20,593280.0,Jeff Simmons,ELANCO ANIMAL HEALTH INC,President/CEO,2027-01-01,10.0,40.0,Executive Director,1.0,1.0,0.0,0.0,0.0,0.0,0.0,0.0,0.0,0.0,1967-06-15,M,,-2323.0,0.03146153210538827,-0.017367869441533165,-0.07067452463371121,9.499870735285581,0.4901182811798173,0.5410539742249398,-0.17390327893397214,0.027549034286569844,58.0,0,-0.6916225293945008,-0.23947369343537842,-0.222008608786628,-0.5665355396382482,0.9038237180669413
A,USD,STD,INDL,C,7372,4/30/23,34243,ELASTIC NV,ESTC,2022,1743.482,398.897,581.485,1743.482,-236.161,1068.989,313.454,97.367,57.25,7372.0,5574.26075,Software,2924705.0,2924705.0,2022-03-09,1599924.0,Ash Kulkarni,ELASTIC NV,CEO,2027-01-01,10.0,40.0,Executive Director,1.0,0.0,1.0,1.0,0.0,0.0,0.0,0.0,1.0,0.0,1975-06-15,M,,-835.296,0.047441478039881,-0.13545364965052695,-0.19250889489650158,7.463639542001615,0.22879329984479335,2.637211748437977,-0.4790964288705017,0.17978619796476247,47.0,0,1.4068689545496689,-0.058101093096811544,-0.3757039893981911,1.8073470638861047,-0.46846424218128085
A,USD,STD,INDL,C,7372,4/30/24,34243,ELASTIC NV,ESTC,2023,2242.566,738.185,581.51,2242.566,61.72,1267.321,341.951,101.706,102.22,7372.0,10396.38732,Software,2924705.0,2924705.0,2022-03-09,1599924.0,Ash Kulkarni,ELASTIC NV,CEO,2027-01-01,10.0,40.0,Executive Director,1.0,0.0,1.0,1.0,0.0,0.0,0.0,0.0,1.0,0.0,1975-06-15,M,,-1073.342,0.03781353913356972,0.02752204394430309,-0.021168215670333196,7.7153760249379815,0.3291697992389076,2.6450191810116466,-0.47862225682544024,0.15248202282563816,48.0,0,1.4068689545496689,-0.058101093096811544,-0.3757039893981911,1.8073470638861047,-0.46846424218128085
A,USD,STD,INDL,C,7372,4/30/25,34243,ELASTIC NV,ESTC,2024,2592.853,927.234,586.086,2592.853,-108.114,1483.296,365.758,105.535,86.2,7372.0,9097.117,Software,2924705.0,2924705.0,2022-03-09,1599924.0,Ash Kulkarni,ELASTIC NV,CEO,2027-01-01,10.0,40.0,Executive Director,1.0,0.0,1.0,1.0,0.0,0.0,0.0,0.0,1.0,0.0,1975-06-15,M,,-1013.245,0.03191655963678654,-0.04169692612731998,-0.0987660453153415,7.860514092840264,0.3576114804811534,2.2835068682262882,-0.3907838199851669,0.14106391685143738,49.0,0,1.4068689545496689,-0.058101093096811544,-0.3757039893981911,1.8073470638861047,-0.46846424218128085
A,USD,STD,INDL,C,2836,12/31/21,34410,MODERNA INC,MRNA,2021,24669.0,14145.0,705.0,24669.0,12202.0,18471.0,1991.0,403.0,253.98,2836.0,102353.94,Biotech,2959246.0,2959246.0,2018-12-07,507530.0,Stéphane Bancel,MODERNA INC,CEO,2027-01-01,10.0,40.0,Executive Director,0.0,0.0,1.0,1.0,0.0,0.0,0.0,0.0,1.0,0.0,1972-06-15,M,,9934.0,0.050530194284493866,0.4946288864566865,0.42879328927526794,10.113302673639005,0.573391706189955,1.979075601971903,0.4026916372775548,0.0807085816206575,49.0,0,1.4121891305033953,-0.01953622805987299,-0.33052930355453525,1.7770382137393608,-1.0956288328693857
A,USD,STD,INDL,C,2836,12/31/22,34410,MODERNA INC,MRNA,2022,25858.0,19123.0,1004.0,25858.0,8362.0,19263.0,3295.0,385.0,179.62,2836.0,69153.7,Biotech,2959246.0,2959246.0,2018-12-07,507530.0,Stéphane Bancel,MODERNA INC,CEO,2027-01-01,10.0,40.0,Executive Director,0.0,0.0,1.0,1.0,0.0,0.0,0.0,0.0,1.0,0.0,1972-06-15,M,,17950.0,0.045797398901975615,0.3233815453631371,0.26632630011716246,10.160375309814498,0.7395390208059401,1.2854397644676134,0.6941758836723645,0.12742671513651482,50.0,0,1.4121891305033953,-0.01953622805987299,-0.33052930355453525,1.7770382137393608,-1.0956288328693857
A,USD,STD,INDL,C,2836,12/31/23,34410,MODERNA INC,MRNA,2023,18426.0,13854.0,1218.0,18426.0,-4714.0,6848.0,4845.0,382.0,99.45,2836.0,37989.9,Biotech,2959246.0,2959246.0,2018-12-07,507530.0,Stéphane Bancel,MODERNA INC,CEO,2027-01-01,10.0,40.0,Executive Director,0.0,0.0,1.0,1.0,0.0,0.0,0.0,0.0,1.0,0.0,1972-06-15,M,,13483.0,0.028447414323336133,-0.25583414740041244,-0.30452440701504874,9.821517989668877,0.7518723542819928,1.008746335324006,0.7317377618582438,0.2629436665581244,51.0,0,1.4121891305033953,-0.01953622805987299,-0.33052930355453525,1.7770382137393608,-1.0956288328693857
A,USD,STD,INDL,C,2836,12/31/24,34410,MODERNA INC,MRNA,2024,14142.0,10901.0,710.0,14142.0,-3561.0,3236.0,4543.0,386.0,41.58,2836.0,16049.88,Biotech,2959246.0,2959246.0,2018-12-07,507530.0,Stéphane Bancel,MODERNA INC,CEO,2027-01-01,10.0,40.0,Executive Director,0.0,0.0,1.0,1.0,0.0,0.0,0.0,0.0,1.0,0.0,1972-06-15,M,,10035.0,0.038108828890056325,-0.25180313958421724,-0.3088722587722388,9.556904372164187,0.7708244944138029,0.3868468447663392,0.709588459906661,0.32124169141564135,52.0,0,1.4121891305033953,-0.01953622805987299,-0.33052930355453525,1.7770382137393608,-1.0956288328693857
A,USD,STD,INDL,C,2836,12/31/25,34410,MODERNA INC,MRNA,2025,12338.0,8650.0,1263.0,12338.0,-2822.0,1944.0,3132.0,394.0,29.49,2836.0,11619.06,Biotech,2959246.0,2959246.0,2018-12-07,507530.0,Stéphane Bancel,MODERNA INC,CEO,2027-01-01,10.0,40.0,Executive Director,0.0,0.0,1.0,1.0,0.0,0.0,0.0,0.0,1.0,0.0,1972-06-15,M,,7268.0,0.0426970043896136,-0.22872426649375913,-0.2820309216859372,9.420439209769585,0.7010860755389853,0.29508753219919365,0.5890744042794618,0.2538498946344626,53.0,0,1.4121891305033953,-0.01953622805987299,-0.33052930355453525,1.7770382137393608,-1.0956288328693857
I,USD,STD,INDL,C,7372,3/31/21,34954,CHANGE HEALTHCARE INC,CHNG,2020,10112.616,3252.228,4810.171,10112.616,-112.21,3090.421,227.036,306.796,22.1,7372.0,6780.1916,Software,3049380.0,3049380.0,2019-06-27,1315152.0,Neil de Crescenzo IV,CHANGE HEALTHCARE INC (De-listed 10/2022),President/CEO,2022-10-03,10.0,10.0,Executive Director,1.0,1.0,1.0,0.0,0.0,0.0,0.0,0.0,0.0,0.0,1961-06-15,M,,-937.436,0.037814298712839985,-0.011096040826626859,-0.07100280175153462,9.221539032252748,0.3216010575305144,0.7346650612109993,-0.09269965358122963,0.02245076842629049,59.0,0,-0.6780545211527228,-0.2114461068262179,-0.21148180003932845,0.045268479919371,0.8091027812427433
I,USD,STD,INDL,C,7372,3/31/22,34954,CHANGE HEALTHCARE INC,CHNG,2021,9932.495,3276.107,4632.373,9932.495,-57.39,3480.815,277.93,313.132,21.8,7372.0,6826.2776,Software,3049380.0,3049380.0,2019-06-27,1315152.0,Neil de Crescenzo IV,CHANGE HEALTHCARE INC (De-listed 10/2022),President/CEO,2022-10-03,10.0,10.0,Executive Director,1.0,1.0,1.0,0.0,0.0,0.0,0.0,0.0,0.0,0.0,1961-06-15,M,,-1031.47,0.020558734852354113,-0.005778004418829307,-0.07161360160024786,9.203566984290692,0.3298372664672874,0.7341236904514805,-0.10384802610018933,0.027981891760328094,60.0,0,-0.6780545211527228,-0.2114461068262179,-0.21148180003932845,0.045268479919371,0.8091027812427433
A,USD,STD,INDL,C,2836,12/31/21,35638,VIR BIOTECHNOLOGY INC,VIR,2021,1954.268,1431.849,133.561,1954.268,528.584,1095.415,448.006,131.161,41.87,2836.0,5491.711069999999,Biotech,3092905.0,3092905.0,2019-10-11,272786.0,Doctor George Scangos,VIR BIOTECHNOLOGY INC,President/CEO,2023-04-03,10.0,10.0,Executive Director,1.0,1.0,0.0,0.0,1.0,0.0,0.0,0.0,0.0,0.0,1948-06-15,M,,-139.699,0.07880182547250107,0.2704767206954215,0.20464112351400293,7.577770977752661,0.7326779131623707,1.3442732612208301,-0.07148405438762749,0.22924491420828666,73.0,0,-0.6733462399782933,-0.21426345365633148,0.042413199782981595,-0.5715447390359115,0.2021131371294031
A,USD,STD,INDL,C,2836,12/31/22,35638,VIR BIOTECHNOLOGY INC,VIR,2022,2802.088,2077.963,123.837,2802.088,515.837,1615.797,474.648,133.237,25.31,2836.0,3372.2284699999996,Biotech,3092905.0,3092905.0,2019-10-11,272786.0,Doctor George Scangos,VIR BIOTECHNOLOGY INC,President/CEO,2023-04-03,10.0,10.0,Executive Director,1.0,1.0,0.0,0.0,1.0,0.0,0.0,0.0,0.0,0.0,1948-06-15,M,,368.115,0.04347150020692742,0.18409022129212213,0.1270349760461475,7.938120132542262,0.7415766385638138,0.4841857059496343,0.13137167712077563,0.16939082569855052,74.0,0,-0.6733462399782933,-0.21426345365633148,0.042413199782981595,-0.5715447390359115,0.2021131371294031
A,USD,STD,INDL,C,3679,12/31/20,36175,VERTIV HOLDINGS CO,VRT,2020,5073.8,512.1,2237.8,5073.8,-327.3,4370.6,228.6,342.025,18.67,3679.0,6385.60675,Semiconductors/Hardware,2825901.0,2825901.0,2020-02-07,497854.0,Rob Johnson,VERTIV HOLDINGS CO (GS Acquisition Holdings Corp prior to 02/2020),CEO,2022-12-31,10.0,10.0,Executive Director,1.0,0.0,0.0,0.0,0.0,0.0,0.0,0.0,0.0,0.0,1966-06-15,M,,-1279.7,0.04103583697571591,-0.06450786392841656,-0.12441462485332433,8.531845322748552,0.10093026922622098,2.5232818728913045,-0.2522172730497852,0.04505498837163467,54.0,0,-0.6773650833982051,-0.27530597743840163,-0.18806471044490725,-0.6182375476915621,0.1164894900028803
A,USD,STD,INDL,C,3679,12/31/21,36175,VERTIV HOLDINGS CO,VRT,2021,6939.6,1417.7,3064.1,6939.6,119.6,4998.1,266.4,375.802,24.97,3679.0,9383.77594,Semiconductors/Hardware,2825901.0,2825901.0,2020-02-07,497854.0,Rob Johnson,VERTIV HOLDINGS CO (GS Acquisition Holdings Corp prior to 02/2020),CEO,2022-12-31,10.0,10.0,Executive Director,1.0,0.0,0.0,0.0,0.0,0.0,0.0,0.0,0.0,0.0,1966-06-15,M,,-1179.8,0.01855886398700434,0.017234422733298747,-0.04860117444811981,8.844999414952174,0.20429131362038158,1.8899463941130756,-0.17000979883566775,0.038388379733702224,55.0,0,-0.6773650833982051,-0.27530597743840163,-0.18806471044490725,-0.6182375476915621,0.1164894900028803
A,USD,STD,INDL,C,3679,12/31/23,36175,VERTIV HOLDINGS CO,VRT,2023,7998.5,2014.9,3061.7,7998.5,460.2,6863.2,303.5,381.789,48.03,3679.0,18337.32567,Semiconductors/Hardware,2825901.0,2825901.0,2023-07-01,2277545.0,Giordano Albertazzi,VERTIV HOLDINGS CO (GS Acquisition Holdings Corp prior to 02/2020),CEO,2027-01-01,10.0,40.0,Executive Director,1.0,0.0,0.0,0.0,0.0,0.0,0.0,0.0,1.0,1.0,1966-03-01,M,,-696.4,0.03495749306304195,0.05753578796024254,0.008845528345606257,8.987009303081651,0.25190973307495157,2.208369070299861,-0.08706632493592548,0.03794461461524036,57.0,0,1.5764848428835998,-0.142984627539358,-0.4574939900475732,-0.6449475881648674,0.986169623191155
A,USD,STD,INDL,C,3679,12/31/24,36175,VERTIV HOLDINGS CO,VRT,2024,9132.5,2434.3,3078.6,9132.5,495.8,8011.8,352.1,380.704,113.61,3679.0,43251.78144,Semiconductors/Hardware,2825901.0,2825901.0,2023-07-01,2277545.0,Giordano Albertazzi,VERTIV HOLDINGS CO (GS Acquisition Holdings Corp prior to 02/2020),CEO,2027-01-01,10.0,40.0,Executive Director,1.0,0.0,0.0,0.0,0.0,0.0,0.0,0.0,1.0,1.0,1966-03-01,M,,-387.1,0.03518482616949295,0.054289624965781554,-0.00277949422223997,9.119594758669438,0.26655351765672053,2.877379181020554,-0.042387079113057766,0.03855461264713934,58.0,0,1.5764848428835998,-0.142984627539358,-0.4574939900475732,-0.6449475881648674,0.986169623191155
A,USD,STD,INDL,C,3679,12/31/25,36175,VERTIV HOLDINGS CO,VRT,2025,12212.4,3941.3,3137.3,12212.4,1332.8,10229.9,441.7,382.554,162.01,3679.0,61977.57353999999,Semiconductors/Hardware,2825901.0,2825901.0,2023-07-01,2277545.0,Giordano Albertazzi,VERTIV HOLDINGS CO (GS Acquisition Holdings Corp prior to 02/2020),CEO,2027-01-01,10.0,40.0,Executive Director,1.0,0.0,0.0,0.0,0.0,0.0,0.0,0.0,1.0,1.0,1966-03-01,M,,1046.1,0.043692676604580226,0.10913497756378762,0.055828322371609576,9.410207107985887,0.32272935704693595,2.7552619843857666,0.08565883855753169,0.036168156955225836,59.0,0,1.5764848428835998,-0.142984627539358,-0.4574939900475732,-0.6449475881648674,0.986169623191155
A,USD,STD,INDL,C,3674,1/31/20,117768,NVIDIA CORP,NVDA,2019,17315.0,12204.0,2552.0,17315.0,2796.0,10918.0,2829.0,612.0,236.43,3674.0,144695.16,Semiconductors/Hardware,22806.0,22806.0,1993-04-01,83377.0,Jensen Huang,NVIDIA CORP,President/CEO,2027-01-01,20.0,40.0,Executive Director,1.0,0.0,0.0,0.0,0.0,0.0,0.0,0.0,1.0,1.0,1963-02-17,M,Asian Association Network,12553.0,0.025577986554418283,0.16147848686110308,0.08127927980113808,9.759328456836522,0.7048224083164886,2.472865417709434,0.7249783424776206,0.1633843488304938,56.0,0,1.5764848428835998,-0.142984627539358,-0.4574939900475732,-0.6449475881648674,0.986169623191155
A,USD,STD,INDL,C,3674,1/31/22,117768,NVIDIA CORP,NVDA,2021,44187.0,26612.0,11687.0,44187.0,9752.0,26914.0,5268.0,2506.0,244.86,3674.0,613619.16,Semiconductors/Hardware,22806.0,22806.0,1993-04-01,83377.0,Jensen Huang,NVIDIA CORP,President/CEO,2027-01-01,20.0,40.0,Executive Director,1.0,0.0,0.0,0.0,0.0,0.0,0.0,0.0,1.0,1.0,1963-02-17,M,Asian Association Network,18927.0,0.02833916621904463,0.22069839545567702,0.15486279827425847,10.696185907157652,0.6022585828411071,3.138012233240005,0.42833865163962254,0.11922058524000272,58.0,0,1.5764848428835998,-0.142984627539358,-0.4574939900475732,-0.6449475881648674,0.986169623191155
A,USD,STD,INDL,C,3674,12/31/16,1161,ADVANCED MICRO DEVICES,AMD,2016,3321.0,416.0,1435.0,3321.0,-497.0,4272.0,1008.0,935.0,11.34,3674.0,10602.9,Semiconductors/Hardware,881.0,881.0,2014-10-08,542142.0,Doctor Lisa Su,ADVANCED MICRO DEVICES INC (AMD),President/CEO,2022-02-14,10.0,10.0,Executive Director,1.0,1.0,0.0,0.0,1.0,1.0,0.0,0.0,1.0,1.0,1969-11-07,F,,-7808.0,0.05353478058630319,-0.1496537187594098,-0.19964798013250495,8.108021221376747,0.12526347485697079,3.23819756732703,-2.351099066546221,0.3035230352303523,47.0,0,1.0553892672857608,-0.34353137885814344,3.930027966732105,-0.4444063793242925,0.961758210171077
A,USD,STD,INDL,C,3674,12/31/22,175982,CANADIAN SOLAR INC,CSIQ,2022,9037.128,1941.639,1105.183,9037.128,239.968,7468.61,69.822,64.506,30.9,3674.0,1993.2354,Semiconductors/Hardware,947629.0,947629.0,2020-09-29,735088.0,Doctor Shawn Qu,CANADIAN SOLAR INC,Chairman/President/CEO,2025-12-24,10.0,10.0,Executive Director,1.0,0.0,0.0,0.0,1.0,0.0,0.0,0.0,1.0,0.0,1964-06-15,M,,1104.969,0.04035078708023613,0.026553568788668255,-0.030501676457306386,9.109096703794123,0.2148513332996943,0.026226685897609688,0.12226992911907411,0.007726127150129997,58.0,0,1.346396410336024,-0.17476717671278105,-0.18294111675517574,-0.49941972444331517,-1.1391929588974257
A,USD,STD,INDL,C,3674,12/31/17,175404,FIRST SOLAR INC,FSLR,2017,6864.501,5098.697,410.287,6864.501,-165.615,2941.324,88.573,104.468,67.52,3674.0,7053.67936,Semiconductors/Hardware,897123.0,897123.0,2016-07-01,488928.0,Mark Widmar,FIRST SOLAR INC,CEO,2027-01-01,10.0,40.0,Executive Director,1.0,0.0,1.0,0.0,0.0,0.0,0.0,0.0,0.0,0.0,1965-06-15,M,,2299.486,0.029491187700106294,-0.024126298473843913,-0.08176048631050326,8.834118628014682,0.7427629481006703,0.32456435882876794,0.33498225144114624,0.012903050054184564,52.0,0,-0.6637970751564273,-0.2472783908292412,-0.17753790169760764,-0.006433528133942844,0.021768553178682218
A,USD,STD,INDL,C,3674,12/31/18,175404,FIRST SOLAR INC,FSLR,2018,7121.362,5212.403,461.221,7121.362,144.326,2244.044,84.472,104.885,42.455,3674.0,4452.892675,Semiconductors/Hardware,897123.0,897123.0,2016-07-01,488928.0,Mark Widmar,FIRST SOLAR INC,CEO,2027-01-01,10.0,40.0,Executive Director,1.0,0.0,1.0,0.0,0.0,0.0,0.0,0.0,0.0,0.0,1965-06-15,M,,2387.087,0.025198606682030375,0.02026662877129403,-0.05645852642061649,8.870854278246846,0.7319390588485742,-0.1574870535191157,0.33520090679282977,0.011861775879389363,53.0,0,-0.6637970751564273,-0.2472783908292412,-0.17753790169760764,-0.006433528133942844,0.021768553178682218
A,USD,STD,INDL,C,3674,12/31/19,175404,FIRST SOLAR INC,FSLR,2019,7515.689,5096.767,566.702,7515.689,-114.933,3063.117,96.611,105.449,55.96,3674.0,5900.92604,Semiconductors/Hardware,897123.0,897123.0,2016-07-01,488928.0,Mark Widmar,FIRST SOLAR INC,CEO,2027-01-01,10.0,40.0,Executive Director,1.0,0.0,1.0,0.0,0.0,0.0,0.0,0.0,0.0,0.0,1965-06-15,M,,2247.286,0.021355316918718833,-0.015292410316605703,-0.0954916173765707,8.924747981284485,0.6781503332562058,0.14650287737916423,0.29901263876139633,0.01285457660634973,54.0,0,-0.6637970751564273,-0.2472783908292412,-0.17753790169760764,-0.006433528133942844,0.021768553178682218
A,USD,STD,INDL,C,3674,12/31/20,175404,FIRST SOLAR INC,FSLR,2020,7108.931,5520.928,426.725,7108.931,398.355,2711.332,93.738,105.98,98.92,3674.0,10483.5416,Semiconductors/Hardware,897123.0,897123.0,2016-07-01,488928.0,Mark Widmar,FIRST SOLAR INC,CEO,2027-01-01,10.0,40.0,Executive Director,1.0,0.0,1.0,0.0,0.0,0.0,0.0,0.0,0.0,0.0,1965-06-15,M,,2654.036,0.038577796614197725,0.056035851241206316,-0.0038709096837014415,8.86910715987591,0.7766185942724723,0.641260598634563,0.3733382698467604,0.013185948773451311,55.0,0,-0.6637970751564273,-0.2472783908292412,-0.17753790169760764,-0.006433528133942844,0.021768553178682218
A,USD,STD,INDL,C,3674,12/31/21,175404,FIRST SOLAR INC,FSLR,2021,7413.746,5959.551,381.917,7413.746,468.693,2858.277,99.115,106.332,87.16,3674.0,9267.89712,Semiconductors/Hardware,897123.0,897123.0,2016-07-01,488928.0,Mark Widmar,FIRST SOLAR INC,CEO,2027-01-01,10.0,40.0,Executive Director,1.0,0.0,1.0,0.0,0.0,0.0,0.0,0.0,0.0,0.0,1965-06-15,M,,3088.093,0.028534526786221905,0.06321945747804146,-0.002616139703377096,8.91109112361477,0.8038515212147813,0.44156136327852574,0.41653612087600517,0.013369084940325713,56.0,0,-0.6637970751564273,-0.2472783908292412,-0.17753790169760764,-0.006433528133942844,0.021768553178682218
A,USD,STD,INDL,C,3674,12/31/22,175404,FIRST SOLAR INC,FSLR,2022,8251.228,5836.055,224.938,8251.228,-44.166,2619.319,112.804,106.609,149.79,3674.0,15968.96211,Semiconductors/Hardware,897123.0,897123.0,2016-07-01,488928.0,Mark Widmar,FIRST SOLAR INC,CEO,2027-01-01,10.0,40.0,Executive Director,1.0,0.0,1.0,0.0,0.0,0.0,0.0,0.0,0.0,0.0,1965-06-15,M,,2948.472,0.03263818814123463,-0.005352657810449548,-0.062407903056424185,9.018117316736738,0.7072953262229574,1.006591915254441,0.357337356330476,0.013671177187201712,57.0,0,-0.6637970751564273,-0.2472783908292412,-0.17753790169760764,-0.006433528133942844,0.021768553178682218
A,USD,STD,INDL,C,3674,12/31/23,175404,FIRST SOLAR INC,FSLR,2023,10365.132,6687.469,517.793,10365.132,830.777,3318.602,152.307,106.847,172.28,3674.0,18407.60116,Semiconductors/Hardware,897123.0,897123.0,2016-07-01,488928.0,Mark Widmar,FIRST SOLAR INC,CEO,2027-01-01,10.0,40.0,Executive Director,1.0,0.0,1.0,0.0,0.0,0.0,0.0,0.0,0.0,0.0,1965-06-15,M,,3796.935,0.034112598306593474,0.08015112590944332,0.03146086629480703,9.246202759955214,0.6451889855334211,1.0125282091343102,0.3663180555732431,0.014694168873102629,58.0,0,-0.6637970751564273,-0.2472783908292412,-0.17753790169760764,-0.006433528133942844,0.021768553178682218
A,USD,STD,INDL,C,3674,12/31/24,175404,FIRST SOLAR INC,FSLR,2024,12124.361,7977.577,469.097,12124.361,1292.044,4206.289,191.375,107.06,176.24,3674.0,18868.2544,Semiconductors/Hardware,897123.0,897123.0,2016-07-01,488928.0,Mark Widmar,FIRST SOLAR INC,CEO,2027-01-01,10.0,40.0,Executive Director,1.0,0.0,1.0,0.0,0.0,0.0,0.0,0.0,0.0,0.0,1965-06-15,M,,5079.052,0.03313305217063235,0.10656594603212491,0.049496826844103385,9.402972013386009,0.6579791710260029,0.8608461172068437,0.41891296374299636,0.015784337005471875,59.0,0,-0.6637970751564273,-0.2472783908292412,-0.17753790169760764,-0.006433528133942844,0.021768553178682218
A,USD,STD,INDL,C,3674,12/31/25,175404,FIRST SOLAR INC,FSLR,2025,13321.31,9537.993,421.266,13321.31,1528.229,5219.376,233.421,107.31,261.23,3674.0,28032.591300000004,Semiconductors/Hardware,897123.0,897123.0,2016-07-01,488928.0,Mark Widmar,FIRST SOLAR INC,CEO,2027-01-01,10.0,40.0,Executive Director,1.0,0.0,1.0,0.0,0.0,0.0,0.0,0.0,0.0,0.0,1965-06-15,M,,6635.873,0.03932748946766806,0.11472062432298326,0.06141396913080521,9.497120287606847,0.7159951236027088,1.078084722312227,0.4981396724496314,0.017522375802379798,60.0,0,-0.6637970751564273,-0.2472783908292412,-0.17753790169760764,-0.006433528133942844,0.021768553178682218
I,USD,STD,INDL,C,7372,1/31/24,170616,SPLUNK INC,SPLK,2023,6687.356,740.609,3261.572,6687.356,263.734,4215.595,943.933,168.539,153.37,,25848.826429999997,Software,1813585.0,1813585.0,2022-04-11,1252966.0,Gary Steele,SPLUNK INC (De-listed 03/2024),President/CEO,2024-03-18,10.0,10.0,Executive Director,1.0,0.0,0.0,0.0,0.0,0.0,0.0,0.0,0.0,0.0,1962-06-15,M,,-3793.098,0.02379169881207481,0.039437709013846425,-0.00925255060078986,8.80797385826215,0.11074765572522235,3.552547658965081,-0.5672044377478932,0.14115189919603502,61.0,0,-0.6773650833982051,-0.27530597743840163,-0.18806471044490725,-0.6182375476915621,0.1164894900028803
A,USD,STD,INDL,C,3674,12/31/15,175982,CANADIAN SOLAR INC,CSIQ,2015,4417.254,818.968,774.413,4417.254,171.861,3467.626,17.056,55.965,28.96,3674.0,1620.7464000000002,Semiconductors/Hardware,947629.0,947629.0,2006-11-09,735088.0,Doctor Shawn Qu,CANADIAN SOLAR INC,Chairman/President/CEO,2020-05-24,10.0,10.0,Executive Director,1.0,0.0,0.0,0.0,1.0,0.0,0.0,0.0,1.0,0.0,1964-06-15,M,,159.004,0.03857840547982951,0.03890675066455313,-0.026742832453652436,8.393273515037126,0.1854020620050375,0.6825970518080813,0.035996118855741596,0.003861222379333405,51.0,0,1.346396410336024,-0.17476717671278105,-0.18294111675517574,-0.49941972444331517,-1.1391929588974257
A,USD,STD,INDL,C,3674,12/31/19,175982,CANADIAN SOLAR INC,CSIQ,2019,5467.207,1393.134,653.271,5467.207,171.585,3200.583,47.045,59.372,22.1,3674.0,1312.1212,Semiconductors/Hardware,947629.0,947629.0,2006-11-09,735088.0,Doctor Shawn Qu,CANADIAN SOLAR INC,Chairman/President/CEO,2020-05-24,10.0,10.0,Executive Director,1.0,0.0,0.0,0.0,1.0,0.0,0.0,0.0,1.0,0.0,1964-06-15,M,,683.994,0.03161281241999314,0.03138439792018118,-0.04881480913978382,8.6065231617231,0.25481639894008035,-0.05991082112913696,0.12510848775252154,0.00860494215785135,55.0,0,1.346396410336024,-0.17476717671278105,-0.18294111675517574,-0.49941972444331517,-1.1391929588974257
A,USD,STD,INDL,C,3674,12/31/20,175982,CANADIAN SOLAR INC,CSIQ,2020,6536.854,1570.422,684.906,6536.854,146.703,3476.495,45.167,59.82,51.24,3674.0,3065.1768,Semiconductors/Hardware,947629.0,947629.0,2020-09-29,735088.0,Doctor Shawn Qu,CANADIAN SOLAR INC,Chairman/President/CEO,2025-12-24,10.0,10.0,Executive Director,1.0,0.0,0.0,0.0,1.0,0.0,0.0,0.0,1.0,0.0,1964-06-15,M,,911.625,0.04470181212357337,0.022442447085402245,-0.03746431383950551,8.785211288959152,0.240241253667284,0.6687608781965735,0.1394592872963049,0.006909592902029019,56.0,0,1.346396410336024,-0.17476717671278105,-0.18294111675517574,-0.49941972444331517,-1.1391929588974257
A,USD,STD,INDL,C,3674,12/31/21,175982,CANADIAN SOLAR INC,CSIQ,2021,7388.342,1801.083,802.928,7388.342,95.248,5277.169,58.407,64.023,31.29,3674.0,2003.27967,Semiconductors/Hardware,947629.0,947629.0,2020-09-29,735088.0,Doctor Shawn Qu,CANADIAN SOLAR INC,Chairman/President/CEO,2025-12-24,10.0,10.0,Executive Director,1.0,0.0,0.0,0.0,1.0,0.0,0.0,0.0,1.0,0.0,1964-06-15,M,,984.968,0.03707319220636896,0.01289166094368669,-0.052943936237731866,8.907658631530884,0.243773636899862,0.1063975218586315,0.1333138070760666,0.00790529187739279,57.0,0,1.346396410336024,-0.17476717671278105,-0.18294111675517574,-0.49941972444331517,-1.1391929588974257
A,USD,STD,INDL,C,3674,12/31/23,175982,CANADIAN SOLAR INC,CSIQ,2023,11895.76,2559.243,1843.495,11895.76,274.187,7613.626,100.844,66.159,26.23,3674.0,1735.3505700000003,Semiconductors/Hardware,947629.0,947629.0,2020-09-29,735088.0,Doctor Shawn Qu,CANADIAN SOLAR INC,Chairman/President/CEO,2025-12-24,10.0,10.0,Executive Director,1.0,0.0,0.0,0.0,1.0,0.0,0.0,0.0,1.0,0.0,1964-06-15,M,,1430.963,0.030972277735030848,0.02304913683530939,-0.025641122779326897,9.383937313087788,0.21513909157548572,-0.3885020610128659,0.12029185188672266,0.008477306199856082,59.0,0,1.346396410336024,-0.17476717671278105,-0.18294111675517574,-0.49941972444331517,-1.1391929588974257
A,USD,STD,INDL,C,3674,12/31/15,175404,FIRST SOLAR INC,FSLR,2015,7316.331,5548.487,288.031,7316.331,546.421,3578.995,130.593,101.767,65.99,3674.0,6715.604329999999,Semiconductors/Hardware,897123.0,897123.0,2012-07-30,332806.0,Jim Hughes,FIRST SOLAR INC,CEO,2016-06-30,10.0,10.0,Executive Director,1.0,0.0,0.0,0.0,0.0,0.0,0.0,0.0,0.0,0.0,1962-12-03,M,,2805.59,0.02839462198463448,0.07468511197757456,0.009035528859368994,8.89786425178966,0.7583701448171222,0.19090854496714768,0.38346952864762407,0.017849520476861967,53.0,0,-0.6773650833982051,-0.27530597743840163,-0.18806471044490725,-0.6182375476915621,0.1164894900028803
A,USD,STD,INDL,C,3674,12/31/25,175982,CANADIAN SOLAR INC,CSIQ,2025,15171.729,2807.971,4171.053,15171.729,-104.126,5595.107,90.685,66.159,23.77,,1572.5994300000002,Semiconductors/Hardware,947629.0,947629.0,2025-12-24,735088.0,Doctor Shawn Qu,CANADIAN SOLAR INC,Chairman/CEO,2027-01-01,10.0,40.0,Executive Director,1.0,0.0,0.0,0.0,1.0,0.0,0.0,0.0,1.0,0.0,1964-06-15,M,,1403.507,0.058952122213815794,-0.006863159762476644,-0.06016981495465469,9.627189040798488,0.185079169289143,-0.5797322203567711,0.09250804572109086,0.005977235686189755,61.0,0,1.346396410336024,-0.17476717671278105,-0.18294111675517574,-0.49941972444331517,-1.1391929588974257
A,USD,STD,INDL,C,3674,12/31/20,175955,IPG PHOTONICS CORP,IPGP,2020,2935.7,2592.819,52.605,2935.7,159.572,1200.724,126.898,53.427,223.79,3674.0,11956.42833,Semiconductors/Hardware,16949.0,16949.0,1998-01-02,552050.0,Doctor Valentin Gapontsev,IPG PHOTONICS CORP,Chairman/CEO,2021-05-04,30.0,10.0,Executive Director,0.0,0.0,0.0,0.0,1.0,0.0,0.0,0.0,1.0,0.0,1939-02-23,M,,2042.126,0.03330788335123272,0.05435569029532991,-0.005551070629577846,7.984701204677179,0.8832029839561264,1.528523368503364,0.6956180808665736,0.043225806451612905,81.0,0,1.3517165862897502,-0.13620231167584254,-0.13776643091151977,-0.5297285745900591,-1.7663575495855306
A,USD,STD,INDL,C,3674,12/31/21,175955,IPG PHOTONICS CORP,IPGP,2021,3170.54,2746.582,34.552,3170.54,278.416,1460.86,139.573,53.01,172.14,3674.0,9125.1414,Semiconductors/Hardware,16949.0,16949.0,2021-05-04,552052.0,Doctor Eugene Scherbakov,IPG PHOTONICS CORP,CEO,2024-06-05,10.0,10.0,Executive Director,0.0,0.0,0.0,0.0,1.0,0.0,0.0,0.0,1.0,0.0,1948-06-15,M,,2276.656,0.02545184385411048,0.0878134324121443,0.021977835230725745,8.061657199367078,0.8662820844398745,1.2006761657034615,0.7180656922795486,0.04402183855116164,73.0,0,1.3517165862897502,-0.13620231167584254,-0.13776643091151977,-0.5297285745900591,-1.7663575495855306
A,USD,STD,INDL,C,3674,12/31/22,175955,IPG PHOTONICS CORP,IPGP,2022,2743.28,2385.36,16.787,2743.28,109.909,1429.547,116.114,48.138,94.67,3674.0,4557.224459999999,Semiconductors/Hardware,16949.0,16949.0,2021-05-04,552052.0,Doctor Eugene Scherbakov,IPG PHOTONICS CORP,CEO,2024-06-05,10.0,10.0,Executive Director,0.0,0.0,0.0,0.0,1.0,0.0,0.0,0.0,1.0,0.0,1948-06-15,M,,2371.992,0.02775036105127599,0.04006481292467411,-0.016990432321300528,7.916909563744767,0.8695284476976466,0.6473637108125138,0.8646554489516199,0.042326703799830855,74.0,0,1.3517165862897502,-0.13620231167584254,-0.13776643091151977,-0.5297285745900591,-1.7663575495855306
A,USD,STD,INDL,C,3674,12/31/23,175955,IPG PHOTONICS CORP,IPGP,2023,2698.898,2415.385,13.664,2698.898,218.878,1287.439,98.704,46.321,108.54,3674.0,5027.68134,Semiconductors/Hardware,16949.0,16949.0,2021-05-04,552052.0,Doctor Eugene Scherbakov,IPG PHOTONICS CORP,CEO,2024-06-05,10.0,10.0,Executive Director,0.0,0.0,0.0,0.0,1.0,0.0,0.0,0.0,1.0,0.0,1948-06-15,M,,2582.864,0.02347845857446257,0.08109902634334457,0.03240876672870828,7.900598820529146,0.8949523101651119,0.7331002169429558,0.9570068968890265,0.03657196381634281,75.0,0,1.3517165862897502,-0.13620231167584254,-0.13776643091151977,-0.5297285745900591,-1.7663575495855306
A,USD,STD,INDL,C,3674,12/31/25,175955,IPG PHOTONICS CORP,IPGP,2025,2424.28,2128.13,12.176,2424.28,31.096,1003.777,117.402,42.127,71.6,3674.0,3016.2932,Semiconductors/Hardware,16949.0,16949.0,2024-06-05,1931869.0,Doctor Mark Gitin,IPG PHOTONICS CORP,CEO,2027-01-01,10.0,40.0,Executive Director,1.0,0.0,0.0,0.0,1.0,1.0,0.0,0.0,1.0,1.0,1967-06-15,M,,2606.581,0.02848439525815656,0.012826901183031663,-0.040479754009146385,7.793289852069415,0.8778400184797135,0.3487850004357333,1.0751979969310475,0.04842757437259722,58.0,0,1.0696467132820562,-0.3793636628611668,3.9639718650738267,-0.4961083873776064,0.17442398210701618
A,USD,STD,INDL,C,2836,12/31/19,176022,EMERGENT BIOSOLUTIONS INC,EBS,2019,2327.3,1088.5,820.5,2327.3,54.5,1106.0,214.2,51.7,53.95,2836.0,2789.215,Biotech,550958.0,550958.0,2019-04-01,510070.0,Bob Kramer Sr,EMERGENT BIOSOLUTIONS INC,President/CEO,2023-06-24,10.0,10.0,Executive Director,1.0,0.0,1.0,0.0,0.0,0.0,0.0,0.0,0.0,0.0,1957-06-15,M,,411.9,0.026175966461494903,0.02341769432389464,-0.056781512736070364,7.752464076350619,0.46770936278090486,0.9409595925439249,0.17698620719288444,0.0920379839298758,62.0,0,-0.6637970751564273,-0.2472783908292412,-0.17753790169760764,-0.006433528133942844,0.021768553178682218
A,USD,STD,INDL,C,2836,12/31/20,176022,EMERGENT BIOSOLUTIONS INC,EBS,2020,2883.2,1447.0,868.8,2883.2,305.1,1555.4,205.5,53.1,89.6,2836.0,4757.76,Biotech,550958.0,550958.0,2019-04-01,510070.0,Bob Kramer Sr,EMERGENT BIOSOLUTIONS INC,President/CEO,2023-06-24,10.0,10.0,Executive Director,1.0,0.0,1.0,0.0,0.0,0.0,0.0,0.0,0.0,0.0,1957-06-15,M,,701.6,0.043519709123099264,0.10581992230854607,0.045913161383638317,7.966656067414019,0.5018729189789124,1.1902845215972941,0.2433407325194229,0.07127497225305217,63.0,0,-0.6637970751564273,-0.2472783908292412,-0.17753790169760764,-0.006433528133942844,0.021768553178682218
A,USD,STD,INDL,C,2836,12/31/21,176022,EMERGENT BIOSOLUTIONS INC,EBS,2021,2959.0,1619.0,833.6,2959.0,230.9,1792.7,234.0,51.3,43.47,2836.0,2230.011,Biotech,550958.0,550958.0,2019-04-01,510070.0,Bob Kramer Sr,EMERGENT BIOSOLUTIONS INC,President/CEO,2023-06-24,10.0,10.0,Executive Director,1.0,0.0,1.0,0.0,0.0,0.0,0.0,0.0,0.0,0.0,1957-06-15,M,,941.7,0.03819182334610734,0.07803311929705982,0.012197522115641263,7.99260665240021,0.5471443055086178,0.32019784349978947,0.3182494085839811,0.07908077053058465,64.0,0,-0.6637970751564273,-0.2472783908292412,-0.17753790169760764,-0.006433528133942844,0.021768553178682218
A,USD,STD,INDL,C,2834,12/31/15,177287,JAZZ PHARMACEUTICALS PLC,JAZZ,2015,3359.663,1598.591,1166.916,3359.663,329.535,1324.803,135.253,61.305,140.56,2834.0,8617.0308,Biotech,488479.0,488479.0,2009-04-03,183256.0,Bruce Cozadd,JAZZ PHARMACEUTICALS PLC,Chairperson/CEO,2025-08-11,10.0,10.0,Executive Director,1.0,1.0,1.0,1.0,0.0,0.0,0.0,0.0,0.0,0.0,1964-06-15,M,,35.685,0.02098368644372293,0.09808573062238683,0.032436147504181265,8.11959595030806,0.47581885445058025,1.684617954313307,0.010621601035580058,0.040257906819820916,51.0,0,-0.6128736957646483,-0.09759737004036201,-0.15034967286003378,1.735222049293508,0.872841853845548
A,USD,STD,INDL,C,2834,12/31/16,177287,JAZZ PHARMACEUTICALS PLC,JAZZ,2016,4800.227,1877.284,1993.531,4800.227,396.831,1487.973,186.047,59.82,109.03,2834.0,6522.1746,Biotech,488479.0,488479.0,2009-04-03,183256.0,Bruce Cozadd,JAZZ PHARMACEUTICALS PLC,Chairperson/CEO,2025-08-11,10.0,10.0,Executive Director,1.0,1.0,1.0,1.0,0.0,0.0,0.0,0.0,0.0,0.0,1964-06-15,M,,212.046,0.022885794606130338,0.08266921543502005,0.032674954061924895,8.476418487444434,0.39108233839774664,1.245381796504698,0.044174160930306,0.03875795873820134,52.0,0,-0.6128736957646483,-0.09759737004036201,-0.15034967286003378,1.735222049293508,0.872841853845548
A,USD,STD,INDL,C,2834,12/31/17,177287,JAZZ PHARMACEUTICALS PLC,JAZZ,2017,5123.672,2713.042,1540.433,5123.672,487.848,1618.693,283.442,59.898,134.65,2834.0,8065.265700000001,Biotech,488479.0,488479.0,2009-04-03,183256.0,Bruce Cozadd,JAZZ PHARMACEUTICALS PLC,Chairperson/CEO,2025-08-11,10.0,10.0,Executive Director,1.0,1.0,1.0,1.0,0.0,0.0,0.0,0.0,0.0,0.0,1964-06-15,M,,777.55,0.018026533083819084,0.09521452583225469,0.03758033799559535,8.541626648477497,0.5295112567705349,1.0894961412835251,0.1517563965843247,0.055320090747417096,53.0,0,-0.6128736957646483,-0.09759737004036201,-0.15034967286003378,1.735222049293508,0.872841853845548
A,USD,STD,INDL,C,2834,12/31/18,177287,JAZZ PHARMACEUTICALS PLC,JAZZ,2018,5203.491,2757.367,1563.025,5203.491,447.098,1890.922,226.616,57.504,123.96,2834.0,7128.195839999999,Biotech,488479.0,488479.0,2009-04-03,183256.0,Bruce Cozadd,JAZZ PHARMACEUTICALS PLC,Chairperson/CEO,2025-08-11,10.0,10.0,Executive Director,1.0,1.0,1.0,1.0,0.0,0.0,0.0,0.0,0.0,0.0,1964-06-15,M,,643.731,0.019825177823146873,0.08592270074071427,0.009197545548803754,8.557085025471345,0.5299071334994142,0.9497819256505314,0.1237113699245372,0.04355076236319041,54.0,0,-0.6128736957646483,-0.09759737004036201,-0.15034967286003378,1.735222049293508,0.872841853845548
A,USD,STD,INDL,C,2834,12/31/19,177287,JAZZ PHARMACEUTICALS PLC,JAZZ,2019,5538.897,3110.926,1725.096,5538.897,523.367,2161.761,409.701,56.141,149.28,2834.0,8380.72848,Biotech,488479.0,488479.0,2009-04-03,183256.0,Bruce Cozadd,JAZZ PHARMACEUTICALS PLC,Chairperson/CEO,2025-08-11,10.0,10.0,Executive Director,1.0,1.0,1.0,1.0,0.0,0.0,0.0,0.0,0.0,0.0,1964-06-15,M,,844.894,0.017131057347382076,0.0944893902161387,0.014290183156173697,8.619550662445873,0.5616508124270951,0.9910144104345299,0.15253831223075642,0.07396797593455881,55.0,0,-0.6128736957646483,-0.09759737004036201,-0.15034967286003378,1.735222049293508,0.872841853845548
A,USD,STD,INDL,C,3674,12/31/16,175404,FIRST SOLAR INC,FSLR,2016,6867.213,5212.687,193.736,6867.213,-357.964,2951.328,124.762,104.035,32.09,3674.0,3338.48315,Semiconductors/Hardware,897123.0,897123.0,2016-07-01,488928.0,Mark Widmar,FIRST SOLAR INC,CEO,2027-01-01,10.0,40.0,Executive Director,1.0,0.0,1.0,0.0,0.0,0.0,0.0,0.0,0.0,0.0,1965-06-15,M,,2453.372,0.02912976367148608,-0.05212653226279715,-0.1021207936358923,8.834513626051383,0.7590687808868023,-0.44557890465500327,0.35725875984915567,0.01816777781612424,51.0,0,-0.6637970751564273,-0.2472783908292412,-0.17753790169760764,-0.006433528133942844,0.021768553178682218
A,USD,STD,INDL,C,3674,12/31/19,175955,IPG PHOTONICS CORP,IPGP,2019,2730.436,2401.726,58.378,2730.436,180.234,1314.581,129.997,53.011,144.92,3674.0,7682.35412,Semiconductors/Hardware,16949.0,16949.0,1998-01-02,552050.0,Doctor Valentin Gapontsev,IPG PHOTONICS CORP,Chairman/CEO,2021-05-04,30.0,10.0,Executive Director,0.0,0.0,0.0,0.0,1.0,0.0,0.0,0.0,1.0,0.0,1939-02-23,M,,1881.815,0.02762501287044726,0.06600923808505309,-0.014189968974911912,7.912216582386914,0.8796126332937304,1.1627383806876013,0.689199453860116,0.047610345014495854,80.0,0,1.3517165862897502,-0.13620231167584254,-0.13776643091151977,-0.5297285745900591,-1.7663575495855306
A,USD,STD,INDL,C,2834,12/31/21,177287,JAZZ PHARMACEUTICALS PLC,JAZZ,2021,12298.639,3965.136,6112.412,12298.639,-329.668,3094.238,505.748,61.633,127.4,2834.0,7852.0442,Biotech,488479.0,488479.0,2009-04-03,183256.0,Bruce Cozadd,JAZZ PHARMACEUTICALS PLC,Chairperson/CEO,2025-08-11,10.0,10.0,Executive Director,1.0,1.0,1.0,1.0,0.0,0.0,0.0,0.0,0.0,0.0,1964-06-15,M,,430.338,0.019307531760241588,-0.026805242433735964,-0.09264083961515451,9.417243884831796,0.32240445467177303,0.6832337509127652,0.0349907010035826,0.04112227377354519,57.0,0,-0.6128736957646483,-0.09759737004036201,-0.15034967286003378,1.735222049293508,0.872841853845548
A,USD,STD,INDL,C,3674,12/31/24,160888,MONOLITHIC POWER SYSTEMS INC,MPWR,2024,3617.097,3145.767,12.974,3617.097,1786.7,2207.1,324.748,47.823,591.7,3674.0,28296.869100000004,Semiconductors/Hardware,580845.0,580845.0,2010-01-01,447596.0,Michael Hsing,MONOLITHIC POWER SYSTEMS INC,Chairman/President/CEO,2027-01-01,30.0,40.0,Executive Director,1.0,0.0,0.0,0.0,0.0,0.0,0.0,0.0,0.0,0.0,1959-06-15,M,Asian Association Network,2438.95,0.03399125504171733,0.49395965880926057,0.436890539621239,8.193427049397318,0.8696938456447255,2.1966934264281277,0.6742838248462786,0.08978139098840865,65.0,0,-0.6773650833982051,-0.27530597743840163,-0.18806471044490725,-0.6182375476915621,0.1164894900028803
A,USD,STD,INDL,C,2834,3/31/23,162335,PRESTIGE CONSUMER HEALTHCARE,PBH,2022,3353.729,1447.084,1357.331,3353.729,-82.306,1127.725,0.0,49.692,62.63,5122.0,3112.20996,Biotech,1692432.0,1692432.0,2009-07-01,1376569.0,George Paleologou,PREMIUM BRANDS HOLDINGS CORP (Premium Brands Income Fund prior to 07/2009),President/CEO,2027-01-01,20.0,40.0,Executive Director,1.0,0.0,0.0,0.0,0.0,0.0,0.0,0.0,0.0,0.0,1960-06-15,M,,1195.132,0.017251179343121488,-0.02454163708516699,-0.08159688233114162,8.11782814007282,0.4314850722881903,0.7657825748018802,0.3563591452976672,0.0,62.0,0,-0.6773650833982051,-0.27530597743840163,-0.18806471044490725,-0.6182375476915621,0.1164894900028803
A,USD,STD,INDL,C,2834,3/31/24,162335,PRESTIGE CONSUMER HEALTHCARE,PBH,2023,3318.417,1655.084,1133.504,3318.417,209.339,1125.357,0.0,49.821,72.56,5122.0,3615.01176,Biotech,600759.0,600759.0,2017-05-01,1094011.0,Ron Lombardi,PRESTIGE CONSUMER HEALTHCARE INC (Prestige Brands Holdings (PBH) Inc prior to 08/2018),Chairman/President/CEO,2027-01-01,20.0,40.0,Executive Director,1.0,0.0,1.0,0.0,0.0,0.0,0.0,0.0,0.0,0.0,1964-06-15,M,,1100.294,0.013401241505230402,0.06308399456728916,0.014393734952652879,8.107243140972905,0.49875708809350966,0.7812433458894406,0.3315719513249842,0.0,59.0,0,-0.6637970751564273,-0.2472783908292412,-0.17753790169760764,-0.006433528133942844,0.021768553178682218
A,USD,STD,INDL,C,2834,3/31/25,162335,PRESTIGE CONSUMER HEALTHCARE,PBH,2024,3402.218,1834.897,1035.713,3402.218,214.605,1137.762,0.0,49.509,85.97,2834.0,4256.28873,Biotech,600759.0,600759.0,2017-05-01,1094011.0,Ron Lombardi,PRESTIGE CONSUMER HEALTHCARE INC (Prestige Brands Holdings (PBH) Inc prior to 08/2018),Chairman/President/CEO,2027-01-01,20.0,40.0,Executive Director,1.0,0.0,1.0,0.0,0.0,0.0,0.0,0.0,0.0,0.0,1964-06-15,M,,1306.702,0.014390017052577166,0.06307796854875261,0.0060088493607310875,8.132182850855743,0.5393237587949978,0.841409241292805,0.384073566126568,0.0,60.0,0,-0.6637970751564273,-0.2472783908292412,-0.17753790169760764,-0.006433528133942844,0.021768553178682218
I,USD,STD,INDL,C,7372,12/31/20,170335,PROOFPOINT INC,PFPT,2020,2498.71,441.744,962.067,2498.71,-163.809,1050.01,283.799,57.178,136.41,7372.0,7799.650979999999,Software,1813890.0,1813890.0,2018-07-09,1252966.0,Gary Steele,PROOFPOINT INC (De-listed 08/2021),Chairman/CEO,2021-08-31,10.0,10.0,Executive Director,1.0,0.0,0.0,0.0,0.0,0.0,0.0,0.0,0.0,0.0,1962-06-15,M,,-889.403,0.029533847506491642,-0.06555742763265845,-0.12546418855756622,7.823529877682478,0.17678882303268487,2.871103736758087,-0.35594486755165666,0.1135782063544789,58.0,0,-0.6773650833982051,-0.27530597743840163,-0.18806471044490725,-0.6182375476915621,0.1164894900028803
I,USD,STD,INDL,C,7372,1/31/19,170616,SPLUNK INC,SPLK,2018,4500.243,1520.457,1634.474,4500.243,-275.577,1803.01,441.969,149.167,124.84,7372.0,18622.00828,Software,1813585.0,1813585.0,2015-11-19,339339.0,Doug Merritt,SPLUNK INC (De-listed 03/2024),President/CEO,2021-11-13,10.0,10.0,Executive Director,1.0,0.0,0.0,0.0,0.0,0.0,0.0,0.0,0.0,0.0,1964-06-15,M,,-1279.731,0.029228011015743346,-0.061236026587897584,-0.1379611817798081,8.411886674300463,0.33786108883453625,2.5053331745372223,-0.28436931072388755,0.09821002999171377,54.0,0,-0.6773650833982051,-0.27530597743840163,-0.18806471044490725,-0.6182375476915621,0.1164894900028803
I,USD,STD,INDL,C,7372,1/31/20,170616,SPLUNK INC,SPLK,2019,5439.471,1999.429,1950.261,5439.471,-336.668,2358.926,619.8,157.788,155.26,7372.0,24498.16488,Software,1813585.0,1813585.0,2015-11-19,339339.0,Doug Merritt,SPLUNK INC (De-listed 03/2024),President/CEO,2021-11-13,10.0,10.0,Executive Director,1.0,0.0,0.0,0.0,0.0,0.0,0.0,0.0,0.0,0.0,1964-06-15,M,,-1234.55,0.022768167919087177,-0.06189351868959317,-0.14209272574955817,8.601437092474557,0.3675778398303806,2.5057365720911178,-0.22696140856344305,0.1139449038334794,55.0,0,-0.6773650833982051,-0.27530597743840163,-0.18806471044490725,-0.6182375476915621,0.1164894900028803
I,USD,STD,INDL,C,7372,1/31/21,170616,SPLUNK INC,SPLK,2020,5868.486,1594.005,2633.605,5868.486,-907.98,2229.385,791.026,163.147,165.03,7372.0,26924.14941,Software,1813585.0,1813585.0,2015-11-19,339339.0,Doug Merritt,SPLUNK INC (De-listed 03/2024),President/CEO,2021-11-13,10.0,10.0,Executive Director,1.0,0.0,0.0,0.0,0.0,0.0,0.0,0.0,0.0,0.0,1964-06-15,M,,-1566.783,0.038228194964764,-0.1547213369853826,-0.21462809791029036,8.677351957919202,0.27162116430029826,2.826773914331128,-0.26698248918034395,0.13479217638075647,56.0,0,-0.6773650833982051,-0.27530597743840163,-0.18806471044490725,-0.6182375476915621,0.1164894900028803
I,USD,STD,INDL,C,7372,1/31/22,170616,SPLUNK INC,SPLK,2021,5790.875,222.771,3363.287,5790.875,-1339.097,2673.664,1029.574,160.045,123.92,7372.0,19832.7764,Software,1813585.0,1813585.0,2021-11-13,271741.0,Graham Smith,SPLUNK INC (De-listed 03/2024),Chair/Interim CEO,2022-04-11,10.0,10.0,Executive Director,1.0,0.0,0.0,0.0,0.0,0.0,0.0,0.0,0.0,0.0,1960-06-15,M,,-2470.043,0.0268541524829774,-0.23124260150668077,-0.2970781986880993,8.664038681774382,0.03846931594966218,4.48894688379759,-0.4265405487080968,0.17779247523042718,61.0,0,-0.6773650833982051,-0.27530597743840163,-0.18806471044490725,-0.6182375476915621,0.1164894900028803
I,USD,STD,INDL,C,7372,1/31/23,170616,SPLUNK INC,SPLK,2022,6343.923,-110.513,3301.557,6343.923,-277.862,3653.708,997.17,164.834,95.77,7372.0,15786.15218,Software,1813585.0,1813585.0,2022-04-11,1252966.0,Gary Steele,SPLUNK INC (De-listed 03/2024),President/CEO,2024-03-18,10.0,10.0,Executive Director,1.0,0.0,0.0,0.0,0.0,0.0,0.0,0.0,0.0,0.0,1962-06-15,M,,-3809.747,0.03973894889506502,-0.04379971194480135,-0.100854957190776,8.755252625788312,-0.017420293405200536,,-0.6005348740834339,0.157185073021851,60.0,0,-0.6773650833982051,-0.27530597743840163,-0.18806471044490725,-0.6182375476915621,0.1164894900028803
A,USD,STD,INDL,C,3674,12/31/21,160888,MONOLITHIC POWER SYSTEMS INC,MPWR,2021,1585.825,1243.985,3.268,1585.825,242.023,1207.798,190.627,46.256,493.33,3674.0,22819.47248,Semiconductors/Hardware,580845.0,580845.0,2010-01-01,447596.0,Michael Hsing,MONOLITHIC POWER SYSTEMS INC,Chairman/President/CEO,2027-01-01,30.0,40.0,Executive Director,1.0,0.0,0.0,0.0,0.0,0.0,0.0,0.0,0.0,0.0,1959-06-15,M,Asian Association Network,440.759,0.025083308206337758,0.1526164614632762,0.08678086428185765,7.368860055627642,0.7844402755663455,2.909294291235843,0.27793672063437014,0.12020683240584554,62.0,0,-0.6773650833982051,-0.27530597743840163,-0.18806471044490725,-0.6182375476915621,0.1164894900028803
A,USD,STD,INDL,C,3674,12/31/22,160888,MONOLITHIC POWER SYSTEMS INC,MPWR,2022,2058.885,1668.602,1.664,2058.885,437.672,1794.148,240.171,47.107,353.61,3674.0,16657.50627,Semiconductors/Hardware,580845.0,580845.0,2010-01-01,447596.0,Michael Hsing,MONOLITHIC POWER SYSTEMS INC,Chairman/President/CEO,2027-01-01,30.0,40.0,Executive Director,1.0,0.0,0.0,0.0,0.0,0.0,0.0,0.0,0.0,0.0,1959-06-15,M,Asian Association Network,693.326,0.03869256680210135,0.2125771959094364,0.15552195066346178,7.629919853112476,0.810439631159584,2.3008747917667765,0.33674828851538574,0.11665100284862921,63.0,0,-0.6773650833982051,-0.27530597743840163,-0.18806471044490725,-0.6182375476915621,0.1164894900028803
A,USD,STD,INDL,C,3674,12/31/23,160888,MONOLITHIC POWER SYSTEMS INC,MPWR,2023,2434.353,2049.939,5.565,2434.353,427.374,1821.072,263.643,48.028,630.78,3674.0,30295.10184,Semiconductors/Hardware,580845.0,580845.0,2010-01-01,447596.0,Michael Hsing,MONOLITHIC POWER SYSTEMS INC,Chairman/President/CEO,2027-01-01,30.0,40.0,Executive Director,1.0,0.0,0.0,0.0,0.0,0.0,0.0,0.0,0.0,0.0,1959-06-15,M,Asian Association Network,920.002,0.030403340604708683,0.17555958400445623,0.12686932438981996,7.797436291791063,0.842087815530451,2.6931760073920947,0.3779246477400771,0.10830105576307132,64.0,0,-0.6773650833982051,-0.27530597743840163,-0.18806471044490725,-0.6182375476915621,0.1164894900028803
A,USD,STD,INDL,C,3674,12/31/25,160888,MONOLITHIC POWER SYSTEMS INC,MPWR,2025,4194.199,3531.497,19.972,4194.199,621.483,2790.459,382.263,48.709,906.36,3674.0,44147.88924,Semiconductors/Hardware,580845.0,580845.0,2010-01-01,447596.0,Michael Hsing,MONOLITHIC POWER SYSTEMS INC,Chairman/President/CEO,2027-01-01,30.0,40.0,Executive Director,1.0,0.0,0.0,0.0,0.0,0.0,0.0,0.0,0.0,0.0,1959-06-15,M,Asian Association Network,2594.499,0.036888723089238545,0.1481768032465794,0.09487014805440135,8.3414576590725,0.8419955753172418,2.5258232567044696,0.6185922508684019,0.09114088291947998,66.0,0,-0.6773650833982051,-0.27530597743840163,-0.18806471044490725,-0.6182375476915621,0.1164894900028803
A,USD,STD,INDL,C,3674,12/31/18,175955,IPG PHOTONICS CORP,IPGP,2018,2574.45,2205.548,41.707,2574.45,404.027,1459.874,122.769,52.942,113.29,3674.0,5997.79918,Semiconductors/Hardware,16949.0,16949.0,1998-01-02,552050.0,Doctor Valentin Gapontsev,IPG PHOTONICS CORP,Chairman/CEO,2021-05-04,30.0,10.0,Executive Director,0.0,0.0,0.0,0.0,1.0,0.0,0.0,0.0,1.0,0.0,1939-02-23,M,,1685.604,0.03174258633262236,0.15693720988949098,0.08021205469758046,7.853391198050757,0.8567064809959408,1.000416594507507,0.6547433432383617,0.047687467226009445,79.0,0,1.3517165862897502,-0.13620231167584254,-0.13776643091151977,-0.5297285745900591,-1.7663575495855306
A,USD,STD,INDL,C,2836,12/31/25,174134,PTC THERAPEUTICS INC,PTCT,2025,2898.767,-205.313,2121.949,2898.767,682.644,1730.655,455.249,81.474,75.96,2836.0,6188.76504,Biotech,1959651.0,1959651.0,2023-03-22,2299828.0,Doctor Matthew Klein,PTC THERAPEUTICS INC,President/CEO,2027-01-01,10.0,40.0,Executive Director,1.0,1.0,0.0,0.0,0.0,0.0,1.0,1.0,1.0,0.0,1971-06-15,M,,-2953.728,0.031816928575731325,0.23549460856978158,0.18218795337760352,7.972040753149353,-0.07082770019115024,,-1.0189601302898785,0.1570491867749288,54.0,0,1.5747316371820663,5.008075505481034,-0.59800472420945,-0.14647564644590708,2.0617153513869266
A,USD,STD,INDL,C,7372,12/31/15,171007,SERVICENOW INC,NOW,2015,1807.052,566.814,474.534,1807.052,-198.426,1005.48,217.389,160.786,86.56,7372.0,13917.63616,Software,1830138.0,1830138.0,2012-06-29,843302.0,Frank Slootman,SERVICENOW INC,President/CEO,2016-10-25,10.0,10.0,Executive Director,0.0,0.0,0.0,0.0,0.0,0.0,0.0,0.0,0.0,0.0,1958-10-01,M,,-573.891,0.02000839071403433,-0.10980646932130343,-0.175456052439509,7.4994520671565965,0.31366778598512934,3.2008808957940165,-0.31758410936707965,0.12030035660290905,57.0,0,-0.6720449074444793,-0.23674111240146314,-0.1428900246012513,-0.648546397838306,-0.5106751006852247
A,USD,STD,INDL,C,7372,12/31/16,171007,SERVICENOW INC,NOW,2016,2033.767,386.961,507.812,2033.767,-451.804,1390.513,285.239,167.431,74.34,7372.0,12446.82054,Software,1830138.0,1830138.0,2016-10-25,843302.0,Frank Slootman,SERVICENOW INC,Chairman/President/CEO,2017-04-03,10.0,10.0,Executive Director,0.0,0.0,0.0,0.0,0.0,0.0,0.0,0.0,0.0,0.0,1958-10-01,M,,-1018.523,0.027477502382712623,-0.22215130838488378,-0.27214556975797893,7.617645017441151,0.19026810839196429,3.470896578207184,-0.5008061395430253,0.14025156274047124,58.0,0,-0.6720449074444793,-0.23674111240146314,-0.1428900246012513,-0.648546397838306,-0.5106751006852247
A,USD,STD,INDL,C,7372,12/31/17,171007,SERVICENOW INC,NOW,2017,3397.904,584.132,630.018,3397.904,-149.13,1933.026,377.518,174.276,130.39,7372.0,22723.84764,Software,1830138.0,1830138.0,2017-04-03,103257.0,John Donahoe II,SERVICENOW INC,President/CEO,2019-11-18,10.0,10.0,Executive Director,1.0,1.0,1.0,1.0,0.0,0.0,0.0,0.0,0.0,0.0,1960-04-30,M,,-1147.409,0.015189880749812677,-0.043888820873102946,-0.10152300870976229,8.130914049919895,0.17190950656640092,3.6610432241639046,-0.33768140594907925,0.11110319773601608,57.0,0,-0.6128736957646483,-0.09759737004036201,-0.15034967286003378,1.735222049293508,0.872841853845548
A,USD,STD,INDL,C,7372,12/31/18,171007,SERVICENOW INC,NOW,2018,3879.14,1111.199,661.707,3879.14,-26.704,2608.816,529.501,180.175,178.05,7372.0,32080.15875,Software,1830138.0,1830138.0,2017-04-03,103257.0,John Donahoe II,SERVICENOW INC,President/CEO,2019-11-18,10.0,10.0,Executive Director,1.0,1.0,1.0,1.0,0.0,0.0,0.0,0.0,0.0,0.0,1960-04-30,M,,-982.815,0.024183491123662994,-0.006884000061869384,-0.0836091552537799,8.263368758564905,0.286454987445671,3.362798119022568,-0.25335899194151285,0.1364995849595529,58.0,0,-0.6128736957646483,-0.09759737004036201,-0.15034967286003378,1.735222049293508,0.872841853845548
A,USD,STD,INDL,C,7372,12/31/19,171007,SERVICENOW INC,NOW,2019,6022.43,2127.941,1078.202,6022.43,626.698,3460.437,748.369,189.461,282.32,7372.0,53488.62952,Software,1830138.0,1830138.0,2019-11-18,206474.0,Bill McDermott,SERVICENOW INC,President/CEO,2022-10-25,10.0,10.0,Executive Director,1.0,0.0,1.0,1.0,0.0,0.0,0.0,0.0,0.0,0.0,1961-06-15,M,,-326.989,0.022437453059084046,0.10406065325790419,0.023861446197939187,8.703246111341361,0.3533359457893242,3.2243142534461873,-0.054295193136325366,0.12426362780472335,58.0,0,-0.5986162497683529,-0.13342965404338525,-0.11640577451831292,1.683520041240194,0.08550762578148682
A,USD,STD,INDL,C,7372,12/31/20,171007,SERVICENOW INC,NOW,2020,8715.057,2834.481,2062.932,8715.057,118.503,4519.484,1024.327,195.844,550.43,7372.0,107798.41292,Software,1830138.0,1830138.0,2019-11-18,206474.0,Bill McDermott,SERVICENOW INC,President/CEO,2022-10-25,10.0,10.0,Executive Director,1.0,0.0,1.0,1.0,0.0,0.0,0.0,0.0,0.0,0.0,1961-06-15,M,,-139.512,0.031459869563986255,0.013597501427701504,-0.046309259497206254,9.072807498380238,0.3252395251115397,3.638404084280029,-0.01600815691739021,0.11753531847238634,59.0,0,-0.5986162497683529,-0.13342965404338525,-0.11640577451831292,1.683520041240194,0.08550762578148682
A,USD,STD,INDL,C,7372,12/31/21,171007,SERVICENOW INC,NOW,2021,10798.0,3695.0,2040.0,10798.0,230.0,5896.0,1397.0,199.608,649.11,7372.0,129567.54888,Software,1830138.0,1830138.0,2019-11-18,206474.0,Bill McDermott,SERVICENOW INC,President/CEO,2022-10-25,10.0,10.0,Executive Director,1.0,0.0,1.0,1.0,0.0,0.0,0.0,0.0,0.0,0.0,1961-06-15,M,,30.0,0.02237451791436818,0.021300240785330618,-0.04453535639608794,9.287116210778231,0.3421929987034636,3.5572218037196417,0.0027782922763474717,0.12937581033524725,60.0,0,-0.5986162497683529,-0.13342965404338525,-0.11640577451831292,1.683520041240194,0.08550762578148682
A,USD,STD,INDL,C,7372,12/31/22,171007,SERVICENOW INC,NOW,2022,13299.0,5032.0,2136.0,13299.0,325.0,7245.0,1768.0,202.882,388.27,7372.0,78772.99414,Software,1830138.0,1830138.0,2022-10-25,206474.0,Bill McDermott,SERVICENOW INC,Chairman/CEO,2027-01-01,10.0,40.0,Executive Director,1.0,0.0,1.0,1.0,0.0,0.0,0.0,0.0,0.0,0.0,1961-06-15,M,,236.0,0.03514270636451016,0.024437927663734114,-0.032617317582240526,9.495444123413163,0.3783743138581848,2.750752704766453,0.017745695165050004,0.13294232649071358,61.0,0,-0.5986162497683529,-0.13342965404338525,-0.11640577451831292,1.683520041240194,0.08550762578148682
A,USD,STD,INDL,C,7372,12/31/23,171007,SERVICENOW INC,NOW,2023,17387.0,7628.0,2195.0,17387.0,1731.0,8971.0,2124.0,204.724,706.49,7372.0,144635.45876,Software,1830138.0,1830138.0,2022-10-25,206474.0,Bill McDermott,SERVICENOW INC,Chairman/CEO,2027-01-01,10.0,40.0,Executive Director,1.0,0.0,1.0,1.0,0.0,0.0,0.0,0.0,0.0,0.0,1961-06-15,M,,2032.0,0.019838140536810208,0.09955714039224708,0.0508668807776108,9.76347807952779,0.4387185828492552,2.942390811565457,0.11686892505895209,0.12216023465807788,62.0,0,-0.5986162497683529,-0.13342965404338525,-0.11640577451831292,1.683520041240194,0.08550762578148682
A,USD,STD,INDL,C,7372,12/31/24,171007,SERVICENOW INC,NOW,2024,20383.0,9609.0,2176.0,20383.0,1425.0,10984.0,2543.0,206.487,1060.12,7372.0,218900.99843999997,Software,1830138.0,1830138.0,2022-10-25,206474.0,Bill McDermott,SERVICENOW INC,Chairman/CEO,2027-01-01,10.0,40.0,Executive Director,1.0,0.0,1.0,1.0,0.0,0.0,0.0,0.0,0.0,0.0,1961-06-15,M,,3426.0,0.021398434768059756,0.06991120051022912,0.012842081322207592,9.922456499083731,0.4714222636510818,3.125919406392768,0.1680812441740666,0.12476083010351764,63.0,0,-0.5986162497683529,-0.13342965404338525,-0.11640577451831292,1.683520041240194,0.08550762578148682
A,USD,STD,INDL,C,7372,12/31/25,171007,SERVICENOW INC,NOW,2025,26038.0,12964.0,2291.0,26038.0,1748.0,13278.0,2960.0,1047.278,153.19,7372.0,160432.51682,Software,1830138.0,1830138.0,2022-10-25,206474.0,Bill McDermott,SERVICENOW INC,Chairman/CEO,2027-01-01,10.0,40.0,Executive Director,1.0,0.0,1.0,1.0,0.0,0.0,0.0,0.0,0.0,0.0,1961-06-15,M,,5261.0,0.025388739986525313,0.06713265227744067,0.013825997085262623,10.167312288457342,0.49788770258852444,2.5156971129242267,0.20205084875950532,0.1136800061448652,64.0,0,-0.5986162497683529,-0.13342965404338525,-0.11640577451831292,1.683520041240194,0.08550762578148682
A,USD,STD,INDL,C,3674,12/31/16,175955,IPG PHOTONICS CORP,IPGP,2016,1789.999,1557.558,37.635,1789.999,260.752,1006.173,78.552,53.252,98.71,3674.0,5256.50492,Semiconductors/Hardware,16949.0,16949.0,1998-01-02,552050.0,Doctor Valentin Gapontsev,IPG PHOTONICS CORP,Chairman/CEO,2021-05-04,30.0,10.0,Executive Director,0.0,0.0,0.0,0.0,1.0,0.0,0.0,0.0,1.0,0.0,1939-02-23,M,,915.525,0.019626936358597795,0.14567158976066466,0.09567732838756951,7.489970340175427,0.8701446201925253,1.2163471318658907,0.5114667661825509,0.04388382339878402,77.0,0,1.3517165862897502,-0.13620231167584254,-0.13776643091151977,-0.5297285745900591,-1.7663575495855306
A,USD,STD,INDL,C,3674,12/31/17,175955,IPG PHOTONICS CORP,IPGP,2017,2367.255,2022.322,45.378,2367.255,347.614,1408.889,100.87,53.629,214.13,3674.0,11483.57777,Semiconductors/Hardware,16949.0,16949.0,1998-01-02,552050.0,Doctor Valentin Gapontsev,IPG PHOTONICS CORP,Chairman/CEO,2021-05-04,30.0,10.0,Executive Director,0.0,0.0,0.0,0.0,1.0,0.0,0.0,0.0,1.0,0.0,1939-02-23,M,,1366.523,0.017765921837681196,0.14684265108744093,0.08920846325078159,7.7694863350168335,0.854289884275247,1.7366716385882504,0.5772605824045148,0.042610534141864734,78.0,0,1.3517165862897502,-0.13620231167584254,-0.13776643091151977,-0.5297285745900591,-1.7663575495855306
A,USD,STD,INDL,C,2834,12/31/20,177287,JAZZ PHARMACEUTICALS PLC,JAZZ,2020,6535.901,3659.69,1988.551,6535.901,238.616,2363.567,722.764,56.171,165.05,2834.0,9271.02355,Biotech,488479.0,488479.0,2009-04-03,183256.0,Bruce Cozadd,JAZZ PHARMACEUTICALS PLC,Chairperson/CEO,2025-08-11,10.0,10.0,Executive Director,1.0,1.0,1.0,1.0,0.0,0.0,0.0,0.0,0.0,0.0,1964-06-15,M,,1026.014,0.028592700592731397,0.0365085089263133,-0.02339825199859446,8.785065489546298,0.5599365718666791,0.9295153444281504,0.1569812639450934,0.1105836823415777,56.0,0,-0.6128736957646483,-0.09759737004036201,-0.15034967286003378,1.735222049293508,0.872841853845548
A,USD,STD,INDL,C,2834,12/31/22,177287,JAZZ PHARMACEUTICALS PLC,JAZZ,2022,10835.255,3085.679,5770.389,10835.255,-224.06,3659.374,1168.249,63.212,159.31,2834.0,10070.30372,Biotech,488479.0,488479.0,2009-04-03,183256.0,Bruce Cozadd,JAZZ PHARMACEUTICALS PLC,Chairperson/CEO,2025-08-11,10.0,10.0,Executive Director,1.0,1.0,1.0,1.0,0.0,0.0,0.0,0.0,0.0,0.0,1964-06-15,M,,-391.451,0.02045275905677641,-0.02067879343864081,-0.07773403868461545,9.290560448534313,0.2847813918546449,1.1828191367652852,-0.03612752999352577,0.10781924375568458,58.0,0,-0.6128736957646483,-0.09759737004036201,-0.15034967286003378,1.735222049293508,0.872841853845548
A,USD,STD,INDL,C,3674,1/31/23,117768,NVIDIA CORP,NVDA,2022,41182.0,22101.0,10605.0,41182.0,4368.0,26974.0,7339.0,2466.0,195.37,3674.0,481782.42,Semiconductors/Hardware,22806.0,22806.0,1993-04-01,83377.0,Jensen Huang,NVIDIA CORP,President/CEO,2027-01-01,20.0,40.0,Executive Director,1.0,0.0,0.0,0.0,0.0,0.0,0.0,0.0,1.0,1.0,1963-02-17,M,Asian Association Network,16224.0,0.03982313514856625,0.10606575688407557,0.04901051163810093,10.625756546668091,0.5366665047836433,3.0818697449769106,0.3939585255694235,0.17820892622990628,59.0,0,1.5764848428835998,-0.142984627539358,-0.4574939900475732,-0.6449475881648674,0.986169623191155
A,USD,STD,INDL,C,3674,12/31/24,187450,ENPHASE ENERGY INC,ENPH,2024,3249.676,833.016,1224.133,3249.676,102.658,1330.383,201.315,132.448,68.68,3674.0,9096.528640000002,Semiconductors/Hardware,1810090.0,1810090.0,2017-09-03,1197971.0,Badri Kothandaraman,ENPHASE ENERGY INC,President/CEO,2027-01-01,10.0,40.0,Executive Director,1.0,0.0,0.0,0.0,0.0,0.0,0.0,0.0,1.0,1.0,1971-06-15,M,,-251.558,0.03994647406310622,0.03159022622562988,-0.02547889296239164,8.086310578046483,0.25633817032836503,2.3905953019301465,-0.07741017873781879,0.06194925278704708,53.0,0,1.5764848428835998,-0.142984627539358,-0.4574939900475732,-0.6449475881648674,0.986169623191155
A,USD,STD,INDL,C,3674,12/31/15,184725,NXP SEMICONDUCTORS NV,NXPI,2015,26354.0,11515.0,8656.0,26354.0,1526.0,6101.0,890.0,342.004,84.25,3674.0,28813.837000000003,Semiconductors/Hardware,1656513.0,1656513.0,2010-08-06,82157.0,Rick Clemmer,NXP SEMICONDUCTORS NV,President/CEO,2018-09-09,10.0,10.0,Executive Director,1.0,0.0,1.0,0.0,0.0,0.0,0.0,0.0,0.0,0.0,1951-06-15,M,,-3361.0,0.028413514528046604,0.05790392350307354,-0.007745659615132031,10.179375345105198,0.43693556955300905,0.917205189878327,-0.12753282234195948,0.03377096455945967,64.0,0,-0.6637970751564273,-0.2472783908292412,-0.17753790169760764,-0.006433528133942844,0.021768553178682218
A,USD,STD,INDL,C,3674,12/31/16,184725,NXP SEMICONDUCTORS NV,NXPI,2016,24898.0,10935.0,8766.0,24898.0,200.0,9498.0,1560.0,335.393,98.01,3674.0,32871.86793,Semiconductors/Hardware,1656513.0,1656513.0,2010-08-06,82157.0,Rick Clemmer,NXP SEMICONDUCTORS NV,President/CEO,2018-09-09,10.0,10.0,Executive Director,1.0,0.0,1.0,0.0,0.0,0.0,0.0,0.0,0.0,0.0,1951-06-15,M,,-3900.0,0.023633337889277975,0.0080327737167644,-0.04196148765633076,10.122542757941732,0.4391919029640935,1.1006485597392688,-0.15663908747690578,0.06265563499076231,65.0,0,-0.6637970751564273,-0.2472783908292412,-0.17753790169760764,-0.006433528133942844,0.021768553178682218
A,USD,STD,INDL,C,3674,12/31/17,184725,NXP SEMICONDUCTORS NV,NXPI,2017,24049.0,13527.0,5814.0,24049.0,2215.0,9256.0,1577.0,342.925,117.09,3674.0,40153.08825,Semiconductors/Hardware,1656513.0,1656513.0,2010-08-06,82157.0,Rick Clemmer,NXP SEMICONDUCTORS NV,President/CEO,2018-09-09,10.0,10.0,Executive Director,1.0,0.0,1.0,0.0,0.0,0.0,0.0,0.0,0.0,0.0,1951-06-15,M,,-2162.0,0.004183828169587926,0.09210362177221507,0.034469433935555724,10.087848694627853,0.5624766102540646,1.0880116671359101,-0.08989978793297018,0.06557445216017298,66.0,0,-0.6637970751564273,-0.2472783908292412,-0.17753790169760764,-0.006433528133942844,0.021768553178682218
A,USD,STD,INDL,C,3674,12/31/18,184725,NXP SEMICONDUCTORS NV,NXPI,2018,21530.0,10505.0,6247.0,21530.0,2208.0,9407.0,1700.0,292.79,73.28,3674.0,21455.6512,Semiconductors/Hardware,1656513.0,1656513.0,2018-09-09,82157.0,Rick Clemmer,NXP SEMICONDUCTORS NV,CEO,2020-05-27,10.0,10.0,Executive Director,1.0,0.0,1.0,0.0,0.0,0.0,0.0,0.0,0.0,0.0,1951-06-15,M,,-1784.0,0.024766334940404533,0.1025545750116117,0.025829419819701188,9.97720259035841,0.48792382721783556,0.7141367355852388,-0.0828611240130051,0.07895959126799815,67.0,0,-0.6637970751564273,-0.2472783908292412,-0.17753790169760764,-0.006433528133942844,0.021768553178682218
A,USD,STD,INDL,C,3674,12/31/19,184725,NXP SEMICONDUCTORS NV,NXPI,2019,20016.0,9441.0,7564.0,20016.0,243.0,8877.0,1643.0,281.437,127.26,3674.0,35815.672620000005,Semiconductors/Hardware,1656513.0,1656513.0,2018-09-09,82157.0,Rick Clemmer,NXP SEMICONDUCTORS NV,CEO,2020-05-27,10.0,10.0,Executive Director,1.0,0.0,1.0,0.0,0.0,0.0,0.0,0.0,0.0,0.0,1951-06-15,M,,-2770.0,0.021833025758573932,0.012140287769784174,-0.06805891929018082,9.904287232706693,0.4716726618705036,1.3333236735389598,-0.13838928856914468,0.08208433253397282,68.0,0,-0.6637970751564273,-0.2472783908292412,-0.17753790169760764,-0.006433528133942844,0.021768553178682218
A,USD,STD,INDL,C,3674,12/31/20,184725,NXP SEMICONDUCTORS NV,NXPI,2020,19847.0,8944.0,7786.0,19847.0,52.0,8612.0,1725.0,280.475,159.01,3674.0,44598.32975,Semiconductors/Hardware,1656513.0,1656513.0,2020-05-27,1096978.0,Kurt Sievers,NXP SEMICONDUCTORS NV,President/CEO,2025-04-28,10.0,10.0,Executive Director,0.0,0.0,1.0,0.0,0.0,0.0,0.0,0.0,1.0,0.0,1969-01-01,M,,-4211.0,0.03816224279042459,0.002620043331485867,-0.05728671759342189,9.895808141192258,0.4506474530155691,1.6067134923604534,-0.2121731244016728,0.08691489897717539,51.0,0,1.347008305115321,-0.13338496484572893,-0.3916614307338299,0.08708464436522341,-1.1593679054721904
A,USD,STD,INDL,C,3674,12/31/21,184725,NXP SEMICONDUCTORS NV,NXPI,2021,20864.0,6528.0,10753.0,20864.0,1871.0,11063.0,1972.0,264.95,227.78,3674.0,60350.310999999994,Semiconductors/Hardware,1656513.0,1656513.0,2020-05-27,1096978.0,Kurt Sievers,NXP SEMICONDUCTORS NV,President/CEO,2025-04-28,10.0,10.0,Executive Director,0.0,0.0,1.0,0.0,0.0,0.0,0.0,0.0,1.0,0.0,1969-01-01,M,,-5323.0,0.02402665145791148,0.08967599693251534,0.02384039975109678,9.94578046472638,0.3128834355828221,2.224065483141033,-0.2551284509202454,0.09451687116564417,52.0,0,1.347008305115321,-0.13338496484572893,-0.3916614307338299,0.08708464436522341,-1.1593679054721904
A,USD,STD,INDL,C,3674,12/31/22,184725,NXP SEMICONDUCTORS NV,NXPI,2022,23236.0,7449.0,11367.0,23236.0,2787.0,13205.0,2148.0,259.463,158.03,3674.0,41002.93789,Semiconductors/Hardware,1656513.0,1656513.0,2020-05-27,1096978.0,Kurt Sievers,NXP SEMICONDUCTORS NV,President/CEO,2025-04-28,10.0,10.0,Executive Director,0.0,0.0,1.0,0.0,0.0,0.0,0.0,0.0,1.0,0.0,1969-01-01,M,,-3899.0,0.028903198912335358,0.11994319159924255,0.06288794635326792,10.053458079112422,0.3205801342744018,1.7055639247966692,-0.1677999655706662,0.09244276123257016,53.0,0,1.347008305115321,-0.13338496484572893,-0.3916614307338299,0.08708464436522341,-1.1593679054721904
A,USD,STD,INDL,C,3674,12/31/23,184725,NXP SEMICONDUCTORS NV,NXPI,2023,24353.0,8644.0,10379.0,24353.0,2797.0,13276.0,2418.0,257.19,229.68,3674.0,59071.3992,Semiconductors/Hardware,1656513.0,1656513.0,2020-05-27,1096978.0,Kurt Sievers,NXP SEMICONDUCTORS NV,President/CEO,2025-04-28,10.0,10.0,Executive Director,0.0,0.0,1.0,0.0,0.0,0.0,0.0,0.0,1.0,0.0,1969-01-01,M,,-2703.0,0.020066100062355156,0.1148523795836242,0.06616211996898791,10.100410324207255,0.3549460025458876,1.9218814295448061,-0.11099248552539728,0.09928961524247526,54.0,0,1.347008305115321,-0.13338496484572893,-0.3916614307338299,0.08708464436522341,-1.1593679054721904
A,USD,STD,INDL,C,3674,12/31/24,184725,NXP SEMICONDUCTORS NV,NXPI,2024,24385.0,9183.0,10577.0,24385.0,2510.0,12614.0,2347.0,254.325,207.85,3674.0,52861.45125,Semiconductors/Hardware,1656513.0,1656513.0,2020-05-27,1096978.0,Kurt Sievers,NXP SEMICONDUCTORS NV,President/CEO,2025-04-28,10.0,10.0,Executive Director,0.0,0.0,1.0,0.0,0.0,0.0,0.0,0.0,1.0,0.0,1969-01-01,M,,-1831.0,0.022340145680453574,0.10293213040803773,0.0458630112200162,10.101723468144153,0.3765839655525938,1.7503204147649363,-0.07508714373590322,0.09624769325404962,55.0,0,1.347008305115321,-0.13338496484572893,-0.3916614307338299,0.08708464436522341,-1.1593679054721904
A,USD,STD,INDL,C,3674,12/31/25,184725,NXP SEMICONDUCTORS NV,NXPI,2025,26560.0,10056.0,11187.0,26560.0,2021.0,12269.0,2360.0,252.855,217.06,3674.0,54884.7063,Semiconductors/Hardware,1656513.0,1656513.0,2025-10-28,2470210.0,Rafael Sotomayor,NXP SEMICONDUCTORS NV,President/CEO,2027-01-01,10.0,40.0,Executive Director,1.0,0.0,1.0,1.0,0.0,0.0,0.0,0.0,1.0,0.0,1900-01-01,M,,-1141.0,0.02917610070192195,0.07609186746987952,0.022785212277701472,10.18716160359037,0.3786144578313253,1.6970652646481665,-0.04295933734939759,0.08885542168674698,125.0,0,1.4068689545496689,-0.058101093096811544,-0.3757039893981911,1.8073470638861047,-0.46846424218128085
A,USD,STD,INDL,C,3674,12/31/21,187450,ENPHASE ENERGY INC,ENPH,2021,2079.256,430.168,963.514,2079.256,145.449,1382.049,105.526,133.894,182.94,3674.0,24494.56836,Semiconductors/Hardware,1810090.0,1810090.0,2017-09-03,1197971.0,Badri Kothandaraman,ENPHASE ENERGY INC,President/CEO,2027-01-01,10.0,40.0,Executive Director,1.0,0.0,0.0,0.0,0.0,0.0,0.0,0.0,1.0,1.0,1971-06-15,M,,-407.757,0.04248273861418312,0.06995242529058472,0.004116828109166165,7.639765416400519,0.20688553982770763,4.042030842302431,-0.1961071652552644,0.050751807377254175,50.0,0,1.5764848428835998,-0.142984627539358,-0.4574939900475732,-0.6449475881648674,0.986169623191155
A,USD,STD,INDL,C,3674,12/31/22,187450,ENPHASE ENERGY INC,ENPH,2022,3084.28,825.573,1218.542,3084.28,397.362,2330.853,168.846,136.441,264.96,3674.0,36151.40736,Semiconductors/Hardware,1810090.0,1810090.0,2017-09-03,1197971.0,Badri Kothandaraman,ENPHASE ENERGY INC,President/CEO,2027-01-01,10.0,40.0,Executive Director,1.0,0.0,0.0,0.0,0.0,0.0,0.0,0.0,1.0,1.0,1971-06-15,M,,6.453,0.045800292175320605,0.12883460645596378,0.07177936120998915,8.034073521742236,0.2676712231055546,3.7793934672452907,0.002092222496012035,0.05474405695980909,51.0,0,1.5764848428835998,-0.142984627539358,-0.4574939900475732,-0.6449475881648674,0.986169623191155
A,USD,STD,INDL,C,3674,12/31/23,187450,ENPHASE ENERGY INC,ENPH,2023,3383.012,983.624,1312.54,3383.012,438.936,2290.786,227.336,135.722,132.14,3674.0,17934.30508,Semiconductors/Hardware,1810090.0,1810090.0,2017-09-03,1197971.0,Badri Kothandaraman,ENPHASE ENERGY INC,President/CEO,2027-01-01,10.0,40.0,Executive Director,1.0,0.0,0.0,0.0,0.0,0.0,0.0,0.0,1.0,1.0,1971-06-15,M,,44.285,0.03841099246860039,0.1297471011039866,0.08105684148935031,8.12652171592192,0.2907539198796812,2.9032269324237987,0.013090405827706196,0.06719928868121071,52.0,0,1.5764848428835998,-0.142984627539358,-0.4574939900475732,-0.6449475881648674,0.986169623191155
A,USD,STD,INDL,C,3674,12/31/25,187450,ENPHASE ENERGY INC,ENPH,2025,3509.792,1087.023,603.389,3509.792,172.133,1472.985,189.075,131.08,32.05,3674.0,4201.114,Semiconductors/Hardware,1810090.0,1810090.0,2017-09-03,1197971.0,Badri Kothandaraman,ENPHASE ENERGY INC,President/CEO,2027-01-01,10.0,40.0,Executive Director,1.0,0.0,0.0,0.0,0.0,0.0,0.0,0.0,1.0,1.0,1971-06-15,M,,-202.142,0.04438409321948846,0.049043647030935174,-0.004263008161242872,8.163312055444752,0.30971151566816496,1.3519069611463013,-0.057593726351874985,0.05387071370611136,54.0,0,1.5764848428835998,-0.142984627539358,-0.4574939900475732,-0.6449475881648674,0.986169623191155
A,USD,STD,INDL,C,3674,10/31/25,180711,BROADCOM INC,AVGO,2025,171092.0,81292.0,63165.0,171092.0,23126.0,63887.0,10977.0,4741.0,369.63,3674.0,1752415.83,Semiconductors/Hardware,817439.0,817439.0,2009-08-06,102722.0,Hock Tan,BROADCOM INC (Broadcom Ltd prior to 04/2018),President/CEO,2027-01-01,10.0,40.0,Executive Director,1.0,1.0,1.0,1.0,0.0,0.0,0.0,0.0,1.0,1.0,1951-06-15,M,,9979.0,0.033426808698729556,0.13516704463095877,0.08186038943878073,12.0499567025043,0.4751361840413345,3.070702978496607,0.05832534542819068,0.06415846445187384,74.0,0,1.6409762305171565,0.034723979858681725,-0.4197789524626997,1.7085120088202028,1.7425219870338229
A,USD,STD,INDL,C,7372,7/31/25,190455,GUIDEWIRE SOFTWARE INC,GWRE,2025,2721.099,1457.23,705.255,2721.099,69.804,1202.459,296.16,84.53,226.22,7372.0,19122.3766,Software,1792728.0,1792728.0,2019-08-03,1706999.0,Mike Rosenbaum,GUIDEWIRE SOFTWARE INC,CEO,2027-01-01,10.0,40.0,Executive Director,1.0,0.0,1.0,1.0,0.0,0.0,0.0,0.0,0.0,0.0,1971-06-15,M,,-563.171,0.025591214682176316,0.02565287040273066,-0.027653784789447387,7.908791121803846,0.5355299458049854,2.574321825693637,-0.2069645389601775,0.1088383774349996,54.0,0,-0.5986162497683529,-0.13342965404338525,-0.11640577451831292,1.683520041240194,0.08550762578148682
I,USD,STD,INDL,C,7372,12/31/19,187576,ZYNGA INC,ZNGA,2019,3660.614,1975.43,700.757,3660.614,41.925,1321.659,505.889,950.042,6.12,7372.0,5814.25704,Software,1743287.0,1743287.0,2016-03-07,495149.0,Frank Gibeau,ZYNGA INC (De-listed 05/2022),CEO,2022-05-23,10.0,10.0,Executive Director,1.0,0.0,1.0,0.0,0.0,0.0,0.0,0.0,0.0,0.0,1968-06-15,M,,-1923.265,0.015633974135011403,0.011452996683070107,-0.06874621037689489,8.205386171888192,0.5396444421618887,1.0795269155115612,-0.5253941005525303,0.13819785423975323,51.0,0,-0.6637970751564273,-0.2472783908292412,-0.17753790169760764,-0.006433528133942844,0.021768553178682218
I,USD,STD,INDL,C,7372,12/31/20,187576,ZYNGA INC,ZNGA,2020,6206.5,2941.5,1411.9,6206.5,-429.4,1974.8,713.7,1081.6,9.87,7372.0,10675.391999999998,Software,1743287.0,1743287.0,2016-03-07,495149.0,Frank Gibeau,ZYNGA INC (De-listed 05/2022),CEO,2022-05-23,10.0,10.0,Executive Director,1.0,0.0,1.0,0.0,0.0,0.0,0.0,0.0,0.0,0.0,1968-06-15,M,,-2335.0,0.02815472975160328,-0.06918553129783292,-0.12909229222274068,8.733352408956003,0.4739386127447031,1.2890216244295791,-0.37621848062515106,0.11499234673326351,52.0,0,-0.6637970751564273,-0.2472783908292412,-0.17753790169760764,-0.006433528133942844,0.021768553178682218
I,USD,STD,INDL,C,7372,12/31/21,187576,ZYNGA INC,ZNGA,2021,6358.9,3111.9,1477.2,6358.9,-104.2,2800.5,545.9,1130.5,6.4,7372.0,7235.200000000001,Software,1743287.0,1743287.0,2016-03-07,495149.0,Frank Gibeau,ZYNGA INC (De-listed 05/2022),CEO,2022-05-23,10.0,10.0,Executive Director,1.0,0.0,1.0,0.0,0.0,0.0,0.0,0.0,0.0,0.0,1968-06-15,M,,-2513.1,0.02528887878044608,-0.01638648193870009,-0.08222207912011864,8.757610685400715,0.4893770935224646,0.8437245309777588,-0.39520986334114394,0.08584818128921669,53.0,0,-0.6637970751564273,-0.2472783908292412,-0.17753790169760764,-0.006433528133942844,0.021768553178682218
A,USD,STD,INDL,C,3674,12/31/15,201395,TAIWAN SEMICONDUCTOR MFG CO,TSM,2015,50549.506,37257.448,5855.37,50549.506,9349.614,25724.226,1998.92,5186.076,22.75,3674.0,117983.229,Semiconductors/Hardware,1656815.0,1656815.0,2009-11-03,1318835.0,Mark Saxon,TASMAN METALS LTD (De-listed 08/2016),President/CEO,2016-08-25,10.0,10.0,Executive Director,1.0,0.0,0.0,0.0,0.0,0.0,0.0,0.0,0.0,0.0,1970-06-15,M,,27632.439,0.016018370753531512,0.1849595523248041,0.11930996920659853,10.830708451898394,0.7370487062722234,1.1526906160983104,0.5466411284019274,0.03954380879607409,45.0,0,-0.6773650833982051,-0.27530597743840163,-0.18806471044490725,-0.6182375476915621,0.1164894900028803
A,USD,STD,INDL,C,2836,12/31/22,264265,ALNYLAM PHARMACEUTICALS INC,ALNY,2022,3546.359,-158.223,2530.296,3546.359,-1131.156,1037.418,883.015,123.925,237.65,2836.0,29450.77625,Biotech,117536.0,117536.0,2022-01-01,657842.0,Doctor Yvonne Greenstreet,ALNYLAM PHARMACEUTICALS INC,CEO,2027-01-01,10.0,40.0,Executive Director,0.0,0.0,1.0,0.0,0.0,0.0,0.0,0.0,1.0,0.0,1962-06-20,F,,-6614.003,0.041850026076052156,-0.31896263181477114,-0.3760178770607458,8.17367672234439,-0.044615618441336595,,-1.865012256232378,0.24899199432431968,60.0,0,1.347008305115321,-0.13338496484572893,-0.3916614307338299,0.08708464436522341,-1.1593679054721904
A,USD,STD,INDL,C,2836,12/31/23,264265,ALNYLAM PHARMACEUTICALS INC,ALNY,2023,3829.88,-220.644,2586.125,3829.88,-440.242,1828.292,1004.415,125.794,191.41,2836.0,24078.22954,Biotech,117536.0,117536.0,2022-01-01,657842.0,Doctor Yvonne Greenstreet,ALNYLAM PHARMACEUTICALS INC,CEO,2027-01-01,10.0,40.0,Executive Director,0.0,0.0,1.0,0.0,0.0,0.0,0.0,0.0,1.0,0.0,1962-06-20,F,,-7032.966,0.02147218801423526,-0.11494929345044753,-0.16363955306508382,8.250588750091158,-0.05761120452860142,,-1.836341086404796,0.262257564205667,61.0,0,1.347008305115321,-0.13338496484572893,-0.3916614307338299,0.08708464436522341,-1.1593679054721904
A,USD,STD,INDL,C,2836,12/31/24,264265,ALNYLAM PHARMACEUTICALS INC,ALNY,2024,4239.983,67.088,2588.515,4239.983,-278.157,2248.243,1126.232,129.294,235.31,2836.0,30424.17114,Biotech,117536.0,117536.0,2022-01-01,657842.0,Doctor Yvonne Greenstreet,ALNYLAM PHARMACEUTICALS INC,CEO,2027-01-01,10.0,40.0,Executive Director,0.0,0.0,1.0,0.0,0.0,0.0,0.0,0.0,1.0,0.0,1962-06-20,F,,-7322.266,0.03117978141270654,-0.06560332906995145,-0.12267244825797297,8.352314538784004,0.01582270494952456,6.116987484328211,-1.7269564524197383,0.26562181971012616,62.0,0,1.347008305115321,-0.13338496484572893,-0.3916614307338299,0.08708464436522341,-1.1593679054721904
A,USD,STD,INDL,C,2836,12/31/25,264265,ALNYLAM PHARMACEUTICALS INC,ALNY,2025,4966.331,789.176,2703.212,4966.331,313.747,3713.937,1319.775,132.376,397.65,2836.0,52639.3164,Biotech,117536.0,117536.0,2022-01-01,657842.0,Doctor Yvonne Greenstreet,ALNYLAM PHARMACEUTICALS INC,CEO,2027-01-01,10.0,40.0,Executive Director,0.0,0.0,1.0,0.0,0.0,0.0,0.0,0.0,1.0,0.0,1962-06-20,F,,-6722.621,0.027424781834445352,0.06317480651209112,0.009868151319913074,8.51043661708893,0.1589052360787068,4.2002292164489585,-1.3536393365645585,0.2657444701128459,63.0,0,1.347008305115321,-0.13338496484572893,-0.3916614307338299,0.08708464436522341,-1.1593679054721904
A,USD,STD,INDL,C,3674,12/31/20,264416,ULTRA CLEAN HOLDINGS INC,UCTT,2020,1102.5,532.6,292.7,1102.5,77.6,1398.6,14.8,40.6,31.15,3674.0,1264.69,Semiconductors/Hardware,488272.0,488272.0,2017-10-02,321685.0,Jim Scholhamer,ULTRA CLEAN HOLDINGS INC,CEO,2025-03-04,10.0,10.0,Executive Director,1.0,0.0,0.0,0.0,0.0,0.0,0.0,0.0,0.0,0.0,1966-06-15,M,,223.0,0.046904126496591356,0.07038548752834467,0.010478726603436912,7.005335607321001,0.4830839002267574,0.8648116384613174,0.20226757369614512,0.01342403628117914,54.0,0,-0.6773650833982051,-0.27530597743840163,-0.18806471044490725,-0.6182375476915621,0.1164894900028803
A,USD,STD,INDL,C,3674,12/31/21,264416,ULTRA CLEAN HOLDINGS INC,UCTT,2021,2025.4,848.9,595.8,2025.4,119.5,2101.6,24.5,44.9,57.36,3674.0,2575.464,Semiconductors/Hardware,488272.0,488272.0,2017-10-02,321685.0,Jim Scholhamer,ULTRA CLEAN HOLDINGS INC,CEO,2025-03-04,10.0,10.0,Executive Director,1.0,0.0,0.0,0.0,0.0,0.0,0.0,0.0,0.0,0.0,1966-06-15,M,,337.2,0.038902041534544525,0.059000691221487114,-0.006834905959931442,7.613522490898185,0.41912708600770215,1.1098435972956515,0.16648563246766068,0.01209637602448899,55.0,0,-0.6773650833982051,-0.27530597743840163,-0.18806471044490725,-0.6182375476915621,0.1164894900028803
A,USD,STD,INDL,C,3674,12/31/22,264416,ULTRA CLEAN HOLDINGS INC,UCTT,2022,1960.9,887.9,573.3,1960.9,40.4,2374.3,28.5,45.2,33.15,3674.0,1498.38,Semiconductors/Hardware,488272.0,488272.0,2017-10-02,321685.0,Jim Scholhamer,ULTRA CLEAN HOLDINGS INC,CEO,2025-03-04,10.0,10.0,Executive Director,1.0,0.0,0.0,0.0,0.0,0.0,0.0,0.0,0.0,0.0,1966-06-15,M,,372.4,0.0371978620967307,0.02060278443571829,-0.036452460810256354,7.581158830505471,0.4528022846652047,0.523280679431776,0.1899127951450864,0.01453414248559335,56.0,0,-0.6773650833982051,-0.27530597743840163,-0.18806471044490725,-0.6182375476915621,0.1164894900028803
A,USD,STD,INDL,C,3674,12/31/23,264416,ULTRA CLEAN HOLDINGS INC,UCTT,2023,1867.7,838.9,604.2,1867.7,-31.1,1734.5,28.3,44.6,34.14,3674.0,1522.644,Semiconductors/Hardware,488272.0,488272.0,2017-10-02,321685.0,Jim Scholhamer,ULTRA CLEAN HOLDINGS INC,CEO,2025-03-04,10.0,10.0,Executive Director,1.0,0.0,0.0,0.0,0.0,0.0,0.0,0.0,0.0,0.0,1966-06-15,M,,342.3,0.0263034244451797,-0.016651496493012796,-0.06534175610764908,7.532463006319562,0.4491620709964127,0.596112066540064,0.18327354500187396,0.015152326390747978,57.0,0,-0.6773650833982051,-0.27530597743840163,-0.18806471044490725,-0.6182375476915621,0.1164894900028803
A,USD,STD,INDL,C,3674,12/31/24,264416,ULTRA CLEAN HOLDINGS INC,UCTT,2024,1919.9,873.6,625.7,1919.9,23.7,2097.6,28.3,45.1,35.95,3674.0,1621.3450000000005,Semiconductors/Hardware,488272.0,488272.0,2017-10-02,321685.0,Jim Scholhamer,ULTRA CLEAN HOLDINGS INC,CEO,2025-03-04,10.0,10.0,Executive Director,1.0,0.0,0.0,0.0,0.0,0.0,0.0,0.0,0.0,0.0,1966-06-15,M,,360.1,0.029970281940970477,0.012344392937132142,-0.044724726250889385,7.56002838033211,0.45502369915099744,0.6183887256850481,0.18756185217980104,0.01474035105995104,58.0,0,-0.6773650833982051,-0.27530597743840163,-0.18806471044490725,-0.6182375476915621,0.1164894900028803
A,USD,STD,INDL,C,3674,12/31/22,184551,MAXLINEAR INC,MXL,2022,1180.025,676.385,145.11,1180.025,125.04,1120.252,296.442,78.745,33.95,3674.0,2673.3927500000004,Semiconductors/Hardware,1635432.0,1635432.0,2010-03-24,1058303.0,Doctor Kishore Seendripu,MAXLINEAR INC,Chairman/President/CEO,2027-01-01,10.0,40.0,Executive Director,1.0,0.0,1.0,1.0,1.0,1.0,0.0,0.0,1.0,1.0,1969-06-15,M,,-46.401,0.040610703903553015,0.10596385669795132,0.048908611451976676,7.073290903675959,0.5731954831465434,1.3743411970798047,-0.03932204826168937,0.25121671151034936,53.0,0,1.1483955469119083,-0.23748733946615044,4.035630801000421,1.8056492015541497,0.14344211788562247
A,USD,STD,INDL,C,3674,10/31/24,180711,BROADCOM INC,AVGO,2024,165645.0,67678.0,67438.0,165645.0,5895.0,51574.0,9310.0,4686.0,169.77,3674.0,795542.2200000001,Semiconductors/Hardware,817439.0,817439.0,2009-08-06,102722.0,Hock Tan,BROADCOM INC (Broadcom Ltd prior to 04/2018),President/CEO,2027-01-01,10.0,40.0,Executive Director,1.0,1.0,1.0,1.0,0.0,0.0,0.0,0.0,1.0,1.0,1951-06-15,M,,207.0,0.033961103185904694,0.03558815539255637,-0.02148096379546515,12.017602223149341,0.40857254972984397,2.464262755874236,0.0012496604183645748,0.05620453379214586,73.0,0,1.6409762305171565,0.034723979858681725,-0.4197789524626997,1.7085120088202028,1.7425219870338229
A,USD,STD,INDL,C,2834,12/31/23,177287,JAZZ PHARMACEUTICALS PLC,JAZZ,2023,11393.359,3736.942,5172.252,11393.359,414.832,3834.204,868.658,62.255,123.0,2834.0,7657.365000000001,Biotech,488479.0,488479.0,2009-04-03,183256.0,Bruce Cozadd,JAZZ PHARMACEUTICALS PLC,Chairperson/CEO,2025-08-11,10.0,10.0,Executive Director,1.0,1.0,1.0,1.0,0.0,0.0,0.0,0.0,0.0,0.0,1964-06-15,M,,36.982,0.015234494263198292,0.036409982341467514,-0.012280277273168771,9.340785920778337,0.32799300013279664,0.7174002998827193,0.0032459259819689694,0.07624248476678387,59.0,0,-0.6128736957646483,-0.09759737004036201,-0.15034967286003378,1.735222049293508,0.872841853845548
A,USD,STD,INDL,C,7372,12/31/18,183377,FORTINET INC,FTNT,2018,3078.0,1010.2,0.0,3078.0,332.2,1801.2,244.5,169.8,70.43,3577.0,11959.014000000005,Software,1606380.0,1606380.0,2013-11-11,1055310.0,Ken Xie,FORTINET INC,Chairman/CEO,2027-01-01,10.0,40.0,Executive Director,1.0,0.0,0.0,0.0,0.0,0.0,0.0,0.0,1.0,1.0,1963-06-15,M,Asian Association Network,-58.3,0.02320992867128873,0.10792722547108512,0.0312020702791746,8.032035314398824,0.3282001299545159,2.471336972600614,-0.01894087069525666,0.07943469785575048,55.0,0,1.5764848428835998,-0.142984627539358,-0.4574939900475732,-0.6449475881648674,0.986169623191155
A,USD,STD,INDL,C,2834,12/31/24,177287,JAZZ PHARMACEUTICALS PLC,JAZZ,2024,12012.257,4093.701,6121.139,12012.257,560.12,4068.95,894.0,60.631,123.15,2834.0,7466.70765,Biotech,488479.0,488479.0,2009-04-03,183256.0,Bruce Cozadd,JAZZ PHARMACEUTICALS PLC,Chairperson/CEO,2025-08-11,10.0,10.0,Executive Director,1.0,1.0,1.0,1.0,0.0,0.0,0.0,0.0,0.0,0.0,1964-06-15,M,,180.153,0.017812863391532544,0.04662903898909256,-0.010440080198928961,9.39368282414574,0.34079365767815323,0.6010047081529651,0.014997431373637777,0.07442398210427899,60.0,0,-0.6128736957646483,-0.09759737004036201,-0.15034967286003378,1.735222049293508,0.872841853845548
A,USD,STD,INDL,C,2834,12/31/25,177287,JAZZ PHARMACEUTICALS PLC,JAZZ,2025,11659.34,4318.529,4382.686,11659.34,-356.148,4267.586,1730.598,61.435,170.0,2834.0,10443.95,Biotech,488479.0,488479.0,2025-08-11,1301965.0,Renee Gala,JAZZ PHARMACEUTICALS PLC,President/CEO,2027-01-01,10.0,40.0,Executive Director,1.0,1.0,1.0,1.0,0.0,0.0,0.0,0.0,0.0,0.0,1972-03-01,F,,78.051,0.024856046879247654,-0.030546154413543136,-0.08385280960572118,9.363862854528845,0.3703922348949426,0.883108028377341,0.006694289728235046,0.1484301855851189,53.0,0,-0.6128736957646483,-0.09759737004036201,-0.15034967286003378,1.735222049293508,0.872841853845548
I,USD,STD,INDL,C,7372,6/30/15,177429,SOLERA HOLDINGS INC,SLH,2015,3752.63,227.823,2481.828,3752.63,-100.833,1140.846,0.0,66.985,44.56,7372.0,2984.8516,Software,956561.0,956561.0,2007-05-10,598932.0,Tony Aquila,SOLERA HOLDINGS INC (De-listed 03/2016),Chairman/President/CEO,2016-03-03,10.0,10.0,Executive Director,0.0,0.0,0.0,0.0,0.0,0.0,0.0,0.0,0.0,0.0,1964-10-01,M,,-351.779,0.019522527524042738,-0.026869955204749735,-0.0925195383229553,8.230212206478495,0.060710221897709075,2.572736297672157,-0.0937419889517485,0.0,51.0,0,-0.6720449074444793,-0.23674111240146314,-0.1428900246012513,-0.648546397838306,-0.5106751006852247
I,USD,STD,INDL,C,7372,12/31/15,180405,ACTIVISION BLIZZARD INC,ATVI,2015,15251.0,8068.0,4079.0,15251.0,892.0,4664.0,646.0,734.503,38.71,7372.0,28432.61113,Software,725.0,725.0,2008-07-09,69696.0,Bobby Kotick,ACTIVISION BLIZZARD INC (De-listed 10/2023),President/CEO,2017-06-26,10.0,10.0,Executive Director,0.0,0.0,0.0,0.0,0.0,0.0,0.0,0.0,0.0,0.0,1963-01-01,M,,3463.0,0.01750657199570598,0.058487968002098226,-0.007161615116107342,9.632400353656184,0.5290144908530588,1.2596311455322093,0.22706707756868402,0.04235787817192315,52.0,0,-0.6720449074444793,-0.23674111240146314,-0.1428900246012513,-0.648546397838306,-0.5106751006852247
I,USD,STD,INDL,C,7372,12/31/16,180405,ACTIVISION BLIZZARD INC,ATVI,2016,17452.0,9119.0,4887.0,17452.0,966.0,6608.0,958.0,745.487,36.11,7372.0,26919.53557,Software,725.0,725.0,2008-07-09,69696.0,Bobby Kotick,ACTIVISION BLIZZARD INC (De-listed 10/2023),President/CEO,2017-06-26,10.0,10.0,Executive Director,0.0,0.0,0.0,0.0,0.0,0.0,0.0,0.0,0.0,0.0,1963-01-01,M,,4240.0,0.01969763637895191,0.055351822140728854,0.005357560767633697,9.7672095342435,0.5225189090075636,1.082492103447351,0.24295209718083888,0.054893421957368786,53.0,0,-0.6720449074444793,-0.23674111240146314,-0.1428900246012513,-0.648546397838306,-0.5106751006852247
I,USD,STD,INDL,C,7372,12/31/17,180405,ACTIVISION BLIZZARD INC,ATVI,2017,18668.0,9462.0,4390.0,18668.0,273.0,7017.0,1069.0,757.505,63.32,7372.0,47965.2166,Software,725.0,725.0,2017-06-26,69696.0,Bobby Kotick,ACTIVISION BLIZZARD INC (De-listed 10/2023),CEO,2023-10-13,10.0,10.0,Executive Director,0.0,0.0,0.0,0.0,0.0,0.0,0.0,0.0,0.0,0.0,1963-01-01,M,,4278.0,0.019521657871432,0.014623955431754874,-0.043010232404904467,9.834566107069707,0.5068566530962074,1.623192316843524,0.22916220269980717,0.05726376687379473,54.0,0,-0.6720449074444793,-0.23674111240146314,-0.1428900246012513,-0.648546397838306,-0.5106751006852247
I,USD,STD,INDL,C,7372,12/31/18,180405,ACTIVISION BLIZZARD INC,ATVI,2018,17835.0,11357.0,2671.0,17835.0,1813.0,7500.0,1101.0,763.418,46.57,7372.0,35552.37626,Software,725.0,725.0,2017-06-26,69696.0,Bobby Kotick,ACTIVISION BLIZZARD INC (De-listed 10/2023),CEO,2023-10-13,10.0,10.0,Executive Director,0.0,0.0,0.0,0.0,0.0,0.0,0.0,0.0,0.0,0.0,1963-01-01,M,,5957.0,0.02348217174590594,0.10165405102326885,0.024928895831358336,9.788918097792992,0.6367816091954023,1.1411727028625438,0.3340061676478834,0.06173254835996636,55.0,0,-0.6720449074444793,-0.23674111240146314,-0.1428900246012513,-0.648546397838306,-0.5106751006852247
I,USD,STD,INDL,C,7372,12/31/19,180405,ACTIVISION BLIZZARD INC,ATVI,2019,19845.0,12805.0,2885.0,19845.0,1503.0,6489.0,998.0,768.76,59.42,7372.0,45679.7192,Software,725.0,725.0,2017-06-26,69696.0,Bobby Kotick,ACTIVISION BLIZZARD INC (De-listed 10/2023),CEO,2023-10-13,10.0,10.0,Executive Director,0.0,0.0,0.0,0.0,0.0,0.0,0.0,0.0,0.0,0.0,1963-01-01,M,,7194.0,0.02230384765780058,0.07573696145124717,-0.00446224560871783,9.895707365217167,0.6452506928697405,1.2718186985670399,0.36250944822373393,0.05028974552784077,56.0,0,-0.6720449074444793,-0.23674111240146314,-0.1428900246012513,-0.648546397838306,-0.5106751006852247
I,USD,STD,INDL,C,7372,12/31/20,180405,ACTIVISION BLIZZARD INC,ATVI,2020,23109.0,15037.0,3829.0,23109.0,2197.0,8086.0,1150.0,774.23,92.85,7372.0,71887.2555,Software,725.0,725.0,2017-06-26,69696.0,Bobby Kotick,ACTIVISION BLIZZARD INC (De-listed 10/2023),CEO,2023-10-13,10.0,10.0,Executive Director,0.0,0.0,0.0,0.0,0.0,0.0,0.0,0.0,0.0,0.0,1963-01-01,M,,9069.0,0.024439428358438195,0.09507118438703535,0.03516442346212759,10.047977431021076,0.6506988619152712,1.5645851653462792,0.3924445021420226,0.04976416114933575,57.0,0,-0.6720449074444793,-0.23674111240146314,-0.1428900246012513,-0.648546397838306,-0.5106751006852247
I,USD,STD,INDL,C,7372,12/31/21,180405,ACTIVISION BLIZZARD INC,ATVI,2021,25056.0,17599.0,3820.0,25056.0,2699.0,8803.0,1337.0,779.053,66.53,7372.0,51830.39609,Software,725.0,725.0,2017-06-26,69696.0,Bobby Kotick,ACTIVISION BLIZZARD INC (De-listed 10/2023),CEO,2023-10-13,10.0,10.0,Executive Director,0.0,0.0,0.0,0.0,0.0,0.0,0.0,0.0,0.0,0.0,1963-01-01,M,,11447.0,0.019664398597565358,0.10771871008939975,0.04188311290798119,10.128868598790529,0.7023866538952745,1.080134692023511,0.4568566411238825,0.053360472541507026,58.0,0,-0.6720449074444793,-0.23674111240146314,-0.1428900246012513,-0.648546397838306,-0.5106751006852247
I,USD,STD,INDL,C,7372,12/31/22,180405,ACTIVISION BLIZZARD INC,ATVI,2022,27383.0,19243.0,3773.0,27383.0,1513.0,7528.0,1421.0,784.218,76.55,7372.0,60031.887899999994,Software,725.0,725.0,2017-06-26,69696.0,Bobby Kotick,ACTIVISION BLIZZARD INC (De-listed 10/2023),CEO,2023-10-13,10.0,10.0,Executive Director,0.0,0.0,0.0,0.0,0.0,0.0,0.0,0.0,0.0,0.0,1963-01-01,M,,12546.0,0.01892205793090503,0.05525325932147683,-0.0018019859244978106,10.21767766186868,0.702735273709966,1.1377285278061737,0.4581674761713472,0.05189351057225286,59.0,0,-0.6720449074444793,-0.23674111240146314,-0.1428900246012513,-0.648546397838306,-0.5106751006852247
A,USD,STD,INDL,C,7372,12/31/15,183377,FORTINET INC,FTNT,2015,1790.51,755.377,0.0,1790.51,7.987,1009.268,158.129,171.399,31.17,3577.0,5342.50683,Software,1606380.0,1606380.0,2013-11-11,1055310.0,Ken Xie,FORTINET INC,Chairman/CEO,2027-01-01,10.0,40.0,Executive Director,1.0,0.0,0.0,0.0,0.0,0.0,0.0,0.0,1.0,1.0,1963-06-15,M,Asian Association Network,67.548,0.023775080827021816,0.004460740236022139,-0.06118884288218343,7.490255774455005,0.42187812410989045,1.9562333032504267,0.0377255642247181,0.08831506107198507,52.0,0,1.5764848428835998,-0.142984627539358,-0.4574939900475732,-0.6449475881648674,0.986169623191155
A,USD,STD,INDL,C,7372,12/31/16,183377,FORTINET INC,FTNT,2016,2139.941,837.681,0.0,2139.941,32.187,1275.443,183.084,173.078,30.12,3577.0,5213.10936,Software,1606380.0,1606380.0,2013-11-11,1055310.0,Ken Xie,FORTINET INC,Chairman/CEO,2027-01-01,10.0,40.0,Executive Director,1.0,0.0,0.0,0.0,0.0,0.0,0.0,0.0,1.0,1.0,1963-06-15,M,Asian Association Network,36.855,0.021709601009800416,0.015041068889282461,-0.03495319248381269,7.668533537542377,0.391450511953367,1.8282944031197137,0.017222437441032253,0.08555562980474696,53.0,0,1.5764848428835998,-0.142984627539358,-0.4574939900475732,-0.6449475881648674,0.986169623191155
A,USD,STD,INDL,C,7372,12/31/17,183377,FORTINET INC,FTNT,2017,2257.916,589.377,0.0,2257.916,31.399,1494.93,210.614,167.89,43.69,3577.0,7335.114099999999,Software,1606380.0,1606380.0,2013-11-11,1055310.0,Ken Xie,FORTINET INC,Chairman/CEO,2027-01-01,10.0,40.0,Executive Director,1.0,0.0,0.0,0.0,0.0,0.0,0.0,0.0,1.0,1.0,1963-06-15,M,Asian Association Network,-320.427,0.01580941744828643,0.013906186058294462,-0.04372800177836488,7.722197542954743,0.26102698240324257,2.5213621992044484,-0.14191271951658077,0.09327804931627216,54.0,0,1.5764848428835998,-0.142984627539358,-0.4574939900475732,-0.6449475881648674,0.986169623191155
A,USD,STD,INDL,C,7372,12/31/19,183377,FORTINET INC,FTNT,2019,3885.5,1321.9,30.6,3885.5,326.5,2156.2,277.1,171.7,106.76,3577.0,18330.692,Software,1606380.0,1606380.0,2013-11-11,1055310.0,Ken Xie,FORTINET INC,Chairman/CEO,2027-01-01,10.0,40.0,Executive Director,1.0,0.0,0.0,0.0,0.0,0.0,0.0,0.0,1.0,1.0,1963-06-15,M,Asian Association Network,141.4,0.01985798746906571,0.0840303693218376,0.003831162261872606,8.265006954649296,0.3402136147214001,2.629506717854399,0.03639171277827821,0.07131643289151976,56.0,0,1.5764848428835998,-0.142984627539358,-0.4574939900475732,-0.6449475881648674,0.986169623191155
A,USD,STD,INDL,C,3674,10/31/23,180711,BROADCOM INC,AVGO,2023,72861.0,23988.0,37980.0,72861.0,14082.0,35819.0,5253.0,414.0,841.37,3674.0,348327.18,Semiconductors/Hardware,817439.0,817439.0,2009-08-06,102722.0,Hock Tan,BROADCOM INC (Broadcom Ltd prior to 04/2018),President/CEO,2027-01-01,10.0,40.0,Executive Director,1.0,1.0,1.0,1.0,0.0,0.0,0.0,0.0,1.0,1.0,1951-06-15,M,,2889.0,0.020239031922815755,0.1932721208877177,0.14458186127308142,11.19630879542033,0.32922962901964015,2.675588505196739,0.039650842014246304,0.07209618314324535,72.0,0,1.6409762305171565,0.034723979858681725,-0.4197789524626997,1.7085120088202028,1.7425219870338229
A,USD,STD,INDL,C,7372,12/31/20,183377,FORTINET INC,FTNT,2020,4044.5,856.0,34.0,4044.5,488.5,2594.4,341.4,162.5,148.53,3577.0,24136.125,Software,1606380.0,1606380.0,2013-11-11,1055310.0,Ken Xie,FORTINET INC,Chairman/CEO,2027-01-01,10.0,40.0,Executive Director,1.0,0.0,0.0,0.0,0.0,0.0,0.0,0.0,1.0,1.0,1963-06-15,M,Asian Association Network,-351.4,0.03455589380679282,0.12078130794906664,0.06087454702415888,8.305113212458007,0.21164544443070837,3.3391945836694914,-0.08688342193101743,0.08441092842131288,57.0,0,1.5764848428835998,-0.142984627539358,-0.4574939900475732,-0.6449475881648674,0.986169623191155
A,USD,STD,INDL,C,7372,12/31/21,183377,FORTINET INC,FTNT,2021,5919.1,781.7,1028.9,5919.1,606.8,3342.2,424.2,162.0,359.4,7372.0,58222.8,Software,1606380.0,1606380.0,2013-11-11,1055310.0,Ken Xie,FORTINET INC,Chairman/CEO,2027-01-01,10.0,40.0,Executive Director,1.0,0.0,0.0,0.0,0.0,0.0,0.0,0.0,1.0,1.0,1963-06-15,M,Asian Association Network,-472.7,0.02229811485368673,0.1025155851396327,0.036679987958214144,8.685939689293745,0.13206399621564088,4.310561274355558,-0.07986011386866246,0.07166630062002668,58.0,0,1.5764848428835998,-0.142984627539358,-0.4574939900475732,-0.6449475881648674,0.986169623191155
A,USD,STD,INDL,C,7372,12/31/22,183377,FORTINET INC,FTNT,2022,6228.0,-281.6,1052.9,6228.0,857.3,4417.4,512.4,781.5,48.89,7372.0,38207.535,Software,1606380.0,1606380.0,2013-11-11,1055310.0,Ken Xie,FORTINET INC,Chairman/CEO,2027-01-01,10.0,40.0,Executive Director,1.0,0.0,0.0,0.0,0.0,0.0,0.0,0.0,1.0,1.0,1963-06-15,M,Asian Association Network,-1566.6,0.03428687321363207,0.13765253692999357,0.08059729168401894,8.73681053295389,-0.045215157353885684,,-0.25154142581888245,0.08227360308285163,59.0,0,1.5764848428835998,-0.142984627539358,-0.4574939900475732,-0.6449475881648674,0.986169623191155
A,USD,STD,INDL,C,7372,12/31/23,183377,FORTINET INC,FTNT,2023,7258.9,-463.4,1038.0,7258.9,1147.8,5304.8,613.8,761.0,58.53,7372.0,44541.33,Software,1606380.0,1606380.0,2013-11-11,1055310.0,Ken Xie,FORTINET INC,Chairman/CEO,2027-01-01,10.0,40.0,Executive Director,1.0,0.0,0.0,0.0,0.0,0.0,0.0,0.0,1.0,1.0,1963-06-15,M,Asian Association Network,-1880.6,0.025427562465543816,0.15812313160396205,0.10943287198932576,8.889983581187746,-0.06383887365854331,,-0.25907506647012635,0.0845582664040006,60.0,0,1.5764848428835998,-0.142984627539358,-0.4574939900475732,-0.6449475881648674,0.986169623191155
A,USD,STD,INDL,C,7372,12/31/24,183377,FORTINET INC,FTNT,2024,9763.1,1493.8,1040.7,9763.1,1745.2,5955.8,716.8,767.0,94.48,7372.0,72466.16,Software,1606380.0,1606380.0,2013-11-11,1055310.0,Ken Xie,FORTINET INC,Chairman/CEO,2027-01-01,10.0,40.0,Executive Director,1.0,0.0,0.0,0.0,0.0,0.0,0.0,0.0,1.0,1.0,1963-06-15,M,Asian Association Network,-143.2,0.024566187286095116,0.1787546988149256,0.12168557962690407,9.186365251926468,0.15300468089029098,3.8817964853333966,-0.014667472421669344,0.07341930329505997,61.0,0,1.5764848428835998,-0.142984627539358,-0.4574939900475732,-0.6449475881648674,0.986169623191155
A,USD,STD,INDL,C,7372,12/31/25,183377,FORTINET INC,FTNT,2025,10389.2,1237.5,526.0,10389.2,1853.4,6799.6,815.5,743.0,79.41,7372.0,59001.63,Software,1606380.0,1606380.0,2013-11-11,1055310.0,Ken Xie,FORTINET INC,Chairman/CEO,2027-01-01,10.0,40.0,Executive Director,1.0,0.0,0.0,0.0,0.0,0.0,0.0,0.0,1.0,1.0,1963-06-15,M,Asian Association Network,-533.3,0.026093823893446208,0.1783967966734686,0.12509014148129055,9.248522084016235,0.11911408000616024,3.864471855182033,-0.051332152620028486,0.07849497555153429,62.0,0,1.5764848428835998,-0.142984627539358,-0.4574939900475732,-0.6449475881648674,0.986169623191155
A,USD,STD,INDL,C,3674,10/31/15,180711,BROADCOM INC,AVGO,2015,10592.0,4714.0,3903.0,10592.0,1364.0,6824.0,1049.0,276.259,123.13,3674.0,34015.77067,Semiconductors/Hardware,817439.0,817439.0,2009-08-06,102722.0,Hock Tan,BROADCOM INC (Broadcom Ltd prior to 04/2018),President/CEO,2027-01-01,10.0,40.0,Executive Director,1.0,1.0,1.0,1.0,0.0,0.0,0.0,0.0,1.0,1.0,1951-06-15,M,,2167.0,0.025582425844144337,0.12877643504531722,0.06312685192711165,9.26785427817679,0.44505287009063443,1.9762874557954964,0.20458836858006044,0.0990370090634441,64.0,0,1.6409762305171565,0.034723979858681725,-0.4197789524626997,1.7085120088202028,1.7425219870338229
A,USD,STD,INDL,C,3674,10/31/16,180711,BROADCOM INC,AVGO,2016,49966.0,18892.0,13188.0,49966.0,-1739.0,13240.0,3091.0,398.281,170.28,3674.0,67819.28868,Semiconductors/Hardware,817439.0,817439.0,2009-08-06,102722.0,Hock Tan,BROADCOM INC (Broadcom Ltd prior to 04/2018),President/CEO,2027-01-01,10.0,40.0,Executive Director,1.0,1.0,1.0,1.0,0.0,0.0,0.0,0.0,1.0,1.0,1951-06-15,M,,-349.0,0.018731723009519932,-0.03480366649321539,-0.08479792786631055,10.819098053105419,0.37809710603210184,1.2781080962571,-0.0069847496297482286,0.06186206620501941,65.0,0,1.6409762305171565,0.034723979858681725,-0.4197789524626997,1.7085120088202028,1.7425219870338229
A,USD,STD,INDL,C,3674,10/31/17,180711,BROADCOM INC,AVGO,2017,54418.0,20285.0,17431.0,54418.0,1692.0,17636.0,3292.0,408.732,263.91,3674.0,107868.46212,Semiconductors/Hardware,817439.0,817439.0,2009-08-06,102722.0,Hock Tan,BROADCOM INC (Broadcom Ltd prior to 04/2018),President/CEO,2027-01-01,10.0,40.0,Executive Director,1.0,1.0,1.0,1.0,0.0,0.0,0.0,0.0,1.0,1.0,1951-06-15,M,,-220.0,0.015151517033528577,0.031092653166231762,-0.02654153467042758,10.904450260467481,0.3727626888162005,1.6710308448367168,-0.004042779962512404,0.06049468925723106,66.0,0,1.6409762305171565,0.034723979858681725,-0.4197789524626997,1.7085120088202028,1.7425219870338229
A,USD,STD,INDL,C,3674,10/31/18,180711,BROADCOM INC,AVGO,2018,50124.0,26657.0,17493.0,50124.0,12259.0,20848.0,3768.0,408.0,223.49,3674.0,91183.92,Semiconductors/Hardware,817439.0,817439.0,2009-08-06,102722.0,Hock Tan,BROADCOM INC (Broadcom Ltd prior to 04/2018),President/CEO,2027-01-01,10.0,40.0,Executive Director,1.0,1.0,1.0,1.0,0.0,0.0,0.0,0.0,1.0,1.0,1951-06-15,M,,3372.0,0.022301366888294333,0.244573457824595,0.16784830263268447,10.822255214285176,0.5318210837123932,1.2298267854585916,0.06727316255685899,0.07517356954752215,67.0,0,1.6409762305171565,0.034723979858681725,-0.4197789524626997,1.7085120088202028,1.7425219870338229
A,USD,STD,INDL,C,3674,10/31/19,180711,BROADCOM INC,AVGO,2019,67493.0,24941.0,30011.0,67493.0,2724.0,22597.0,4696.0,398.0,292.85,3674.0,116554.3,Semiconductors/Hardware,817439.0,817439.0,2009-08-06,102722.0,Hock Tan,BROADCOM INC (Broadcom Ltd prior to 04/2018),President/CEO,2027-01-01,10.0,40.0,Executive Director,1.0,1.0,1.0,1.0,0.0,0.0,0.0,0.0,1.0,1.0,1951-06-15,M,,-140.0,0.01863299954370259,0.040359741010178835,-0.039839466049786165,11.119779167779317,0.3695346184048716,1.5418442231590797,-0.0020742891855451678,0.06957758582371505,68.0,0,1.6409762305171565,0.034723979858681725,-0.4197789524626997,1.7085120088202028,1.7425219870338229
A,USD,STD,INDL,C,3674,10/31/20,180711,BROADCOM INC,AVGO,2020,75933.0,23874.0,40762.0,75933.0,2960.0,23888.0,4968.0,407.0,349.63,3674.0,142299.41,Semiconductors/Hardware,817439.0,817439.0,2009-08-06,102722.0,Hock Tan,BROADCOM INC (Broadcom Ltd prior to 04/2018),President/CEO,2027-01-01,10.0,40.0,Executive Director,1.0,1.0,1.0,1.0,0.0,0.0,0.0,0.0,1.0,1.0,1951-06-15,M,,-108.0,0.03225254577363692,0.038981733896988134,-0.020925027027919624,11.237606651501846,0.31440875508672117,1.7851433582443015,-0.0014223065070522697,0.06542609932440441,69.0,0,1.6409762305171565,0.034723979858681725,-0.4197789524626997,1.7085120088202028,1.7425219870338229
A,USD,STD,INDL,C,3674,10/31/21,180711,BROADCOM INC,AVGO,2021,75570.0,24962.0,39900.0,75570.0,6736.0,27450.0,4854.0,413.0,531.67,3674.0,219579.71,Semiconductors/Hardware,817439.0,817439.0,2009-08-06,102722.0,Hock Tan,BROADCOM INC (Broadcom Ltd prior to 04/2018),President/CEO,2027-01-01,10.0,40.0,Executive Director,1.0,1.0,1.0,1.0,0.0,0.0,0.0,0.0,1.0,1.0,1951-06-15,M,,632.0,0.017971071383666805,0.08913590048961229,0.02330030330819373,11.232814658014766,0.3303162630673548,2.1743606416062917,0.008363107053063385,0.06423183803096467,70.0,0,1.6409762305171565,0.034723979858681725,-0.4197789524626997,1.7085120088202028,1.7425219870338229
A,USD,STD,INDL,C,3674,10/31/22,180711,BROADCOM INC,AVGO,2022,73249.0,22709.0,39464.0,73249.0,11495.0,33203.0,4919.0,418.0,470.12,3674.0,196510.16,Semiconductors/Hardware,817439.0,817439.0,2009-08-06,102722.0,Hock Tan,BROADCOM INC (Broadcom Ltd prior to 04/2018),President/CEO,2027-01-01,10.0,40.0,Executive Director,1.0,1.0,1.0,1.0,0.0,0.0,0.0,0.0,1.0,1.0,1951-06-15,M,,1550.0,0.02349549980293133,0.15693047004054664,0.099875224794572,11.201619874908992,0.31002471023495204,2.1579528131247407,0.02116069843956914,0.06715450040273588,71.0,0,1.6409762305171565,0.034723979858681725,-0.4197789524626997,1.7085120088202028,1.7425219870338229
A,USD,STD,INDL,C,2834,3/31/22,162335,PRESTIGE CONSUMER HEALTHCARE,PBH,2021,3670.681,1577.611,1497.247,3670.681,205.381,1086.812,0.0,50.279,52.94,5122.0,2661.77026,Biotech,1692432.0,1692432.0,2009-07-01,1376569.0,George Paleologou,PREMIUM BRANDS HOLDINGS CORP (Premium Brands Income Fund prior to 07/2009),President/CEO,2027-01-01,20.0,40.0,Executive Director,1.0,0.0,0.0,0.0,0.0,0.0,0.0,0.0,0.0,0.0,1960-06-15,M,,988.982,0.015657749985196524,0.05595174301444337,-0.009883854166975188,8.208132482417858,0.4297870068251641,0.523079735258818,0.26942738963151525,0.0,61.0,0,-0.6773650833982051,-0.27530597743840163,-0.18806471044490725,-0.6182375476915621,0.1164894900028803
A,USD,STD,INDL,C,3674,12/31/25,134932,ON SEMICONDUCTOR CORP,ON,2025,12524.1,7673.3,3218.8,12524.1,121.0,5995.4,583.6,396.741,54.15,3674.0,21483.52515,Semiconductors/Hardware,23134.0,23134.0,2020-12-07,1269387.0,Hassane El-Khoury,ON SEMICONDUCTOR CORP,President/CEO,2027-01-01,10.0,40.0,Executive Director,1.0,0.0,0.0,0.0,0.0,0.0,0.0,0.0,1.0,0.0,1979-06-15,M,,8186.4,0.037232762576180134,0.009661372873100661,-0.04364528231907738,9.435410067083854,0.6126827476625066,1.029539598736531,0.6536517594078616,0.04659815874993013,46.0,0,1.328120120919817,-0.19997741649182793,-0.44736292532478544,-0.49441052504565186,-0.4374823779598874
A,USD,STD,INDL,C,2836,12/31/22,133885,EXELIXIS INC,EXEL,2022,3071.489,2488.427,190.17,3071.489,182.282,1611.062,891.813,323.951,16.04,2836.0,5196.17404,Biotech,11375.0,11375.0,2010-07-15,272802.0,Doctor Mike Morrissey,EXELIXIS INC,President/CEO,2027-01-01,10.0,40.0,Executive Director,1.0,0.0,0.0,0.0,1.0,1.0,0.0,0.0,0.0,0.0,1960-06-15,M,,-48.746,0.023715394987224983,0.0593464602998741,0.0022912150538994605,8.029917739285507,0.810169595267963,0.7362718092980924,-0.015870478455237834,0.29035200842327613,62.0,0,-1.1842032129997493,-0.5116850127602104,4.233401144676493,-0.46939834690430116,-0.6952561510812585
A,USD,STD,INDL,C,2836,12/31/23,133885,EXELIXIS INC,EXEL,2023,2942.357,2263.912,189.944,2942.357,207.765,1830.208,1044.071,302.793,23.99,2836.0,7264.00407,Biotech,11375.0,11375.0,2010-07-15,272802.0,Doctor Mike Morrissey,EXELIXIS INC,President/CEO,2027-01-01,10.0,40.0,Executive Director,1.0,0.0,0.0,0.0,1.0,1.0,0.0,0.0,0.0,0.0,1960-06-15,M,,-177.101,0.017081680162712002,0.0706117578526331,0.021921498237996814,7.986966239822663,0.7694212496987959,1.1658369112686353,-0.06019018086520433,0.35484171363298195,63.0,0,-1.1842032129997493,-0.5116850127602104,4.233401144676493,-0.46939834690430116,-0.6952561510812585
A,USD,STD,INDL,C,2836,12/31/24,133885,EXELIXIS INC,EXEL,2024,2947.69,2244.203,190.823,2947.69,521.267,2168.701,910.408,281.732,33.3,2836.0,9381.6756,Biotech,11375.0,11375.0,2010-07-15,272802.0,Doctor Mike Morrissey,EXELIXIS INC,President/CEO,2027-01-01,10.0,40.0,Executive Director,1.0,0.0,0.0,0.0,1.0,1.0,0.0,0.0,0.0,0.0,1960-06-15,M,,-99.994,0.019610153872212766,0.17683915201394992,0.11977003282592841,7.988777091741952,0.7613429499031444,1.4304079354321988,-0.03392283449073681,0.3088547303142461,64.0,0,-1.1842032129997493,-0.5116850127602104,4.233401144676493,-0.46939834690430116,-0.6952561510812585
A,USD,STD,INDL,C,2836,12/31/25,133885,EXELIXIS INC,EXEL,2025,2844.423,2161.319,173.038,2844.423,782.57,2320.126,825.001,262.483,43.83,2836.0,11504.62989,Biotech,11375.0,11375.0,2010-07-15,272802.0,Doctor Mike Morrissey,EXELIXIS INC,President/CEO,2027-01-01,10.0,40.0,Executive Director,1.0,0.0,0.0,0.0,1.0,1.0,0.0,0.0,0.0,0.0,1960-06-15,M,,-73.354,0.028341758287940853,0.2751243398045931,0.22181768461241508,7.953115514040515,0.7598444394522194,1.6720308700038462,-0.025788710047696846,0.29004160070425533,65.0,0,-1.1842032129997493,-0.5116850127602104,4.233401144676493,-0.46939834690430116,-0.6952561510812585
A,USD,STD,INDL,C,3674,12/31/15,134932,ON SEMICONDUCTOR CORP,ON,2015,3869.6,1608.2,850.5,3869.6,206.2,3495.8,400.5,412.04,9.8,3674.0,4037.9920000000006,Semiconductors/Hardware,23134.0,23134.0,2002-11-19,200418.0,Keith Jackson,ON SEMICONDUCTOR CORP,President/CEO,2020-12-07,10.0,10.0,Executive Director,1.0,0.0,0.0,0.0,0.0,0.0,0.0,0.0,1.0,0.0,1955-06-15,M,,-751.7,0.025258092936257,0.053287161463717175,-0.012362421654488392,8.260906421508773,0.4155985114740542,0.9206319975779704,-0.1942578044242299,0.10349906967128386,60.0,0,1.328120120919817,-0.19997741649182793,-0.44736292532478544,-0.49441052504565186,-0.4374823779598874
A,USD,STD,INDL,C,3674,12/31/16,134932,ON SEMICONDUCTOR CORP,ON,2016,6924.4,1823.2,3068.5,6924.4,182.1,3906.9,454.5,418.942,12.76,3674.0,5345.69992,Semiconductors/Hardware,23134.0,23134.0,2002-11-19,200418.0,Keith Jackson,ON SEMICONDUCTOR CORP,President/CEO,2020-12-07,10.0,10.0,Executive Director,1.0,0.0,0.0,0.0,0.0,0.0,0.0,0.0,1.0,0.0,1955-06-15,M,,-577.5,0.02332983086410457,0.02629830743457917,-0.023695953938515986,8.842806684702575,0.2633007914043094,1.075699285504705,-0.0834007278608977,0.06563745595286234,61.0,0,1.328120120919817,-0.19997741649182793,-0.44736292532478544,-0.49441052504565186,-0.4374823779598874
A,USD,STD,INDL,C,3674,12/31/17,134932,ON SEMICONDUCTOR CORP,ON,2017,7195.1,2778.8,2703.7,7195.1,810.7,5388.0,607.5,425.118,20.94,3674.0,8901.97092,Semiconductors/Hardware,23134.0,23134.0,2002-11-19,200418.0,Keith Jackson,ON SEMICONDUCTOR CORP,President/CEO,2020-12-07,10.0,10.0,Executive Director,1.0,0.0,0.0,0.0,0.0,0.0,0.0,0.0,1.0,0.0,1955-06-15,M,,310.9,0.018257909506587143,0.11267390307292463,0.05503971523626529,8.881155517765537,0.38620727995441345,1.1642535240700935,0.04320996233547831,0.08443246098038942,62.0,0,1.328120120919817,-0.19997741649182793,-0.44736292532478544,-0.49441052504565186,-0.4374823779598874
A,USD,STD,INDL,C,3674,12/31/18,134932,ON SEMICONDUCTOR CORP,ON,2018,7587.6,3171.6,2627.6,7587.6,627.4,5878.3,654.2,413.834,16.51,3674.0,6832.399340000001,Semiconductors/Hardware,23134.0,23134.0,2002-11-19,200418.0,Keith Jackson,ON SEMICONDUCTOR CORP,President/CEO,2020-12-07,10.0,10.0,Executive Director,1.0,0.0,0.0,0.0,0.0,0.0,0.0,0.0,1.0,0.0,1955-06-15,M,,941.7,0.025495423955381433,0.08268754283304337,0.005962387641132855,8.934270614852569,0.41799778586114184,0.7674397137670976,0.12411039063735568,0.08621962148769044,63.0,0,1.328120120919817,-0.19997741649182793,-0.44736292532478544,-0.49441052504565186,-0.4374823779598874
A,USD,STD,INDL,C,3674,12/31/19,134932,ON SEMICONDUCTOR CORP,ON,2019,8425.5,3301.7,2964.4,8425.5,211.7,5517.9,642.5,411.313,24.38,3674.0,10027.81094,Semiconductors/Hardware,23134.0,23134.0,2002-11-19,200418.0,Keith Jackson,ON SEMICONDUCTOR CORP,President/CEO,2020-12-07,10.0,10.0,Executive Director,1.0,0.0,0.0,0.0,0.0,0.0,0.0,0.0,1.0,0.0,1955-06-15,M,,1137.0,0.026066358242390966,0.025126105275651296,-0.055073101784313704,9.039018100640597,0.39186991869918697,1.1109248395647164,0.13494748086166994,0.07625660198207822,64.0,0,1.328120120919817,-0.19997741649182793,-0.44736292532478544,-0.49441052504565186,-0.4374823779598874
A,USD,STD,INDL,C,3674,12/31/20,134932,ON SEMICONDUCTOR CORP,ON,2020,8668.0,3538.5,3075.4,8668.0,234.2,5255.0,644.2,411.842,32.73,3674.0,13479.588659999998,Semiconductors/Hardware,23134.0,23134.0,2020-12-07,1269387.0,Hassane El-Khoury,ON SEMICONDUCTOR CORP,President/CEO,2027-01-01,10.0,40.0,Executive Director,1.0,0.0,0.0,0.0,0.0,0.0,0.0,0.0,1.0,0.0,1979-06-15,M,,1367.9,0.048808457294857444,0.027018920166128287,-0.03288784075877947,9.067393362656249,0.4082256575911398,1.3374736816480761,0.1578103368712506,0.07431933548684819,41.0,0,1.328120120919817,-0.19997741649182793,-0.44736292532478544,-0.49441052504565186,-0.4374823779598874
A,USD,STD,INDL,C,3674,12/31/21,134932,ON SEMICONDUCTOR CORP,ON,2021,9626.0,4585.4,3066.5,9626.0,1009.6,6739.8,657.9,432.473,67.92,3674.0,29373.56616,Semiconductors/Hardware,23134.0,23134.0,2020-12-07,1269387.0,Hassane El-Khoury,ON SEMICONDUCTOR CORP,President/CEO,2027-01-01,10.0,40.0,Executive Director,1.0,0.0,0.0,0.0,0.0,0.0,0.0,0.0,1.0,0.0,1979-06-15,M,,2394.5,0.028776629845597295,0.10488260959900271,0.039047012417584154,9.172223049863055,0.4763557033035528,1.8572178167921065,0.24875337627259506,0.0683461458549761,42.0,0,1.328120120919817,-0.19997741649182793,-0.44736292532478544,-0.49441052504565186,-0.4374823779598874
A,USD,STD,INDL,C,3674,12/31/22,134932,ON SEMICONDUCTOR CORP,ON,2022,11978.5,6188.5,3315.2,11978.5,1902.2,8326.2,600.2,431.936,62.37,3674.0,26939.848319999997,Semiconductors/Hardware,23134.0,23134.0,2020-12-07,1269387.0,Hassane El-Khoury,ON SEMICONDUCTOR CORP,President/CEO,2027-01-01,10.0,40.0,Executive Director,1.0,0.0,0.0,0.0,0.0,0.0,0.0,0.0,1.0,0.0,1979-06-15,M,,4341.2,0.0386605686640282,0.15880118545727762,0.10174594021130298,9.390868655149044,0.5166339691948074,1.4709138096788954,0.3624159953249572,0.050106440706265395,43.0,0,1.328120120919817,-0.19997741649182793,-0.44736292532478544,-0.49441052504565186,-0.4374823779598874
A,USD,STD,INDL,C,3674,12/31/23,134932,ON SEMICONDUCTOR CORP,ON,2023,13215.2,7782.6,2796.0,13215.2,2183.7,8253.0,577.3,426.386,83.53,3674.0,35616.022580000004,Semiconductors/Hardware,23134.0,23134.0,2020-12-07,1269387.0,Hassane El-Khoury,ON SEMICONDUCTOR CORP,President/CEO,2027-01-01,10.0,40.0,Executive Director,1.0,0.0,0.0,0.0,0.0,0.0,0.0,0.0,1.0,0.0,1979-06-15,M,,6502.9,0.02924464662452184,0.16524154004479688,0.1165512804301606,9.48912296124093,0.5889127671166535,1.520905136485114,0.4920773049216054,0.043684545069314115,44.0,0,1.328120120919817,-0.19997741649182793,-0.44736292532478544,-0.49441052504565186,-0.4374823779598874
A,USD,STD,INDL,C,3674,12/31/24,134932,ON SEMICONDUCTOR CORP,ON,2024,14089.8,8796.4,3611.3,14089.8,1572.8,7082.3,612.7,422.955,63.05,3674.0,26667.312749999997,Semiconductors/Hardware,23134.0,23134.0,2020-12-07,1269387.0,Hassane El-Khoury,ON SEMICONDUCTOR CORP,President/CEO,2027-01-01,10.0,40.0,Executive Director,1.0,0.0,0.0,0.0,0.0,0.0,0.0,0.0,1.0,0.0,1979-06-15,M,,8058.5,0.029001184948913603,0.11162685062953343,0.0545577314415119,9.553206410327824,0.6243097843830289,1.10909602696272,0.57193856548709,0.043485358202387546,45.0,0,1.328120120919817,-0.19997741649182793,-0.44736292532478544,-0.49441052504565186,-0.4374823779598874
A,USD,STD,INDL,C,3674,12/31/22,133288,SILICON LABORATORIES INC,SLAB,2022,2169.428,1405.008,547.582,2169.428,91.402,1024.106,332.326,31.994,135.67,3674.0,4340.62598,Semiconductors/Hardware,27977.0,27977.0,2022-01-02,2032686.0,Matt Johnson,SILICON LABORATORIES INC,President/CEO,2027-01-01,10.0,40.0,Executive Director,1.0,0.0,0.0,0.0,0.0,0.0,0.0,0.0,0.0,0.0,1975-06-15,M,,1405.005,0.030577263513163398,0.04213184304802925,-0.014923402197945392,7.682218817317331,0.6476398387040271,1.1279755760148076,0.6476384558510355,0.1531860011025948,47.0,0,-0.6773650833982051,-0.27530597743840163,-0.18806471044490725,-0.6182375476915621,0.1164894900028803
A,USD,STD,INDL,C,2836,12/31/25,122257,BIOMARIN PHARMACEUTICAL INC,BMRN,2025,7594.022,6086.999,634.188,7594.022,348.901,3221.253,921.93,192.3,59.43,2836.0,11428.389,Biotech,4354.0,4354.0,2023-12-01,2113430.0,Alex Hardy,BIOMARIN PHARMACEUTICAL INC,President/CEO,2027-01-01,10.0,40.0,Executive Director,0.0,0.0,1.0,0.0,0.0,0.0,0.0,0.0,1.0,0.0,1968-06-15,M,,140.733,0.022373813127696686,0.045944165028755514,-0.007362490163422532,8.935116637811518,0.8015514045126548,0.6299453377639331,0.018532076941573255,0.12140207126078907,57.0,0,1.347008305115321,-0.13338496484572893,-0.3916614307338299,0.08708464436522341,-1.1593679054721904
A,USD,STD,INDL,C,8731,12/31/15,137131,CHARLES RIVER LABS INTL INC,CRL,2015,2068.497,733.067,845.997,2068.497,149.313,1363.302,0.0,46.698,80.39,8731.0,3754.05222,Biotech,6495.0,6495.0,2000-06-01,142122.0,Jim Foster,CHARLES RIVER LABORATORIES INTERNATIONAL INC,Chairman/President/CEO,2018-02-13,20.0,10.0,Executive Director,1.0,0.0,0.0,0.0,0.0,0.0,0.0,0.0,1.0,1.0,1950-06-15,M,,-125.01,0.01749535943361622,0.07218429613385952,0.006534713015653948,7.634577535574091,0.35439596963399034,1.6333540246515488,-0.0604351855477673,0.0,65.0,0,1.5764848428835998,-0.142984627539358,-0.4574939900475732,-0.6449475881648674,0.986169623191155
A,USD,STD,INDL,C,8731,12/31/16,137131,CHARLES RIVER LABS INTL INC,CRL,2016,2711.8,836.768,1207.696,2711.8,154.765,1681.432,0.0,47.363,76.19,8731.0,3608.58697,Biotech,6495.0,6495.0,2000-06-01,142122.0,Jim Foster,CHARLES RIVER LABORATORIES INTERNATIONAL INC,Chairman/President/CEO,2018-02-13,20.0,10.0,Executive Director,1.0,0.0,0.0,0.0,0.0,0.0,0.0,0.0,1.0,1.0,1950-06-15,M,,-88.461,0.01628006554367301,0.057070949185043136,0.007076687811947979,7.905367900028208,0.30856552843130025,1.4615247019874051,-0.03262076849325171,0.0,66.0,0,1.5764848428835998,-0.142984627539358,-0.4574939900475732,-0.6449475881648674,0.986169623191155
A,USD,STD,INDL,C,8731,12/31/17,137131,CHARLES RIVER LABS INTL INC,CRL,2017,2929.922,1045.08,1114.105,2929.922,123.355,1857.601,0.0,47.402,109.45,8731.0,5188.1489,Biotech,6495.0,6495.0,2000-06-01,142122.0,Jim Foster,CHARLES RIVER LABORATORIES INTERNATIONAL INC,Chairman/President/CEO,2018-02-13,20.0,10.0,Executive Director,1.0,0.0,0.0,0.0,0.0,0.0,0.0,0.0,1.0,1.0,1950-06-15,M,,143.927,0.013280236927010969,0.0421018033927183,-0.01553238444394104,7.982731080496354,0.3566920894139844,1.6022835293799356,0.04912315071868807,0.0,67.0,0,1.5764848428835998,-0.142984627539358,-0.4574939900475732,-0.6449475881648674,0.986169623191155
A,USD,STD,INDL,C,8731,12/31/18,137131,CHARLES RIVER LABS INTL INC,CRL,2018,3855.879,1317.332,1636.598,3855.879,226.373,2266.096,0.0,48.209,113.18,8731.0,5456.294620000001,Biotech,6495.0,6495.0,2018-08-02,142122.0,Jim Foster,CHARLES RIVER LABORATORIES INTERNATIONAL INC,Chairman/President/CEO,2027-01-01,10.0,40.0,Executive Director,1.0,0.0,0.0,0.0,0.0,0.0,0.0,0.0,1.0,1.0,1950-06-15,M,,-130.607,0.017521606223095735,0.05870853312565047,-0.01801662206626005,8.257354275570034,0.3416424633656814,1.4211614392788647,-0.03387217285604657,0.0,68.0,0,1.5764848428835998,-0.142984627539358,-0.4574939900475732,-0.6449475881648674,0.986169623191155
A,USD,STD,INDL,C,8731,12/31/19,137131,CHARLES RIVER LABS INTL INC,CRL,2019,4692.79,1634.584,1965.918,4692.79,252.019,2621.226,0.0,48.936,152.76,8731.0,7475.46336,Biotech,6495.0,6495.0,2018-08-02,142122.0,Jim Foster,CHARLES RIVER LABORATORIES INTERNATIONAL INC,Chairman/President/CEO,2027-01-01,10.0,40.0,Executive Director,1.0,0.0,0.0,0.0,0.0,0.0,0.0,0.0,1.0,1.0,1950-06-15,M,,102.31,0.016632359205011018,0.05370344720304979,-0.026495759856915213,8.453782567296948,0.34831816467389337,1.5202377675908754,0.021801529580484105,0.0,69.0,0,1.5764848428835998,-0.142984627539358,-0.4574939900475732,-0.6449475881648674,0.986169623191155
A,USD,STD,INDL,C,8731,12/31/20,137131,CHARLES RIVER LABS INTL INC,CRL,2020,5490.831,2114.602,2085.166,5490.831,364.304,2923.933,0.0,49.767,249.86,8731.0,12434.782620000002,Biotech,6495.0,6495.0,2018-08-02,142122.0,Jim Foster,CHARLES RIVER LABORATORIES INTERNATIONAL INC,Chairman/President/CEO,2027-01-01,10.0,40.0,Executive Director,1.0,0.0,0.0,0.0,0.0,0.0,0.0,0.0,1.0,1.0,1950-06-15,M,,486.54,0.031281833938628524,0.06634769855418969,0.006440937629281933,8.6108348891691,0.3851151128126143,1.771630980678599,0.0886095383376396,0.0,70.0,0,1.5764848428835998,-0.142984627539358,-0.4574939900475732,-0.6449475881648674,0.986169623191155
A,USD,STD,INDL,C,8731,12/31/21,137131,CHARLES RIVER LABS INTL INC,CRL,2021,7024.292,2534.82,2916.536,7024.292,390.982,3540.16,0.0,50.48,376.78,8731.0,19019.854399999997,Biotech,6495.0,6495.0,2018-08-02,142122.0,Jim Foster,CHARLES RIVER LABORATORIES INTERNATIONAL INC,Chairman/President/CEO,2027-01-01,10.0,40.0,Executive Director,1.0,0.0,0.0,0.0,0.0,0.0,0.0,0.0,1.0,1.0,1950-06-15,M,,816.011,0.01777536138614577,0.05566141043111534,-0.010174186750303217,8.857129706204857,0.3608648387623977,2.0153607733831014,0.11616985740342228,0.0,71.0,0,1.5764848428835998,-0.142984627539358,-0.4574939900475732,-0.6449475881648674,0.986169623191155
A,USD,STD,INDL,C,8731,12/31/22,137131,CHARLES RIVER LABS INTL INC,CRL,2022,7602.77,2976.293,3097.276,7602.77,486.226,3976.06,0.0,50.944,217.9,8731.0,11100.6976,Biotech,6495.0,6495.0,2018-08-02,142122.0,Jim Foster,CHARLES RIVER LABORATORIES INTERNATIONAL INC,Chairman/President/CEO,2027-01-01,10.0,40.0,Executive Director,1.0,0.0,0.0,0.0,0.0,0.0,0.0,0.0,1.0,1.0,1950-06-15,M,,1170.844,0.02865292928826883,0.06395379578758795,0.006898550541613306,8.936267933554234,0.391474817730906,1.3163293867647408,0.15400229127015547,0.0,72.0,0,1.5764848428835998,-0.142984627539358,-0.4574939900475732,-0.6449475881648674,0.986169623191155
A,USD,STD,INDL,C,8731,12/31/23,137131,CHARLES RIVER LABS INTL INC,CRL,2023,8195.001,3596.882,3066.381,8195.001,474.624,4129.409,0.0,51.338,236.4,8731.0,12136.3032,Biotech,6495.0,6495.0,2018-08-02,142122.0,Jim Foster,CHARLES RIVER LABORATORIES INTERNATIONAL INC,Chairman/President/CEO,2027-01-01,10.0,40.0,Executive Director,1.0,0.0,0.0,0.0,0.0,0.0,0.0,0.0,1.0,1.0,1950-06-15,M,,1690.791,0.022132284397403137,0.057916283353717714,0.009226023739081428,9.011279613203548,0.43891172191437194,1.2161338661942402,0.20631980398782135,0.0,73.0,0,1.5764848428835998,-0.142984627539358,-0.4574939900475732,-0.6449475881648674,0.986169623191155
A,USD,STD,INDL,C,8731,12/31/24,137131,CHARLES RIVER LABS INTL INC,CRL,2024,7528.345,3461.503,2723.994,7528.345,10.297,4049.989,0.0,51.141,184.6,8731.0,9440.6286,Biotech,6495.0,6495.0,2018-08-02,142122.0,Jim Foster,CHARLES RIVER LABORATORIES INTERNATIONAL INC,Chairman/President/CEO,2027-01-01,10.0,40.0,Executive Director,1.0,0.0,0.0,0.0,0.0,0.0,0.0,0.0,1.0,1.0,1950-06-15,M,,1494.755,0.02329293255707624,0.001367764096889821,-0.0557013550911317,8.926430509120523,0.4597960109426441,1.0033196791116483,0.19855027897897878,0.0,74.0,0,1.5764848428835998,-0.142984627539358,-0.4574939900475732,-0.6449475881648674,0.986169623191155
A,USD,STD,INDL,C,8731,12/31/25,137131,CHARLES RIVER LABS INTL INC,CRL,2025,7135.422,3164.63,2570.408,7135.422,-144.338,4015.382,0.0,49.217,199.48,8731.0,9817.807159999998,Biotech,6495.0,6495.0,2018-08-02,142122.0,Jim Foster,CHARLES RIVER LABORATORIES INTERNATIONAL INC,Chairman/President/CEO,2027-01-01,10.0,40.0,Executive Director,1.0,0.0,0.0,0.0,0.0,0.0,0.0,0.0,1.0,1.0,1950-06-15,M,,1216.837,0.03407582105133071,-0.020228376121272155,-0.0735350313134502,8.872826673221502,0.4435098582816826,1.1321616488392363,0.17053469297260906,0.0,75.0,0,1.5764848428835998,-0.142984627539358,-0.4574939900475732,-0.6449475881648674,0.986169623191155
A,USD,STD,INDL,C,3674,1/31/16,137310,MARVELL TECHNOLOGY INC,MRVL,2015,5442.127,4140.123,0.0,5442.127,-811.4,2725.828,1054.257,507.572,8.85,3674.0,4492.0122,Semiconductors/Hardware,19750.0,19750.0,2013-07-14,327057.0,Doctor Sehat Sutardja,MARVELL TECHNOLOGY INC (Marvell Technology Group Ltd prior to 04/2021),Chairman/CEO,2016-04-01,10.0,10.0,Executive Director,1.0,0.0,0.0,0.0,1.0,1.0,0.0,0.0,1.0,1.0,1961-07-01,M,,2045.511,0.02426567167446772,-0.14909611627953553,-0.2147456993977411,8.60192525607934,0.7607545726147147,0.08157525527114358,0.3758660905928876,0.19372149896538615,54.0,0,1.0696467132820562,-0.3793636628611668,3.9639718650738267,-0.4961083873776064,0.17442398210701618
A,USD,STD,INDL,C,3674,1/31/17,137310,MARVELL TECHNOLOGY INC,MRVL,2016,4648.65,4027.651,0.0,4648.65,21.151,2317.674,831.398,506.095,14.87,3674.0,7525.63265,Semiconductors/Hardware,19750.0,19750.0,2016-07-11,761557.0,Matt Murphy,MARVELL TECHNOLOGY INC (Marvell Technology Group Ltd prior to 04/2021),President/CEO,2023-06-16,10.0,10.0,Executive Director,1.0,0.0,0.0,0.0,0.0,0.0,0.0,0.0,0.0,0.0,1972-06-15,M,,1110.187,0.023133136036604524,0.004549923095952589,-0.04544433827714257,8.444332133848997,0.8664130446473708,0.6251315525836763,0.23881922708743397,0.17884719219558368,44.0,0,-0.6773650833982051,-0.27530597743840163,-0.18806471044490725,-0.6182375476915621,0.1164894900028803
A,USD,STD,INDL,C,3674,1/31/18,137310,MARVELL TECHNOLOGY INC,MRVL,2017,4708.287,4141.413,0.0,4708.287,520.831,2409.17,714.444,495.913,23.33,3674.0,11569.65029,Semiconductors/Hardware,19750.0,19750.0,2016-07-11,761557.0,Matt Murphy,MARVELL TECHNOLOGY INC (Marvell Technology Group Ltd prior to 04/2021),President/CEO,2023-06-16,10.0,10.0,Executive Director,1.0,0.0,0.0,0.0,0.0,0.0,0.0,0.0,0.0,0.0,1972-06-15,M,,1009.864,0.01758851029059388,0.1106200620310529,0.05298587419439356,8.457079426590147,0.8796007974874938,1.0273482812114083,0.2144865000795406,0.15174181183092703,45.0,0,-0.6773650833982051,-0.27530597743840163,-0.18806471044490725,-0.6182375476915621,0.1164894900028803
A,USD,STD,INDL,C,2836,12/31/21,133885,EXELIXIS INC,EXEL,2021,2616.239,2210.615,51.272,2616.239,231.063,1434.97,693.716,318.842,18.28,2836.0,5828.43176,Biotech,11375.0,11375.0,2010-07-15,272802.0,Doctor Mike Morrissey,EXELIXIS INC,President/CEO,2027-01-01,10.0,40.0,Executive Director,1.0,0.0,0.0,0.0,1.0,1.0,0.0,0.0,0.0,0.0,1960-06-15,M,,-217.265,0.026827616195697096,0.08831876598430036,0.0224831688028818,7.869493069260209,0.8449591187961037,0.9694772119627942,-0.08304478298809856,0.26515773214908883,61.0,0,-1.1842032129997493,-0.5116850127602104,4.233401144676493,-0.46939834690430116,-0.6952561510812585
A,USD,STD,INDL,C,3674,12/31/25,112158,CELESTICA INC,CLS,2025,7213.1,2216.3,858.1,7213.1,832.5,12390.9,118.2,114.9,295.61,3674.0,33965.589,Semiconductors/Hardware,6175.0,6175.0,2015-08-01,1084894.0,Rob Mionis,CELESTICA INC,President/CEO,2027-01-01,10.0,40.0,Executive Director,1.0,0.0,0.0,0.0,0.0,0.0,0.0,0.0,0.0,0.0,1963-02-01,M,,407.0,0.049917761828825735,0.11541500880342709,0.06210835361124904,8.883654096264495,0.307260401214457,2.729508785090247,0.0564251154150088,0.01638685170037848,62.0,0,-0.6773650833982051,-0.27530597743840163,-0.18806471044490725,-0.6182375476915621,0.1164894900028803
A,USD,STD,INDL,C,2834,3/31/18,162335,PRESTIGE CONSUMER HEALTHCARE,PBH,2017,3760.612,1178.61,1992.952,3760.612,339.57,1041.179,0.0,53.043,33.72,5122.0,1788.60996,Biotech,1692432.0,1692432.0,2009-07-01,1376569.0,George Paleologou,PREMIUM BRANDS HOLDINGS CORP (Premium Brands Income Fund prior to 07/2009),President/CEO,2027-01-01,20.0,40.0,Executive Director,1.0,0.0,0.0,0.0,0.0,0.0,0.0,0.0,0.0,0.0,1960-06-15,M,,370.355,0.01329669342319384,0.09029647302088065,0.032662285184221304,8.232336989096446,0.3134090940517128,0.4171029814871017,0.0984826405914782,0.0,57.0,0,-0.6773650833982051,-0.27530597743840163,-0.18806471044490725,-0.6182375476915621,0.1164894900028803
A,USD,STD,INDL,C,2836,12/31/18,122257,BIOMARIN PHARMACEUTICAL INC,BMRN,2018,4427.128,2967.94,830.417,4427.128,-77.211,1491.212,696.328,178.253,85.15,2836.0,15178.24295,Biotech,4354.0,4354.0,2015-06-09,183266.0,Jean-Jacques Bienaimé,BIOMARIN PHARMACEUTICAL INC,Chairman/President/CEO,2023-11-30,10.0,10.0,Executive Director,1.0,0.0,1.0,1.0,0.0,0.0,0.0,0.0,0.0,0.0,1953-06-15,M,,-1688.863,0.021799811818683384,-0.017440426389297985,-0.0941655815812085,8.395506345799584,0.6703985066616552,1.6319949081064957,-0.3814804993214563,0.15728662012934796,65.0,0,-0.5986162497683529,-0.13342965404338525,-0.11640577451831292,1.683520041240194,0.08550762578148682
A,USD,STD,INDL,C,3674,1/31/24,117768,NVIDIA CORP,NVDA,2023,65728.0,42978.0,9578.0,65728.0,29760.0,60922.0,8675.0,2464.0,615.27,3674.0,1516025.28,Semiconductors/Hardware,22806.0,22806.0,1993-04-01,83377.0,Jensen Huang,NVIDIA CORP,President/CEO,2027-01-01,20.0,40.0,Executive Director,1.0,0.0,0.0,0.0,0.0,0.0,0.0,0.0,1.0,1.0,1963-02-17,M,Asian Association Network,10128.0,0.03050734697081698,0.4527750730282376,0.4040848134136013,11.09328029328823,0.653876582278481,3.5631588846646554,0.15408958130477118,0.1319833252190847,60.0,0,1.5764848428835998,-0.142984627539358,-0.4574939900475732,-0.6449475881648674,0.986169623191155
A,USD,STD,INDL,C,3674,1/31/25,117768,NVIDIA CORP,NVDA,2024,111601.0,79327.0,9982.0,111601.0,72880.0,130497.0,12914.0,24477.0,120.07,3674.0,2938953.3899999997,Semiconductors/Hardware,22806.0,22806.0,1993-04-01,83377.0,Jensen Huang,NVIDIA CORP,President/CEO,2027-01-01,20.0,40.0,Executive Director,1.0,0.0,0.0,0.0,0.0,0.0,0.0,0.0,1.0,1.0,1963-02-17,M,Asian Association Network,29844.0,0.033073806707782254,0.6530407433625147,0.5959716241744932,11.622685289462678,0.7108090429297228,3.612230257273546,0.26741695862940296,0.11571580899812725,61.0,0,1.5764848428835998,-0.142984627539358,-0.4574939900475732,-0.6449475881648674,0.986169623191155
A,USD,STD,INDL,C,2834,12/31/15,121440,UNITED THERAPEUTICS CORP,UTHR,2015,2184.445,1588.552,0.0,2184.445,651.639,1465.761,245.098,45.761,156.61,2834.0,7166.630210000001,Biotech,32166.0,32166.0,2015-01-01,330136.0,Doctor Martine Rothblatt,UNITED THERAPEUTICS CORP,Chairman/Co-CEO,2016-06-26,10.0,10.0,Executive Director,1.0,0.0,1.0,1.0,1.0,0.0,0.0,0.0,0.0,0.0,1954-06-15,F,,1699.352,0.022206454955955277,0.29830872372616385,0.23265914060795828,7.689117070688406,0.7272108018283819,1.5066126499993187,0.7779330676670733,0.11220149740551948,61.0,0,-0.5803399603521456,-0.10821941426433843,0.1480160340512967,1.6785108418425307,-0.6162029551560514
A,USD,STD,INDL,C,2834,12/31/16,121440,UNITED THERAPEUTICS CORP,UTHR,2016,2325.6,1851.3,0.0,2325.6,713.7,1598.8,147.6,42.966,143.43,2834.0,6162.613380000001,Biotech,32166.0,32166.0,2016-06-26,330136.0,Doctor Martine Rothblatt,UNITED THERAPEUTICS CORP,Chairman/CEO,2027-01-01,10.0,40.0,Executive Director,1.0,0.0,1.0,1.0,1.0,0.0,0.0,0.0,0.0,0.0,1954-06-15,F,,2416.7,0.02372177922294144,0.3068885448916409,0.25689428351854576,7.751733349244666,0.7960526315789473,1.2026128425638487,1.039172686618507,0.06346749226006192,62.0,0,-0.5803399603521456,-0.10821941426433843,0.1480160340512967,1.6785108418425307,-0.6162029551560514
A,USD,STD,INDL,C,2834,12/31/17,121440,UNITED THERAPEUTICS CORP,UTHR,2017,2879.4,2101.8,250.0,2879.4,417.9,1736.4,264.6,43.24,147.95,2834.0,6397.358,Biotech,32166.0,32166.0,2016-06-26,330136.0,Doctor Martine Rothblatt,UNITED THERAPEUTICS CORP,Chairman/CEO,2027-01-01,10.0,40.0,Executive Director,1.0,0.0,1.0,1.0,1.0,0.0,0.0,0.0,0.0,0.0,1954-06-15,F,,2826.0,0.02043271440342394,0.1451344030006251,0.08750021516396576,7.965337218092255,0.7299437382788081,1.11309097218573,0.9814544696811836,0.09189414461346114,63.0,0,-0.5803399603521456,-0.10821941426433843,0.1480160340512967,1.6785108418425307,-0.6162029551560514
A,USD,STD,INDL,C,2834,12/31/18,121440,UNITED THERAPEUTICS CORP,UTHR,2018,3401.0,2788.6,250.0,3401.0,589.2,1627.8,357.9,43.588,108.9,2834.0,4746.733200000001,Biotech,32166.0,32166.0,2016-06-26,330136.0,Doctor Martine Rothblatt,UNITED THERAPEUTICS CORP,Chairman/CEO,2027-01-01,10.0,40.0,Executive Director,1.0,0.0,1.0,1.0,1.0,0.0,0.0,0.0,0.0,0.0,1954-06-15,F,,3426.9,0.023038324842069167,0.1732431637753602,0.09651800858344968,8.131824785007195,0.8199353131431931,0.5319169562926339,1.0076154072331667,0.10523375477800646,64.0,0,-0.5803399603521456,-0.10821941426433843,0.1480160340512967,1.6785108418425307,-0.6162029551560514
A,USD,STD,INDL,C,2834,12/31/19,121440,UNITED THERAPEUTICS CORP,UTHR,2019,3913.4,2780.4,603.0,3913.4,-104.5,1448.8,1182.6,43.885,88.08,2834.0,3865.3908,Biotech,32166.0,32166.0,2016-06-26,330136.0,Doctor Martine Rothblatt,UNITED THERAPEUTICS CORP,Chairman/CEO,2027-01-01,10.0,40.0,Executive Director,1.0,0.0,1.0,1.0,1.0,0.0,0.0,0.0,0.0,0.0,1954-06-15,F,,3311.0,0.018168760508541743,-0.026703122604384934,-0.10690232966434993,8.272161840343998,0.7104819338682475,0.32946798723217463,0.8460673583073542,0.30219246690857055,65.0,0,-0.5803399603521456,-0.10821941426433843,0.1480160340512967,1.6785108418425307,-0.6162029551560514
A,USD,STD,INDL,C,2834,12/31/20,121440,UNITED THERAPEUTICS CORP,UTHR,2020,4615.0,3395.2,800.0,4615.0,514.8,1483.3,357.7,44.507,151.79,2834.0,6755.717529999999,Biotech,32166.0,32166.0,2016-06-26,330136.0,Doctor Martine Rothblatt,UNITED THERAPEUTICS CORP,Chairman/CEO,2027-01-01,10.0,40.0,Executive Director,1.0,0.0,1.0,1.0,1.0,0.0,0.0,0.0,0.0,0.0,1954-06-15,F,,3825.0,0.025095374551148127,0.11154929577464788,0.05164253484974012,8.437067146936952,0.7356879739978331,0.6880265183912069,0.828819068255688,0.07750812567713976,66.0,0,-0.5803399603521456,-0.10821941426433843,0.1480160340512967,1.6785108418425307,-0.6162029551560514
A,USD,STD,INDL,C,2834,12/31/21,121440,UNITED THERAPEUTICS CORP,UTHR,2021,5169.1,3958.9,800.0,5169.1,475.8,1685.5,540.1,45.108,216.08,2834.0,9746.93664,Biotech,32166.0,32166.0,2016-06-26,330136.0,Doctor Martine Rothblatt,UNITED THERAPEUTICS CORP,Chairman/CEO,2027-01-01,10.0,40.0,Executive Director,1.0,0.0,1.0,1.0,1.0,0.0,0.0,0.0,0.0,0.0,1954-06-15,F,,4292.0,0.02171609453487131,0.09204697142636048,0.026211374244941923,8.550453871110667,0.7658780058424096,0.9009868359710458,0.8303186241318604,0.10448627420634153,67.0,0,-0.5803399603521456,-0.10821941426433843,0.1480160340512967,1.6785108418425307,-0.6162029551560514
A,USD,STD,INDL,C,2834,12/31/22,121440,UNITED THERAPEUTICS CORP,UTHR,2022,6044.5,4796.7,800.0,6044.5,727.3,1936.3,322.9,46.032,278.09,2834.0,12801.038879999998,Biotech,32166.0,32166.0,2016-06-26,330136.0,Doctor Martine Rothblatt,UNITED THERAPEUTICS CORP,Chairman/CEO,2027-01-01,10.0,40.0,Executive Director,1.0,0.0,1.0,1.0,1.0,0.0,0.0,0.0,0.0,0.0,1954-06-15,F,,4986.8,0.021767777369367018,0.1203242617255356,0.06326901647956096,8.706904046642046,0.7935643973860534,0.9815981486547266,0.82501447596989,0.05342046488543303,68.0,0,-0.5803399603521456,-0.10821941426433843,0.1480160340512967,1.6785108418425307,-0.6162029551560514
A,USD,STD,INDL,C,2834,12/31/23,121440,UNITED THERAPEUTICS CORP,UTHR,2023,7167.0,5984.8,300.0,7167.0,984.8,2327.5,408.0,47.041,219.89,2834.0,10343.845489999998,Biotech,32166.0,32166.0,2016-06-26,330136.0,Doctor Martine Rothblatt,UNITED THERAPEUTICS CORP,Chairman/CEO,2027-01-01,10.0,40.0,Executive Director,1.0,0.0,1.0,1.0,1.0,0.0,0.0,0.0,0.0,0.0,1954-06-15,F,,6014.3,0.01596871666471893,0.13740756243895633,0.08871730282432004,8.877242435993919,0.83504953257988,0.5471687826202979,0.8391656202037114,0.05692758476349937,69.0,0,-0.5803399603521456,-0.10821941426433843,0.1480160340512967,1.6785108418425307,-0.6162029551560514
A,USD,STD,INDL,C,2836,12/31/16,122257,BIOMARIN PHARMACEUTICAL INC,BMRN,2016,4023.69,2766.275,660.761,4023.69,-630.21,1116.854,1261.023,172.648,82.84,2836.0,14302.16032,Biotech,4354.0,4354.0,2015-06-09,183266.0,Jean-Jacques Bienaimé,BIOMARIN PHARMACEUTICAL INC,Chairman/President/CEO,2023-11-30,10.0,10.0,Executive Director,1.0,0.0,1.0,1.0,0.0,0.0,0.0,0.0,0.0,0.0,1953-06-15,M,,-1507.69,0.028867777541507596,-0.15662488909433878,-0.20661915046743393,8.299954671038654,0.687497048728903,1.6429089473364762,-0.37470331958972986,0.3133996406283784,63.0,0,-0.5986162497683529,-0.13342965404338525,-0.11640577451831292,1.683520041240194,0.08550762578148682
A,USD,STD,INDL,C,2836,12/31/17,122257,BIOMARIN PHARMACEUTICAL INC,BMRN,2017,4633.125,2808.663,813.521,4633.125,-117.042,1313.646,616.553,175.844,89.17,2836.0,15680.00948,Biotech,4354.0,4354.0,2015-06-09,183266.0,Jean-Jacques Bienaimé,BIOMARIN PHARMACEUTICAL INC,Chairman/President/CEO,2023-11-30,10.0,10.0,Executive Director,1.0,0.0,1.0,1.0,0.0,0.0,0.0,0.0,0.0,0.0,1953-06-15,M,,-1660.509,0.01743981057135875,-0.02526199919061109,-0.08289618702727043,8.440986865410984,0.6062135167948199,1.7196780501090816,-0.3583993524888709,0.13307497639282342,64.0,0,-0.5986162497683529,-0.13342965404338525,-0.11640577451831292,1.683520041240194,0.08550762578148682
A,USD,STD,INDL,C,2836,12/31/19,122257,BIOMARIN PHARMACEUTICAL INC,BMRN,2019,4690.039,3122.381,537.038,4690.039,-23.848,1704.048,715.007,179.838,84.55,2836.0,15205.3029,Biotech,4354.0,4354.0,2015-06-09,183266.0,Jean-Jacques Bienaimé,BIOMARIN PHARMACEUTICAL INC,Chairman/President/CEO,2023-11-30,10.0,10.0,Executive Director,1.0,0.0,1.0,1.0,0.0,0.0,0.0,0.0,0.0,0.0,1953-06-15,M,,-1700.545,0.018474174245957247,-0.005084819124105365,-0.08528402618407037,8.453196176970783,0.6657473423994982,1.5830483902065169,-0.36258653712687683,0.15245225039706492,66.0,0,-0.5986162497683529,-0.13342965404338525,-0.11640577451831292,1.683520041240194,0.08550762578148682
A,USD,STD,INDL,C,3674,12/31/24,112158,CELESTICA INC,CLS,2024,5988.2,1896.0,879.6,5988.2,428.0,9646.0,78.0,116.1,92.3,3674.0,10716.03,Semiconductors/Hardware,6175.0,6175.0,2015-08-01,1084894.0,Rob Mionis,CELESTICA INC,President/CEO,2027-01-01,10.0,40.0,Executive Director,1.0,0.0,0.0,0.0,0.0,0.0,0.0,0.0,0.0,0.0,1963-02-01,M,,-441.4,0.03518541360322522,0.07147389866737919,0.014404779479357664,8.697546145115348,0.316622691292876,1.731994347397685,-0.07371163287799339,0.013025617046858822,61.0,0,-0.6773650833982051,-0.27530597743840163,-0.18806471044490725,-0.6182375476915621,0.1164894900028803
A,USD,STD,INDL,C,2836,12/31/20,122257,BIOMARIN PHARMACEUTICAL INC,BMRN,2020,5848.02,4106.002,1119.634,5848.02,859.1,1860.455,628.116,181.741,87.69,2836.0,15936.86829,Biotech,4354.0,4354.0,2015-06-09,183266.0,Jean-Jacques Bienaimé,BIOMARIN PHARMACEUTICAL INC,Chairman/President/CEO,2023-11-30,10.0,10.0,Executive Director,1.0,0.0,1.0,1.0,0.0,0.0,0.0,0.0,0.0,0.0,1953-06-15,M,,-877.748,0.03527739788410508,0.14690442235149673,0.08699766142658896,8.673858421396407,0.7021183238087422,1.356185379738524,-0.15009319393572526,0.10740660941652046,67.0,0,-0.5986162497683529,-0.13342965404338525,-0.11640577451831292,1.683520041240194,0.08550762578148682
A,USD,STD,INDL,C,2836,12/31/21,122257,BIOMARIN PHARMACEUTICAL INC,BMRN,2021,6003.325,4270.74,1112.919,6003.325,-64.08,1846.275,628.793,183.913,88.35,2836.0,16248.71355,Biotech,4354.0,4354.0,2015-06-09,183266.0,Jean-Jacques Bienaimé,BIOMARIN PHARMACEUTICAL INC,Chairman/President/CEO,2023-11-30,10.0,10.0,Executive Director,1.0,0.0,1.0,1.0,0.0,0.0,0.0,0.0,0.0,0.0,1953-06-15,M,,-911.257,0.01925471412321626,-0.010674084778018848,-0.0765096819594374,8.700068761383216,0.7113957681784677,1.336226625154909,-0.1517920485730824,0.10474078947916364,68.0,0,-0.5986162497683529,-0.13342965404338525,-0.11640577451831292,1.683520041240194,0.08550762578148682
A,USD,STD,INDL,C,2836,12/31/22,122257,BIOMARIN PHARMACEUTICAL INC,BMRN,2022,6375.074,4603.156,1109.532,6375.074,141.561,2096.039,649.606,186.251,103.49,2836.0,19275.11599,Biotech,4354.0,4354.0,2015-06-09,183266.0,Jean-Jacques Bienaimé,BIOMARIN PHARMACEUTICAL INC,Chairman/President/CEO,2023-11-30,10.0,10.0,Executive Director,1.0,0.0,1.0,1.0,0.0,0.0,0.0,0.0,0.0,0.0,1953-06-15,M,,-793.066,0.022029232557906474,0.022205389302147712,-0.03484985594382693,8.760150977802393,0.7220553047697956,1.4320727818692063,-0.12440106577586395,0.10189779757850655,69.0,0,-0.5986162497683529,-0.13342965404338525,-0.11640577451831292,1.683520041240194,0.08550762578148682
A,USD,STD,INDL,C,2836,12/31/23,122257,BIOMARIN PHARMACEUTICAL INC,BMRN,2023,6841.603,4951.549,631.219,6841.603,167.645,2419.226,746.773,188.598,96.42,2836.0,18184.61916,Biotech,4354.0,4354.0,2023-12-01,2113430.0,Alex Hardy,BIOMARIN PHARMACEUTICAL INC,President/CEO,2027-01-01,10.0,40.0,Executive Director,0.0,0.0,1.0,0.0,0.0,0.0,0.0,0.0,1.0,0.0,1968-06-15,M,,-650.342,0.018925885276992866,0.02450376030295824,-0.024186499311678045,8.830777339884495,0.7237410589301951,1.300875678763229,-0.09505696252764155,0.10915175873256604,55.0,0,1.347008305115321,-0.13338496484572893,-0.3916614307338299,0.08708464436522341,-1.1593679054721904
A,USD,STD,INDL,C,2836,12/31/24,122257,BIOMARIN PHARMACEUTICAL INC,BMRN,2024,6988.94,5657.99,626.395,6988.94,426.859,2853.915,747.184,190.761,65.73,2836.0,12538.72053,Biotech,4354.0,4354.0,2023-12-01,2113430.0,Alex Hardy,BIOMARIN PHARMACEUTICAL INC,President/CEO,2027-01-01,10.0,40.0,Executive Director,0.0,0.0,1.0,0.0,0.0,0.0,0.0,0.0,1.0,0.0,1968-06-15,M,,-133.042,0.01965676639750698,0.06107635778816244,0.004007238600140919,8.85208417852112,0.8095633958797758,0.7957527934299342,-0.019036077001662627,0.10690948842027546,56.0,0,1.347008305115321,-0.13338496484572893,-0.3916614307338299,0.08708464436522341,-1.1593679054721904
A,USD,STD,INDL,C,3674,12/31/15,112158,CELESTICA INC,CLS,2015,2612.0,1091.0,250.6,2612.0,66.9,5639.2,23.2,143.471,11.03,3674.0,1582.48513,Semiconductors/Hardware,6175.0,6175.0,2015-08-01,1084894.0,Rob Mionis,CELESTICA INC,President/CEO,2027-01-01,10.0,40.0,Executive Director,1.0,0.0,0.0,0.0,0.0,0.0,0.0,0.0,0.0,0.0,1963-02-01,M,,-1818.2,0.01851093792466677,0.02561255742725881,-0.04003702569094676,7.867871490396322,0.417687595712098,0.3719017716166262,-0.6960949464012252,0.00888208269525268,52.0,0,-0.6773650833982051,-0.27530597743840163,-0.18806471044490725,-0.6182375476915621,0.1164894900028803
A,USD,STD,INDL,C,3674,12/31/16,112158,CELESTICA INC,CLS,2016,2822.3,1238.8,188.7,2822.3,136.3,6016.5,24.9,140.893,11.85,3674.0,1669.58205,Semiconductors/Hardware,6175.0,6175.0,2015-08-01,1084894.0,Rob Mionis,CELESTICA INC,President/CEO,2027-01-01,10.0,40.0,Executive Director,1.0,0.0,0.0,0.0,0.0,0.0,0.0,0.0,0.0,0.0,1963-02-01,M,,-1656.7,0.02168826664137442,0.04829394465506856,-0.0017003167180265968,7.945307434345783,0.43893278531694,0.2984301565280475,-0.5870035077773447,0.008822591503383765,53.0,0,-0.6773650833982051,-0.27530597743840163,-0.18806471044490725,-0.6182375476915621,0.1164894900028803
A,USD,STD,INDL,C,3674,12/31/17,112158,CELESTICA INC,CLS,2017,2944.7,1350.7,166.5,2944.7,105.0,6110.5,26.2,141.809,10.48,3674.0,1486.15832,Semiconductors/Hardware,6175.0,6175.0,2015-08-01,1084894.0,Rob Mionis,CELESTICA INC,President/CEO,2027-01-01,10.0,40.0,Executive Director,1.0,0.0,0.0,0.0,0.0,0.0,0.0,0.0,0.0,0.0,1963-02-01,M,,-1551.9,0.016190759163280347,0.03565728257547458,-0.02197690526118476,7.987762223324677,0.45868849118755733,0.09557150508568961,-0.5270146364655144,0.008897340985499371,54.0,0,-0.6773650833982051,-0.27530597743840163,-0.18806471044490725,-0.6182375476915621,0.1164894900028803
A,USD,STD,INDL,C,3674,12/31/18,112158,CELESTICA INC,CLS,2018,3737.7,1332.3,650.2,3737.7,98.9,6633.2,28.8,136.292,8.77,3674.0,1195.28084,Semiconductors/Hardware,6175.0,6175.0,2015-08-01,1084894.0,Rob Mionis,CELESTICA INC,President/CEO,2027-01-01,10.0,40.0,Executive Director,1.0,0.0,0.0,0.0,0.0,0.0,0.0,0.0,0.0,0.0,1963-02-01,M,,-1508.2,0.015651055236524252,0.026460122535248952,-0.05026503265666157,8.226225727972928,0.35644915322257004,-0.10852560165937802,-0.4035101800572545,0.007705273296412233,55.0,0,-0.6773650833982051,-0.27530597743840163,-0.18806471044490725,-0.6182375476915621,0.1164894900028803
A,USD,STD,INDL,C,3674,12/31/19,112158,CELESTICA INC,CLS,2019,3560.7,1356.2,559.1,3560.7,70.3,5888.3,28.4,128.8,8.27,3674.0,1065.176,Semiconductors/Hardware,6175.0,6175.0,2015-08-01,1084894.0,Rob Mionis,CELESTICA INC,President/CEO,2027-01-01,10.0,40.0,Executive Director,1.0,0.0,0.0,0.0,0.0,0.0,0.0,0.0,0.0,0.0,1963-02-01,M,,-1443.7,0.02362977315467394,0.019743308899935405,-0.060455898160029595,8.17771243373057,0.38088016401269414,-0.24154662754388864,-0.4054539837672368,0.0079759597831887,56.0,0,-0.6773650833982051,-0.27530597743840163,-0.18806471044490725,-0.6182375476915621,0.1164894900028803
A,USD,STD,INDL,C,3674,12/31/20,112158,CELESTICA INC,CLS,2020,3664.1,1409.0,486.1,3664.1,60.6,5748.1,29.9,129.1,8.07,3674.0,1041.837,Semiconductors/Hardware,6175.0,6175.0,2015-08-01,1084894.0,Rob Mionis,CELESTICA INC,President/CEO,2027-01-01,10.0,40.0,Executive Director,1.0,0.0,0.0,0.0,0.0,0.0,0.0,0.0,0.0,0.0,1963-02-01,M,,-1384.0,0.04310484207433985,0.016538849922218282,-0.043367911002689476,8.206338017998004,0.38454190660735244,-0.301894731764226,-0.37771894871864853,0.008160257634889877,57.0,0,-0.6773650833982051,-0.27530597743840163,-0.18806471044490725,-0.6182375476915621,0.1164894900028803
A,USD,STD,INDL,C,3674,12/31/21,112158,CELESTICA INC,CLS,2021,4666.9,1463.0,742.9,4666.9,103.9,5634.7,38.4,124.7,11.13,3674.0,1387.911,Semiconductors/Hardware,6175.0,6175.0,2015-08-01,1084894.0,Rob Mionis,CELESTICA INC,President/CEO,2027-01-01,10.0,40.0,Executive Director,1.0,0.0,0.0,0.0,0.0,0.0,0.0,0.0,0.0,0.0,1963-02-01,M,,-1282.4,0.025363718295037103,0.022263172555657934,-0.04357242462576062,8.448250318679328,0.3134843257837108,-0.052689383046679986,-0.2747862606869657,0.0082281600205704,58.0,0,-0.6773650833982051,-0.27530597743840163,-0.18806471044490725,-0.6182375476915621,0.1164894900028803
A,USD,STD,INDL,C,3674,12/31/22,112158,CELESTICA INC,CLS,2022,5628.0,1677.7,733.9,5628.0,145.5,7250.0,46.3,121.6,11.27,3674.0,1370.4319999999998,Semiconductors/Hardware,6175.0,6175.0,2015-08-01,1084894.0,Rob Mionis,CELESTICA INC,President/CEO,2027-01-01,10.0,40.0,Executive Director,1.0,0.0,0.0,0.0,0.0,0.0,0.0,0.0,0.0,0.0,1963-02-01,M,,-1082.3,0.02784154312917144,0.025852878464818763,-0.03120236678115588,8.63550941823428,0.2980987917555082,-0.20229778919260336,-0.19230632551528073,0.008226723525230987,59.0,0,-0.6773650833982051,-0.27530597743840163,-0.18806471044490725,-0.6182375476915621,0.1164894900028803
A,USD,STD,INDL,C,3674,12/31/23,112158,CELESTICA INC,CLS,2023,5890.7,1768.5,731.2,5890.7,244.6,7961.0,60.9,119.0,29.28,3674.0,3484.32,Semiconductors/Hardware,6175.0,6175.0,2015-08-01,1084894.0,Rob Mionis,CELESTICA INC,President/CEO,2027-01-01,10.0,40.0,Executive Director,1.0,0.0,0.0,0.0,0.0,0.0,0.0,0.0,0.0,0.0,1963-02-01,M,,-854.5,0.024644628827893564,0.041523078751251975,-0.007167180863384311,8.681130115084914,0.3002189892542482,0.678141173559105,-0.1450591610504694,0.010338329909857912,60.0,0,-0.6773650833982051,-0.27530597743840163,-0.18806471044490725,-0.6182375476915621,0.1164894900028803
A,USD,STD,INDL,C,3674,1/31/19,137310,MARVELL TECHNOLOGY INC,MRVL,2018,10016.752,7306.41,1732.699,10016.752,-179.094,2865.791,914.009,658.514,18.53,3674.0,12202.26442,Semiconductors/Hardware,19750.0,19750.0,2016-07-11,761557.0,Matt Murphy,MARVELL TECHNOLOGY INC (Marvell Technology Group Ltd prior to 04/2021),President/CEO,2023-06-16,10.0,10.0,Executive Director,1.0,0.0,0.0,0.0,0.0,0.0,0.0,0.0,0.0,0.0,1972-06-15,M,,1407.13,0.022455313052499832,-0.017879448348127217,-0.09460460354003773,9.212014170393731,0.7294190771619383,0.5128694976553766,0.14047767180419363,0.09124804128124565,46.0,0,-0.6773650833982051,-0.27530597743840163,-0.18806471044490725,-0.6182375476915621,0.1164894900028803
A,USD,STD,INDL,C,3674,1/31/20,137310,MARVELL TECHNOLOGY INC,MRVL,2019,11133.235,8678.58,1554.802,11133.235,1584.391,2699.161,1080.391,663.481,24.04,3674.0,15950.08324,Semiconductors/Hardware,19750.0,19750.0,2016-07-11,761557.0,Matt Murphy,MARVELL TECHNOLOGY INC (Marvell Technology Group Ltd prior to 04/2021),President/CEO,2023-06-16,10.0,10.0,Executive Director,1.0,0.0,0.0,0.0,0.0,0.0,0.0,0.0,0.0,0.0,1972-06-15,M,,1116.495,0.02130508834746889,0.1423118258080423,0.0621126187480773,9.317690057922347,0.7795200586352484,0.6086061272068353,0.10028486778550887,0.09704196489160608,47.0,0,-0.6773650833982051,-0.27530597743840163,-0.18806471044490725,-0.6182375476915621,0.1164894900028803
A,USD,STD,INDL,C,3674,1/31/21,137310,MARVELL TECHNOLOGY INC,MRVL,2020,10764.924,8435.804,1097.587,10764.924,-277.298,2968.9,1072.74,675.402,51.46,3674.0,34756.18692,Semiconductors/Hardware,19750.0,19750.0,2016-07-11,761557.0,Matt Murphy,MARVELL TECHNOLOGY INC (Marvell Technology Group Ltd prior to 04/2021),President/CEO,2023-06-16,10.0,10.0,Executive Director,1.0,0.0,0.0,0.0,0.0,0.0,0.0,0.0,0.0,0.0,1972-06-15,M,,2541.313,0.03403722435205235,-0.025759401552672364,-0.08566616247758012,9.284048349857146,0.7836380451919586,1.4158725684401727,0.2360734734402212,0.0996514234564034,48.0,0,-0.6773650833982051,-0.27530597743840163,-0.18806471044490725,-0.6182375476915621,0.1164894900028803
A,USD,STD,INDL,C,7372,1/31/20,157855,SALESFORCE INC,CRM,2019,55126.0,33885.0,5450.0,55126.0,126.0,17098.0,2766.0,893.0,182.31,7372.0,162802.83000000002,Software,69444.0,69444.0,2018-08-07,33569.0,Keith Block,SALESFORCE INC (Salesforce.com Inc prior to 04/2022),Co-CEO,2020-02-25,10.0,10.0,Executive Director,1.0,1.0,0.0,0.0,0.0,0.0,0.0,0.0,1.0,1.0,1960-06-15,M,,1677.0,0.01615339959995632,0.0022856728222617278,-0.07791353423770327,10.917376753174178,0.6146827268439575,1.5695673981216594,0.030421216848673948,0.05017596052679316,59.0,0,1.5622273968873046,-0.10715234353633471,-0.491437888389294,-0.5932455801115535,1.7735038512552161
A,USD,STD,INDL,C,3572,6/30/18,150937,SEAGATE TECHNOLOGY HOLDINGS,STX,2018,9410.0,1665.0,4320.0,9410.0,1182.0,11184.0,1026.0,287.17,56.47,3572.0,16216.4899,Semiconductors/Hardware,27411.0,27411.0,2017-10-01,547579.0,Doctor Dave Mosley,SEAGATE TECHNOLOGY HOLDINGS PLC (Seagate Technology PLC prior to 05/2021),CEO,2025-10-25,10.0,10.0,Executive Director,0.0,0.0,0.0,0.0,1.0,0.0,0.0,0.0,0.0,0.0,1966-06-15,M,,-4712.0,0.023068653396453486,0.12561105207226356,0.04888589688035304,9.149528232579426,0.1769394261424017,2.2762034961637636,-0.5007438894792774,0.10903294367693943,52.0,0,-0.6537686180282718,-0.21153087262241627,0.12153178396835831,-0.6535555972359693,-1.212385681622763
A,USD,STD,INDL,C,3572,6/30/19,150937,SEAGATE TECHNOLOGY HOLDINGS,STX,2019,8885.0,2162.0,4253.0,8885.0,2012.0,10390.0,991.0,269.098,47.12,3572.0,12679.89776,Semiconductors/Hardware,27411.0,27411.0,2017-10-01,547579.0,Doctor Dave Mosley,SEAGATE TECHNOLOGY HOLDINGS PLC (Seagate Technology PLC prior to 05/2021),CEO,2025-10-25,10.0,10.0,Executive Director,0.0,0.0,0.0,0.0,1.0,0.0,0.0,0.0,0.0,0.0,1966-06-15,M,,-4383.0,0.019589549974687016,0.22644907146876758,0.14624986440880258,9.092119740588751,0.2433314575126618,1.768984166668074,-0.49330332020258866,0.11153629712999437,53.0,0,-0.6537686180282718,-0.21153087262241627,0.12153178396835831,-0.6535555972359693,-1.212385681622763
A,USD,STD,INDL,C,3572,6/30/20,150937,SEAGATE TECHNOLOGY HOLDINGS,STX,2020,8930.0,1787.0,4205.0,8930.0,1004.0,10509.0,973.0,256.719,48.41,3572.0,12427.76679,Semiconductors/Hardware,27411.0,27411.0,2017-10-01,547579.0,Doctor Dave Mosley,SEAGATE TECHNOLOGY HOLDINGS PLC (Seagate Technology PLC prior to 05/2021),CEO,2025-10-25,10.0,10.0,Executive Director,0.0,0.0,0.0,0.0,1.0,0.0,0.0,0.0,0.0,0.0,1966-06-15,M,,-4970.0,0.027098922532818665,0.1124300111982083,0.052523250273300535,9.097171673870545,0.20011198208286674,1.9393949902917054,-0.5565509518477044,0.10895856662933931,54.0,0,-0.6537686180282718,-0.21153087262241627,0.12153178396835831,-0.6535555972359693,-1.212385681622763
A,USD,STD,INDL,C,3572,6/30/21,150937,SEAGATE TECHNOLOGY HOLDINGS,STX,2021,8675.0,631.0,4933.0,8675.0,1314.0,10681.0,903.0,227.383,87.93,3572.0,19993.787190000003,Semiconductors/Hardware,27411.0,27411.0,2017-10-01,547579.0,Doctor Dave Mosley,SEAGATE TECHNOLOGY HOLDINGS PLC (Seagate Technology PLC prior to 05/2021),CEO,2025-10-25,10.0,10.0,Executive Director,0.0,0.0,0.0,0.0,1.0,0.0,0.0,0.0,0.0,0.0,1966-06-15,M,,-6346.0,0.02456722755889439,0.15146974063400576,0.0856341434525872,9.06820060481506,0.07273775216138328,3.4558710012361606,-0.7315273775216138,0.1040922190201729,55.0,0,-0.6537686180282718,-0.21153087262241627,0.12153178396835831,-0.6535555972359693,-1.212385681622763
A,USD,STD,INDL,C,3572,6/30/22,150937,SEAGATE TECHNOLOGY HOLDINGS,STX,2022,8944.0,109.0,5098.0,8944.0,1649.0,11661.0,941.0,209.85,71.44,3572.0,14991.684,Semiconductors/Hardware,27411.0,27411.0,2017-10-01,547579.0,Doctor Dave Mosley,SEAGATE TECHNOLOGY HOLDINGS PLC (Seagate Technology PLC prior to 05/2021),CEO,2025-10-25,10.0,10.0,Executive Director,0.0,0.0,0.0,0.0,1.0,0.0,0.0,0.0,0.0,0.0,1966-06-15,M,,-7081.0,0.026587021293799952,0.18436940966010734,0.1273141644141327,9.09873819539488,0.012186940966010733,4.9239030441187,-0.7917039355992844,0.10521019677996422,56.0,0,-0.6537686180282718,-0.21153087262241627,0.12153178396835831,-0.6535555972359693,-1.212385681622763
A,USD,STD,INDL,C,3572,6/30/23,150937,SEAGATE TECHNOLOGY HOLDINGS,STX,2023,7556.0,-1199.0,5721.0,7556.0,-529.0,7384.0,797.0,207.389,61.87,3572.0,12831.15743,Semiconductors/Hardware,27411.0,27411.0,2017-10-01,547579.0,Doctor Dave Mosley,SEAGATE TECHNOLOGY HOLDINGS PLC (Seagate Technology PLC prior to 05/2021),CEO,2025-10-25,10.0,10.0,Executive Director,0.0,0.0,0.0,0.0,1.0,0.0,0.0,0.0,0.0,0.0,1966-06-15,M,,-8572.0,0.022311356349734437,-0.07001058761249339,-0.11870084722712967,8.9300972286214,-0.15868184224457385,,-1.1344626786659608,0.10547908946532557,57.0,0,-0.6537686180282718,-0.21153087262241627,0.12153178396835831,-0.6535555972359693,-1.212385681622763
A,USD,STD,INDL,C,3572,6/30/24,150937,SEAGATE TECHNOLOGY HOLDINGS,STX,2024,7739.0,-1491.0,5533.0,7739.0,335.0,6551.0,654.0,210.182,103.27,3572.0,21705.49514,Semiconductors/Hardware,27411.0,27411.0,2017-10-01,547579.0,Doctor Dave Mosley,SEAGATE TECHNOLOGY HOLDINGS PLC (Seagate Technology PLC prior to 05/2021),CEO,2025-10-25,10.0,10.0,Executive Director,0.0,0.0,0.0,0.0,1.0,0.0,0.0,0.0,0.0,0.0,1966-06-15,M,,-8962.0,0.01930921945321167,0.04328724641426541,-0.013781872773756115,8.95402775927046,-0.1926605504587156,,-1.1580307533273033,0.08450704225352113,58.0,0,-0.6537686180282718,-0.21153087262241627,0.12153178396835831,-0.6535555972359693,-1.212385681622763
A,USD,STD,INDL,C,3572,6/30/25,150937,SEAGATE TECHNOLOGY HOLDINGS,STX,2025,8023.0,-453.0,5312.0,8023.0,1469.0,9097.0,724.0,212.669,144.33,3572.0,30694.51677000001,Semiconductors/Hardware,27411.0,27411.0,2025-10-25,547579.0,Doctor Dave Mosley,SEAGATE TECHNOLOGY HOLDINGS PLC (Seagate Technology PLC prior to 05/2021),Chair/CEO,2027-01-01,10.0,40.0,Executive Director,0.0,0.0,0.0,0.0,1.0,0.0,0.0,0.0,0.0,0.0,1966-06-15,M,,-8159.0,0.03347243661676559,0.18309859154929578,0.12979193635711772,8.990067695753655,-0.05646266982425527,,-1.0169512651128008,0.09024055839461548,59.0,0,-0.6537686180282718,-0.21153087262241627,0.12153178396835831,-0.6535555972359693,-1.212385681622763
A,USD,STD,INDL,C,7372,1/31/16,157855,SALESFORCE INC,CRM,2015,12770.772,5002.869,1490.658,12770.772,-47.426,6667.216,946.3,670.929,68.06,7372.0,45663.42774,Software,69444.0,69444.0,2001-11-01,375926.0,Marc Benioff,SALESFORCE INC (Salesforce.com Inc prior to 04/2022),Chairman/CEO,2018-08-07,20.0,10.0,Executive Director,1.0,0.0,0.0,0.0,0.0,0.0,0.0,0.0,0.0,0.0,1964-09-25,M,,-629.953,0.01992283582954426,-0.0037136361059456704,-0.06936321922415124,9.45491440138881,0.39174366279501344,2.211286161369403,-0.049327714878943885,0.07409888767883413,51.0,0,-0.6773650833982051,-0.27530597743840163,-0.18806471044490725,-0.6182375476915621,0.1164894900028803
A,USD,STD,INDL,C,7372,1/31/17,157855,SALESFORCE INC,CRM,2016,17584.923,7500.127,2209.102,17584.923,179.632,8391.984,1208.127,707.46,79.1,7372.0,55960.086,Software,69444.0,69444.0,2001-11-01,375926.0,Marc Benioff,SALESFORCE INC (Salesforce.com Inc prior to 04/2022),Chairman/CEO,2018-08-07,20.0,10.0,Executive Director,1.0,0.0,0.0,0.0,0.0,0.0,0.0,0.0,0.0,0.0,1964-09-25,M,,-703.188,0.021123674958446016,0.010215114390890425,-0.039779146982204736,9.774797166166623,0.4265089474659628,2.009718732875877,-0.03998811936793809,0.0687024333288238,52.0,0,-0.6773650833982051,-0.27530597743840163,-0.18806471044490725,-0.6182375476915621,0.1164894900028803
A,USD,STD,INDL,C,7372,1/31/18,157855,SALESFORCE INC,CRM,2017,21009.802,9388.496,896.874,21009.802,127.478,10480.012,1553.073,729.853,113.91,7372.0,83137.55523,Software,69444.0,69444.0,2001-11-01,375926.0,Marc Benioff,SALESFORCE INC (Salesforce.com Inc prior to 04/2022),Chairman/CEO,2018-08-07,20.0,10.0,Executive Director,1.0,0.0,0.0,0.0,0.0,0.0,0.0,0.0,0.0,0.0,1964-09-25,M,,-540.751,0.010055484025929784,0.006067548851721687,-0.05156663898493766,9.952744369710869,0.44686265962906263,2.181011417933986,-0.025738034085233168,0.0739213534711084,53.0,0,-0.6773650833982051,-0.27530597743840163,-0.18806471044490725,-0.6182375476915621,0.1164894900028803
A,USD,STD,INDL,C,7372,1/31/19,157855,SALESFORCE INC,CRM,2018,30737.0,15605.0,3173.0,30737.0,1110.0,13282.0,1886.0,770.0,151.97,7372.0,117016.9,Software,69444.0,69444.0,2018-08-07,375926.0,Marc Benioff,SALESFORCE INC (Salesforce.com Inc prior to 04/2022),Chairman/Co-CEO,2020-02-25,10.0,10.0,Executive Director,1.0,0.0,0.0,0.0,0.0,0.0,0.0,0.0,0.0,0.0,1964-09-25,M,,-364.574,0.0214729633311796,0.03611282818752643,-0.04061232700438409,10.33322241961703,0.5076943097895045,2.0147269930883636,-0.011861079480756093,0.061359273839346716,54.0,0,-0.6773650833982051,-0.27530597743840163,-0.18806471044490725,-0.6182375476915621,0.1164894900028803
A,USD,STD,INDL,C,7372,1/31/21,157855,SALESFORCE INC,CRM,2020,66301.0,41493.0,5608.0,66301.0,4072.0,21252.0,3598.0,919.0,225.56,7372.0,207289.64,Software,69444.0,69444.0,2020-02-25,375926.0,Marc Benioff,SALESFORCE INC (Salesforce.com Inc prior to 04/2022),Chairman/CEO,2021-11-30,10.0,10.0,Executive Director,1.0,0.0,0.0,0.0,0.0,0.0,0.0,0.0,0.0,0.0,1964-09-25,M,,1768.0,0.033329280499850004,0.06141687154039909,0.0015101106154913335,11.101960259016467,0.625827664741105,1.6085923040018508,0.026666264460566205,0.054267658104704304,56.0,0,-0.6773650833982051,-0.27530597743840163,-0.18806471044490725,-0.6182375476915621,0.1164894900028803
A,USD,STD,INDL,C,3674,1/31/22,137310,MARVELL TECHNOLOGY INC,MRVL,2021,22108.597,15702.097,4625.16,22108.597,-421.034,4462.383,1424.306,846.695,71.4,3674.0,60454.02300000001,Semiconductors/Hardware,19750.0,19750.0,2016-07-11,761557.0,Matt Murphy,MARVELL TECHNOLOGY INC (Marvell Technology Group Ltd prior to 04/2021),President/CEO,2023-06-16,10.0,10.0,Executive Director,1.0,0.0,0.0,0.0,0.0,0.0,0.0,0.0,0.0,0.0,1972-06-15,M,,2103.441,0.027619534436703834,-0.019043904052346693,-0.08487950123376525,10.003721816388087,0.7102258456291911,1.3480888554008954,0.09514131538966492,0.06442317438777323,49.0,0,-0.6773650833982051,-0.27530597743840163,-0.18806471044490725,-0.6182375476915621,0.1164894900028803
A,USD,STD,INDL,C,7372,1/31/22,157855,SALESFORCE INC,CRM,2021,95209.0,58131.0,13566.0,95209.0,1444.0,26492.0,4465.0,989.0,232.63,7372.0,230071.07,Software,69444.0,69444.0,2021-11-30,1108033.0,Bret Taylor,SALESFORCE INC (Salesforce.com Inc prior to 04/2022),Vice Chairman/Co-CEO,2023-01-31,10.0,10.0,Executive Director,1.0,1.0,0.0,0.0,0.0,0.0,0.0,0.0,1.0,1.0,1980-06-15,M,,5891.0,0.017745539954443702,0.015166633406505687,-0.05066896377491287,11.463829754126165,0.6105620266991566,1.3756891768059727,0.06187440263000347,0.046896826980642584,41.0,0,1.5622273968873046,-0.10715234353633471,-0.491437888389294,-0.5932455801115535,1.7735038512552161
A,USD,STD,INDL,C,7372,1/31/23,157855,SALESFORCE INC,CRM,2022,98849.0,58359.0,12850.0,98849.0,208.0,31352.0,5055.0,981.0,167.97,7372.0,164778.57,Software,69444.0,69444.0,2021-11-30,1108033.0,Bret Taylor,SALESFORCE INC (Salesforce.com Inc prior to 04/2022),Vice Chairman/Co-CEO,2023-01-31,10.0,10.0,Executive Director,1.0,1.0,0.0,0.0,0.0,0.0,0.0,0.0,1.0,1.0,1980-06-15,M,,7211.0,0.029746894373480333,0.002104219567218687,-0.054951025678755955,11.501348712209706,0.5903853352082469,1.037988984128348,0.07294965047699016,0.051138605347550305,42.0,0,1.5622273968873046,-0.10715234353633471,-0.491437888389294,-0.5932455801115535,1.7735038512552161
A,USD,STD,INDL,C,7372,1/31/24,157855,SALESFORCE INC,CRM,2023,99823.0,59646.0,11673.0,99823.0,4136.0,34857.0,4906.0,971.0,281.09,7372.0,272938.38999999996,Software,69444.0,69444.0,2023-01-31,375926.0,Marc Benioff,SALESFORCE INC (Salesforce.com Inc prior to 04/2022),Chairman/CEO,2027-01-01,10.0,40.0,Executive Director,1.0,0.0,0.0,0.0,0.0,0.0,0.0,0.0,0.0,0.0,1964-09-25,M,,7311.0,0.018632253895678522,0.04143333700650151,-0.007256922608134778,11.51115389666936,0.5975176061629084,1.520819003602185,0.07323963415244984,0.049146990172605515,59.0,0,-0.6773650833982051,-0.27530597743840163,-0.18806471044490725,-0.6182375476915621,0.1164894900028803
A,USD,STD,INDL,C,7372,1/31/25,157855,SALESFORCE INC,CRM,2024,102928.0,61173.0,11154.0,102928.0,6197.0,37895.0,5493.0,962.0,341.7,7372.0,328715.39999999997,Software,69444.0,69444.0,2023-01-31,375926.0,Marc Benioff,SALESFORCE INC (Salesforce.com Inc prior to 04/2022),Chairman/CEO,2027-01-01,10.0,40.0,Executive Director,1.0,0.0,0.0,0.0,0.0,0.0,0.0,0.0,0.0,0.0,1964-09-25,M,,11496.0,0.022636232475528952,0.060207135084719414,0.0031380158966978905,11.541784993650781,0.5943280739934712,1.681486415104095,0.11168972485621016,0.05336740245608581,60.0,0,-0.6773650833982051,-0.27530597743840163,-0.18806471044490725,-0.6182375476915621,0.1164894900028803
I,USD,STD,INDL,C,2836,12/31/20,141460,SEAGEN INC,SGEN,2020,4000.906,3488.1,61.884,4000.906,613.67,2175.536,827.129,180.902,175.14,2836.0,31683.176279999996,Biotech,27435.0,27435.0,2009-01-01,347211.0,Doctor Clay Siegall,SEAGEN INC (Seattle Genetics Inc prior to 10/2020) (De-listed 12/2023),Chairman/President/CEO,2022-05-15,30.0,10.0,Executive Director,1.0,0.0,1.0,0.0,1.0,0.0,0.0,0.0,0.0,0.0,1961-06-15,M,,-869.003,0.030002225272072896,0.15338275880513064,0.09347599788022287,8.294276114454775,0.871827531064214,2.2064286479234916,-0.21720155384805342,0.20673542442636744,59.0,0,-0.6455207857402201,-0.2220681510501943,0.08688390687200202,-0.01144272753160618,-0.6799420277588559
I,USD,STD,INDL,C,2836,12/31/21,141460,SEAGEN INC,SGEN,2021,3719.604,3065.139,56.665,3719.604,-674.471,1574.371,1228.672,183.381,154.6,2836.0,28350.7026,Biotech,27435.0,27435.0,2009-01-01,347211.0,Doctor Clay Siegall,SEAGEN INC (Seattle Genetics Inc prior to 10/2020) (De-listed 12/2023),Chairman/President/CEO,2022-05-15,30.0,10.0,Executive Director,1.0,0.0,1.0,0.0,1.0,0.0,0.0,0.0,0.0,0.0,1961-06-15,M,,-1542.86,0.022397375601785743,-0.18132871133593792,-0.2471643085173565,8.221372489987914,0.8240498182064543,2.224558893841493,-0.4147914670486428,0.33032333549485376,60.0,0,-0.6455207857402201,-0.2220681510501943,0.08688390687200202,-0.01144272753160618,-0.6799420277588559
I,USD,STD,INDL,C,2836,12/31/22,141460,SEAGEN INC,SGEN,2022,3674.532,2803.819,43.474,3674.532,-610.308,1962.412,1344.361,186.559,128.51,2836.0,23974.69709,Biotech,27435.0,27435.0,2022-11-09,657839.0,David Epstein,SEAGEN INC (Seattle Genetics Inc prior to 10/2020) (De-listed 12/2023),CEO,2023-12-14,10.0,10.0,Executive Director,1.0,0.0,1.0,1.0,0.0,0.0,0.0,0.0,0.0,0.0,1962-06-15,M,,-2150.837,0.026930950696154886,-0.1660913553072881,-0.22314660055326274,8.209181056598851,0.763041116528581,2.146016569831921,-0.5853363094946513,0.3658591080442353,60.0,0,-0.5986162497683529,-0.13342965404338525,-0.11640577451831292,1.683520041240194,0.08550762578148682
A,USD,STD,INDL,C,2836,12/31/25,141846,ACADIA PHARMACEUTICALS INC,ACAD,2025,1564.195,1227.39,40.554,1564.195,391.0,1071.505,291.013,170.309,26.71,2836.0,4548.95339,Biotech,105052.0,105052.0,2024-09-23,2347499.0,Catherine Owen Adams,ACADIA PHARMACEUTICALS INC,CEO,2027-01-01,10.0,40.0,Executive Director,1.0,0.0,0.0,0.0,0.0,0.0,0.0,0.0,0.0,0.0,1970-06-15,F,,-1811.941,0.03020794944979625,0.2499688338090839,0.19666217861690588,7.355126593640218,0.784678380892408,1.310007218690989,-1.1583856232758705,0.1860464967603144,55.0,0,-0.6773650833982051,-0.27530597743840163,-0.18806471044490725,-0.6182375476915621,0.1164894900028803
A,USD,STD,INDL,C,3572,6/30/17,150937,SEAGATE TECHNOLOGY HOLDINGS,STX,2017,9268.0,1364.0,5021.0,9268.0,772.0,10771.0,1232.0,291.8,38.75,3572.0,11307.25,Semiconductors/Hardware,27411.0,27411.0,2017-10-01,547579.0,Doctor Dave Mosley,SEAGATE TECHNOLOGY HOLDINGS PLC (Seagate Technology PLC prior to 05/2021),CEO,2025-10-25,10.0,10.0,Executive Director,0.0,0.0,0.0,0.0,1.0,0.0,0.0,0.0,0.0,0.0,1966-06-15,M,,-4788.0,0.024755844143966945,0.0832973672852827,0.025663179448623355,9.134322885552267,0.1471730686232197,2.115022553484634,-0.5166163141993958,0.13293051359516617,51.0,0,-0.6537686180282718,-0.21153087262241627,0.12153178396835831,-0.6535555972359693,-1.212385681622763
A,USD,STD,INDL,C,3572,6/30/16,150937,SEAGATE TECHNOLOGY HOLDINGS,STX,2016,8252.0,1593.0,4130.0,8252.0,248.0,11160.0,1237.0,298.572,24.36,3572.0,7273.21392,Semiconductors/Hardware,27411.0,27411.0,2013-10-23,49516.0,Dato' Steve Luczo,SEAGATE TECHNOLOGY HOLDINGS PLC (Seagate Technology PLC prior to 05/2021),Chairman/CEO,2017-10-01,10.0,10.0,Executive Director,1.0,1.0,1.0,1.0,0.0,0.0,0.0,0.0,0.0,0.0,1957-02-28,M,,-4336.0,0.03492835768672006,0.030053320407174018,-0.01994094096592114,9.018210874191142,0.19304411051866213,1.5185792427089577,-0.5254483761512361,0.14990305380513816,59.0,0,-0.6128736957646483,-0.09759737004036201,-0.15034967286003378,1.735222049293508,0.872841853845548
A,USD,STD,INDL,C,3572,6/30/15,150937,SEAGATE TECHNOLOGY HOLDINGS,STX,2015,9845.0,3018.0,4155.0,9845.0,1742.0,13739.0,1353.0,315.446,47.5,3572.0,14983.685,Semiconductors/Hardware,27411.0,27411.0,2013-10-23,49516.0,Dato' Steve Luczo,SEAGATE TECHNOLOGY HOLDINGS PLC (Seagate Technology PLC prior to 05/2021),Chairman/CEO,2017-10-01,10.0,10.0,Executive Director,1.0,1.0,1.0,1.0,0.0,0.0,0.0,0.0,0.0,0.0,1957-02-28,M,,-2716.0,0.022810766489832483,0.17694261046216353,0.11129302734395796,9.194718991073225,0.3065515490096496,1.602367582151237,-0.27587607922803453,0.13743016759776536,58.0,0,-0.6128736957646483,-0.09759737004036201,-0.15034967286003378,1.735222049293508,0.872841853845548
A,USD,STD,INDL,C,3674,6/30/25,142814,SYNAPTICS INC,SYNA,2025,2584.4,1394.9,870.6,2584.4,-47.8,1074.3,346.8,38.643,64.82,3674.0,2504.8392599999997,Semiconductors/Hardware,462108.0,462108.0,2025-05-21,2204699.0,Rahul Patel,SYNAPTICS INC,President/CEO,2027-01-01,10.0,40.0,Executive Director,1.0,0.0,1.0,0.0,0.0,0.0,0.0,0.0,1.0,0.0,1969-06-15,M,,1189.9,0.034706512657798505,-0.01849558891812413,-0.07180224411030217,7.85724865168401,0.539738430583501,0.5854018366972722,0.46041634421916117,0.13418975390806376,56.0,0,1.3416881291615947,-0.17194982988266744,-0.43683611657748583,0.1173934945119674,-0.5322033147840854
A,USD,STD,INDL,C,3674,1/31/23,137310,MARVELL TECHNOLOGY INC,MRVL,2022,22522.1,15637.2,4109.3,22522.1,-163.5,5919.6,1784.3,856.1,43.15,3674.0,36940.715,Semiconductors/Hardware,19750.0,19750.0,2016-07-11,761557.0,Matt Murphy,MARVELL TECHNOLOGY INC (Marvell Technology Group Ltd prior to 04/2021),President/CEO,2023-06-16,10.0,10.0,Executive Director,1.0,0.0,0.0,0.0,0.0,0.0,0.0,0.0,0.0,0.0,1972-06-15,M,,1491.358,0.03980443491078377,-0.007259536188898904,-0.06431478143487354,10.022252328350124,0.6943047051562689,0.8596616393390162,0.0662175374410024,0.07922440624986125,50.0,0,-0.6773650833982051,-0.27530597743840163,-0.18806471044490725,-0.6182375476915621,0.1164894900028803
A,USD,STD,INDL,C,3674,1/31/24,137310,MARVELL TECHNOLOGY INC,MRVL,2023,21228.5,14831.4,4254.6,21228.5,-933.4,5507.7,1896.2,865.5,67.7,3674.0,58594.350000000006,Semiconductors/Hardware,19750.0,19750.0,2023-06-16,761557.0,Matt Murphy,MARVELL TECHNOLOGY INC (Marvell Technology Group Ltd prior to 04/2021),Chairman/President/CEO,2025-07-15,10.0,10.0,Executive Director,1.0,0.0,0.0,0.0,0.0,0.0,0.0,0.0,0.0,0.0,1972-06-15,M,,1123.5,0.0345486610038527,-0.04396919235932826,-0.09265945197396455,9.963099897467272,0.6986551098758744,1.3738917206215382,0.05292413500718374,0.08932331535435853,51.0,0,-0.6773650833982051,-0.27530597743840163,-0.18806471044490725,-0.6182375476915621,0.1164894900028803
A,USD,STD,INDL,C,3674,1/31/25,137310,MARVELL TECHNOLOGY INC,MRVL,2024,20204.5,13427.0,4165.3,20204.5,-885.0,5767.3,1950.4,866.0,112.86,3674.0,97736.76,Semiconductors/Hardware,19750.0,19750.0,2023-06-16,761557.0,Matt Murphy,MARVELL TECHNOLOGY INC (Marvell Technology Group Ltd prior to 04/2021),Chairman/President/CEO,2025-07-15,10.0,10.0,Executive Director,1.0,0.0,0.0,0.0,0.0,0.0,0.0,0.0,0.0,0.0,1972-06-15,M,,-15.6,0.035938980712996026,-0.04380212328936623,-0.10087124247738775,9.913660630856464,0.6645549258828479,1.985010137030721,-0.0007721052240837437,0.09653295058031627,52.0,0,-0.6773650833982051,-0.27530597743840163,-0.18806471044490725,-0.6182375476915621,0.1164894900028803
A,USD,STD,INDL,C,2836,12/31/24,151630,HALOZYME THERAPEUTICS INC,HALO,2024,2063.477,363.821,1505.798,2063.477,444.091,1015.324,79.048,123.138,47.81,2836.0,5887.22778,Biotech,852951.0,852951.0,2014-01-06,1127175.0,Doctor Helen Torley,HALOZYME THERAPEUTICS INC,President/CEO,2027-01-01,10.0,40.0,Executive Director,0.0,0.0,0.0,0.0,0.0,0.0,0.0,0.0,1.0,0.0,1962-06-15,F,,363.698,0.025716327091395652,0.2152149018380142,0.15814578264999268,7.632147703019542,0.17631454094230276,2.783878511870794,0.1762549328148557,0.038308156572619906,62.0,0,1.3334402968735428,-0.16141255145488945,-0.4021882394811294,-0.5247193751923958,-1.0646469686479922
A,USD,STD,INDL,C,2836,12/31/25,151630,HALOZYME THERAPEUTICS INC,HALO,2025,2525.323,48.814,2142.63,2525.323,316.889,1396.611,366.377,117.782,67.3,2836.0,7926.7286,Biotech,852951.0,852951.0,2014-01-06,1127175.0,Doctor Helen Torley,HALOZYME THERAPEUTICS INC,President/CEO,2027-01-01,10.0,40.0,Executive Director,0.0,0.0,0.0,0.0,0.0,0.0,0.0,0.0,1.0,0.0,1962-06-15,F,,36.694,0.026286712590595607,0.1254845419774025,0.07217788678522445,7.834124254320373,0.01932980454381479,5.089978537873318,0.01453041848508092,0.14508124307266834,63.0,0,1.3334402968735428,-0.16141255145488945,-0.4021882394811294,-0.5247193751923958,-1.0646469686479922
A,USD,STD,INDL,C,3672,12/31/16,139804,TTM TECHNOLOGIES INC,TTMI,2016,2500.076,820.847,909.03,2500.076,34.861,2533.359,0.0,100.396,13.63,3672.0,1368.39748,Semiconductors/Hardware,31454.0,31454.0,2014-01-01,321651.0,Tom Edman,TTM TECHNOLOGIES INC,President/CEO,2025-09-02,10.0,10.0,Executive Director,1.0,1.0,1.0,1.0,0.0,0.0,0.0,0.0,0.0,0.0,1962-06-15,M,,62.307,0.03126252117952531,0.013943976103126464,-0.036050285269968695,7.8240764103942215,0.32832881880390835,0.511058877549239,0.024922042369911954,0.0,54.0,0,-0.6128736957646483,-0.09759737004036201,-0.15034967286003378,1.735222049293508,0.872841853845548
A,USD,STD,INDL,C,3672,12/31/17,139804,TTM TECHNOLOGIES INC,TTMI,2017,2781.882,1011.38,975.479,2781.882,124.214,2658.592,0.0,101.82,15.67,3672.0,1595.5194,Semiconductors/Hardware,31454.0,31454.0,2014-01-01,321651.0,Tom Edman,TTM TECHNOLOGIES INC,President/CEO,2025-09-02,10.0,10.0,Executive Director,1.0,1.0,1.0,1.0,0.0,0.0,0.0,0.0,0.0,0.0,1962-06-15,M,,234.253,0.023381755174508807,0.04465106715525676,-0.012983120681402581,7.930882956055427,0.3635596333705024,0.4558835909616592,0.0842066629713266,0.0,55.0,0,-0.6128736957646483,-0.09759737004036201,-0.15034967286003378,1.735222049293508,0.872841853845548
A,USD,STD,INDL,C,3672,12/31/18,139804,TTM TECHNOLOGIES INC,TTMI,2018,3457.503,1227.087,1462.425,3457.503,173.584,2847.261,0.0,103.687,9.73,3672.0,1008.87451,Semiconductors/Hardware,31454.0,31454.0,2014-01-01,321651.0,Tom Edman,TTM TECHNOLOGIES INC,President/CEO,2025-09-02,10.0,10.0,Executive Director,1.0,1.0,1.0,1.0,0.0,0.0,0.0,0.0,0.0,0.0,1962-06-15,M,,429.088,0.023431498108295246,0.050205017898755255,-0.026520137293155263,8.148301931217496,0.35490554888889464,-0.19580770488785984,0.12410343534047548,0.0,56.0,0,-0.6128736957646483,-0.09759737004036201,-0.15034967286003378,1.735222049293508,0.872841853845548
A,USD,STD,INDL,C,3672,12/31/19,139804,TTM TECHNOLOGIES INC,TTMI,2019,3560.933,1279.037,1242.479,3560.933,41.301,2689.308,0.0,105.51,15.05,3672.0,1587.9255,Semiconductors/Hardware,31454.0,31454.0,2014-01-01,321651.0,Tom Edman,TTM TECHNOLOGIES INC,President/CEO,2025-09-02,10.0,10.0,Executive Director,1.0,1.0,1.0,1.0,0.0,0.0,0.0,0.0,0.0,0.0,1962-06-15,M,,464.223,0.025763046945017,0.011598364810570713,-0.06860084224939429,8.17777786816115,0.35918592121783816,0.2163209963378094,0.13036555307274808,0.0,57.0,0,-0.6128736957646483,-0.09759737004036201,-0.15034967286003378,1.735222049293508,0.872841853845548
A,USD,STD,INDL,C,3672,12/31/20,139804,TTM TECHNOLOGIES INC,TTMI,2020,2895.944,1444.009,860.064,2895.944,177.535,2105.322,19.77,106.77,13.795,3672.0,1472.89215,Semiconductors/Hardware,31454.0,31454.0,2014-01-01,321651.0,Tom Edman,TTM TECHNOLOGIES INC,President/CEO,2025-09-02,10.0,10.0,Executive Director,1.0,1.0,1.0,1.0,0.0,0.0,0.0,0.0,0.0,0.0,1962-06-15,M,,612.931,0.03254799846770003,0.0613047075495935,0.0013979466246857447,7.97106641630207,0.498631534311437,0.019804643739131333,0.21165153746066914,0.006826789468304635,58.0,0,-0.6128736957646483,-0.09759737004036201,-0.15034967286003378,1.735222049293508,0.872841853845548
A,USD,STD,INDL,C,3672,12/31/21,139804,TTM TECHNOLOGIES INC,TTMI,2021,3025.547,1455.417,957.387,3025.547,54.414,2248.74,18.146,103.533,14.9,3672.0,1542.6417,Semiconductors/Hardware,31454.0,31454.0,2014-01-01,321651.0,Tom Edman,TTM TECHNOLOGIES INC,President/CEO,2025-09-02,10.0,10.0,Executive Director,1.0,1.0,1.0,1.0,0.0,0.0,0.0,0.0,0.0,0.0,1962-06-15,M,,679.003,0.008869101172809457,0.017984847037577006,-0.04785075014384155,8.014847180564091,0.48104260155271095,0.05820387893529813,0.2244232199995571,0.005997593162492601,59.0,0,-0.6128736957646483,-0.09759737004036201,-0.15034967286003378,1.735222049293508,0.872841853845548
A,USD,STD,INDL,C,3672,12/31/22,139804,TTM TECHNOLOGIES INC,TTMI,2022,3323.604,1535.579,905.235,3323.604,94.583,2495.046,24.808,102.228,15.08,3672.0,1541.59824,Semiconductors/Hardware,31454.0,31454.0,2014-01-01,321651.0,Tom Edman,TTM TECHNOLOGIES INC,President/CEO,2025-09-02,10.0,10.0,Executive Director,1.0,1.0,1.0,1.0,0.0,0.0,0.0,0.0,0.0,0.0,1962-06-15,M,,776.051,0.03162318052251621,0.028457963102704174,-0.028597282143270467,8.108805015304364,0.46202225054489043,0.003912187831692319,0.23349683054900647,0.007464186467461226,60.0,0,-0.6128736957646483,-0.09759737004036201,-0.15034967286003378,1.735222049293508,0.872841853845548
A,USD,STD,INDL,C,3672,12/31/23,139804,TTM TECHNOLOGIES INC,TTMI,2023,3323.663,1511.039,1007.921,3323.663,-18.718,2232.567,27.272,102.108,15.81,3672.0,1614.3274800000002,Semiconductors/Hardware,31454.0,31454.0,2014-01-01,321651.0,Tom Edman,TTM TECHNOLOGIES INC,President/CEO,2025-09-02,10.0,10.0,Executive Director,1.0,1.0,1.0,1.0,0.0,0.0,0.0,0.0,0.0,0.0,1962-06-15,M,,753.056,0.022815192548822003,-0.005631738235795867,-0.05432199785043215,8.108822766960797,0.4546306289175527,0.06612095521577617,0.22657411416259712,0.008205404699573933,61.0,0,-0.6128736957646483,-0.09759737004036201,-0.15034967286003378,1.735222049293508,0.872841853845548
A,USD,STD,INDL,C,3672,12/31/24,139804,TTM TECHNOLOGIES INC,TTMI,2024,3472.494,1563.824,1003.853,3472.494,56.299,2442.753,31.845,101.997,24.75,3672.0,2524.42575,Semiconductors/Hardware,31454.0,31454.0,2014-01-01,321651.0,Tom Edman,TTM TECHNOLOGIES INC,President/CEO,2025-09-02,10.0,10.0,Executive Director,1.0,1.0,1.0,1.0,0.0,0.0,0.0,0.0,0.0,0.0,1962-06-15,M,,810.54,0.02495948919827291,0.016212842988353616,-0.040856276199667904,8.152628346765235,0.45034606251299497,0.4788795072979801,0.23341724996501073,0.009170642195494074,62.0,0,-0.6128736957646483,-0.09759737004036201,-0.15034967286003378,1.735222049293508,0.872841853845548
A,USD,STD,INDL,C,3672,12/31/25,139804,TTM TECHNOLOGIES INC,TTMI,2025,3840.331,1762.253,1015.689,3840.331,177.448,2906.345,28.992,103.379,69.0,3672.0,7133.151000000001,Semiconductors/Hardware,31454.0,31454.0,2025-09-02,1345036.0,Doctor Edwin Roks,TTM TECHNOLOGIES INC,President/CEO,2027-01-01,10.0,40.0,Executive Director,1.0,0.0,0.0,0.0,1.0,0.0,0.0,0.0,1.0,0.0,1964-06-15,M,,984.94,0.03713707583270002,0.04620643376833924,-0.007100221423838808,8.253313839783612,0.45888049754044635,1.398159968245822,0.25647268425560193,0.007549349261821442,61.0,0,1.346396410336024,-0.17476717671278105,-0.18294111675517574,-0.49941972444331517,-1.1391929588974257
A,USD,STD,INDL,C,8731,12/31/20,141277,EXACT SCIENCES CORP,EXAS,2020,4925.092,2823.489,1478.177,4925.092,-848.533,1491.391,754.052,159.423,132.49,8731.0,21121.95327,Biotech,11340.0,11340.0,2014-03-21,513708.0,Kevin Conroy,EXACT SCIENCES CORP (De-listed 03/2026),Chairman/President/CEO,2026-03-23,10.0,10.0,Executive Director,1.0,0.0,0.0,0.0,0.0,0.0,0.0,0.0,0.0,0.0,1966-06-15,M,,-1967.763,0.049517954360518666,-0.1722877460969257,-0.23219450702183347,8.502098233634761,0.5732865497740957,2.0123395846873944,-0.39953832334502587,0.1531041450596253,54.0,0,-0.6773650833982051,-0.27530597743840163,-0.18806471044490725,-0.6182375476915621,0.1164894900028803
A,USD,STD,INDL,C,8731,12/31/21,141277,EXACT SCIENCES CORP,EXAS,2021,6684.884,3387.636,2374.898,6684.884,-595.625,1767.087,385.646,173.674,77.83,8731.0,13517.04742,Biotech,11340.0,11340.0,2014-03-21,513708.0,Kevin Conroy,EXACT SCIENCES CORP (De-listed 03/2026),Chairman/President/CEO,2026-03-23,10.0,10.0,Executive Director,1.0,0.0,0.0,0.0,0.0,0.0,0.0,0.0,0.0,0.0,1966-06-15,M,,-2642.963,0.03003010932037015,-0.0891002745896563,-0.15493587177107487,8.807604137104263,0.5067606259136284,1.383819327669026,-0.39536407812012897,0.05768925833268012,55.0,0,-0.6773650833982051,-0.27530597743840163,-0.18806471044490725,-0.6182375476915621,0.1164894900028803
A,USD,STD,INDL,C,8731,12/31/22,141277,EXACT SCIENCES CORP,EXAS,2022,6226.873,3043.162,2425.905,6226.873,-623.506,2084.279,393.418,177.926,49.51,8731.0,8809.116259999999,Biotech,11340.0,11340.0,2014-03-21,513708.0,Kevin Conroy,EXACT SCIENCES CORP (De-listed 03/2026),Chairman/President/CEO,2026-03-23,10.0,10.0,Executive Director,1.0,0.0,0.0,0.0,0.0,0.0,0.0,0.0,0.0,0.0,1966-06-15,M,,-3270.262,0.044022804575182393,-0.10013147851256964,-0.15718672375854428,8.736629559610671,0.4887143193702521,1.0628900174713551,-0.5251852735715021,0.06318066869197429,56.0,0,-0.6773650833982051,-0.27530597743840163,-0.18806471044490725,-0.6182375476915621,0.1164894900028803
A,USD,STD,INDL,C,8731,12/31/23,141277,EXACT SCIENCES CORP,EXAS,2023,6471.334,3145.305,2482.846,6471.334,-204.149,2499.766,425.882,181.364,73.98,8731.0,13417.30872,Biotech,11340.0,11340.0,2014-03-21,513708.0,Kevin Conroy,EXACT SCIENCES CORP (De-listed 03/2026),Chairman/President/CEO,2026-03-23,10.0,10.0,Executive Director,1.0,0.0,0.0,0.0,0.0,0.0,0.0,0.0,0.0,0.0,1966-06-15,M,,-3467.747,0.03222213025263362,-0.031546664103568135,-0.08023692371820443,8.775137548622498,0.48603657298479724,1.4506347041757999,-0.5358627757429921,0.06581054230858738,57.0,0,-0.6773650833982051,-0.27530597743840163,-0.18806471044490725,-0.6182375476915621,0.1164894900028803
A,USD,STD,INDL,C,8731,12/31/24,141277,EXACT SCIENCES CORP,EXAS,2024,5928.139,2402.249,2491.4,5928.139,-1028.857,2758.867,1261.21,185.616,56.19,8731.0,10429.76304,Biotech,11340.0,11340.0,2014-03-21,513708.0,Kevin Conroy,EXACT SCIENCES CORP (De-listed 03/2026),Chairman/President/CEO,2026-03-23,10.0,10.0,Executive Director,1.0,0.0,0.0,0.0,0.0,0.0,0.0,0.0,0.0,0.0,1966-06-15,M,,-4498.976,0.03684939170099018,-0.17355480362386913,-0.23062392281189065,8.687465614744207,0.40522818375210157,1.4682581677762747,-0.7589187770394722,0.21274973478185988,58.0,0,-0.6773650833982051,-0.27530597743840163,-0.18806471044490725,-0.6182375476915621,0.1164894900028803
A,USD,STD,INDL,C,8731,12/31/25,141277,EXACT SCIENCES CORP,EXAS,2025,5860.629,2401.052,2495.508,5860.629,-207.949,3246.99,522.996,190.802,101.56,8731.0,19377.85112,Biotech,11340.0,11340.0,2014-03-21,513708.0,Kevin Conroy,EXACT SCIENCES CORP (De-listed 03/2026),Chairman/President/CEO,2026-03-23,10.0,10.0,Executive Director,1.0,0.0,0.0,0.0,0.0,0.0,0.0,0.0,0.0,0.0,1966-06-15,M,,-4703.623,0.030524042030559948,-0.03548236887201016,-0.0887890240641882,8.676012214694719,0.4096918607200695,2.088223744346641,-0.8025798937281305,0.08923888545069138,59.0,0,-0.6773650833982051,-0.27530597743840163,-0.18806471044490725,-0.6182375476915621,0.1164894900028803
A,USD,STD,INDL,C,3674,6/30/15,142814,SYNAPTICS INC,SYNA,2015,1519.4,793.1,231.1,1519.4,110.4,1703.0,293.2,37.53,86.735,3674.0,3255.16455,Semiconductors/Hardware,462108.0,462108.0,2011-09-28,330400.0,Rick Bergman,SYNAPTICS INC,President/CEO,2019-03-14,10.0,10.0,Executive Director,1.0,0.0,1.0,0.0,0.0,0.0,0.0,0.0,0.0,0.0,1963-06-15,M,,600.9,0.02887738960318697,0.07266026062919574,0.007010677510990174,7.326070799069122,0.5219823614584704,1.4120487892710276,0.3954850598920626,0.19297090956956692,52.0,0,-0.6637970751564273,-0.2472783908292412,-0.17753790169760764,-0.006433528133942844,0.021768553178682218
A,USD,STD,INDL,C,3674,6/30/16,142814,SYNAPTICS INC,SYNA,2016,1300.2,705.0,216.7,1300.2,72.2,1666.9,311.2,35.212,53.75,3674.0,1892.645,Semiconductors/Hardware,462108.0,462108.0,2011-09-28,330400.0,Rick Bergman,SYNAPTICS INC,President/CEO,2019-03-14,10.0,10.0,Executive Director,1.0,0.0,1.0,0.0,0.0,0.0,0.0,0.0,0.0,0.0,1963-06-15,M,,668.6,0.03821368786543355,0.05552991847408091,0.005535657100985754,7.170273377770369,0.5422242731887402,0.9875327977941633,0.514228580218428,0.239347792647285,53.0,0,-0.6637970751564273,-0.2472783908292412,-0.17753790169760764,-0.006433528133942844,0.021768553178682218
A,USD,STD,INDL,C,3674,6/30/17,142814,SYNAPTICS INC,SYNA,2017,1266.7,740.2,202.0,1266.7,48.8,1718.2,292.3,34.638,51.71,3674.0,1791.13098,Semiconductors/Hardware,462108.0,462108.0,2011-09-28,330400.0,Rick Bergman,SYNAPTICS INC,President/CEO,2019-03-14,10.0,10.0,Executive Director,1.0,0.0,1.0,0.0,0.0,0.0,0.0,0.0,0.0,0.0,1963-06-15,M,,715.6,0.028014120523051085,0.03852530196573774,-0.019108885870921605,7.144170372489587,0.5843530433409647,0.8836821117629259,0.5649325017762691,0.23075708533985947,54.0,0,-0.6637970751564273,-0.2472783908292412,-0.17753790169760764,-0.006433528133942844,0.021768553178682218
A,USD,STD,INDL,C,3674,6/30/18,142814,SYNAPTICS INC,SYNA,2018,1499.8,729.3,450.7,1499.8,-124.1,1630.3,363.2,35.25,50.37,3674.0,1775.5425,Semiconductors/Hardware,462108.0,462108.0,2011-09-28,330400.0,Rick Bergman,SYNAPTICS INC,President/CEO,2019-03-14,10.0,10.0,Executive Director,1.0,0.0,1.0,0.0,0.0,0.0,0.0,0.0,0.0,0.0,1963-06-15,M,,607.9,0.028289309601292306,-0.08274436591545539,-0.1594695211073659,7.313087044867289,0.4862648353113748,0.8897761190256495,0.4053207094279237,0.2421656220829444,55.0,0,-0.6637970751564273,-0.2472783908292412,-0.17753790169760764,-0.006433528133942844,0.021768553178682218
A,USD,STD,INDL,C,3674,6/30/20,142814,SYNAPTICS INC,SYNA,2020,1693.8,819.1,601.2,1693.8,118.8,1333.9,302.5,34.122,60.12,3674.0,2051.41464,Semiconductors/Hardware,462108.0,462108.0,2019-08-19,1302499.0,Mike Hurlston,SYNAPTICS INC,President/CEO,2025-02-03,10.0,10.0,Executive Director,1.0,0.0,1.0,0.0,0.0,0.0,0.0,0.0,1.0,0.0,1967-06-15,M,,701.4,0.038373598325349735,0.07013815090329437,0.010231389978386608,7.434729804487499,0.48358720037784864,0.918078725915935,0.41409847679773293,0.1785925138741292,53.0,0,1.3416881291615947,-0.17194982988266744,-0.43683611657748583,0.1173934945119674,-0.5322033147840854
A,USD,STD,INDL,C,3674,6/30/21,142814,SYNAPTICS INC,SYNA,2021,2226.8,967.2,418.4,2226.8,79.6,1339.6,313.4,35.332,155.58,3674.0,5496.952560000001,Semiconductors/Hardware,462108.0,462108.0,2019-08-19,1302499.0,Mike Hurlston,SYNAPTICS INC,President/CEO,2025-02-03,10.0,10.0,Executive Director,1.0,0.0,1.0,0.0,0.0,0.0,0.0,0.0,1.0,0.0,1967-06-15,M,,781.0,0.027165652249727085,0.03574636249326387,-0.030089234688154685,7.708320856309353,0.43434524878749775,1.737543838360931,0.3507275013472247,0.14074007544458414,54.0,0,1.3416881291615947,-0.17194982988266744,-0.43683611657748583,0.1173934945119674,-0.5322033147840854
A,USD,STD,INDL,C,3674,6/30/22,142814,SYNAPTICS INC,SYNA,2022,2858.1,1266.4,1027.2,2858.1,257.5,1739.7,367.3,39.621,118.05,3674.0,4677.259050000001,Semiconductors/Hardware,462108.0,462108.0,2019-08-19,1302499.0,Mike Hurlston,SYNAPTICS INC,President/CEO,2025-02-03,10.0,10.0,Executive Director,1.0,0.0,1.0,0.0,0.0,0.0,0.0,0.0,1.0,0.0,1967-06-15,M,,1036.7,0.040435702761148114,0.09009481823589098,0.03303957298991634,7.9579123473808435,0.44309156432595087,1.3065340356944966,0.3627234876316434,0.12851194849725342,55.0,0,1.3416881291615947,-0.17194982988266744,-0.43683611657748583,0.1173934945119674,-0.5322033147840854
A,USD,STD,INDL,C,3674,6/30/23,142814,SYNAPTICS INC,SYNA,2023,2611.4,1243.4,1014.4,2611.4,73.6,1355.1,351.2,38.571,85.38,3674.0,3293.1919799999996,Semiconductors/Hardware,462108.0,462108.0,2019-08-19,1302499.0,Mike Hurlston,SYNAPTICS INC,President/CEO,2025-02-03,10.0,10.0,Executive Director,1.0,0.0,1.0,0.0,0.0,0.0,0.0,0.0,1.0,0.0,1967-06-15,M,,1112.1,0.02976546435661712,0.028184115799954043,-0.020506143814682243,7.867641754973938,0.47614306502259324,0.9740077382648001,0.42586352148272955,0.13448724821934593,56.0,0,1.3416881291615947,-0.17194982988266744,-0.43683611657748583,0.1173934945119674,-0.5322033147840854
A,USD,STD,INDL,C,3674,3/31/19,27965,MICROCHIP TECHNOLOGY INC,MCHP,2018,18350.0,5287.5,8946.2,18350.0,355.9,5349.5,826.3,237.59,82.96,3674.0,19710.4664,Semiconductors/Hardware,20566.0,20566.0,2016-02-03,61502.0,Steve Sanghi,MICROCHIP TECHNOLOGY INC,Chairman/CEO,2021-03-01,10.0,10.0,Executive Director,1.0,0.0,0.0,0.0,0.0,0.0,0.0,0.0,1.0,0.0,1956-06-15,M,,1379.7,0.022449145427558374,0.01939509536784741,-0.05733005982406311,9.817384853482716,0.28814713896457766,1.3158042396274354,0.07518801089918256,0.045029972752043596,62.0,0,1.328120120919817,-0.19997741649182793,-0.44736292532478544,-0.49441052504565186,-0.4374823779598874
A,USD,STD,INDL,C,3674,3/31/18,27965,MICROCHIP TECHNOLOGY INC,MCHP,2017,8257.2,3279.8,1758.4,8257.2,255.4,3980.8,529.3,235.028,91.36,3674.0,21472.158079999997,Semiconductors/Hardware,20566.0,20566.0,2016-02-03,61502.0,Steve Sanghi,MICROCHIP TECHNOLOGY INC,Chairman/CEO,2021-03-01,10.0,10.0,Executive Director,1.0,0.0,0.0,0.0,0.0,0.0,0.0,0.0,1.0,0.0,1956-06-15,M,,1465.022,0.013507977672140405,0.03093058179528169,-0.026703606041377653,9.018840825996435,0.3972048636341617,1.878974677981013,0.17742358184372425,0.06410163251465387,61.0,0,1.328120120919817,-0.19997741649182793,-0.44736292532478544,-0.49441052504565186,-0.4374823779598874
A,USD,STD,INDL,C,3674,3/31/17,27965,MICROCHIP TECHNOLOGY INC,MCHP,2016,7686.881,3270.711,2900.524,7686.881,164.639,3407.807,545.293,229.094,73.78,3674.0,16902.55532,Semiconductors/Hardware,20566.0,20566.0,2016-02-03,61502.0,Steve Sanghi,MICROCHIP TECHNOLOGY INC,Chairman/CEO,2021-03-01,10.0,10.0,Executive Director,1.0,0.0,0.0,0.0,0.0,0.0,0.0,0.0,1.0,0.0,1956-06-15,M,,1579.228,0.015950099623376048,0.021418179883362316,-0.02857608148973284,8.947270388547635,0.4254926022661206,1.6424574203988793,0.20544457498431418,0.07093813472590509,60.0,0,1.328120120919817,-0.19997741649182793,-0.44736292532478544,-0.49441052504565186,-0.4374823779598874
A,USD,STD,INDL,C,7372,6/30/19,12141,MICROSOFT CORP,MSFT,2019,286556.0,102330.0,79107.0,286556.0,39240.0,125843.0,16876.0,7643.0,133.96,7372.0,1023856.28,Software,20601.0,20601.0,2014-02-04,499383.0,Satya Nadella,MICROSOFT CORP,CEO,2021-06-16,10.0,10.0,Executive Director,1.0,0.0,1.0,1.0,0.0,0.0,0.0,0.0,1.0,0.0,1967-08-19,M,Asian Association Network,23810.0,0.012489753514462184,0.13693658482111698,0.05673737776115198,12.565689258514816,0.35710297463672025,2.303128559088087,0.08309021622300702,0.058892502687083854,52.0,0,1.4068689545496689,-0.058101093096811544,-0.3757039893981911,1.8073470638861047,-0.46846424218128085
A,USD,STD,INDL,C,3572,6/30/16,11399,WESTERN DIGITAL CORP,WDC,2016,32862.0,11145.0,13660.0,32862.0,242.0,12994.0,1627.0,284.0,47.26,3572.0,13421.84,Semiconductors/Hardware,33382.0,33382.0,2015-10-18,325964.0,Steve Milligan,WESTERN DIGITAL CORP,CEO,2020-03-09,10.0,10.0,Executive Director,1.0,0.0,0.0,0.0,0.0,0.0,0.0,0.0,0.0,0.0,1963-06-15,M,,8951.0,0.030887982263270816,0.0073641287809628145,-0.042630132592132344,10.400072254011777,0.3391455176191346,0.18589226409999854,0.2723814740429676,0.04951007242407644,53.0,0,-0.6773650833982051,-0.27530597743840163,-0.18806471044490725,-0.6182375476915621,0.1164894900028803
A,USD,STD,INDL,C,3572,6/30/17,11399,WESTERN DIGITAL CORP,WDC,2017,29860.0,11418.0,12918.0,29860.0,397.0,19093.0,2441.0,294.0,88.6,3572.0,26048.4,Semiconductors/Hardware,33382.0,33382.0,2015-10-18,325964.0,Steve Milligan,WESTERN DIGITAL CORP,CEO,2020-03-09,10.0,10.0,Executive Director,1.0,0.0,0.0,0.0,0.0,0.0,0.0,0.0,0.0,0.0,1963-06-15,M,,8575.0,0.019042744912906015,0.013295378432685868,-0.04433880940397347,10.304275071093182,0.38238446081714667,0.8247652884255123,0.28717347622237105,0.08174815807099799,54.0,0,-0.6773650833982051,-0.27530597743840163,-0.18806471044490725,-0.6182375476915621,0.1164894900028803
A,USD,STD,INDL,C,3572,6/30/18,11399,WESTERN DIGITAL CORP,WDC,2018,29235.0,11531.0,10993.0,29235.0,675.0,20647.0,2400.0,296.0,77.41,3572.0,22913.36,Semiconductors/Hardware,33382.0,33382.0,2015-10-18,325964.0,Steve Milligan,WESTERN DIGITAL CORP,CEO,2020-03-09,10.0,10.0,Executive Director,1.0,0.0,0.0,0.0,0.0,0.0,0.0,0.0,0.0,0.0,1963-06-15,M,,8718.0,0.02504163120330095,0.023088763468445357,-0.05363639172346516,10.283121900609771,0.3944244911920643,0.6866810857695662,0.29820420728578756,0.08209338122113904,55.0,0,-0.6773650833982051,-0.27530597743840163,-0.18806471044490725,-0.6182375476915621,0.1164894900028803
A,USD,STD,INDL,C,3572,6/30/19,11399,WESTERN DIGITAL CORP,WDC,2019,26370.0,9967.0,10246.0,26370.0,-754.0,16569.0,2182.0,295.0,47.55,3572.0,14027.25,Semiconductors/Hardware,33382.0,33382.0,2015-10-18,325964.0,Steve Milligan,WESTERN DIGITAL CORP,CEO,2020-03-09,10.0,10.0,Executive Director,1.0,0.0,0.0,0.0,0.0,0.0,0.0,0.0,0.0,0.0,1963-06-15,M,,7381.0,0.030415817581184643,-0.028593098217671597,-0.1087923052776366,10.179982279347332,0.37796738718240425,0.3417222303637629,0.2799014031095942,0.08274554417899128,56.0,0,-0.6773650833982051,-0.27530597743840163,-0.18806471044490725,-0.6182375476915621,0.1164894900028803
A,USD,STD,INDL,C,3572,6/30/20,11399,WESTERN DIGITAL CORP,WDC,2020,25662.0,9551.0,9498.0,25662.0,-250.0,16736.0,2261.0,302.0,44.15,3572.0,13333.3,Semiconductors/Hardware,33382.0,33382.0,2020-03-09,1621914.0,David Goeckeler,WESTERN DIGITAL CORP,CEO,2025-02-24,10.0,10.0,Executive Director,1.0,0.0,1.0,1.0,0.0,0.0,0.0,0.0,1.0,0.0,1962-06-15,M,,6568.0,0.043340007698600996,-0.009742031018626763,-0.06964879194353452,10.152766577454964,0.37218455303561687,0.333618804390101,0.2559426389213623,0.08810692853246045,58.0,0,1.4068689545496689,-0.058101093096811544,-0.3757039893981911,1.8073470638861047,-0.46846424218128085
A,USD,STD,INDL,C,3572,6/30/21,11399,WESTERN DIGITAL CORP,WDC,2021,26132.0,10721.0,8678.0,26132.0,821.0,16922.0,2243.0,308.0,71.17,3572.0,21920.36,Semiconductors/Hardware,33382.0,33382.0,2020-03-09,1621914.0,David Goeckeler,WESTERN DIGITAL CORP,CEO,2025-02-24,10.0,10.0,Executive Director,1.0,0.0,1.0,1.0,0.0,0.0,0.0,0.0,1.0,0.0,1962-06-15,M,,7342.0,0.026958926841357717,0.031417419256084496,-0.03441817792533406,10.170915895960642,0.41026327873871116,0.7152114504285145,0.28095821215368133,0.08583346089086177,59.0,0,1.4068689545496689,-0.058101093096811544,-0.3757039893981911,1.8073470638861047,-0.46846424218128085
A,USD,STD,INDL,C,3572,6/30/22,11399,WESTERN DIGITAL CORP,WDC,2022,26259.0,12221.0,7299.0,26259.0,1500.0,18793.0,2323.0,315.0,44.83,3572.0,14121.45,Semiconductors/Hardware,33382.0,33382.0,2020-03-09,1621914.0,David Goeckeler,WESTERN DIGITAL CORP,CEO,2025-02-24,10.0,10.0,Executive Director,1.0,0.0,1.0,1.0,0.0,0.0,0.0,0.0,1.0,0.0,1962-06-15,M,,8485.0,0.02997990262159181,0.05712327202102136,6.802677504672006e-05,10.175764066400548,0.46540233824593474,0.14453913455498074,0.32312730873224416,0.08846490726988841,60.0,0,1.4068689545496689,-0.058101093096811544,-0.3757039893981911,1.8073470638861047,-0.46846424218128085
A,USD,STD,INDL,C,3572,6/30/23,11399,WESTERN DIGITAL CORP,WDC,2023,24429.0,10847.0,6101.0,24429.0,-1706.0,12318.0,2009.0,322.0,37.93,3572.0,12213.46,Semiconductors/Hardware,33382.0,33382.0,2020-03-09,1621914.0,David Goeckeler,WESTERN DIGITAL CORP,CEO,2025-02-24,10.0,10.0,Executive Director,1.0,0.0,1.0,1.0,0.0,0.0,0.0,0.0,1.0,0.0,1962-06-15,M,,6908.0,0.024027831648105555,-0.06983503213393917,-0.11852529174857546,10.103526230135241,0.44402144991608333,0.11865007820499827,0.28277866470178886,0.08223832330426951,61.0,0,1.4068689545496689,-0.058101093096811544,-0.3757039893981911,1.8073470638861047,-0.46846424218128085
A,USD,STD,INDL,C,3572,6/30/24,11399,WESTERN DIGITAL CORP,WDC,2024,24188.0,10818.0,5991.0,24188.0,-798.0,13003.0,1907.0,343.0,75.77,3572.0,25989.109999999997,Semiconductors/Hardware,33382.0,33382.0,2020-03-09,1621914.0,David Goeckeler,WESTERN DIGITAL CORP,CEO,2025-02-24,10.0,10.0,Executive Director,1.0,0.0,1.0,1.0,0.0,0.0,0.0,0.0,1.0,0.0,1962-06-15,M,,6063.0,0.02434530475468221,-0.03299156606581776,-0.09006068525383928,10.093611921393103,0.4472465685463866,0.8764661906778496,0.2506614850339011,0.07884074747808831,62.0,0,1.4068689545496689,-0.058101093096811544,-0.3757039893981911,1.8073470638861047,-0.46846424218128085
A,USD,STD,INDL,C,3572,6/30/25,11399,WESTERN DIGITAL CORP,WDC,2025,14002.0,5311.0,2595.0,14002.0,1889.0,9520.0,994.0,345.0,63.99,3572.0,22076.55,Semiconductors/Hardware,33382.0,33382.0,2025-02-24,1621922.0,Irving Tan,WESTERN DIGITAL CORP,CEO,2027-01-01,10.0,40.0,Executive Director,1.0,0.0,1.0,0.0,1.0,0.0,0.0,0.0,0.0,0.0,1969-06-15,M,,782.0,0.03447480762372296,0.13490929867161833,0.08160264347944028,9.546955455537143,0.3793029567204685,1.4247358177603295,0.055849164405084986,0.07098985859162976,56.0,0,-0.6455207857402201,-0.2220681510501943,0.08688390687200202,-0.01144272753160618,-0.6799420277588559
A,USD,STD,INDL,C,7372,6/30/15,12141,MICROSOFT CORP,MSFT,2015,176223.0,80083.0,27808.0,176223.0,12193.0,93580.0,12046.0,8027.0,44.15,7372.0,354392.05,Software,20601.0,20601.0,2014-02-04,499383.0,Satya Nadella,MICROSOFT CORP,CEO,2021-06-16,10.0,10.0,Executive Director,1.0,0.0,1.0,1.0,0.0,0.0,0.0,0.0,1.0,0.0,1967-08-19,M,Asian Association Network,11618.0,0.01776775252746495,0.06919074127667785,0.0035411581584722795,12.079505517450139,0.45444124773724204,1.4873401893566844,0.06592783007893407,0.06835657093568943,48.0,0,1.4068689545496689,-0.058101093096811544,-0.3757039893981911,1.8073470638861047,-0.46846424218128085
A,USD,STD,INDL,C,7372,6/30/16,12141,MICROSOFT CORP,MSFT,2016,193694.0,71997.0,41544.0,193694.0,16798.0,85320.0,11988.0,7808.0,51.17,7372.0,399535.36,Software,20601.0,20601.0,2014-02-04,499383.0,Satya Nadella,MICROSOFT CORP,CEO,2021-06-16,10.0,10.0,Executive Director,1.0,0.0,1.0,1.0,0.0,0.0,0.0,0.0,1.0,0.0,1967-08-19,M,Asian Association Network,3819.0,0.014293676093748155,0.0867244209939389,0.03673015962084374,12.174034873179655,0.3717048540481378,1.7136778204464826,0.019716666494573917,0.06189143700889031,49.0,0,1.4068689545496689,-0.058101093096811544,-0.3757039893981911,1.8073470638861047,-0.46846424218128085
A,USD,STD,INDL,C,7372,6/30/17,12141,MICROSOFT CORP,MSFT,2017,241086.0,72394.0,78473.0,241086.0,21204.0,89950.0,13037.0,7708.0,68.93,7372.0,531312.4400000001,Software,20601.0,20601.0,2014-02-04,499383.0,Satya Nadella,MICROSOFT CORP,CEO,2021-06-16,10.0,10.0,Executive Director,1.0,0.0,1.0,1.0,0.0,0.0,0.0,0.0,1.0,0.0,1967-08-19,M,Asian Association Network,3079.0,0.009323759939914121,0.0879520171225206,0.030317829285861256,12.392908995291261,0.30028288660478003,1.9932268244203375,0.012771376189409588,0.05407613880523962,50.0,0,1.4068689545496689,-0.058101093096811544,-0.3757039893981911,1.8073470638861047,-0.46846424218128085
A,USD,STD,INDL,C,7372,6/30/18,12141,MICROSOFT CORP,MSFT,2018,258848.0,82718.0,81935.0,258848.0,16571.0,110360.0,14726.0,7677.0,98.61,7372.0,757028.97,Software,20601.0,20601.0,2014-02-04,499383.0,Satya Nadella,MICROSOFT CORP,CEO,2021-06-16,10.0,10.0,Executive Director,1.0,0.0,1.0,1.0,0.0,0.0,0.0,0.0,1.0,0.0,1967-08-19,M,Asian Association Network,11495.0,0.017804009774674386,0.06401826554580294,-0.012706889646107583,12.46399629581768,0.3195620595870936,2.2139642896718814,0.04440830139695883,0.05689053034985783,51.0,0,1.4068689545496689,-0.058101093096811544,-0.3757039893981911,1.8073470638861047,-0.46846424218128085
A,USD,STD,INDL,C,7372,6/30/20,12141,MICROSOFT CORP,MSFT,2020,301311.0,118304.0,76205.0,301311.0,44281.0,143015.0,19269.0,7571.0,203.51,7372.0,1540774.21,Software,20601.0,20601.0,2014-02-04,499383.0,Satya Nadella,MICROSOFT CORP,CEO,2021-06-16,10.0,10.0,Executive Director,1.0,0.0,1.0,1.0,0.0,0.0,0.0,0.0,1.0,0.0,1967-08-19,M,Asian Association Network,37752.0,0.027644189360952146,0.14696111326835065,0.08705435234344289,12.6158982329153,0.39263086976579015,2.566782720091405,0.1252924718978066,0.06395053615699393,53.0,0,1.4068689545496689,-0.058101093096811544,-0.3757039893981911,1.8073470638861047,-0.46846424218128085
A,USD,STD,INDL,C,2834,12/31/25,8530,PFIZER INC,PFE,2025,208160.0,86476.0,63933.0,208160.0,7771.0,62579.0,15950.0,5686.0,24.9,2834.0,141581.4,Biotech,24296.0,24296.0,2020-01-01,1361005.0,Doctor Albert Bourla,PFIZER INC,Chairman/CEO,2027-01-01,10.0,40.0,Executive Director,0.0,0.0,0.0,0.0,1.0,0.0,1.0,0.0,0.0,0.0,1961-10-21,M,,106541.0,0.016428583028603255,0.037331860107609534,-0.015974795084568512,12.246062293746332,0.4154304381245196,0.4930078979072519,0.5118226364335127,0.07662375096079939,64.0,0,-0.47202271221197056,4.445042550427351,-0.10908821136418033,-0.4214911105458302,-0.9893955857108724
A,USD,STD,INDL,C,7372,6/30/21,12141,MICROSOFT CORP,MSFT,2021,333779.0,141988.0,71453.0,333779.0,61271.0,168088.0,20716.0,7519.0,270.9,7372.0,2036897.1,Software,20601.0,20601.0,2021-06-16,499383.0,Satya Nadella,MICROSOFT CORP,Chairman/CEO,2027-01-01,10.0,40.0,Executive Director,1.0,0.0,1.0,1.0,0.0,0.0,0.0,0.0,1.0,0.0,1967-08-19,M,Asian Association Network,58877.0,0.013259373910668816,0.18356757015869782,0.11773197297727926,12.718234376307526,0.4253952465553555,2.6634403524988532,0.17639515967151917,0.062065019069504075,54.0,0,1.4068689545496689,-0.058101093096811544,-0.3757039893981911,1.8073470638861047,-0.46846424218128085
A,USD,STD,INDL,C,7372,6/30/22,12141,MICROSOFT CORP,MSFT,2022,364840.0,166542.0,72363.0,364840.0,72738.0,198270.0,24512.0,7464.0,256.83,7372.0,1916979.12,Software,20601.0,20601.0,2021-06-16,499383.0,Satya Nadella,MICROSOFT CORP,Chairman/CEO,2027-01-01,10.0,40.0,Executive Director,1.0,0.0,1.0,1.0,0.0,0.0,0.0,0.0,1.0,0.0,1967-08-19,M,Asian Association Network,79603.0,0.02224445535288124,0.19936958666812848,0.14231434142215385,12.807214180294094,0.4564795526806271,2.443258321105046,0.21818605416072798,0.06718561561232321,55.0,0,1.4068689545496689,-0.058101093096811544,-0.3757039893981911,1.8073470638861047,-0.46846424218128085
A,USD,STD,INDL,C,7372,6/30/23,12141,MICROSOFT CORP,MSFT,2023,411976.0,206223.0,70588.0,411976.0,72361.0,211915.0,27195.0,7432.0,340.54,7372.0,2530893.2800000003,Software,20601.0,20601.0,2021-06-16,499383.0,Satya Nadella,MICROSOFT CORP,Chairman/CEO,2027-01-01,10.0,40.0,Executive Director,1.0,0.0,1.0,1.0,0.0,0.0,0.0,0.0,1.0,0.0,1967-08-19,M,Asian Association Network,112505.0,0.015793512472292222,0.175643726819038,0.1269534672044017,12.92872037420774,0.500570421577956,2.507369486949497,0.27308629628910425,0.06601112686175893,56.0,0,1.4068689545496689,-0.058101093096811544,-0.3757039893981911,1.8073470638861047,-0.46846424218128085
I,USD,STD,INDL,C,3674,12/31/15,12215,CYPRESS SEMICONDUCTOR CORP,CY,2015,4004.261,2720.848,673.659,4004.261,-378.867,1607.853,281.391,332.276,9.81,3674.0,3259.6275600000004,Semiconductors/Hardware,8542.0,8542.0,1982-01-02,180412.0,Doctor TJ Rodgers,CYPRESS SEMICONDUCTOR CORP (De-listed 04/2020),President/CEO,2016-04-28,30.0,10.0,Executive Director,1.0,1.0,0.0,0.0,1.0,1.0,0.0,0.0,1.0,1.0,1948-03-15,M,Black Association Network,-759.007,0.022807387647584724,-0.09461596034823905,-0.16026554346644462,8.295114323125858,0.6794881752213454,0.1806693470280699,-0.18954983204141787,0.07027289180200792,67.0,0,1.0553892672857608,-0.34353137885814344,3.930027966732105,-0.4444063793242925,0.961758210171077
I,USD,STD,INDL,C,3674,12/31/16,12215,CYPRESS SEMICONDUCTOR CORP,CY,2016,3871.871,1891.828,1194.979,3871.871,-686.251,1923.108,365.681,323.583,11.44,3674.0,3701.78952,Semiconductors/Hardware,8542.0,8542.0,2016-08-10,1269387.0,Hassane El-Khoury,CYPRESS SEMICONDUCTOR CORP (De-listed 04/2020),President/CEO,2020-04-17,10.0,10.0,Executive Director,1.0,0.0,0.0,0.0,0.0,0.0,0.0,0.0,1.0,0.0,1979-06-15,M,,-1453.844,0.024282752305240757,-0.17724015082114047,-0.22723441219423562,8.261493131725771,0.48860822067677356,0.6712727993750138,-0.37548874949604466,0.09444555358378416,37.0,0,1.328120120919817,-0.19997741649182793,-0.44736292532478544,-0.49441052504565186,-0.4374823779598874
I,USD,STD,INDL,C,3674,12/31/17,12215,CYPRESS SEMICONDUCTOR CORP,CY,2017,3537.05,1816.536,956.513,3537.05,-80.915,2327.771,357.016,352.22,15.24,3674.0,5367.8328,Semiconductors/Hardware,8542.0,8542.0,2016-08-10,1269387.0,Hassane El-Khoury,CYPRESS SEMICONDUCTOR CORP (De-listed 04/2020),President/CEO,2020-04-17,10.0,10.0,Executive Director,1.0,0.0,0.0,0.0,0.0,0.0,0.0,0.0,1.0,0.0,1979-06-15,M,,-1513.068,0.019859299861071447,-0.022876408306356993,-0.08051059614301634,8.171048325379243,0.5135737408292221,1.0834928608286063,-0.4277768196661059,0.10093609081013839,38.0,0,1.328120120919817,-0.19997741649182793,-0.44736292532478544,-0.49441052504565186,-0.4374823779598874
I,USD,STD,INDL,C,3674,12/31/18,12215,CYPRESS SEMICONDUCTOR CORP,CY,2018,3693.215,2115.734,874.235,3693.215,354.592,2483.84,363.996,361.452,12.72,3674.0,4597.669440000001,Semiconductors/Hardware,8542.0,8542.0,2016-08-10,1269387.0,Hassane El-Khoury,CYPRESS SEMICONDUCTOR CORP (De-listed 04/2020),President/CEO,2020-04-17,10.0,10.0,Executive Director,1.0,0.0,0.0,0.0,0.0,0.0,0.0,0.0,1.0,0.0,1979-06-15,M,,-1155.286,0.022871690537490687,0.09601174044836273,0.019286585256452216,8.21425263140869,0.5728705206710142,0.7761477344202746,-0.31281309103315136,0.09855803141707156,39.0,0,1.328120120919817,-0.19997741649182793,-0.44736292532478544,-0.49441052504565186,-0.4374823779598874
I,USD,STD,INDL,C,3674,12/31/19,12215,CYPRESS SEMICONDUCTOR CORP,CY,2019,3556.114,2100.255,743.72,3556.114,40.428,2205.314,362.716,372.704,23.33,3674.0,8695.18432,Semiconductors/Hardware,8542.0,8542.0,2016-08-10,1269387.0,Hassane El-Khoury,CYPRESS SEMICONDUCTOR CORP (De-listed 04/2020),President/CEO,2020-04-17,10.0,10.0,Executive Director,1.0,0.0,0.0,0.0,0.0,0.0,0.0,0.0,1.0,0.0,1979-06-15,M,,-1132.477,0.021867514070311084,0.011368589420924075,-0.06883061763904093,8.176423654612622,0.5906039570160012,1.4207105800424893,-0.31845913826159683,0.10199785496190504,40.0,0,1.328120120919817,-0.19997741649182793,-0.44736292532478544,-0.49441052504565186,-0.4374823779598874
I,USD,STD,INDL,C,3674,6/30/15,12216,LINEAR TECHNOLOGY CORP,LLTC,2015,1884.079,1577.927,0.0,1884.079,520.963,1475.139,266.761,239.751,44.23,3674.0,10604.18673,Semiconductors/Hardware,18926.0,18926.0,2005-09-02,45781.0,Lothar Maier,LINEAR TECHNOLOGY CORP (De-listed 03/2017),CEO,2017-03-10,10.0,10.0,Executive Director,1.0,1.0,0.0,0.0,0.0,0.0,0.0,0.0,0.0,0.0,1954-06-15,M,,-474.563,0.015777010580046467,0.27650804451405697,0.2108584613958514,7.541194386316632,0.8375057521473356,1.9051369374007996,-0.25188062708623155,0.14158695044103778,61.0,0,-0.6916225293945008,-0.23947369343537842,-0.222008608786628,-0.5665355396382482,0.9038237180669413
I,USD,STD,INDL,C,3674,6/30/16,12216,LINEAR TECHNOLOGY CORP,LLTC,2016,2049.981,1759.175,0.0,2049.981,494.346,1423.936,276.462,239.654,46.53,3674.0,11151.10062,Semiconductors/Hardware,18926.0,18926.0,2005-09-02,45781.0,Lothar Maier,LINEAR TECHNOLOGY CORP (De-listed 03/2017),CEO,2017-03-10,10.0,10.0,Executive Director,1.0,1.0,0.0,0.0,0.0,0.0,0.0,0.0,0.0,0.0,1954-06-15,M,,-377.975,0.021581556555545525,0.24114662526140485,0.1911523638883097,7.62558580379682,0.8581420998536082,1.846693254196052,-0.18437975766604664,0.13486076212413675,62.0,0,-0.6916225293945008,-0.23947369343537842,-0.222008608786628,-0.5665355396382482,0.9038237180669413
A,USD,STD,INDL,C,3672,9/30/15,12945,PLEXUS CORP,PLXS,2015,1702.388,842.272,259.257,1702.388,94.332,2654.29,0.0,33.5,38.58,3672.0,1292.4299999999998,Semiconductors/Hardware,24637.0,24637.0,2013-02-13,200556.0,Dean Foate,PLEXUS CORP,Chairman/President/CEO,2016-09-29,10.0,10.0,Executive Director,1.0,0.0,0.0,0.0,0.0,0.0,0.0,0.0,1.0,0.0,1958-06-15,M,,854.246,0.01857189789856869,0.05541157479963439,-0.010238008318571176,7.439787250250301,0.4947591265915879,0.4281764438525387,0.5017927757949422,0.0,57.0,0,1.328120120919817,-0.19997741649182793,-0.44736292532478544,-0.49441052504565186,-0.4374823779598874
A,USD,STD,INDL,C,3672,9/30/16,12945,PLEXUS CORP,PLXS,2016,1765.819,916.797,184.002,1765.819,76.427,2556.004,0.0,33.457,46.78,3672.0,1565.11846,Semiconductors/Hardware,24637.0,24637.0,2016-09-30,549027.0,Todd Kelsey,PLEXUS CORP,President/CEO,2022-01-26,10.0,10.0,Executive Director,1.0,0.0,1.0,0.0,0.0,0.0,0.0,0.0,1.0,0.0,1965-06-15,M,,925.605,0.016388100728850212,0.04328133291124402,-0.006712928461851134,7.476369884405063,0.5191908117423134,0.5348307196965834,0.5241788654443066,0.0,51.0,0,1.3416881291615947,-0.17194982988266744,-0.43683611657748583,0.1173934945119674,-0.5322033147840854
A,USD,STD,INDL,C,3672,9/30/17,12945,PLEXUS CORP,PLXS,2017,1976.182,1025.939,26.173,1976.182,112.062,2528.052,0.0,33.464,56.08,3672.0,1876.66112,Semiconductors/Hardware,24637.0,24637.0,2016-09-30,549027.0,Todd Kelsey,PLEXUS CORP,President/CEO,2022-01-26,10.0,10.0,Executive Director,1.0,0.0,1.0,0.0,0.0,0.0,0.0,0.0,1.0,0.0,1965-06-15,M,,1044.227,0.011775230744551312,0.05670631551142557,-0.0009278723252337737,7.588921979329542,0.5191520821462801,0.6038859070940207,0.528406290513728,0.0,52.0,0,1.3416881291615947,-0.17194982988266744,-0.43683611657748583,0.1173934945119674,-0.5322033147840854
A,USD,STD,INDL,C,3672,9/30/18,12945,PLEXUS CORP,PLXS,2018,1932.642,921.143,183.085,1932.642,13.04,2873.508,0.0,31.838,58.51,3672.0,1862.84138,Semiconductors/Hardware,24637.0,24637.0,2016-09-30,549027.0,Todd Kelsey,PLEXUS CORP,President/CEO,2022-01-26,10.0,10.0,Executive Director,1.0,0.0,1.0,0.0,0.0,0.0,0.0,0.0,1.0,0.0,1965-06-15,M,,1050.267,0.017187491343437326,0.006747240306275036,-0.06997791488563548,7.566643257710312,0.47662370992661857,0.7042429345151014,0.5434358768980494,0.0,53.0,0,1.3416881291615947,-0.17194982988266744,-0.43683611657748583,0.1173934945119674,-0.5322033147840854
A,USD,STD,INDL,C,3572,6/30/15,11399,WESTERN DIGITAL CORP,WDC,2015,15181.0,9219.0,2156.0,15181.0,1465.0,14572.0,1646.0,230.0,78.42,3572.0,18036.6,Semiconductors/Hardware,33382.0,33382.0,2015-10-18,325964.0,Steve Milligan,WESTERN DIGITAL CORP,CEO,2020-03-09,10.0,10.0,Executive Director,1.0,0.0,0.0,0.0,0.0,0.0,0.0,0.0,0.0,0.0,1963-06-15,M,,9087.0,0.021789680598425953,0.0965022067057506,0.030852623587545036,9.627799924932715,0.607272248204993,0.6711364549887865,0.5985771688294579,0.10842500494038601,52.0,0,-0.6773650833982051,-0.27530597743840163,-0.18806471044490725,-0.6182375476915621,0.1164894900028803
A,USD,STD,INDL,C,2834,12/31/24,8530,PFIZER INC,PFE,2024,213396.0,88203.0,59691.0,213396.0,8031.0,62856.0,12770.0,5667.0,26.53,2834.0,150345.51,Biotech,24296.0,24296.0,2020-01-01,1361005.0,Doctor Albert Bourla,PFIZER INC,Chairman/CEO,2027-01-01,10.0,40.0,Executive Director,0.0,0.0,0.0,0.0,1.0,0.0,1.0,0.0,0.0,0.0,1961-10-21,M,,108883.0,0.014705810637846694,0.03763425743687792,-0.019434861751143603,12.270904873531661,0.4133301467693865,0.5332950692973923,0.5102391797409511,0.05984179647228627,63.0,0,-0.47202271221197056,4.445042550427351,-0.10908821136418033,-0.4214911105458302,-0.9893955857108724
A,USD,STD,INDL,C,3672,9/30/20,12945,PLEXUS CORP,PLXS,2020,2289.848,977.48,224.754,2289.848,117.479,3390.394,0.0,29.002,70.63,3672.0,2048.41126,Semiconductors/Hardware,24637.0,24637.0,2016-09-30,549027.0,Todd Kelsey,PLEXUS CORP,President/CEO,2022-01-26,10.0,10.0,Executive Director,1.0,0.0,1.0,0.0,0.0,0.0,0.0,0.0,1.0,0.0,1965-06-15,M,,1290.02,0.0340269416915582,0.05130427871194944,-0.00860248221295832,7.73624071879948,0.4268754956660879,0.7398419452543856,0.563364904570085,0.0,55.0,0,1.3416881291615947,-0.17194982988266744,-0.43683611657748583,0.1173934945119674,-0.5322033147840854
A,USD,STD,INDL,C,7372,12/31/18,7648,NCR VOYIX CORP,VYX,2018,7761.0,395.0,2980.0,7761.0,-88.0,6405.0,252.0,118.7,23.08,7370.0,2739.596,Software,21710.0,21710.0,2018-04-30,536199.0,Mike Hayford,NCR VOYIX CORP (NCR Corp prior to 10/2023),President/CEO,2021-08-16,10.0,10.0,Executive Director,1.0,0.0,1.0,1.0,0.0,0.0,0.0,0.0,0.0,0.0,1959-06-15,M,,360.0,,-0.011338745007086716,-0.08806390019899724,8.95686647085414,0.05089550315680969,1.9366799783543993,0.04638577502899111,0.03247004252029378,59.0,0,-0.5986162497683529,-0.13342965404338525,-0.11640577451831292,1.683520041240194,0.08550762578148682
A,USD,STD,INDL,C,3674,12/31/21,10499,TEXAS INSTRUMENTS INC,TXN,2021,24676.0,13333.0,7624.0,24676.0,7769.0,18344.0,1554.0,924.0,188.47,3674.0,174146.28,Semiconductors/Hardware,30509.0,30509.0,2018-07-17,13520.0,Rich Templeton,TEXAS INSTRUMENTS INC,Chairman/President/CEO,2023-04-01,10.0,10.0,Executive Director,1.0,0.0,0.0,0.0,0.0,0.0,0.0,0.0,0.0,0.0,1958-06-15,M,,45762.0,0.016769883542266634,0.3148403306856865,0.24900473350426794,10.113586390329528,0.5403225806451613,2.569653470554762,1.8545145080239909,0.06297617117847301,63.0,0,-0.6773650833982051,-0.27530597743840163,-0.18806471044490725,-0.6182375476915621,0.1164894900028803
A,USD,STD,INDL,C,3674,12/31/22,10499,TEXAS INSTRUMENTS INC,TXN,2022,27207.0,14577.0,8579.0,27207.0,8749.0,20028.0,1670.0,906.0,165.22,3674.0,149689.32,Semiconductors/Hardware,30509.0,30509.0,2018-07-17,13520.0,Rich Templeton,TEXAS INSTRUMENTS INC,Chairman/President/CEO,2023-04-01,10.0,10.0,Executive Director,1.0,0.0,0.0,0.0,0.0,0.0,0.0,0.0,0.0,0.0,1958-06-15,M,,50099.0,0.020185267597138654,0.321571654353659,0.2645164091076843,10.211229572115677,0.5357812327709781,2.329117002103326,1.8414011100084537,0.061381262175175505,64.0,0,-0.6773650833982051,-0.27530597743840163,-0.18806471044490725,-0.6182375476915621,0.1164894900028803
A,USD,STD,INDL,C,3674,12/31/23,10499,TEXAS INSTRUMENTS INC,TXN,2023,32348.0,16897.0,11102.0,32348.0,6510.0,17519.0,1863.0,909.0,170.46,3674.0,154948.14,Semiconductors/Hardware,30509.0,30509.0,2023-04-01,1853290.0,Haviv Ilan,TEXAS INSTRUMENTS INC,President/CEO,2026-01-01,10.0,10.0,Executive Director,0.0,0.0,1.0,1.0,0.0,0.0,0.0,0.0,1.0,0.0,1968-06-15,M,,52078.0,0.015111057213564856,0.2012489180165698,0.1525586584019335,10.384307474215714,0.5223506862866328,2.2159543889109807,1.6099295165079757,0.057592432298751085,55.0,0,1.4121891305033953,-0.01953622805987299,-0.33052930355453525,1.7770382137393608,-1.0956288328693857
A,USD,STD,INDL,C,3674,12/31/24,10499,TEXAS INSTRUMENTS INC,TXN,2024,35509.0,16903.0,13509.0,35509.0,4799.0,15641.0,1959.0,911.0,187.51,3674.0,170821.61,Semiconductors/Hardware,30509.0,30509.0,2023-04-01,1853290.0,Haviv Ilan,TEXAS INSTRUMENTS INC,President/CEO,2026-01-01,10.0,10.0,Executive Director,0.0,0.0,1.0,1.0,0.0,0.0,0.0,0.0,1.0,0.0,1968-06-15,M,,52122.0,0.01720529479895514,0.13514883550649132,0.0780797163184698,10.477541464459218,0.47602016390210933,2.3131286746314075,1.4678532203103438,0.05516911205609845,56.0,0,1.4121891305033953,-0.01953622805987299,-0.33052930355453525,1.7770382137393608,-1.0956288328693857
A,USD,STD,INDL,C,3674,12/31/25,10499,TEXAS INSTRUMENTS INC,TXN,2025,34585.0,16273.0,14160.0,34585.0,5001.0,17682.0,2083.0,907.0,173.49,3674.0,157355.43000000002,Semiconductors/Hardware,30509.0,30509.0,2023-04-01,1853290.0,Haviv Ilan,TEXAS INSTRUMENTS INC,President/CEO,2026-01-01,10.0,10.0,Executive Director,0.0,0.0,1.0,1.0,0.0,0.0,0.0,0.0,1.0,0.0,1968-06-15,M,,52151.0,0.025233384816897932,0.14460026022842273,0.09129360503624469,10.451175341034686,0.4705219025589128,2.268999839292759,1.5079080526239699,0.060228422726615584,57.0,0,1.4121891305033953,-0.01953622805987299,-0.33052930355453525,1.7770382137393608,-1.0956288328693857
A,USD,STD,INDL,C,2834,12/31/20,7637,VIATRIS INC,VTRS,2020,61553.0,22954.1,22658.7,61553.0,-669.9,12032.5,592.5,1206.896,18.74,2834.0,22617.23104,Biotech,3299324.0,3299324.0,2020-11-17,2033434.0,Michael Goettler,VIATRIS INC (Upjohn Inc prior to 11/2020),CEO,2023-04-01,10.0,10.0,Executive Director,0.0,0.0,1.0,0.0,0.0,0.0,0.0,0.0,0.0,0.0,1967-06-15,M,,4503.2,0.027477219558595528,-0.01088330381947265,-0.0707900647443804,11.02765387128589,0.372916023589427,-0.014784518617898012,0.07315971601709095,0.009625850892726594,53.0,0,-0.6584768992027012,-0.20871352579230268,-0.13236321585395175,-0.03674237828068685,-0.6053960375094226
A,USD,STD,INDL,C,2834,12/31/21,7637,VIATRIS INC,VTRS,2021,54842.8,20492.7,19918.0,54842.8,-1269.1,17886.3,770.5,1209.507,13.53,2834.0,16364.62971,Biotech,3299324.0,3299324.0,2020-11-17,2033434.0,Michael Goettler,VIATRIS INC (Upjohn Inc prior to 11/2020),CEO,2023-04-01,10.0,10.0,Executive Director,0.0,0.0,1.0,0.0,0.0,0.0,0.0,0.0,0.0,0.0,1967-06-15,M,,1944.5,0.019790939067889,-0.023140685741792903,-0.08897628292321146,10.912226189995028,0.37366254093518203,-0.22494644441619852,0.035455884819885194,0.014049246209165103,54.0,0,-0.6584768992027012,-0.20871352579230268,-0.13236321585395175,-0.03674237828068685,-0.6053960375094226
A,USD,STD,INDL,C,2834,12/31/22,7637,VIATRIS INC,VTRS,2022,50022.2,21072.3,18196.6,50022.2,2078.6,16262.7,699.2,1213.793,11.13,2834.0,13509.51609,Biotech,3299324.0,3299324.0,2020-11-17,2033434.0,Michael Goettler,VIATRIS INC (Upjohn Inc prior to 11/2020),CEO,2023-04-01,10.0,10.0,Executive Director,0.0,0.0,1.0,0.0,0.0,0.0,0.0,0.0,0.0,0.0,1967-06-15,M,,2414.4,0.026982918806000556,0.04155355022370068,-0.015501695022273963,10.82022218587145,0.42125896102130655,-0.44456504912387723,0.048266569643078475,0.013977793859526372,55.0,0,-0.6584768992027012,-0.20871352579230268,-0.13236321585395175,-0.03674237828068685,-0.6053960375094226
A,USD,STD,INDL,C,2834,12/31/23,7637,VIATRIS INC,VTRS,2023,47685.5,20467.4,16353.5,47685.5,54.7,15426.9,910.7,1200.755,10.83,2834.0,13004.17665,Biotech,3299324.0,3299324.0,2023-04-01,540927.0,Scott Smith,VIATRIS INC (Upjohn Inc prior to 11/2020),CEO,2027-01-01,10.0,40.0,Executive Director,1.0,0.0,0.0,0.0,0.0,0.0,0.0,0.0,1.0,0.0,1962-06-15,M,,1892.3,0.015869936438116676,0.0011470992230342557,-0.04754316039160203,10.772382647435654,0.4292164284740645,-0.4535627898308256,0.03968292248167682,0.019098048673076722,61.0,0,1.328120120919817,-0.19997741649182793,-0.44736292532478544,-0.49441052504565186,-0.4374823779598874
A,USD,STD,INDL,C,2834,12/31/24,7637,VIATRIS INC,VTRS,2024,41500.9,18635.5,14218.2,41500.9,-634.2,14739.3,1014.1,1193.648,12.45,2834.0,14860.9176,Biotech,3299324.0,3299324.0,2023-04-01,540927.0,Scott Smith,VIATRIS INC (Upjohn Inc prior to 11/2020),CEO,2027-01-01,10.0,40.0,Executive Director,1.0,0.0,0.0,0.0,0.0,0.0,0.0,0.0,1.0,0.0,1962-06-15,M,,205.9,0.018865048285954335,-0.015281596302730785,-0.07235071549075231,10.633470392730624,0.44903845458773184,-0.2263335767561168,0.004961338187846528,0.02443561464932086,62.0,0,1.328120120919817,-0.19997741649182793,-0.44736292532478544,-0.49441052504565186,-0.4374823779598874
A,USD,STD,INDL,C,2834,12/31/25,7637,VIATRIS INC,VTRS,2025,37193.1,14711.3,12658.7,37193.1,-3514.9,14299.9,1088.1,1151.215,12.45,2834.0,14332.626749999998,Biotech,3299324.0,3299324.0,2023-04-01,540927.0,Scott Smith,VIATRIS INC (Upjohn Inc prior to 11/2020),CEO,2027-01-01,10.0,40.0,Executive Director,1.0,0.0,0.0,0.0,0.0,0.0,0.0,0.0,1.0,0.0,1962-06-15,M,,-3095.3,0.022499182081198145,-0.09450408812387244,-0.14781074331605049,10.52387853918601,0.3955384197606545,-0.026077376664700263,-0.0832224256649755,0.02925542640973729,63.0,0,1.328120120919817,-0.19997741649182793,-0.44736292532478544,-0.49441052504565186,-0.4374823779598874
A,USD,STD,INDL,C,7372,12/31/15,7648,NCR VOYIX CORP,VYX,2015,7635.0,720.0,3239.0,7635.0,-178.0,6373.0,230.0,133.0,24.46,3578.0,3253.1800000000003,Software,21710.0,21710.0,2007-10-01,201483.0,Bill Nuti,NCR VOYIX CORP (NCR Corp prior to 10/2023),Chairman/President/CEO,2016-10-28,10.0,15.0,Executive Director,1.0,0.0,0.0,0.0,0.0,0.0,0.0,0.0,0.0,0.0,1963-06-15,M,,719.0,,-0.023313686967910936,-0.0889632700861165,8.940498217652733,0.09430255402750491,1.5081370464706791,0.09417157825802226,0.030124426981008513,52.0,0,-0.6773650833982051,-0.27530597743840163,-0.18806471044490725,-0.6182375476915621,0.1164894900028803
A,USD,STD,INDL,C,7372,12/31/16,7648,NCR VOYIX CORP,VYX,2016,7673.0,695.0,3001.0,7673.0,270.0,6543.0,242.0,124.6,40.56,7370.0,5053.776,Software,21710.0,21710.0,2016-10-01,201483.0,Bill Nuti,NCR VOYIX CORP (NCR Corp prior to 10/2023),Chairman/CEO,2018-04-30,20.0,10.0,Executive Director,1.0,0.0,0.0,0.0,0.0,0.0,0.0,0.0,0.0,0.0,1963-06-15,M,,662.0,,0.03518832268995178,-0.01480593868314338,8.945462952177666,0.09057734914635736,1.9839791200714882,0.08627655415091881,0.031539163299882704,53.0,0,-0.6773650833982051,-0.27530597743840163,-0.18806471044490725,-0.6182375476915621,0.1164894900028803
A,USD,STD,INDL,C,7372,12/31/17,7648,NCR VOYIX CORP,VYX,2017,7654.0,719.0,2939.0,7654.0,232.0,6516.0,256.0,122.0,33.99,7370.0,4146.780000000001,Software,21710.0,21710.0,2016-10-01,201483.0,Bill Nuti,NCR VOYIX CORP (NCR Corp prior to 10/2023),Chairman/CEO,2018-04-30,20.0,10.0,Executive Director,1.0,0.0,0.0,0.0,0.0,0.0,0.0,0.0,0.0,0.0,1963-06-15,M,,658.0,,0.030310948523647765,-0.027323239313011578,8.942983665985647,0.09393781029527044,1.7522260507202345,0.08596812124379409,0.03344656388816305,54.0,0,-0.6773650833982051,-0.27530597743840163,-0.18806471044490725,-0.6182375476915621,0.1164894900028803
A,USD,STD,INDL,C,7372,12/31/19,7648,NCR VOYIX CORP,VYX,2019,8987.0,1104.0,3671.0,8987.0,564.0,6915.0,259.0,127.7,35.16,7370.0,4489.932,Software,21710.0,21710.0,2018-04-30,536199.0,Mike Hayford,NCR VOYIX CORP (NCR Corp prior to 10/2023),President/CEO,2021-08-16,10.0,10.0,Executive Director,1.0,0.0,1.0,1.0,0.0,0.0,0.0,0.0,0.0,0.0,1959-06-15,M,,791.0,,0.06275731612328919,-0.017441890936675808,9.103534367658373,0.12284410815622566,1.4028976090184293,0.08801602314454211,0.028819405808389896,60.0,0,-0.5986162497683529,-0.13342965404338525,-0.11640577451831292,1.683520041240194,0.08550762578148682
A,USD,STD,INDL,C,2834,12/31/23,8530,PFIZER INC,PFE,2023,226501.0,89014.0,64165.0,226501.0,2119.0,61996.0,12917.0,5646.0,28.79,2834.0,162548.34,Biotech,24296.0,24296.0,2020-01-01,1361005.0,Doctor Albert Bourla,PFIZER INC,Chairman/CEO,2027-01-01,10.0,40.0,Executive Director,0.0,0.0,0.0,0.0,1.0,0.0,1.0,0.0,0.0,0.0,1961-10-21,M,,110392.0,0.01446701049620318,0.009355367084472033,-0.039334892530164256,12.330504638906516,0.39299605741255006,0.6021817737233337,0.4873797466677851,0.05702844579052631,62.0,0,-0.47202271221197056,4.445042550427351,-0.10908821136418033,-0.4214911105458302,-0.9893955857108724
A,USD,STD,INDL,C,7372,12/31/20,7648,NCR VOYIX CORP,VYX,2020,8414.0,1048.0,3618.0,8414.0,-79.0,6207.0,234.0,129.1,37.57,7372.0,4850.287,Software,21710.0,21710.0,2018-04-30,536199.0,Mike Hayford,NCR VOYIX CORP (NCR Corp prior to 10/2023),President/CEO,2021-08-16,10.0,10.0,Executive Director,1.0,0.0,1.0,1.0,0.0,0.0,0.0,0.0,0.0,0.0,1959-06-15,M,,679.0,,-0.009389113382457808,-0.06929587430736557,9.037652264150466,0.12455431423817447,1.532154292557487,0.08069883527454243,0.027810791537913004,61.0,0,-0.5986162497683529,-0.13342965404338525,-0.11640577451831292,1.683520041240194,0.08550762578148682
A,USD,STD,INDL,C,7372,12/31/21,7648,NCR VOYIX CORP,VYX,2021,11641.0,1256.0,5906.0,11641.0,97.0,7156.0,268.0,132.2,40.2,7372.0,5314.44,Software,21710.0,21710.0,2021-08-16,536199.0,Mike Hayford,NCR VOYIX CORP (NCR Corp prior to 10/2023),CEO,2023-10-16,10.0,10.0,Executive Director,1.0,0.0,1.0,1.0,0.0,0.0,0.0,0.0,0.0,0.0,1959-06-15,M,,740.0,,0.008332617472725712,-0.05750297970869284,9.36228862824824,0.10789451078086075,1.4424955760144174,0.06356842195687655,0.023022077141139078,62.0,0,-0.5986162497683529,-0.13342965404338525,-0.11640577451831292,1.683520041240194,0.08550762578148682
A,USD,STD,INDL,C,7372,12/31/22,7648,NCR VOYIX CORP,VYX,2022,11507.0,1480.0,5917.0,11507.0,60.0,7844.0,217.0,138.0,23.41,7372.0,3230.58,Software,21710.0,21710.0,2021-08-16,536199.0,Mike Hayford,NCR VOYIX CORP (NCR Corp prior to 10/2023),CEO,2023-10-16,10.0,10.0,Executive Director,1.0,0.0,1.0,1.0,0.0,0.0,0.0,0.0,0.0,0.0,1959-06-15,M,,775.0,,0.005214217432866951,-0.05184102781310769,9.350710824823459,0.12861736334405144,0.7806195999018634,0.06735030850786478,0.018858086382202138,63.0,0,-0.5986162497683529,-0.13342965404338525,-0.11640577451831292,1.683520041240194,0.08550762578148682
A,USD,STD,INDL,C,7372,12/31/23,7648,NCR VOYIX CORP,VYX,2023,4990.0,25.0,2824.0,4990.0,-423.0,3830.0,185.0,142.6,16.91,7372.0,2411.366,Software,21710.0,21710.0,2023-10-16,2295328.0,David Wilkinson,NCR VOYIX CORP (NCR Corp prior to 10/2023),CEO,2025-02-04,10.0,10.0,Executive Director,1.0,0.0,1.0,0.0,0.0,0.0,0.0,0.0,0.0,0.0,1973-06-15,M,,-850.0,0.02102201326725027,-0.0847695390781563,-0.1334597986927926,8.515191188745565,0.00501002004008016,4.569072846022483,-0.17034068136272545,0.03707414829659319,50.0,0,-0.6637970751564273,-0.2472783908292412,-0.17753790169760764,-0.006433528133942844,0.021768553178682218
A,USD,STD,INDL,C,7372,12/31/24,7648,NCR VOYIX CORP,VYX,2024,4452.0,933.0,1349.0,4452.0,958.0,2826.0,157.0,142.1,13.84,7372.0,1966.664,Software,21710.0,21710.0,2023-10-16,2295328.0,David Wilkinson,NCR VOYIX CORP (NCR Corp prior to 10/2023),CEO,2025-02-04,10.0,10.0,Executive Director,1.0,0.0,1.0,0.0,0.0,0.0,0.0,0.0,0.0,0.0,1973-06-15,M,,66.0,0.02698377895888027,0.2151841868823001,0.15811506769427858,8.401108712395436,0.2095687331536388,0.7456887844452346,0.014824797843665768,0.03526504941599281,51.0,0,-0.6637970751564273,-0.2472783908292412,-0.17753790169760764,-0.006433528133942844,0.021768553178682218
A,USD,STD,INDL,C,7372,12/31/25,7648,NCR VOYIX CORP,VYX,2025,3921.0,948.0,1331.0,3921.0,62.0,2687.0,155.0,138.3,10.2,7372.0,1410.66,Software,21710.0,21710.0,2025-02-04,275263.0,Jim Kelly,NCR VOYIX CORP (NCR Corp prior to 10/2023),President/CEO,2027-01-01,10.0,40.0,Executive Director,0.0,0.0,0.0,0.0,0.0,0.0,0.0,0.0,0.0,0.0,1961-06-15,M,,120.0,0.02903806125907043,0.015812292782453455,-0.03749436240972459,8.27410200229233,0.24177505738332059,0.3974584567059162,0.030604437643458302,0.03953073195613364,64.0,0,-0.6720449074444793,-0.23674111240146314,-0.1428900246012513,-0.648546397838306,-0.5106751006852247
A,USD,STD,INDL,C,2834,12/31/15,8530,PFIZER INC,PFE,2015,167460.0,64694.0,28818.0,167460.0,6960.0,48851.0,7761.0,6175.0,32.28,2834.0,199329.0,Biotech,24296.0,24296.0,2011-12-12,485621.0,Ian Read,PFIZER INC,Chairman/CEO,2019-01-01,10.0,10.0,Executive Director,1.0,0.0,0.0,0.0,0.0,0.0,0.0,0.0,0.0,0.0,1953-06-15,M,,62471.0,0.012610466050535134,0.041562164098889284,-0.024087419019316283,12.028499795758423,0.38632509255941716,1.125288264412401,0.37305028066403917,0.0463453959154425,62.0,0,-0.6773650833982051,-0.27530597743840163,-0.18806471044490725,-0.6182375476915621,0.1164894900028803
A,USD,STD,INDL,C,2834,12/31/16,8530,PFIZER INC,PFE,2016,171615.0,59520.0,31398.0,171615.0,7215.0,52824.0,8375.0,6070.0,32.48,2834.0,197153.6,Biotech,24296.0,24296.0,2011-12-12,485621.0,Ian Read,PFIZER INC,Chairman/CEO,2019-01-01,10.0,10.0,Executive Director,1.0,0.0,0.0,0.0,0.0,0.0,0.0,0.0,0.0,0.0,1953-06-15,M,,60738.0,0.011782295319625193,0.04204177956472337,-0.00795248180837179,12.053008874803155,0.34682283017218773,1.1976707298400477,0.35392011187833233,0.04880109547533724,63.0,0,-0.6773650833982051,-0.27530597743840163,-0.18806471044490725,-0.6182375476915621,0.1164894900028803
A,USD,STD,INDL,C,2834,12/31/17,8530,PFIZER INC,PFE,2017,171797.0,71287.0,33538.0,171797.0,21308.0,52546.0,7657.0,5979.0,36.22,2834.0,216559.38,Biotech,24296.0,24296.0,2011-12-12,485621.0,Ian Read,PFIZER INC,Chairman/CEO,2019-01-01,10.0,10.0,Executive Director,1.0,0.0,0.0,0.0,0.0,0.0,0.0,0.0,0.0,0.0,1953-06-15,M,,75970.0,0.007071375525931922,0.12403010529869556,0.06639591746203621,12.054068826214518,0.41494903869101324,1.111150799748333,0.44220795473727714,0.04457004487854852,64.0,0,-0.6773650833982051,-0.27530597743840163,-0.18806471044490725,-0.6182375476915621,0.1164894900028803
A,USD,STD,INDL,C,2834,12/31/18,8530,PFIZER INC,PFE,2018,159422.0,63388.0,32909.0,159422.0,11153.0,53647.0,8220.0,5717.0,43.65,2834.0,249547.05,Biotech,24296.0,24296.0,2011-12-12,485621.0,Ian Read,PFIZER INC,Chairman/CEO,2019-01-01,10.0,10.0,Executive Director,1.0,0.0,0.0,0.0,0.0,0.0,0.0,0.0,0.0,0.0,1953-06-15,M,,78279.0,0.012450134588398122,0.06995897680370337,-0.006766178388207145,11.979310053380576,0.39761137107801936,1.3703729054868836,0.49101755090263577,0.051561265070065615,65.0,0,-0.6773650833982051,-0.27530597743840163,-0.18806471044490725,-0.6182375476915621,0.1164894900028803
A,USD,STD,INDL,C,2834,12/31/19,8530,PFIZER INC,PFE,2019,167489.0,63126.0,37003.0,167489.0,16273.0,51750.0,8781.0,5534.0,39.18,2834.0,216822.12,Biotech,24296.0,24296.0,2019-01-01,1361005.0,Doctor Albert Bourla,PFIZER INC,CEO,2020-01-01,10.0,10.0,Executive Director,0.0,0.0,0.0,0.0,1.0,0.0,1.0,0.0,0.0,0.0,1961-10-21,M,,86030.0,0.011969956448265113,0.09715861937201846,0.01695941231205346,12.02867295644899,0.37689639319597107,1.2339445648269232,0.5136456722531032,0.05242732358542949,58.0,0,-0.47202271221197056,4.445042550427351,-0.10908821136418033,-0.4214911105458302,-0.9893955857108724
A,USD,STD,INDL,C,2834,12/31/20,8530,PFIZER INC,PFE,2020,154229.0,63238.0,38247.0,154229.0,9616.0,41908.0,10305.0,5567.0,36.81,2834.0,204921.27,Biotech,24296.0,24296.0,2020-01-01,1361005.0,Doctor Albert Bourla,PFIZER INC,Chairman/CEO,2027-01-01,10.0,40.0,Executive Director,0.0,0.0,0.0,0.0,1.0,0.0,1.0,0.0,0.0,0.0,1961-10-21,M,,85082.0,0.022544864303477175,0.062348844899467674,0.0024420839745599165,11.946193789873778,0.41002664868474803,1.1757204703045747,0.551660193608206,0.0668162278170772,59.0,0,-0.47202271221197056,4.445042550427351,-0.10908821136418033,-0.4214911105458302,-0.9893955857108724
A,USD,STD,INDL,C,2834,12/31/21,8530,PFIZER INC,PFE,2021,181476.0,77201.0,38705.0,181476.0,21979.0,81288.0,13829.0,5620.0,59.05,2834.0,331861.0,Biotech,24296.0,24296.0,2020-01-01,1361005.0,Doctor Albert Bourla,PFIZER INC,Chairman/CEO,2027-01-01,10.0,40.0,Executive Director,0.0,0.0,0.0,0.0,1.0,0.0,1.0,0.0,0.0,0.0,1961-10-21,M,,97498.0,0.016426581312048487,0.12111243360003526,0.05527683641861671,12.108878692538742,0.425406114307126,1.4583037962342589,0.5372501046970398,0.07620291388392955,60.0,0,-0.47202271221197056,4.445042550427351,-0.10908821136418033,-0.4214911105458302,-0.9893955857108724
A,USD,STD,INDL,C,2834,12/31/22,8530,PFIZER INC,PFE,2022,197205.0,95661.0,35482.0,197205.0,31372.0,100330.0,12581.0,5616.0,51.24,2834.0,287763.84,Biotech,24296.0,24296.0,2020-01-01,1361005.0,Doctor Albert Bourla,PFIZER INC,Chairman/CEO,2027-01-01,10.0,40.0,Executive Director,0.0,0.0,0.0,0.0,1.0,0.0,1.0,0.0,0.0,0.0,1961-10-21,M,,117352.0,0.016980886506471247,0.1590831875459547,0.10202794229998008,12.191999075798813,0.48508404959306306,1.1013294518643797,0.5950761897517811,0.06379655688243199,61.0,0,-0.47202271221197056,4.445042550427351,-0.10908821136418033,-0.4214911105458302,-0.9893955857108724
A,USD,STD,INDL,C,3672,9/30/19,12945,PLEXUS CORP,PLXS,2019,2000.883,865.576,187.278,2000.883,108.616,3164.434,0.0,29.004,62.51,3672.0,1813.04004,Semiconductors/Hardware,24637.0,24637.0,2016-09-30,549027.0,Todd Kelsey,PLEXUS CORP,President/CEO,2022-01-26,10.0,10.0,Executive Director,1.0,0.0,1.0,0.0,0.0,0.0,0.0,0.0,1.0,0.0,1965-06-15,M,,1160.893,0.017246234351821568,0.05428403359916597,-0.02591517346079903,7.601343862109634,0.43259700842078225,0.7393651141777673,0.5801903459622577,0.0,54.0,0,1.3416881291615947,-0.17194982988266744,-0.43683611657748583,0.1173934945119674,-0.5322033147840854
A,USD,STD,INDL,C,3672,9/30/21,12945,PLEXUS CORP,PLXS,2021,2461.893,1028.232,225.003,2461.893,138.912,3368.865,0.0,28.047,89.41,3672.0,2507.68227,Semiconductors/Hardware,24637.0,24637.0,2016-09-30,549027.0,Todd Kelsey,PLEXUS CORP,President/CEO,2022-01-26,10.0,10.0,Executive Director,1.0,0.0,1.0,0.0,0.0,0.0,0.0,0.0,1.0,0.0,1965-06-15,M,,1431.007,0.017241140485215394,0.0564248730550028,-0.009410724126415755,7.808685845198823,0.41765909403861173,0.8915181056376635,0.5812628737317178,0.0,56.0,0,1.3416881291615947,-0.17194982988266744,-0.43683611657748583,0.1173934945119674,-0.5322033147840854
A,USD,STD,INDL,C,3674,3/31/16,27965,MICROCHIP TECHNOLOGY INC,MCHP,2015,5567.515,2150.919,2483.037,5567.515,324.132,2173.334,372.596,204.082,48.2,3674.0,9836.7524,Semiconductors/Hardware,20566.0,20566.0,1993-10-01,61502.0,Steve Sanghi,MICROCHIP TECHNOLOGY INC,Chairman/President/CEO,2016-02-03,20.0,10.0,Executive Director,1.0,0.0,0.0,0.0,0.0,0.0,0.0,0.0,1.0,0.0,1956-06-15,M,,1560.616,0.01639190280730175,0.05821843317889579,-0.007431149939309781,8.624704093335348,0.3863337593163197,1.5202304232655655,0.2803074621262807,0.06692321439636893,59.0,0,1.328120120919817,-0.19997741649182793,-0.44736292532478544,-0.49441052504565186,-0.4374823779598874
A,USD,STD,INDL,C,3571,1/31/23,14489,DELL TECHNOLOGIES INC,DELL,2022,89611.0,-3122.0,23645.0,89611.0,2442.0,102301.0,2779.0,716.0,40.62,3571.0,29083.92,Semiconductors/Hardware,2519758.0,2519758.0,2016-09-07,32603.0,Mike Dell,DELL TECHNOLOGIES INC,Chairman/CEO,2027-01-01,10.0,40.0,Executive Director,0.0,0.0,0.0,0.0,0.0,0.0,0.0,0.0,0.0,0.0,1965-02-23,M,,-8619.0,0.02661946765196734,0.02725111872426376,-0.02980412652171088,11.403233359284808,-0.03483947283257636,,-0.09618238832286215,0.031011817745589268,57.0,0,-0.6720449074444793,-0.23674111240146314,-0.1428900246012513,-0.648546397838306,-0.5106751006852247
A,USD,STD,INDL,C,7372,12/31/16,13421,CADENCE DESIGN SYSTEMS INC,CDNS,2016,2096.908,741.77,643.493,2096.908,203.086,1816.083,735.34,278.099,25.22,7372.0,7013.656779999999,Software,5480.0,5480.0,2009-01-08,182411.0,Lip-Bu Tan,CADENCE DESIGN SYSTEMS INC,President/CEO,2017-11-16,10.0,10.0,Executive Director,1.0,0.0,1.0,0.0,0.0,0.0,0.0,0.0,1.0,1.0,1959-11-12,M,Asian Association Network,111.742,0.013654637108025683,0.0968502194659947,0.046855958092899545,7.648219157741128,0.35374465641792585,2.2465752738714055,0.05328893780747654,0.35067823671806303,57.0,0,1.590052851125378,-0.11495704093019751,-0.4469671813002735,-0.033143568607248035,0.891448686366957
A,USD,STD,INDL,C,7372,12/31/17,13421,CADENCE DESIGN SYSTEMS INC,CDNS,2017,2418.714,989.202,644.369,2418.714,204.101,1943.032,804.223,282.067,41.82,7372.0,11796.04194,Software,5480.0,5480.0,2017-11-16,182411.0,Lip-Bu Tan,CADENCE DESIGN SYSTEMS INC,CEO,2021-12-15,10.0,10.0,Executive Director,1.0,0.0,1.0,0.0,0.0,0.0,0.0,0.0,1.0,1.0,1959-11-12,M,Asian Association Network,337.373,0.01268698102358904,0.08438409832663142,0.02674991048997208,7.790991272946398,0.40897849022249017,2.478620767890325,0.13948445330865905,0.3325002459984934,58.0,0,1.590052851125378,-0.11495704093019751,-0.4469671813002735,-0.033143568607248035,0.891448686366957
A,USD,STD,INDL,C,7372,12/31/18,13421,CADENCE DESIGN SYSTEMS INC,CDNS,2018,2468.654,1288.401,345.291,2468.654,345.777,2138.022,884.816,280.015,43.48,7372.0,12175.052199999998,Software,5480.0,5480.0,2017-11-16,182411.0,Lip-Bu Tan,CADENCE DESIGN SYSTEMS INC,CEO,2021-12-15,10.0,10.0,Executive Director,1.0,0.0,1.0,0.0,0.0,0.0,0.0,0.0,1.0,1.0,1959-11-12,M,Asian Association Network,747.929,0.019797975880755596,0.1400670162768861,0.0633418610849756,7.8114283418173995,0.5219042441751659,2.245987041802716,0.30297036360705065,0.3584204185762768,59.0,0,1.590052851125378,-0.11495704093019751,-0.4469671813002735,-0.033143568607248035,0.891448686366957
A,USD,STD,INDL,C,7372,12/31/19,13421,CADENCE DESIGN SYSTEMS INC,CDNS,2019,3357.225,2102.894,430.801,3357.225,988.979,2336.319,935.938,279.855,69.36,7372.0,19410.7428,Software,5480.0,5480.0,2017-11-16,182411.0,Lip-Bu Tan,CADENCE DESIGN SYSTEMS INC,CEO,2021-12-15,10.0,10.0,Executive Director,1.0,0.0,1.0,0.0,0.0,0.0,0.0,0.0,1.0,1.0,1959-11-12,M,Asian Association Network,1724.762,0.016387787662102277,0.29458228149736765,0.21438307443740265,8.118870018862705,0.6263786311611524,2.2225121741164906,0.5137463232282614,0.27878322126160743,60.0,0,1.590052851125378,-0.11495704093019751,-0.4469671813002735,-0.033143568607248035,0.891448686366957
A,USD,STD,INDL,C,7372,12/31/20,13421,CADENCE DESIGN SYSTEMS INC,CDNS,2020,3950.785,2493.018,460.709,3950.785,590.644,2682.891,1033.732,278.941,136.43,7372.0,38055.92063,Software,5480.0,5480.0,2017-11-16,182411.0,Lip-Bu Tan,CADENCE DESIGN SYSTEMS INC,CEO,2021-12-15,10.0,10.0,Executive Director,1.0,0.0,1.0,0.0,0.0,0.0,0.0,0.0,1.0,1.0,1959-11-12,M,Asian Association Network,2332.908,0.02910561612498136,0.14950041574016304,0.08959365481525527,8.281669572327361,0.631018392547304,2.7255626487851647,0.5904922692578817,0.2616523045420087,61.0,0,1.590052851125378,-0.11495704093019751,-0.4469671813002735,-0.033143568607248035,0.891448686366957
A,USD,STD,INDL,C,7372,12/31/21,13421,CADENCE DESIGN SYSTEMS INC,CDNS,2021,4386.299,2740.675,454.709,4386.299,695.955,2988.244,1134.277,276.796,186.35,7372.0,51580.9346,Software,5480.0,5480.0,2021-12-15,550037.0,Doctor Anirudh Devgan,CADENCE DESIGN SYSTEMS INC,President/CEO,2027-01-01,10.0,40.0,Executive Director,1.0,0.0,0.0,0.0,1.0,1.0,0.0,0.0,1.0,1.0,1969-09-15,M,,3012.977,0.020819649889571034,0.15866565411979439,0.09283005693837583,8.386241098108894,0.6248263057306399,2.934947879289504,0.6869064329631883,0.2585954582667529,52.0,0,1.0696467132820562,-0.3793636628611668,3.9639718650738267,-0.4961083873776064,0.17442398210701618
A,USD,STD,INDL,C,7372,12/31/22,13421,CADENCE DESIGN SYSTEMS INC,CDNS,2022,5137.071,2745.113,787.415,5137.071,848.952,3561.718,1251.544,272.675,160.64,7372.0,43802.511999999995,Software,5480.0,5480.0,2021-12-15,550037.0,Doctor Anirudh Devgan,CADENCE DESIGN SYSTEMS INC,President/CEO,2027-01-01,10.0,40.0,Executive Director,1.0,0.0,0.0,0.0,1.0,1.0,0.0,0.0,1.0,1.0,1969-09-15,M,,3803.603,0.025704210957575687,0.16525993119425447,0.10820468594827984,8.54423835166823,0.5343731865882329,2.7698689274659065,0.7404225092470009,0.24362988169717725,53.0,0,1.0696467132820562,-0.3793636628611668,3.9639718650738267,-0.4961083873776064,0.17442398210701618
A,USD,STD,INDL,C,7372,12/31/23,13421,CADENCE DESIGN SYSTEMS INC,CDNS,2023,5669.491,3404.271,415.129,5669.491,1041.144,4089.986,1441.796,271.706,272.37,7372.0,74004.56322000001,Software,5480.0,5480.0,2021-12-15,550037.0,Doctor Anirudh Devgan,CADENCE DESIGN SYSTEMS INC,President/CEO,2027-01-01,10.0,40.0,Executive Director,1.0,0.0,0.0,0.0,1.0,1.0,0.0,0.0,1.0,1.0,1969-09-15,M,,4841.63,0.017323957193976523,0.18363976589785574,0.13494950628321944,8.642854621969061,0.6004544323291103,3.0790959366749293,0.8539796606079805,0.2543078382168699,54.0,0,1.0696467132820562,-0.3793636628611668,3.9639718650738267,-0.4961083873776064,0.17442398210701618
A,USD,STD,INDL,C,7372,12/31/24,13421,CADENCE DESIGN SYSTEMS INC,CDNS,2024,8974.482,4673.578,2585.076,8974.482,1055.484,4641.264,1549.093,273.851,300.46,7372.0,82281.27145999999,Software,5480.0,5480.0,2021-12-15,550037.0,Doctor Anirudh Devgan,CADENCE DESIGN SYSTEMS INC,President/CEO,2027-01-01,10.0,40.0,Executive Director,1.0,0.0,0.0,0.0,1.0,1.0,0.0,0.0,1.0,1.0,1969-09-15,M,,5801.42,0.02196232870492502,0.11760946202800339,0.060540342839981866,9.102140495813417,0.5207629810834765,2.868218572161073,0.646435081155659,0.172610853751782,55.0,0,1.0696467132820562,-0.3793636628611668,3.9639718650738267,-0.4961083873776064,0.17442398210701618
A,USD,STD,INDL,C,7372,12/31/25,13421,CADENCE DESIGN SYSTEMS INC,CDNS,2025,10153.148,5474.181,2616.439,10153.148,1108.888,5296.759,1768.772,271.799,312.58,7372.0,84958.93142,Software,5480.0,5480.0,2021-12-15,550037.0,Doctor Anirudh Devgan,CADENCE DESIGN SYSTEMS INC,President/CEO,2027-01-01,10.0,40.0,Executive Director,1.0,0.0,0.0,0.0,1.0,1.0,0.0,0.0,1.0,1.0,1969-09-15,M,,7098.951,0.024363830411775384,0.10921617610616924,0.05590952091399119,9.225539084167304,0.5391609577640354,2.742125304494409,0.699187188052415,0.17420922062792743,56.0,0,1.0696467132820562,-0.3793636628611668,3.9639718650738267,-0.4961083873776064,0.17442398210701618
A,USD,STD,INDL,C,3571,1/31/19,14489,DELL TECHNOLOGIES INC,DELL,2018,111820.0,-5765.0,49201.0,111820.0,-2310.0,90621.0,4604.0,719.0,48.59,3571.0,34936.21,Semiconductors/Hardware,2519758.0,2519758.0,2016-09-07,32603.0,Mike Dell,DELL TECHNOLOGIES INC,Chairman/CEO,2027-01-01,10.0,40.0,Executive Director,0.0,0.0,0.0,0.0,0.0,0.0,0.0,0.0,0.0,0.0,1965-02-23,M,,-9123.0,,-0.020658200679663747,-0.09738335587157426,11.624645714580636,-0.05155607225898766,,-0.08158647826864604,0.041173314255052766,53.0,0,-0.6720449074444793,-0.23674111240146314,-0.1428900246012513,-0.648546397838306,-0.5106751006852247
A,USD,STD,INDL,C,3571,1/31/20,14489,DELL TECHNOLOGIES INC,DELL,2019,118861.0,-1574.0,45679.0,118861.0,4616.0,92154.0,4992.0,743.0,48.77,3571.0,36236.11,Semiconductors/Hardware,2519758.0,2519758.0,2016-09-07,32603.0,Mike Dell,DELL TECHNOLOGIES INC,Chairman/CEO,2027-01-01,10.0,40.0,Executive Director,0.0,0.0,0.0,0.0,0.0,0.0,0.0,0.0,0.0,0.0,1965-02-23,M,,-21816.0,0.02242146268410769,0.03883527818207823,-0.04136392887788677,11.685710022144557,-0.013242358721531873,,-0.18354212062829692,0.04199863706346068,54.0,0,-0.6720449074444793,-0.23674111240146314,-0.1428900246012513,-0.648546397838306,-0.5106751006852247
A,USD,STD,INDL,C,3571,1/31/21,14489,DELL TECHNOLOGIES INC,DELL,2020,123415.0,2479.0,43409.0,123415.0,3250.0,94224.0,5275.0,753.0,72.89,3571.0,54886.17,Semiconductors/Hardware,2519758.0,2519758.0,2016-09-07,32603.0,Mike Dell,DELL TECHNOLOGIES INC,Chairman/CEO,2027-01-01,10.0,40.0,Executive Director,0.0,0.0,0.0,0.0,0.0,0.0,0.0,0.0,0.0,0.0,1965-02-23,M,,-17600.0,0.03182788059702699,0.02633391402989912,-0.03357284689500864,11.723307938981824,0.020086699347729206,3.0974061511588244,-0.14260827290037678,0.04274196815622088,55.0,0,-0.6720449074444793,-0.23674111240146314,-0.1428900246012513,-0.648546397838306,-0.5106751006852247
A,USD,STD,INDL,C,3571,1/31/22,14489,DELL TECHNOLOGIES INC,DELL,2021,92735.0,-1685.0,21851.0,92735.0,5563.0,101197.0,2577.0,757.0,56.81,3571.0,43005.17,Semiconductors/Hardware,2519758.0,2519758.0,2016-09-07,32603.0,Mike Dell,DELL TECHNOLOGIES INC,Chairman/CEO,2027-01-01,10.0,40.0,Executive Director,0.0,0.0,0.0,0.0,0.0,0.0,0.0,0.0,0.0,0.0,1965-02-23,M,,-14065.0,0.016555026026017345,0.05998813824338168,-0.005847458938036877,11.437501242323387,-0.018170054456246292,,-0.1516687334878956,0.027788860732193887,56.0,0,-0.6720449074444793,-0.23674111240146314,-0.1428900246012513,-0.648546397838306,-0.5106751006852247
A,USD,STD,INDL,C,2836,12/31/15,16101,ABBVIE INC,ABBV,2015,53050.0,3945.0,29240.0,53050.0,5144.0,22859.0,4435.0,1609.893,59.24,2836.0,95370.06132,Biotech,1921326.0,1921326.0,2013-01-02,33494.0,Rick Gonzalez,ABBVIE INC,Chairman/CEO,2024-07-01,10.0,10.0,Executive Director,0.0,0.0,0.0,0.0,0.0,0.0,0.0,0.0,0.0,0.0,1954-01-21,M,Latino Association Network,-313.0,0.02001647568666257,0.09696512723845428,0.031315544120248714,10.87899014404213,0.07436380772855797,3.1853157522622637,-0.00590009425070688,0.08360037700282752,61.0,0,-0.6720449074444793,-0.23674111240146314,-0.1428900246012513,-0.648546397838306,-0.5106751006852247
I,USD,STD,INDL,C,2834,12/31/18,13599,CELGENE CORP,CELG,2018,35480.0,6161.0,19769.0,35480.0,4046.0,15281.0,5673.0,700.2,64.09,2834.0,44875.81800000001,Biotech,6177.0,6177.0,2018-02-05,1203855.0,Mark Alles,CELGENE CORP (De-listed 11/2019),Chairman/CEO,2019-11-20,10.0,10.0,Executive Director,1.0,0.0,0.0,0.0,0.0,0.0,0.0,0.0,0.0,0.0,1959-06-15,M,,17509.0,0.019028318271736944,0.11403607666290869,0.03731092147099817,10.476724436423515,0.17364712514092445,1.9856599730221303,0.493489289740699,0.15989289740698986,59.0,0,-0.6773650833982051,-0.27530597743840163,-0.18806471044490725,-0.6182375476915621,0.1164894900028803
A,USD,STD,INDL,C,2836,12/31/16,16101,ABBVIE INC,ABBV,2016,66099.0,4636.0,36440.0,66099.0,5953.0,25638.0,4566.0,1592.513,62.62,2836.0,99723.16406,Biotech,1921326.0,1921326.0,2013-01-02,33494.0,Rick Gonzalez,ABBVIE INC,Chairman/CEO,2024-07-01,10.0,10.0,Executive Director,0.0,0.0,0.0,0.0,0.0,0.0,0.0,0.0,0.0,0.0,1954-01-21,M,Latino Association Network,1792.0,0.01718254317439932,0.09006187688164723,0.04006761550855207,11.098908897132299,0.07013721841480204,3.0685460621169223,0.027110848878197855,0.06907820088049743,62.0,0,-0.6720449074444793,-0.23674111240146314,-0.1428900246012513,-0.648546397838306,-0.5106751006852247
A,USD,STD,INDL,C,2836,12/31/17,16101,ABBVIE INC,ABBV,2017,70786.0,5097.0,30953.0,70786.0,5309.0,28216.0,5309.0,1592.131,96.71,2836.0,153974.98901,Biotech,1921326.0,1921326.0,2013-01-02,33494.0,Rick Gonzalez,ABBVIE INC,Chairman/CEO,2024-07-01,10.0,10.0,Executive Director,0.0,0.0,0.0,0.0,0.0,0.0,0.0,0.0,0.0,0.0,1954-01-21,M,Latino Association Network,2732.0,0.01103855952740356,0.07500070635436386,0.017366518517704516,11.167416520015664,0.07200576385160908,3.4081380488399766,0.03859520244116068,0.07500070635436386,63.0,0,-0.6720449074444793,-0.23674111240146314,-0.1428900246012513,-0.648546397838306,-0.5106751006852247
A,USD,STD,INDL,C,2836,12/31/18,16101,ABBVIE INC,ABBV,2018,59352.0,-8446.0,35002.0,59352.0,5687.0,32753.0,10753.0,1478.824,92.19,2836.0,136332.78456,Biotech,1921326.0,1921326.0,2013-01-02,33494.0,Rick Gonzalez,ABBVIE INC,Chairman/CEO,2024-07-01,10.0,10.0,Executive Director,0.0,0.0,0.0,0.0,0.0,0.0,0.0,0.0,0.0,0.0,1954-01-21,M,Latino Association Network,888.0,0.02217001631472533,0.09581816956463135,0.019093014372720832,10.991241097869361,-0.1423035449521499,,0.014961585119288313,0.18117333872489555,64.0,0,-0.6720449074444793,-0.23674111240146314,-0.1428900246012513,-0.648546397838306,-0.5106751006852247
A,USD,STD,INDL,C,2836,12/31/19,16101,ABBVIE INC,ABBV,2019,89115.0,-8172.0,63226.0,89115.0,7882.0,33266.0,6792.0,1478.912,88.54,2836.0,130942.86848000002,Biotech,1921326.0,1921326.0,2013-01-02,33494.0,Rick Gonzalez,ABBVIE INC,Chairman/CEO,2024-07-01,10.0,10.0,Executive Director,0.0,0.0,0.0,0.0,0.0,0.0,0.0,0.0,0.0,0.0,1954-01-21,M,Latino Association Network,1121.0,0.017141862475687837,0.08844751164226,0.008248304582295002,11.397682949457952,-0.09170173371486282,,0.0125792515289233,0.07621612523144251,65.0,0,-0.6720449074444793,-0.23674111240146314,-0.1428900246012513,-0.648546397838306,-0.5106751006852247
A,USD,STD,INDL,C,2836,12/31/20,16101,ABBVIE INC,ABBV,2020,150565.0,13076.0,78386.0,150565.0,4616.0,45784.0,7755.0,1765.133,107.15,2836.0,189134.00095,Biotech,1921326.0,1921326.0,2013-01-02,33494.0,Rick Gonzalez,ABBVIE INC,Chairman/CEO,2024-07-01,10.0,10.0,Executive Director,0.0,0.0,0.0,0.0,0.0,0.0,0.0,0.0,0.0,0.0,1954-01-21,M,Latino Association Network,-2062.0,0.021966172008886276,0.030657855411284164,-0.029248905513623594,11.922150163619541,0.08684621259920965,2.6716772747115525,-0.01369508185833361,0.05150599408893169,66.0,0,-0.6720449074444793,-0.23674111240146314,-0.1428900246012513,-0.648546397838306,-0.5106751006852247
A,USD,STD,INDL,C,2836,12/31/21,16101,ABBVIE INC,ABBV,2021,146529.0,15408.0,64902.0,146529.0,11542.0,56197.0,8046.0,1768.338,135.4,2836.0,239432.9652,Biotech,1921326.0,1921326.0,2013-01-02,33494.0,Rick Gonzalez,ABBVIE INC,Chairman/CEO,2024-07-01,10.0,10.0,Executive Director,0.0,0.0,0.0,0.0,0.0,0.0,0.0,0.0,0.0,0.0,1954-01-21,M,Latino Association Network,228.0,0.012677918830826748,0.07876939035958752,0.012933793178168965,11.894978640067734,0.10515324611510349,2.743386627836552,0.0015560059783387588,0.054910632025059886,67.0,0,-0.6720449074444793,-0.23674111240146314,-0.1428900246012513,-0.648546397838306,-0.5106751006852247
A,USD,STD,INDL,C,2836,12/31/22,16101,ABBVIE INC,ABBV,2022,138805.0,17254.0,59889.0,138805.0,11836.0,58054.0,7207.0,1769.181,161.61,2836.0,285917.34141000005,Biotech,1921326.0,1921326.0,2013-01-02,33494.0,Rick Gonzalez,ABBVIE INC,Chairman/CEO,2024-07-01,10.0,10.0,Executive Director,0.0,0.0,0.0,0.0,0.0,0.0,0.0,0.0,0.0,0.0,1954-01-21,M,Latino Association Network,2585.0,0.014092842923214268,0.08527070350491697,0.02821545825894233,11.840825349460781,0.12430387954324412,2.807658752343327,0.018623248442059002,0.051921760743489066,68.0,0,-0.6720449074444793,-0.23674111240146314,-0.1428900246012513,-0.648546397838306,-0.5106751006852247
A,USD,STD,INDL,C,2836,12/31/23,16101,ABBVIE INC,ABBV,2023,134711.0,10360.0,52929.0,134711.0,4863.0,54318.0,9083.0,1765.941,154.97,2836.0,273667.87677000003,Biotech,1921326.0,1921326.0,2013-01-02,33494.0,Rick Gonzalez,ABBVIE INC,Chairman/CEO,2024-07-01,10.0,10.0,Executive Director,0.0,0.0,0.0,0.0,0.0,0.0,0.0,0.0,0.0,0.0,1954-01-21,M,Latino Association Network,-3305.0,0.012333345411385596,0.036099501896652834,-0.012590757717983452,11.810887022018932,0.0769053752106361,3.2739630057580653,-0.0245340024199954,0.06742582268708569,69.0,0,-0.6720449074444793,-0.23674111240146314,-0.1428900246012513,-0.648546397838306,-0.5106751006852247
A,USD,STD,INDL,C,2836,12/31/24,16101,ABBVIE INC,ABBV,2024,135161.0,3325.0,61037.0,135161.0,4278.0,56334.0,15548.0,1765.257,177.7,2836.0,313686.1689,Biotech,1921326.0,1921326.0,2024-07-01,1799113.0,Rob Michael,ABBVIE INC,CEO,2025-07-01,10.0,10.0,Executive Director,1.0,0.0,1.0,1.0,0.0,0.0,0.0,0.0,0.0,0.0,1970-07-01,M,,-9825.0,0.014998531778821931,0.03165114197142667,-0.025417977216594854,11.814221939439507,0.024600291504206093,4.546923349903233,-0.07269108692596236,0.115033182648841,54.0,0,-0.5986162497683529,-0.13342965404338525,-0.11640577451831292,1.683520041240194,0.08550762578148682
A,USD,STD,INDL,C,2836,12/31/25,16101,ABBVIE INC,ABBV,2025,133960.0,-3270.0,59630.0,133960.0,4226.0,61160.0,14112.0,1767.876,228.49,2836.0,403941.98724,Biotech,1921326.0,1921326.0,2025-07-01,1799113.0,Rob Michael,ABBVIE INC,Chairman/CEO,2027-01-01,10.0,40.0,Executive Director,1.0,0.0,1.0,1.0,0.0,0.0,0.0,0.0,0.0,0.0,1970-07-01,M,,-16637.0,0.01628648150859427,0.03154673036727381,-0.021759924824904235,11.80529652690814,-0.02441027172290236,,-0.12419378919080322,0.10534487906837862,55.0,0,-0.5986162497683529,-0.13342965404338525,-0.11640577451831292,1.683520041240194,0.08550762578148682
A,USD,STD,INDL,C,7372,3/31/16,16721,ELECTRONIC ARTS INC,EA,2015,7050.0,3396.0,991.0,7050.0,1156.0,4396.0,1109.0,300.602,66.11,7372.0,19872.798219999997,Software,10364.0,10364.0,2013-09-17,1207036.0,Andrew Wilson,ELECTRONIC ARTS INC,CEO,2021-08-12,10.0,10.0,Executive Director,0.0,0.0,0.0,0.0,0.0,0.0,0.0,0.0,0.0,0.0,1974-09-07,M,,906.0,0.019496734079181066,0.16397163120567376,0.0983220480874682,8.860782895806315,0.4817021276595745,1.766753604570936,0.12851063829787235,0.15730496453900708,41.0,0,-0.6720449074444793,-0.23674111240146314,-0.1428900246012513,-0.648546397838306,-0.5106751006852247
A,USD,STD,INDL,C,7372,3/31/17,16721,ELECTRONIC ARTS INC,EA,2016,7718.0,4060.0,990.0,7718.0,967.0,4845.0,1205.0,308.367,89.52,7372.0,27605.01384,Software,10364.0,10364.0,2013-09-17,1207036.0,Andrew Wilson,ELECTRONIC ARTS INC,CEO,2021-08-12,10.0,10.0,Executive Director,0.0,0.0,0.0,0.0,0.0,0.0,0.0,0.0,0.0,0.0,1974-09-07,M,,2044.0,0.018707294472948593,0.12529152630215082,0.07529726492905567,8.951310542097564,0.5260430163254729,1.9168144434806906,0.26483544959834154,0.15612853070743715,42.0,0,-0.6720449074444793,-0.23674111240146314,-0.1428900246012513,-0.648546397838306,-0.5106751006852247
A,USD,STD,INDL,C,7372,3/31/18,16721,ELECTRONIC ARTS INC,EA,2017,8584.0,4595.0,992.0,8584.0,1043.0,5150.0,1320.0,306.37,121.24,7372.0,37144.2988,Software,10364.0,10364.0,2013-09-17,1207036.0,Andrew Wilson,ELECTRONIC ARTS INC,CEO,2021-08-12,10.0,10.0,Executive Director,0.0,0.0,0.0,0.0,0.0,0.0,0.0,0.0,0.0,0.0,1974-09-07,M,,3008.0,0.015156970961889771,0.12150512581547064,0.0638709379788113,9.057655284310535,0.5352982292637465,2.08984153924548,0.3504193849021435,0.15377446411929171,43.0,0,-0.6720449074444793,-0.23674111240146314,-0.1428900246012513,-0.648546397838306,-0.5106751006852247
A,USD,STD,INDL,C,7372,3/31/19,16721,ELECTRONIC ARTS INC,EA,2018,8957.0,5331.0,994.0,8957.0,1019.0,4950.0,1433.0,298.107,101.63,7372.0,30296.61441,Software,10364.0,10364.0,2013-09-17,1207036.0,Andrew Wilson,ELECTRONIC ARTS INC,CEO,2021-08-12,10.0,10.0,Executive Director,0.0,0.0,0.0,0.0,0.0,0.0,0.0,0.0,0.0,0.0,1974-09-07,M,,3935.0,0.02004346989108514,0.11376576978899185,0.03704061459708133,9.100190628475195,0.5951769565702802,1.737497132788243,0.43932120129507646,0.15998660265713965,44.0,0,-0.6720449074444793,-0.23674111240146314,-0.1428900246012513,-0.648546397838306,-0.5106751006852247
A,USD,STD,INDL,C,7372,12/31/15,13421,CADENCE DESIGN SYSTEMS INC,CDNS,2015,2351.015,1376.115,348.788,2351.015,252.417,1702.091,637.567,309.392,20.81,7372.0,6438.44752,Software,5480.0,5480.0,2009-01-08,182411.0,Lip-Bu Tan,CADENCE DESIGN SYSTEMS INC,President/CEO,2017-11-16,10.0,10.0,Executive Director,1.0,0.0,1.0,0.0,0.0,0.0,0.0,0.0,1.0,1.0,1959-11-12,M,Asian Association Network,-86.416,0.01538685300724904,0.1073651167687148,0.04171553365050923,7.762602428783433,0.5853280391660624,1.5430231311313392,-0.036756890109165614,0.2711879762570635,56.0,0,1.590052851125378,-0.11495704093019751,-0.4469671813002735,-0.033143568607248035,0.891448686366957
I,USD,STD,INDL,C,2834,12/31/17,13599,CELGENE CORP,CELG,2017,30141.0,6921.0,15838.0,30141.0,2940.0,13003.0,5915.0,759.3,104.36,2834.0,79240.548,Biotech,6177.0,6177.0,2016-03-01,1203855.0,Mark Alles,CELGENE CORP (De-listed 11/2019),CEO,2018-02-05,10.0,10.0,Executive Director,1.0,0.0,0.0,0.0,0.0,0.0,0.0,0.0,0.0,0.0,1959-06-15,M,,13348.0,0.017697960760299915,0.09754155469294316,0.03990736685628382,10.313641650130425,0.22962078232308153,2.4379278696458524,0.44285192926578415,0.19624431837032613,58.0,0,-0.6773650833982051,-0.27530597743840163,-0.18806471044490725,-0.6182375476915621,0.1164894900028803
A,USD,STD,INDL,C,3672,9/30/22,12945,PLEXUS CORP,PLXS,2022,3393.225,1095.731,221.404,3393.225,138.243,3811.368,0.0,27.679,87.56,3672.0,2423.5732399999997,Semiconductors/Hardware,24637.0,24637.0,2022-01-26,549027.0,Todd Kelsey,PLEXUS CORP,CEO,2024-12-28,10.0,25.0,Executive Director,1.0,0.0,1.0,0.0,0.0,0.0,0.0,0.0,1.0,0.0,1965-06-15,M,,1536.206,0.018623138982412378,0.040740888093185684,-0.016314357152788957,8.129536075582967,0.32291728370502987,0.793821276156967,0.45272742007971767,0.0,57.0,0,1.3416881291615947,-0.17194982988266744,-0.43683611657748583,0.1173934945119674,-0.5322033147840854
A,USD,STD,INDL,C,7372,6/30/25,12141,MICROSOFT CORP,MSFT,2025,619003.0,343479.0,100589.0,619003.0,101832.0,281724.0,32488.0,7434.0,497.41,7372.0,3697745.94,Software,20601.0,20601.0,2021-06-16,499383.0,Satya Nadella,MICROSOFT CORP,Chairman/CEO,2027-01-01,10.0,40.0,Executive Director,1.0,0.0,1.0,1.0,0.0,0.0,0.0,0.0,1.0,0.0,1967-08-19,M,Asian Association Network,234384.0,0.015283541848834528,0.16450970350709124,0.11120304831491319,13.335865398181644,0.554890687121064,2.376352733163516,0.37864759944620624,0.05248439829855429,58.0,0,1.4068689545496689,-0.058101093096811544,-0.3757039893981911,1.8073470638861047,-0.46846424218128085
A,USD,STD,INDL,C,3672,9/30/23,12945,PLEXUS CORP,PLXS,2023,3321.172,1214.382,229.405,3321.172,139.094,4210.305,0.0,27.466,92.98,3672.0,2553.78868,Semiconductors/Hardware,24637.0,24637.0,2022-01-26,549027.0,Todd Kelsey,PLEXUS CORP,CEO,2024-12-28,10.0,25.0,Executive Director,1.0,0.0,1.0,0.0,0.0,0.0,0.0,0.0,1.0,0.0,1965-06-15,M,,1686.998,0.01865142566694068,0.04188099863542147,-0.006809260979214818,8.108073011664635,0.3656486324707061,0.7433427079733996,0.507952614318078,0.0,58.0,0,1.3416881291615947,-0.17194982988266744,-0.43683611657748583,0.1173934945119674,-0.5322033147840854
A,USD,STD,INDL,C,3672,9/30/24,12945,PLEXUS CORP,PLXS,2024,3153.821,1324.825,122.268,3153.821,111.815,3960.827,0.0,27.122,136.71,3672.0,3707.84862,Semiconductors/Hardware,24637.0,24637.0,2024-01-01,549027.0,Todd Kelsey,PLEXUS CORP,President/CEO,2027-01-01,30.0,40.0,Executive Director,1.0,0.0,1.0,0.0,0.0,0.0,0.0,0.0,1.0,0.0,1965-06-15,M,,1833.757,0.01950560652764695,0.035453819351193364,-0.02161529983682816,8.056370012583347,0.42006981372753877,1.0291714463837631,0.5814397836782748,0.0,59.0,0,1.3416881291615947,-0.17194982988266744,-0.43683611657748583,0.1173934945119674,-0.5322033147840854
A,USD,STD,INDL,C,3672,9/30/25,12945,PLEXUS CORP,PLXS,2025,3137.11,1454.588,121.409,3137.11,172.885,4032.966,0.0,26.828,144.69,3672.0,3881.74332,Semiconductors/Hardware,24637.0,24637.0,2024-01-01,549027.0,Todd Kelsey,PLEXUS CORP,President/CEO,2027-01-01,30.0,40.0,Executive Director,1.0,0.0,1.0,0.0,0.0,0.0,0.0,0.0,1.0,0.0,1965-06-15,M,,2013.839,0.023985338416520292,0.055109639126457145,0.0018029839342790996,8.051057272924963,0.4636713408200541,0.9815616629907061,0.6419408308921268,0.0,60.0,0,1.3416881291615947,-0.17194982988266744,-0.43683611657748583,0.1173934945119674,-0.5322033147840854
A,USD,STD,INDL,C,2834,12/31/15,13721,ZOETIS INC,ZTS,2015,7913.0,1068.0,4463.0,7913.0,339.0,4789.0,366.0,497.4,47.92,2834.0,23835.408,Biotech,1929138.0,1929138.0,2013-02-01,1075570.0,Juan Alaix,ZOETIS INC,CEO,2019-12-31,10.0,10.0,Executive Director,1.0,0.0,0.0,0.0,0.0,0.0,0.0,0.0,0.0,0.0,1951-06-15,M,,254.0,0.018591742654663946,0.04284089473019082,-0.022808688388014746,8.976262255609193,0.1349677745482118,3.1053844656563583,0.03209907746745861,0.04625300139011753,64.0,0,-0.6773650833982051,-0.27530597743840163,-0.18806471044490725,-0.6182375476915621,0.1164894900028803
A,USD,STD,INDL,C,2834,12/31/16,13721,ZOETIS INC,ZTS,2016,7649.0,1487.0,4468.0,7649.0,821.0,4918.0,376.0,492.855,53.53,2834.0,26382.52815,Biotech,1929138.0,1929138.0,2013-02-01,1075570.0,Juan Alaix,ZOETIS INC,CEO,2019-12-31,10.0,10.0,Executive Director,1.0,0.0,0.0,0.0,0.0,0.0,0.0,0.0,0.0,0.0,1951-06-15,M,,879.0,0.014089979038677156,0.10733429206432213,0.05734003069122697,8.942330199321866,0.1944044973199111,2.875941311079688,0.11491698261210616,0.049156752516668845,65.0,0,-0.6773650833982051,-0.27530597743840163,-0.18806471044490725,-0.6182375476915621,0.1164894900028803
A,USD,STD,INDL,C,2834,12/31/17,13721,ZOETIS INC,ZTS,2017,8586.0,1770.0,4953.0,8586.0,864.0,5319.0,382.0,486.13,72.04,2834.0,35020.8052,Biotech,1929138.0,1929138.0,2013-02-01,1075570.0,Juan Alaix,ZOETIS INC,CEO,2019-12-31,10.0,10.0,Executive Director,1.0,0.0,0.0,0.0,0.0,0.0,0.0,0.0,0.0,0.0,1951-06-15,M,,1604.0,0.009332670358572026,0.10062893081761007,0.042994742980950726,9.057888248784506,0.20614954577218728,2.984962772583314,0.18681574656417424,0.04449103191241556,66.0,0,-0.6773650833982051,-0.27530597743840163,-0.18806471044490725,-0.6182375476915621,0.1164894900028803
A,USD,STD,INDL,C,2834,12/31/18,13721,ZOETIS INC,ZTS,2018,10777.0,2185.0,6443.0,10777.0,1428.0,5853.0,432.0,479.562,85.54,2834.0,41021.73348,Biotech,1929138.0,1929138.0,2013-02-01,1075570.0,Juan Alaix,ZOETIS INC,CEO,2019-12-31,10.0,10.0,Executive Director,1.0,0.0,0.0,0.0,0.0,0.0,0.0,0.0,0.0,0.0,1951-06-15,M,,2641.0,0.014787670284464679,0.13250440753456436,0.05577925234265384,9.285169512596832,0.20274658996010023,2.932486182589444,0.24505892177786026,0.04008536698524636,67.0,0,-0.6773650833982051,-0.27530597743840163,-0.18806471044490725,-0.6182375476915621,0.1164894900028803
A,USD,STD,INDL,C,2834,12/31/20,13721,ZOETIS INC,ZTS,2020,13609.0,3769.0,6758.0,13609.0,1638.0,6687.0,463.0,475.318,165.5,2834.0,78665.129,Biotech,1929138.0,1929138.0,2020-01-01,1074205.0,Kristin Peck,ZOETIS INC,CEO,2027-01-01,10.0,40.0,Executive Director,1.0,0.0,1.0,1.0,0.0,0.0,0.0,0.0,0.0,0.0,1971-09-27,F,,4929.0,0.02459313768116306,0.12036152546109193,0.06045476453618417,9.518486617560317,0.2769490778161511,3.038390255271295,0.3621867881548975,0.03402160335072379,49.0,0,-0.5986162497683529,-0.13342965404338525,-0.11640577451831292,1.683520041240194,0.08550762578148682
A,USD,STD,INDL,C,2834,12/31/21,13721,ZOETIS INC,ZTS,2021,13900.0,4543.0,6743.0,13900.0,2037.0,7786.0,508.0,472.574,244.03,2834.0,115322.23322,Biotech,1929138.0,1929138.0,2020-01-01,1074205.0,Kristin Peck,ZOETIS INC,CEO,2027-01-01,10.0,40.0,Executive Director,1.0,0.0,1.0,1.0,0.0,0.0,0.0,0.0,0.0,0.0,1971-09-27,F,,6422.0,0.012520236385163627,0.14654676258992805,0.08071116540850949,9.539644119118783,0.3268345323741007,3.234142651223395,0.4620143884892086,0.036546762589928054,50.0,0,-0.5986162497683529,-0.13342965404338525,-0.11640577451831292,1.683520041240194,0.08550762578148682
A,USD,STD,INDL,C,2834,12/31/22,13721,ZOETIS INC,ZTS,2022,14925.0,4405.0,6738.0,14925.0,2114.0,8084.0,539.0,463.808,146.55,2834.0,67971.06240000001,Biotech,1929138.0,1929138.0,2020-01-01,1074205.0,Kristin Peck,ZOETIS INC,CEO,2027-01-01,10.0,40.0,Executive Director,1.0,0.0,1.0,1.0,0.0,0.0,0.0,0.0,0.0,0.0,1971-09-27,F,,7851.0,0.020202974666498286,0.14164154103852597,0.08458629579255134,9.610792938260802,0.295142378559464,2.736341802273438,0.5260301507537688,0.03611390284757119,51.0,0,-0.5986162497683529,-0.13342965404338525,-0.11640577451831292,1.683520041240194,0.08550762578148682
A,USD,STD,INDL,C,2834,12/31/23,13721,ZOETIS INC,ZTS,2023,14286.0,4997.0,6760.0,14286.0,2344.0,8581.0,614.0,458.367,197.37,2834.0,90467.89479,Biotech,1929138.0,1929138.0,2020-01-01,1074205.0,Kristin Peck,ZOETIS INC,CEO,2027-01-01,10.0,40.0,Executive Director,1.0,0.0,1.0,1.0,0.0,0.0,0.0,0.0,0.0,0.0,1971-09-27,F,,9456.0,0.015734162511929484,0.16407671846563068,0.1153864588509944,9.567035315714918,0.3497830043399132,2.896157301702175,0.6619067618647627,0.042979140417191655,52.0,0,-0.5986162497683529,-0.13342965404338525,-0.11640577451831292,1.683520041240194,0.08550762578148682
A,USD,STD,INDL,C,2834,12/31/24,13721,ZOETIS INC,ZTS,2024,14237.0,4770.0,5401.0,14237.0,2486.0,9261.0,686.0,448.473,162.93,2834.0,73069.70589000001,Biotech,1929138.0,1929138.0,2020-01-01,1074205.0,Kristin Peck,ZOETIS INC,CEO,2027-01-01,10.0,40.0,Executive Director,1.0,0.0,1.0,1.0,0.0,0.0,0.0,0.0,0.0,0.0,1971-09-27,F,,11028.0,0.015729501483270483,0.1746154386457821,0.11754631945776059,9.563599488613745,0.33504249490763505,2.7290675558502984,0.7746013907424317,0.048184308491957574,53.0,0,-0.5986162497683529,-0.13342965404338525,-0.11640577451831292,1.683520041240194,0.08550762578148682
A,USD,STD,INDL,C,2834,12/31/25,13721,ZOETIS INC,ZTS,2025,15467.0,3331.0,9244.0,15467.0,2673.0,9469.0,698.0,424.928,125.82,2834.0,53464.44096,Biotech,1929138.0,1929138.0,2020-01-01,1074205.0,Kristin Peck,ZOETIS INC,CEO,2027-01-01,10.0,40.0,Executive Director,1.0,0.0,1.0,1.0,0.0,0.0,0.0,0.0,0.0,0.0,1971-09-27,F,,12910.0,0.0183497328190693,0.17281955130277366,0.11951289611059561,9.64646400103814,0.21536173789357987,2.7757442187561208,0.8346802870627789,0.04512833775134156,54.0,0,-0.5986162497683529,-0.13342965404338525,-0.11640577451831292,1.683520041240194,0.08550762578148682
A,USD,STD,INDL,C,7372,6/30/24,12141,MICROSOFT CORP,MSFT,2024,512163.0,268477.0,82981.0,512163.0,88136.0,245122.0,29510.0,7434.0,446.95,7372.0,3322626.3,Software,20601.0,20601.0,2021-06-16,499383.0,Satya Nadella,MICROSOFT CORP,Chairman/CEO,2027-01-01,10.0,40.0,Executive Director,1.0,0.0,1.0,1.0,0.0,0.0,0.0,0.0,1.0,0.0,1967-08-19,M,Asian Association Network,167554.0,0.012574280100010365,0.17208583985957596,0.11501672067155444,13.146398212731052,0.524202255922431,2.515745554209197,0.3271497550584482,0.057618375400019135,57.0,0,1.4068689545496689,-0.058101093096811544,-0.3757039893981911,1.8073470638861047,-0.46846424218128085
A,USD,STD,INDL,C,7372,5/31/16,12142,ORACLE CORP,ORCL,2015,112180.0,47289.0,40105.0,112180.0,8901.0,37047.0,5787.0,4131.0,40.2,7372.0,166066.2,Software,23295.0,23295.0,2014-09-17,86007.0,Mark Hurd,ORACLE CORP,Co-CEO,2019-10-18,10.0,10.0,Executive Director,1.0,0.0,0.0,0.0,0.0,0.0,0.0,0.0,0.0,0.0,1957-01-01,M,,25507.0,0.013549099340445145,0.07934569441968266,0.01369611130147709,11.627860003062327,0.4215457300766625,1.256108793727088,0.22737564628275986,0.05158673560349438,58.0,0,-0.6773650833982051,-0.27530597743840163,-0.18806471044490725,-0.6182375476915621,0.1164894900028803
I,USD,STD,INDL,C,2834,12/31/16,13599,CELGENE CORP,CELG,2016,28085.6,6599.3,13788.5,28085.6,1999.2,11229.2,4470.1,778.6,115.75,2834.0,90122.95,Biotech,6177.0,6177.0,2016-03-01,1203855.0,Mark Alles,CELGENE CORP (De-listed 11/2019),CEO,2018-02-05,10.0,10.0,Executive Director,1.0,0.0,0.0,0.0,0.0,0.0,0.0,0.0,0.0,0.0,1959-06-15,M,,10492.7,0.02009918073098278,0.07118238527928904,0.02118812390619388,10.243012268455619,0.23497094596519214,2.6142112663590664,0.3735971458683454,0.15915985416013903,57.0,0,-0.6773650833982051,-0.27530597743840163,-0.18806471044490725,-0.6182375476915621,0.1164894900028803
A,USD,STD,INDL,C,7372,5/31/17,12142,ORACLE CORP,ORCL,2016,134991.0,53860.0,48112.0,134991.0,9335.0,37728.0,6159.0,4137.0,45.39,7372.0,187778.43,Software,23295.0,23295.0,2014-09-17,86007.0,Mark Hurd,ORACLE CORP,Co-CEO,2019-10-18,10.0,10.0,Executive Director,1.0,0.0,0.0,0.0,0.0,0.0,0.0,0.0,0.0,0.0,1957-01-01,M,,23072.0,0.012058041538807072,0.06915275833203695,0.01915849695894179,11.812963388531578,0.39898956226711413,1.2488746165641957,0.17091509804357327,0.04562526390648265,59.0,0,-0.6773650833982051,-0.27530597743840163,-0.18806471044490725,-0.6182375476915621,0.1164894900028803
A,USD,STD,INDL,C,7372,5/31/18,12142,ORACLE CORP,ORCL,2017,137264.0,45726.0,56128.0,137264.0,3825.0,39831.0,6091.0,3997.0,46.72,7370.0,186739.84,Software,23295.0,23295.0,2014-09-17,86007.0,Mark Hurd,ORACLE CORP,Co-CEO,2019-10-18,10.0,10.0,Executive Director,1.0,0.0,0.0,0.0,0.0,0.0,0.0,0.0,0.0,0.0,1957-01-01,M,,26795.0,0.01118550712688137,0.027866010024478378,-0.029768177812180965,11.829661357812746,0.33312449003380346,1.4070493543371227,0.19520777479892762,0.0443743443291759,60.0,0,-0.6773650833982051,-0.27530597743840163,-0.18806471044490725,-0.6182375476915621,0.1164894900028803
A,USD,STD,INDL,C,7372,5/31/19,12142,ORACLE CORP,ORCL,2018,108709.0,21785.0,51673.0,108709.0,11083.0,39506.0,6026.0,3359.0,50.6,7370.0,169965.4,Software,23295.0,23295.0,2014-09-17,86007.0,Mark Hurd,ORACLE CORP,Co-CEO,2019-10-18,10.0,10.0,Executive Director,1.0,0.0,0.0,0.0,0.0,0.0,0.0,0.0,0.0,0.0,1957-01-01,M,,16776.0,0.016048826649204706,0.10195108040732598,0.02522592521541546,11.596429866369977,0.2003973912003606,2.05437322735417,0.15432024947336467,0.055432392902151614,61.0,0,-0.6773650833982051,-0.27530597743840163,-0.18806471044490725,-0.6182375476915621,0.1164894900028803
A,USD,STD,INDL,C,7372,5/31/20,12142,ORACLE CORP,ORCL,2019,115438.0,12074.0,70749.0,115438.0,10135.0,39068.0,6067.0,3067.0,53.77,7370.0,164912.59,Software,23295.0,23295.0,2019-10-18,33503.0,Safra Catz,ORACLE CORP,CEO,2025-09-22,10.0,10.0,Executive Director,1.0,1.0,0.0,0.0,0.0,0.0,0.0,0.0,0.0,0.0,1961-12-01,F,,-5124.0,0.012488288651727084,0.08779604636254959,0.00759683930258459,11.656488868280348,0.10459294166565603,2.6143611955794666,-0.04438746340026681,0.05255635059512465,58.0,0,-0.6916225293945008,-0.23947369343537842,-0.222008608786628,-0.5665355396382482,0.9038237180669413
A,USD,STD,INDL,C,7372,5/31/21,12142,ORACLE CORP,ORCL,2020,131107.0,5238.0,78113.0,131107.0,13746.0,40479.0,6527.0,2814.0,78.74,7370.0,221574.36,Software,23295.0,23295.0,2019-10-18,33503.0,Safra Catz,ORACLE CORP,CEO,2025-09-22,10.0,10.0,Executive Director,1.0,1.0,0.0,0.0,0.0,0.0,0.0,0.0,0.0,0.0,1961-12-01,F,,-14412.0,0.025577282585844196,0.10484566041477572,0.04493889948986796,11.783769062681817,0.03995210019297215,3.7448184981222683,-0.10992548071422578,0.049783764406172056,59.0,0,-0.6916225293945008,-0.23947369343537842,-0.222008608786628,-0.5665355396382482,0.9038237180669413
A,USD,STD,INDL,C,7372,5/31/22,12142,ORACLE CORP,ORCL,2021,109297.0,-6220.0,75041.0,109297.0,6717.0,42440.0,7219.0,2665.0,71.92,7370.0,191666.8,Software,23295.0,23295.0,2019-10-18,33503.0,Safra Catz,ORACLE CORP,CEO,2025-09-22,10.0,10.0,Executive Director,1.0,1.0,0.0,0.0,0.0,0.0,0.0,0.0,0.0,0.0,1961-12-01,F,,-21295.0,0.018427015306846286,0.0614563986202732,-0.004379198561145353,11.601824226395445,-0.05690915578652662,,-0.19483608882220005,0.06604938836381602,60.0,0,-0.6916225293945008,-0.23947369343537842,-0.222008608786628,-0.5665355396382482,0.9038237180669413
A,USD,STD,INDL,C,7372,5/31/23,12142,ORACLE CORP,ORCL,2022,134384.0,1073.0,90404.0,134384.0,8503.0,49954.0,8623.0,2713.0,105.94,7370.0,287415.22,Software,23295.0,23295.0,2019-10-18,33503.0,Safra Catz,ORACLE CORP,CEO,2025-09-22,10.0,10.0,Executive Director,1.0,1.0,0.0,0.0,0.0,0.0,0.0,0.0,0.0,0.0,1961-12-01,F,,-33028.0,0.019234366648882655,0.06327390165495893,0.006218656408984287,11.808456652365408,0.007984581497797356,5.590469466144614,-0.24577330634599356,0.06416686510298845,61.0,0,-0.6916225293945008,-0.23947369343537842,-0.222008608786628,-0.5665355396382482,0.9038237180669413
A,USD,STD,INDL,C,7372,5/31/24,12142,ORACLE CORP,ORCL,2023,140976.0,8704.0,82564.0,140976.0,10467.0,52961.0,8915.0,2755.0,117.19,7372.0,322858.45,Software,23295.0,23295.0,2019-10-18,33503.0,Safra Catz,ORACLE CORP,CEO,2025-09-22,10.0,10.0,Executive Director,1.0,1.0,0.0,0.0,0.0,0.0,0.0,0.0,0.0,0.0,1961-12-01,F,,-29142.0,0.01902324287941182,0.07424668028600613,0.025556420671369845,11.85634494210651,0.06174100556123028,3.613431301761802,-0.20671603677221656,0.06323771422086029,62.0,0,-0.6916225293945008,-0.23947369343537842,-0.222008608786628,-0.5665355396382482,0.9038237180669413
A,USD,STD,INDL,C,7372,5/31/25,12142,ORACLE CORP,ORCL,2024,168361.0,20451.0,99533.0,168361.0,12443.0,57399.0,9860.0,2807.0,165.53,7372.0,464642.71,Software,23295.0,23295.0,2019-10-18,33503.0,Safra Catz,ORACLE CORP,CEO,2025-09-22,10.0,10.0,Executive Director,1.0,1.0,0.0,0.0,0.0,0.0,0.0,0.0,0.0,0.0,1961-12-01,F,,-24060.0,0.02032300677974544,0.07390666484518386,0.01683754565716234,12.03386576251999,0.12147112454784659,3.1232369636030617,-0.14290720535040777,0.05856463195158024,63.0,0,-0.6916225293945008,-0.23947369343537842,-0.222008608786628,-0.5665355396382482,0.9038237180669413
I,USD,STD,INDL,C,2834,12/31/15,13599,CELGENE CORP,CELG,2015,27053.4,5919.0,14250.4,27053.4,1602.0,9256.0,3697.3,786.6,119.76,2834.0,94203.216,Biotech,6177.0,6177.0,2014-08-01,84112.0,Bob Hugin,CELGENE CORP (De-listed 11/2019),Chairman/CEO,2016-03-01,10.0,10.0,Executive Director,1.0,1.0,1.0,0.0,0.0,0.0,0.0,0.0,0.0,0.0,1954-06-15,M,,8842.1,0.02108651459870487,0.0592162168156313,-0.006433366302574267,10.205567969536718,0.21878950520082502,2.767286805418357,0.3268387707275241,0.13666674059452785,61.0,0,-0.6780545211527228,-0.2114461068262179,-0.21148180003932845,0.045268479919371,0.8091027812427433
A,USD,STD,INDL,C,3674,12/31/20,10499,TEXAS INSTRUMENTS INC,TXN,2020,19351.0,9187.0,6497.0,19351.0,5595.0,14461.0,1530.0,919.354,164.13,3674.0,150893.57202,Semiconductors/Hardware,30509.0,30509.0,2018-07-17,13520.0,Rich Templeton,TEXAS INSTRUMENTS INC,Chairman/President/CEO,2023-04-01,10.0,10.0,Executive Director,1.0,0.0,0.0,0.0,0.0,0.0,0.0,0.0,0.0,0.0,1958-06-15,M,,41691.0,0.027147318841070397,0.28913234458167536,0.2292255836567676,9.870499376709148,0.47475582657227017,2.7987853259628555,2.154462301689835,0.07906568136013643,62.0,0,-0.6773650833982051,-0.27530597743840163,-0.18806471044490725,-0.6182375476915621,0.1164894900028803
A,USD,STD,INDL,C,3674,12/31/19,10499,TEXAS INSTRUMENTS INC,TXN,2019,18018.0,8907.0,5562.0,18018.0,5017.0,14383.0,1544.0,932.032,128.29,3674.0,119570.38528,Semiconductors/Hardware,30509.0,30509.0,2018-07-17,13520.0,Rich Templeton,TEXAS INSTRUMENTS INC,Chairman/President/CEO,2023-04-01,10.0,10.0,Executive Director,1.0,0.0,0.0,0.0,0.0,0.0,0.0,0.0,0.0,0.0,1958-06-15,M,,39551.0,0.016864683872888645,0.27844377844377843,0.19824457138381343,9.799126537211386,0.49433899433899436,2.5970677116894945,2.195082695082695,0.0856920856920857,61.0,0,-0.6773650833982051,-0.27530597743840163,-0.18806471044490725,-0.6182375476915621,0.1164894900028803
A,USD,STD,INDL,C,3674,12/31/18,10499,TEXAS INSTRUMENTS INC,TXN,2018,17137.0,8994.0,4319.0,17137.0,5580.0,15784.0,1559.0,945.15,94.5,3674.0,89316.675,Semiconductors/Hardware,30509.0,30509.0,2018-07-17,13520.0,Rich Templeton,TEXAS INSTRUMENTS INC,Chairman/President/CEO,2023-04-01,10.0,10.0,Executive Director,1.0,0.0,0.0,0.0,0.0,0.0,0.0,0.0,0.0,0.0,1958-06-15,M,,37433.0,0.01940086029211343,0.32561125051059114,0.2488860953186806,9.74899514766085,0.5248293166832001,2.2956305122252187,2.1843379821438993,0.09097274902258272,60.0,0,-0.6773650833982051,-0.27530597743840163,-0.18806471044490725,-0.6182375476915621,0.1164894900028803
A,USD,STD,INDL,C,2834,12/31/21,2403,BRISTOL-MYERS SQUIBB CO,BMY,2021,109314.0,35946.0,40479.0,109314.0,6994.0,46385.0,11354.0,2176.0,62.35,2834.0,135673.6,Biotech,5118.0,5118.0,2017-05-02,857412.0,Doctor Giovanni Caforio,BRISTOL-MYERS SQUIBB CO,Chairman/CEO,2023-11-01,10.0,10.0,Executive Director,0.0,0.0,0.0,0.0,0.0,0.0,1.0,0.0,0.0,0.0,1964-06-15,M,,22552.0,0.01174726177241419,0.06398082587774667,-0.0018547713036718844,11.60197975379374,0.32883253746089247,1.3282341887898987,0.20630477340505332,0.10386592751157217,57.0,0,-0.4902990016281779,4.419832310648305,-0.37351001993378996,-0.41648191114816724,-0.2876850047733339
A,USD,STD,INDL,C,3674,10/31/18,1632,ANALOG DEVICES INC,ADI,2018,20449.779,10988.54,6265.674,20449.779,1495.432,6200.942,1165.41,370.16,83.71,3674.0,30986.0936,Semiconductors/Hardware,2145.0,2145.0,2013-05-06,35469.0,Vincent Roche,ANALOG DEVICES INC,President/CEO,2022-03-09,10.0,10.0,Executive Director,1.0,0.0,0.0,0.0,0.0,0.0,0.0,0.0,0.0,0.0,1960-06-15,M,,5644.624,0.01727121357043937,0.07312704944146341,-0.0035981057504471115,9.925727354566588,0.5373427262954774,1.036685598741801,0.27602371644211904,0.056988879928726865,58.0,0,-0.6773650833982051,-0.27530597743840163,-0.18806471044490725,-0.6182375476915621,0.1164894900028803
A,USD,STD,INDL,C,3674,10/31/19,1632,ANALOG DEVICES INC,ADI,2019,21392.641,11709.188,5192.252,21392.641,1363.011,5991.065,1130.348,368.302,106.63,3674.0,39272.04226,Semiconductors/Hardware,2145.0,2145.0,2013-05-06,35469.0,Vincent Roche,ANALOG DEVICES INC,President/CEO,2022-03-09,10.0,10.0,Executive Director,1.0,0.0,0.0,0.0,0.0,0.0,0.0,0.0,0.0,0.0,1960-06-15,M,,6711.454,0.018190441402768643,0.06371401268314651,-0.016485194376818488,9.9708022633655,0.547346538466195,1.210139040076944,0.3137272298450668,0.052838169910858594,59.0,0,-0.6773650833982051,-0.27530597743840163,-0.18806471044490725,-0.6182375476915621,0.1164894900028803
A,USD,STD,INDL,C,3674,10/31/20,1632,ANALOG DEVICES INC,ADI,2020,21468.603,11997.945,5433.594,21468.603,1220.761,5603.056,1050.519,369.485,118.53,3674.0,43795.05705,Semiconductors/Hardware,2145.0,2145.0,2013-05-06,35469.0,Vincent Roche,ANALOG DEVICES INC,President/CEO,2022-03-09,10.0,10.0,Executive Director,1.0,0.0,0.0,0.0,0.0,0.0,0.0,0.0,0.0,0.0,1960-06-15,M,,6986.777,0.03151873854204899,0.05686261933298594,-0.0030441415919218173,9.974346821219745,0.558860071146688,1.29478557315128,0.32544162282007827,0.048932806666553946,60.0,0,-0.6773650833982051,-0.27530597743840163,-0.18806471044490725,-0.6182375476915621,0.1164894900028803
A,USD,STD,INDL,C,3674,10/31/21,1632,ANALOG DEVICES INC,ADI,2021,52322.071,37992.542,6548.994,52322.071,1390.422,7318.286,1296.126,525.331,173.49,3674.0,91139.67519,Semiconductors/Hardware,2145.0,2145.0,2013-05-06,35469.0,Vincent Roche,ANALOG DEVICES INC,President/CEO,2022-03-09,10.0,10.0,Executive Director,1.0,0.0,0.0,0.0,0.0,0.0,0.0,0.0,0.0,0.0,1960-06-15,M,,7330.751,0.017104360157730616,0.026574292137633466,-0.03926130504378509,10.865173568681014,0.7261284057353158,0.8750033446652276,0.140108196405299,0.02477206989761548,61.0,0,-0.6773650833982051,-0.27530597743840163,-0.18806471044490725,-0.6182375476915621,0.1164894900028803
A,USD,STD,INDL,C,3674,10/31/22,1632,ANALOG DEVICES INC,ADI,2022,50302.35,36465.323,6885.904,50302.35,2748.561,12013.953,1700.518,509.296,142.62,3674.0,72635.79552,Semiconductors/Hardware,2145.0,2145.0,2022-03-09,35469.0,Vincent Roche,ANALOG DEVICES INC,Chair/President/CEO,2027-01-01,10.0,40.0,Executive Director,1.0,0.0,0.0,0.0,0.0,0.0,0.0,0.0,0.0,0.0,1960-06-15,M,,8523.173,0.023161625963337065,0.05464080703983015,-0.0024144382061444883,10.825807074678409,0.7249228515168774,0.6890960973547722,0.1694388631942643,0.03380593550798323,62.0,0,-0.6773650833982051,-0.27530597743840163,-0.18806471044490725,-0.6182375476915621,0.1164894900028803
A,USD,STD,INDL,C,3674,10/31/23,1632,ANALOG DEVICES INC,ADI,2023,48794.478,35565.122,6262.917,48794.478,3314.579,12305.539,1660.194,496.262,157.33,3674.0,78076.90046,Semiconductors/Hardware,2145.0,2145.0,2022-03-09,35469.0,Vincent Roche,ANALOG DEVICES INC,Chair/President/CEO,2027-01-01,10.0,40.0,Executive Director,1.0,0.0,0.0,0.0,0.0,0.0,0.0,0.0,0.0,0.0,1960-06-15,M,,10168.496,0.016469781835919847,0.06792938741961745,0.01923912780498116,10.79537242970094,0.7288759601035183,0.786328805821021,0.20839440069427526,0.034024218888047124,63.0,0,-0.6773650833982051,-0.27530597743840163,-0.18806471044490725,-0.6182375476915621,0.1164894900028803
A,USD,STD,INDL,C,3674,10/31/24,1632,ANALOG DEVICES INC,ADI,2024,48228.277,35176.317,6952.883,48228.277,1635.273,9427.157,1487.863,496.297,223.11,3674.0,110728.82367,Semiconductors/Hardware,2145.0,2145.0,2022-03-09,35469.0,Vincent Roche,ANALOG DEVICES INC,Chair/President/CEO,2027-01-01,10.0,40.0,Executive Director,1.0,0.0,0.0,0.0,0.0,0.0,0.0,0.0,0.0,0.0,1960-06-15,M,,10011.356,0.019931679404136232,0.03390693389274512,-0.023162185295276402,10.78370078777217,0.7293712151483247,1.1467111385811497,0.20758270091216402,0.030850428266388202,64.0,0,-0.6773650833982051,-0.27530597743840163,-0.18806471044490725,-0.6182375476915621,0.1164894900028803
A,USD,STD,INDL,C,3674,10/31/25,1632,ANALOG DEVICES INC,ADI,2025,47992.712,33815.755,8428.97,47992.712,2267.342,11019.707,1766.001,489.654,234.13,3674.0,114642.69102,Semiconductors/Hardware,2145.0,2145.0,2022-03-09,35469.0,Vincent Roche,ANALOG DEVICES INC,Chair/President/CEO,2027-01-01,10.0,40.0,Executive Director,1.0,0.0,0.0,0.0,0.0,0.0,0.0,0.0,0.0,0.0,1960-06-15,M,,10384.959,0.0247830698406494,0.04724346479940538,-0.006063190392772665,10.778804445028847,0.7046018778851255,1.220893438753917,0.21638616713304304,0.03679727455285294,65.0,0,-0.6773650833982051,-0.27530597743840163,-0.18806471044490725,-0.6182375476915621,0.1164894900028803
A,USD,STD,INDL,C,2834,12/31/15,2403,BRISTOL-MYERS SQUIBB CO,BMY,2015,31748.0,14266.0,6550.0,31748.0,1565.0,16560.0,5920.0,1669.0,68.79,2834.0,114810.51,Biotech,5118.0,5118.0,2015-05-05,857412.0,Doctor Giovanni Caforio,BRISTOL-MYERS SQUIBB CO,CEO,2016-12-28,10.0,15.0,Executive Director,0.0,0.0,0.0,0.0,0.0,0.0,1.0,0.0,0.0,0.0,1964-06-15,M,,29145.0,0.015285064906495248,0.04929444374448784,-0.016355139373717728,10.365585010210767,0.4493511402293058,2.085403946361774,0.9180105833438327,0.18646843895678467,51.0,0,-0.4902990016281779,4.419832310648305,-0.37351001993378996,-0.41648191114816724,-0.2876850047733339
A,USD,STD,INDL,C,2834,12/31/16,2403,BRISTOL-MYERS SQUIBB CO,BMY,2016,33707.0,16177.0,5716.0,33707.0,4457.0,19427.0,4940.0,1672.0,58.44,2834.0,97711.68,Biotech,5118.0,5118.0,2016-12-01,857412.0,Doctor Giovanni Caforio,BRISTOL-MYERS SQUIBB CO,Chairman Elect/CEO,2017-05-02,20.0,10.0,Executive Director,0.0,0.0,0.0,0.0,0.0,0.0,1.0,0.0,0.0,0.0,1964-06-15,M,,31010.0,0.01828951108416418,0.13222772717833092,0.08223346580523577,10.425460809904182,0.47992998486961164,1.7984306211974515,0.9199869463316225,0.14655709496543745,52.0,0,-0.4902990016281779,4.419832310648305,-0.37351001993378996,-0.41648191114816724,-0.2876850047733339
A,USD,STD,INDL,C,2834,12/31/17,2403,BRISTOL-MYERS SQUIBB CO,BMY,2017,33551.0,11741.0,6975.0,33551.0,1007.0,20776.0,6411.0,1633.0,61.28,2834.0,100070.24,Biotech,5118.0,5118.0,2017-05-02,857412.0,Doctor Giovanni Caforio,BRISTOL-MYERS SQUIBB CO,Chairman/CEO,2023-11-01,10.0,10.0,Executive Director,0.0,0.0,0.0,0.0,0.0,0.0,1.0,0.0,0.0,0.0,1964-06-15,M,,28871.0,0.01432067999559682,0.030014008524336087,-0.027620179312323256,10.420821948214945,0.3499448600637835,2.142785349772589,0.8605108640577032,0.19108223301838992,53.0,0,-0.4902990016281779,4.419832310648305,-0.37351001993378996,-0.41648191114816724,-0.2876850047733339
A,USD,STD,INDL,C,2834,12/31/18,2403,BRISTOL-MYERS SQUIBB CO,BMY,2018,34986.0,14031.0,5646.0,34986.0,4920.0,22561.0,6345.0,1632.0,51.98,2834.0,84831.36,Biotech,5118.0,5118.0,2017-05-02,857412.0,Doctor Giovanni Caforio,BRISTOL-MYERS SQUIBB CO,Chairman/CEO,2023-11-01,10.0,10.0,Executive Director,0.0,0.0,0.0,0.0,0.0,0.0,1.0,0.0,0.0,0.0,1964-06-15,M,,31303.0,0.016390276960924394,0.14062767964328587,0.06390252445137536,10.46270326045021,0.4010461327388098,1.7993961183434006,0.8947293202995484,0.1813582575887498,54.0,0,-0.4902990016281779,4.419832310648305,-0.37351001993378996,-0.41648191114816724,-0.2876850047733339
A,USD,STD,INDL,C,2834,12/31/19,2403,BRISTOL-MYERS SQUIBB CO,BMY,2019,129944.0,51598.0,44059.0,129944.0,3439.0,26145.0,6148.0,2251.0,64.19,2834.0,144491.69,Biotech,5118.0,5118.0,2017-05-02,857412.0,Doctor Giovanni Caforio,BRISTOL-MYERS SQUIBB CO,Chairman/CEO,2023-11-01,10.0,10.0,Executive Director,0.0,0.0,0.0,0.0,0.0,0.0,1.0,0.0,0.0,0.0,1964-06-15,M,,32954.0,0.01610793171965691,0.026465246567752263,-0.05373396049221274,11.774858867399232,0.3970787416117712,1.0297390852018637,0.2536015514375423,0.04731268854275688,55.0,0,-0.4902990016281779,4.419832310648305,-0.37351001993378996,-0.41648191114816724,-0.2876850047733339
A,USD,STD,INDL,C,2834,12/31/20,2403,BRISTOL-MYERS SQUIBB CO,BMY,2020,118481.0,37822.0,49169.0,118481.0,-9015.0,42518.0,22581.0,2244.0,62.03,2834.0,139195.32,Biotech,5118.0,5118.0,2017-05-02,857412.0,Doctor Giovanni Caforio,BRISTOL-MYERS SQUIBB CO,Chairman/CEO,2023-11-01,10.0,10.0,Executive Director,0.0,0.0,0.0,0.0,0.0,0.0,1.0,0.0,0.0,0.0,1964-06-15,M,,19442.0,0.018669970074003388,-0.07608814915471679,-0.13599491007962455,11.682507889149141,0.31922417940429265,1.302987182740395,0.16409382095019454,0.19058752036191456,56.0,0,-0.4902990016281779,4.419832310648305,-0.37351001993378996,-0.41648191114816724,-0.2876850047733339
A,USD,STD,INDL,C,2834,12/31/22,2403,BRISTOL-MYERS SQUIBB CO,BMY,2022,96820.0,31061.0,36317.0,96820.0,6327.0,46159.0,10324.0,2098.0,71.95,2834.0,150951.1,Biotech,5118.0,5118.0,2017-05-02,857412.0,Doctor Giovanni Caforio,BRISTOL-MYERS SQUIBB CO,Chairman/CEO,2023-11-01,10.0,10.0,Executive Director,0.0,0.0,0.0,0.0,0.0,0.0,1.0,0.0,0.0,0.0,1964-06-15,M,,24222.0,0.012419113917791226,0.06534806858087172,0.00829282333489708,11.480608863493686,0.32081181574054946,1.5810029303550523,0.2501755835571163,0.10663086139227432,58.0,0,-0.4902990016281779,4.419832310648305,-0.37351001993378996,-0.41648191114816724,-0.2876850047733339
A,USD,STD,INDL,C,3674,10/31/16,1632,ANALOG DEVICES INC,ADI,2016,7970.278,5165.618,1732.177,7970.278,861.664,3421.409,653.816,308.171,64.1,3674.0,19753.761099999996,Semiconductors/Hardware,2145.0,2145.0,2013-05-06,35469.0,Vincent Roche,ANALOG DEVICES INC,President/CEO,2022-03-09,10.0,10.0,Executive Director,1.0,0.0,0.0,0.0,0.0,0.0,0.0,0.0,0.0,0.0,1960-06-15,M,,4711.985,0.01483935306255152,0.1081096543934854,0.05811539302039024,8.98347465197895,0.6481101412021011,1.3413191617452254,0.5911945605912365,0.08203176852802374,56.0,0,-0.6773650833982051,-0.27530597743840163,-0.18806471044490725,-0.6182375476915621,0.1164894900028803
A,USD,STD,INDL,C,2834,12/31/23,2403,BRISTOL-MYERS SQUIBB CO,BMY,2023,95159.0,29430.0,38183.0,95159.0,8025.0,45006.0,10212.0,2021.0,51.31,2834.0,103697.51,Biotech,5118.0,5118.0,2023-11-01,1093830.0,Doctor Chris Boerner,BRISTOL-MYERS SQUIBB CO,CEO,2024-04-01,10.0,10.0,Executive Director,1.0,0.0,0.0,0.0,1.0,1.0,0.0,0.0,1.0,1.0,1970-06-15,M,,27220.0,0.012172994746477426,0.08433253817295264,0.03564227855831635,11.463304455744613,0.3092718502716506,1.259463541129976,0.28604756250065677,0.10731512521148814,53.0,0,1.0696467132820562,-0.3793636628611668,3.9639718650738267,-0.4961083873776064,0.17442398210701618
A,USD,STD,INDL,C,2834,12/31/24,2403,BRISTOL-MYERS SQUIBB CO,BMY,2024,92603.0,16335.0,48973.0,92603.0,-8948.0,48300.0,24532.0,2029.0,56.56,2834.0,114760.24,Biotech,5118.0,5118.0,2024-04-01,1093830.0,Doctor Chris Boerner,BRISTOL-MYERS SQUIBB CO,Chairman/CEO,2027-01-01,10.0,40.0,Executive Director,1.0,0.0,0.0,0.0,1.0,1.0,0.0,0.0,1.0,1.0,1970-06-15,M,,13674.0,0.01798158153452624,-0.09662753906460914,-0.15369665825263065,11.436076817517693,0.17639817284537218,1.9495350373789617,0.14766260272345388,0.26491582346144293,54.0,0,1.0696467132820562,-0.3793636628611668,3.9639718650738267,-0.4961083873776064,0.17442398210701618
A,USD,STD,INDL,C,2834,12/31/25,2403,BRISTOL-MYERS SQUIBB CO,BMY,2025,90038.0,18473.0,44676.0,90038.0,7054.0,48194.0,13672.0,2036.0,53.94,2834.0,109821.84,Biotech,5118.0,5118.0,2024-04-01,1093830.0,Doctor Chris Boerner,BRISTOL-MYERS SQUIBB CO,Chairman/CEO,2027-01-01,10.0,40.0,Executive Director,1.0,0.0,0.0,0.0,1.0,1.0,0.0,0.0,1.0,1.0,1970-06-15,M,,15372.0,0.01815097724982848,0.07834469890490682,0.025038043712728775,11.407987082423904,0.20516892867455963,1.7825492098233597,0.17072791488038383,0.15184699793420556,55.0,0,1.0696467132820562,-0.3793636628611668,3.9639718650738267,-0.4961083873776064,0.17442398210701618
A,USD,STD,INDL,C,3674,12/31/17,3969,DIODES INC,DIOD,2017,1488.673,831.504,247.887,1488.673,-1.805,1054.204,77.877,49.13,28.67,3674.0,1408.5571000000002,Semiconductors/Hardware,9322.0,9322.0,2005-06-01,34717.0,Doctor Keh-Shew Lu,DIODES INC,President/CEO,2020-05-18,10.0,10.0,Executive Director,1.0,0.0,0.0,0.0,1.0,0.0,0.0,0.0,1.0,0.0,1946-06-15,M,Asian Association Network,449.207,0.018050863031798033,-0.0012124892437761685,-0.05884667708043551,7.305640398089267,0.5585538261256837,0.5270850168711407,0.3017499477722777,0.05231303315100092,71.0,0,1.346396410336024,-0.17476717671278105,-0.18294111675517574,-0.49941972444331517,-1.1391929588974257
A,USD,STD,INDL,C,3674,12/31/18,3969,DIODES INC,DIOD,2018,1526.371,931.463,187.184,1526.371,104.021,1213.989,86.286,50.221,32.26,3674.0,1620.12946,Semiconductors/Hardware,9322.0,9322.0,2005-06-01,34717.0,Doctor Keh-Shew Lu,DIODES INC,President/CEO,2020-05-18,10.0,10.0,Executive Director,1.0,0.0,0.0,0.0,1.0,0.0,0.0,0.0,1.0,0.0,1946-06-15,M,Asian Association Network,534.862,0.022662728809929627,0.06814922453322292,-0.0085759306586876,7.330648301561758,0.610246787969635,0.5535048702413092,0.35041415226049233,0.056530162064137746,72.0,0,1.346396410336024,-0.17476717671278105,-0.18294111675517574,-0.49941972444331517,-1.1391929588974257
A,USD,STD,INDL,C,3674,12/31/19,3969,DIODES INC,DIOD,2019,1639.384,1106.424,92.084,1639.384,153.25,1249.13,88.517,51.207,56.37,3674.0,2886.53859,Semiconductors/Hardware,9322.0,9322.0,2005-06-01,34717.0,Doctor Keh-Shew Lu,DIODES INC,President/CEO,2020-05-18,10.0,10.0,Executive Director,1.0,0.0,0.0,0.0,1.0,0.0,0.0,0.0,1.0,0.0,1946-06-15,M,Asian Association Network,681.819,0.0238642713864574,0.09348023403912689,0.013281026979161892,7.402075840503133,0.6749022803687238,0.9589248714545388,0.4158995085959116,0.0539940611839569,73.0,0,1.346396410336024,-0.17476717671278105,-0.18294111675517574,-0.49941972444331517,-1.1391929588974257
A,USD,STD,INDL,C,3674,12/31/20,3969,DIODES INC,DIOD,2020,1979.457,963.82,315.244,1979.457,98.088,1229.215,94.288,44.276,70.5,3674.0,3121.458,Semiconductors/Hardware,9322.0,9322.0,2020-05-18,34717.0,Doctor Keh-Shew Lu,DIODES INC,Chairman/President/CEO,2024-01-02,10.0,10.0,Executive Director,1.0,0.0,0.0,0.0,1.0,0.0,0.0,0.0,1.0,0.0,1946-06-15,M,Asian Association Network,814.44,0.032991821131474995,0.049552983469709114,-0.010353777455198644,7.5905778436530085,0.4869113095156904,1.1751509241574776,0.4114461693282552,0.047633265082292764,74.0,0,1.346396410336024,-0.17476717671278105,-0.18294111675517574,-0.49941972444331517,-1.1391929588974257
A,USD,STD,INDL,C,3674,12/31/21,3969,DIODES INC,DIOD,2021,2194.495,1237.242,287.888,2194.495,228.763,1805.162,119.2,45.017,109.81,3674.0,4943.31677,Semiconductors/Hardware,9322.0,9322.0,2020-05-18,34717.0,Doctor Keh-Shew Lu,DIODES INC,Chairman/President/CEO,2024-01-02,10.0,10.0,Executive Director,1.0,0.0,0.0,0.0,1.0,0.0,0.0,0.0,1.0,0.0,1946-06-15,M,Asian Association Network,1066.292,0.02442693912264349,0.10424402880845024,0.03840843162703168,7.693707230702362,0.5637934923524547,1.385151807959288,0.4858940211757147,0.05431773597114598,75.0,0,1.346396410336024,-0.17476717671278105,-0.18294111675517574,-0.49941972444331517,-1.1391929588974257
A,USD,STD,INDL,C,3674,12/31/22,3969,DIODES INC,DIOD,2022,2288.312,1513.645,168.281,2288.312,331.283,2000.58,126.316,45.47,76.14,3674.0,3462.0858,Semiconductors/Hardware,9322.0,9322.0,2020-05-18,34717.0,Doctor Keh-Shew Lu,DIODES INC,Chairman/President/CEO,2024-01-02,10.0,10.0,Executive Director,1.0,0.0,0.0,0.0,1.0,0.0,0.0,0.0,1.0,0.0,1946-06-15,M,Asian Association Network,1319.859,0.030701266625232666,0.14477177937274288,0.08771653412676825,7.735569706839376,0.661467929198466,0.827350590491623,0.576782798849108,0.055200514615139896,76.0,0,1.346396410336024,-0.17476717671278105,-0.18294111675517574,-0.49941972444331517,-1.1391929588974257
A,USD,STD,INDL,C,3674,12/31/23,3969,DIODES INC,DIOD,2023,2367.659,1740.741,44.362,2367.659,227.182,1661.739,134.868,45.938,80.52,3674.0,3698.92776,Semiconductors/Hardware,9322.0,9322.0,2020-05-18,34717.0,Doctor Keh-Shew Lu,DIODES INC,Chairman/President/CEO,2024-01-02,10.0,10.0,Executive Director,1.0,0.0,0.0,0.0,1.0,0.0,0.0,0.0,1.0,0.0,1946-06-15,M,Asian Association Network,1532.047,0.02282963416472469,0.09595216203008963,0.04726190241545335,7.769656982256036,0.7352160931958529,0.7537320984151279,0.6470724880567683,0.05696259469796959,77.0,0,1.346396410336024,-0.17476717671278105,-0.18294111675517574,-0.49941972444331517,-1.1391929588974257
A,USD,STD,INDL,C,3674,12/31/24,3969,DIODES INC,DIOD,2024,2386.281,1795.301,48.274,2386.281,44.024,1311.12,134.051,46.333,61.67,3674.0,2857.35611,Semiconductors/Hardware,9322.0,9322.0,2024-01-02,34717.0,Doctor Keh-Shew Lu,DIODES INC,Chairman/CEO,2025-05-13,10.0,10.0,Executive Director,1.0,0.0,0.0,0.0,1.0,0.0,0.0,0.0,1.0,0.0,1946-06-15,M,Asian Association Network,1572.574,0.02762223946286906,0.018448791236237477,-0.03862032795178405,7.777491366050388,0.752342662075422,0.464724064308902,0.6590062109198372,0.056175697665111525,78.0,0,1.346396410336024,-0.17476717671278105,-0.18294111675517574,-0.49941972444331517,-1.1391929588974257
A,USD,STD,INDL,C,3674,12/31/25,3969,DIODES INC,DIOD,2025,2448.1,1878.124,53.194,2448.1,66.141,1482.073,162.175,45.876,49.34,3674.0,2263.52184,Semiconductors/Hardware,9322.0,9322.0,2025-05-13,1962819.0,Gary Yu,DIODES INC,President/CEO,2027-01-01,10.0,40.0,Executive Director,1.0,0.0,1.0,0.0,0.0,0.0,0.0,0.0,1.0,0.0,1972-06-15,M,,1674.692,0.032382706993028254,0.02701727870593522,-0.026289376486242827,7.803067492471094,0.7671761774437319,0.1866485303259795,0.6840782647767657,0.06624525141946816,53.0,0,1.3416881291615947,-0.17194982988266744,-0.43683611657748583,0.1173934945119674,-0.5322033147840854
A,USD,STD,INDL,C,3674,12/31/15,6008,INTEL CORP,INTC,2015,103065.0,61085.0,20036.0,103065.0,11420.0,55355.0,12128.0,4725.0,34.45,3674.0,162776.25,Semiconductors/Hardware,16239.0,16239.0,2013-05-16,764621.0,Brian Krzanich,INTEL CORP,CEO,2018-06-20,10.0,10.0,Executive Director,1.0,0.0,0.0,0.0,0.0,0.0,0.0,0.0,0.0,0.0,1960-05-09,M,,37674.0,0.015386660034657737,0.11080386164071217,0.0451542785225066,11.543115136133286,0.5926842283995537,0.9801102215493505,0.3655363120360937,0.11767331295784214,55.0,0,-0.6773650833982051,-0.27530597743840163,-0.18806471044490725,-0.6182375476915621,0.1164894900028803
A,USD,STD,INDL,C,3674,12/31/16,6008,INTEL CORP,INTC,2016,113327.0,66226.0,20649.0,113327.0,10316.0,59387.0,12740.0,4730.0,36.27,3674.0,171557.1,Semiconductors/Hardware,16239.0,16239.0,2013-05-16,764621.0,Brian Krzanich,INTEL CORP,CEO,2018-06-20,10.0,10.0,Executive Director,1.0,0.0,0.0,0.0,0.0,0.0,0.0,0.0,0.0,0.0,1960-05-09,M,,40853.0,0.01416024576706541,0.09102861630502881,0.04103435493193366,11.638032724009816,0.5843797153370336,0.9518430207167736,0.3604877919648451,0.11241804689085566,56.0,0,-0.6773650833982051,-0.27530597743840163,-0.18806471044490725,-0.6182375476915621,0.1164894900028803
A,USD,STD,INDL,C,3674,10/31/17,1632,ANALOG DEVICES INC,ADI,2017,21141.294,10161.54,7551.084,21141.294,727.259,5107.503,968.602,368.636,91.3,3674.0,33656.4668,Semiconductors/Hardware,2145.0,2145.0,2013-05-06,35469.0,Vincent Roche,ANALOG DEVICES INC,President/CEO,2022-03-09,10.0,10.0,Executive Director,1.0,0.0,0.0,0.0,0.0,0.0,0.0,0.0,0.0,0.0,1960-06-15,M,,4849.58,0.012750162705186668,0.03439992840551766,-0.023234259431141685,9.95898346852537,0.48064891392173065,1.1975952104657581,0.2293889863127583,0.045815644018762515,57.0,0,-0.6773650833982051,-0.27530597743840163,-0.18806471044490725,-0.6182375476915621,0.1164894900028803
A,USD,STD,INDL,C,3674,10/31/15,1632,ANALOG DEVICES INC,ADI,2015,7062.178,5072.959,498.497,7062.178,696.878,3435.092,637.459,312.061,60.12,3674.0,18761.10732,Semiconductors/Hardware,2145.0,2145.0,2013-05-06,35469.0,Vincent Roche,ANALOG DEVICES INC,President/CEO,2022-03-09,10.0,10.0,Executive Director,1.0,0.0,0.0,0.0,0.0,0.0,0.0,0.0,0.0,0.0,1960-06-15,M,,4386.464,0.020179615195362845,0.09867749014539141,0.033027907027185846,8.862508781494954,0.718327830309573,1.3078616908733576,0.6211205664881287,0.09026379680602782,55.0,0,-0.6773650833982051,-0.27530597743840163,-0.18806471044490725,-0.6182375476915621,0.1164894900028803
A,USD,STD,INDL,C,3674,12/31/17,10499,TEXAS INSTRUMENTS INC,TXN,2017,17642.0,10337.0,3577.0,17642.0,3682.0,14961.0,1508.0,983.159,104.44,3674.0,102681.12596,Semiconductors/Hardware,30509.0,30509.0,2008-04-17,13520.0,Rich Templeton,TEXAS INSTRUMENTS INC,Chairman/President/CEO,2018-06-01,10.0,10.0,Executive Director,1.0,0.0,0.0,0.0,0.0,0.0,0.0,0.0,0.0,0.0,1958-06-15,M,,34278.0,0.009986752522611563,0.20870649586214715,0.15107230802548782,9.778037701818713,0.5859313003060878,2.295898630075207,1.9429769867361977,0.08547783697993425,59.0,0,-0.6773650833982051,-0.27530597743840163,-0.18806471044490725,-0.6182375476915621,0.1164894900028803
A,USD,STD,INDL,C,3674,9/30/20,1327,SKYWORKS SOLUTIONS INC,SWKS,2020,5106.7,4164.2,150.7,5106.7,814.8,3355.7,473.9,165.6,145.5,3674.0,24094.8,Semiconductors/Hardware,1573.0,1573.0,2016-05-11,327486.0,Liam Griffin,SKYWORKS SOLUTIONS INC (Alpha Industries prior to 6/2002),President/CEO,2021-05-13,10.0,10.0,Executive Director,1.0,0.0,1.0,0.0,0.0,0.0,0.0,0.0,0.0,0.0,1966-06-15,M,,4812.6,0.03533828822883242,0.1595550942878963,0.09964833336298853,8.538308682020313,0.8154385415238804,1.7554718692416127,0.9424089921084067,0.09279965535473006,54.0,0,-0.6637970751564273,-0.2472783908292412,-0.17753790169760764,-0.006433528133942844,0.021768553178682218
A,USD,STD,INDL,C,3674,12/31/17,1161,ADVANCED MICRO DEVICES,AMD,2017,3540.0,611.0,1325.0,3540.0,43.0,5329.0,1160.0,967.0,10.28,3674.0,9940.76,Semiconductors/Hardware,881.0,881.0,2014-10-08,542142.0,Doctor Lisa Su,ADVANCED MICRO DEVICES INC (AMD),President/CEO,2022-02-14,10.0,10.0,Executive Director,1.0,1.0,0.0,0.0,1.0,1.0,0.0,0.0,1.0,1.0,1969-11-07,F,,-7754.0,0.03667224395124945,0.012146892655367232,-0.04548729518129211,8.17188200612782,0.17259887005649718,2.789301796308718,-2.190395480225989,0.327683615819209,48.0,0,1.0553892672857608,-0.34353137885814344,3.930027966732105,-0.4444063793242925,0.961758210171077
A,USD,STD,INDL,C,3674,12/31/18,1161,ADVANCED MICRO DEVICES,AMD,2018,4556.0,1266.0,1114.0,4556.0,337.0,6475.0,1434.0,1005.0,18.46,3674.0,18552.3,Semiconductors/Hardware,881.0,881.0,2014-10-08,542142.0,Doctor Lisa Su,ADVANCED MICRO DEVICES INC (AMD),President/CEO,2022-02-14,10.0,10.0,Executive Director,1.0,1.0,0.0,0.0,1.0,1.0,0.0,0.0,1.0,1.0,1969-11-07,F,,-7444.0,0.039739239384261604,0.07396839332748024,-0.002756761864430274,8.424200324567073,0.2778753292361721,2.684731446863761,-1.6338893766461808,0.3147497805092186,49.0,0,1.0553892672857608,-0.34353137885814344,3.930027966732105,-0.4444063793242925,0.961758210171077
A,USD,STD,INDL,C,3674,12/31/19,1161,ADVANCED MICRO DEVICES,AMD,2019,6028.0,2827.0,685.0,6028.0,341.0,6731.0,1547.0,1170.0,45.86,3674.0,53656.2,Semiconductors/Hardware,881.0,881.0,2014-10-08,542142.0,Doctor Lisa Su,ADVANCED MICRO DEVICES INC (AMD),President/CEO,2022-02-14,10.0,10.0,Executive Director,1.0,1.0,0.0,0.0,1.0,1.0,0.0,0.0,1.0,1.0,1969-11-07,F,,-7095.0,0.03390689556600131,0.05656934306569343,-0.02362986399427157,8.704170559746386,0.46897810218978103,2.9433809475279697,-1.177007299270073,0.256635700066357,50.0,0,1.0553892672857608,-0.34353137885814344,3.930027966732105,-0.4444063793242925,0.961758210171077
A,USD,STD,INDL,C,3674,12/31/20,1161,ADVANCED MICRO DEVICES,AMD,2020,8962.0,5837.0,531.0,8962.0,2490.0,9763.0,1983.0,1211.0,91.71,3674.0,111060.81,Semiconductors/Hardware,881.0,881.0,2014-10-08,542142.0,Doctor Lisa Su,ADVANCED MICRO DEVICES INC (AMD),President/CEO,2022-02-14,10.0,10.0,Executive Director,1.0,1.0,0.0,0.0,1.0,1.0,0.0,0.0,1.0,1.0,1969-11-07,F,,-4588.0,0.03849295069976493,0.2778397679089489,0.2179330069840411,9.100748695346088,0.6513055121624637,2.945860922920154,-0.5119392992635572,0.221267574202187,51.0,0,1.0553892672857608,-0.34353137885814344,3.930027966732105,-0.4444063793242925,0.961758210171077
A,USD,STD,INDL,C,3674,12/31/21,1161,ADVANCED MICRO DEVICES,AMD,2021,12419.0,7497.0,349.0,12419.0,3162.0,16434.0,2845.0,1207.0,143.9,3674.0,173687.30000000002,Semiconductors/Hardware,881.0,881.0,2014-10-08,542142.0,Doctor Lisa Su,ADVANCED MICRO DEVICES INC (AMD),President/CEO,2022-02-14,10.0,10.0,Executive Director,1.0,1.0,0.0,0.0,1.0,1.0,0.0,0.0,1.0,1.0,1969-11-07,F,,-1454.0,0.02679069840763014,0.254609871970368,0.18877427478894943,9.426982836948033,0.603671793220066,3.1427536154877918,-0.11707866978017553,0.22908446734841775,52.0,0,1.0553892672857608,-0.34353137885814344,3.930027966732105,-0.4444063793242925,0.961758210171077
A,USD,STD,INDL,C,3674,12/31/22,1161,ADVANCED MICRO DEVICES,AMD,2022,67580.0,54750.0,2863.0,67580.0,1320.0,23601.0,5005.0,1612.0,64.77,3674.0,104409.24,Semiconductors/Hardware,881.0,881.0,2022-02-14,542142.0,Doctor Lisa Su,ADVANCED MICRO DEVICES INC (AMD),Chair/President/CEO,2027-01-01,10.0,40.0,Executive Director,1.0,1.0,0.0,0.0,1.0,1.0,0.0,0.0,1.0,1.0,1969-11-07,F,,-172.0,0.03849522336866249,0.01953240603728914,-0.0375228392086855,11.121067360268281,0.81015093222847,0.6455408085826521,-0.0025451316957679788,0.07406037289138799,53.0,0,1.0553892672857608,-0.34353137885814344,3.930027966732105,-0.4444063793242925,0.961758210171077
A,USD,STD,INDL,C,3674,12/31/23,1161,ADVANCED MICRO DEVICES,AMD,2023,67885.0,55892.0,2252.0,67885.0,854.0,22680.0,5872.0,1616.0,147.41,3674.0,238214.56,Semiconductors/Hardware,881.0,881.0,2022-02-14,542142.0,Doctor Lisa Su,ADVANCED MICRO DEVICES INC (AMD),Chair/President/CEO,2027-01-01,10.0,40.0,Executive Director,1.0,1.0,0.0,0.0,1.0,1.0,0.0,0.0,1.0,1.0,1969-11-07,F,,713.0,0.029525946372883513,0.012580098696324666,-0.03611016091831162,11.125570376034382,0.8233335788465788,1.449750522939889,0.010503056639905722,0.08649922663327686,54.0,0,1.0553892672857608,-0.34353137885814344,3.930027966732105,-0.4444063793242925,0.961758210171077
A,USD,STD,INDL,C,3674,12/31/24,1161,ADVANCED MICRO DEVICES,AMD,2024,69226.0,57568.0,2212.0,69226.0,1641.0,25785.0,6456.0,1622.0,120.79,3674.0,195921.38,Semiconductors/Hardware,881.0,881.0,2022-02-14,542142.0,Doctor Lisa Su,ADVANCED MICRO DEVICES INC (AMD),Chair/President/CEO,2027-01-01,10.0,40.0,Executive Director,1.0,1.0,0.0,0.0,1.0,1.0,0.0,0.0,1.0,1.0,1969-11-07,F,,2295.0,0.030161134166752,0.02370496634212579,-0.033364152845895736,11.145131793583074,0.8315950654378412,1.2247465985422856,0.033152283823996764,0.09325975789443272,55.0,0,1.0553892672857608,-0.34353137885814344,3.930027966732105,-0.4444063793242925,0.961758210171077
A,USD,STD,INDL,C,3674,12/31/25,1161,ADVANCED MICRO DEVICES,AMD,2025,76926.0,62999.0,2973.0,76926.0,4335.0,34639.0,8091.0,1630.0,214.16,3674.0,349080.8,Semiconductors/Hardware,881.0,881.0,2022-02-14,542142.0,Doctor Lisa Su,ADVANCED MICRO DEVICES INC (AMD),Chair/President/CEO,2027-01-01,10.0,40.0,Executive Director,1.0,1.0,0.0,0.0,1.0,1.0,0.0,0.0,1.0,1.0,1969-11-07,F,,6696.0,0.03818085583198359,0.056352858591373525,0.0030462033991954796,11.250599199780755,0.8189558796765722,1.712184560781086,0.08704469230169254,0.10517900319787848,56.0,0,1.0553892672857608,-0.34353137885814344,3.930027966732105,-0.4444063793242925,0.961758210171077
A,USD,STD,INDL,C,3674,9/30/15,1327,SKYWORKS SOLUTIONS INC,SWKS,2015,3719.4,3159.2,0.0,3719.4,798.3,3258.4,303.2,190.3,84.21,3674.0,16025.163,Semiconductors/Hardware,1573.0,1573.0,2014-05-06,327474.0,Dave Aldrich,SKYWORKS SOLUTIONS INC (Alpha Industries prior to 6/2002),Chairman/CEO,2016-05-11,10.0,10.0,Executive Director,1.0,0.0,1.0,0.0,0.0,0.0,0.0,0.0,0.0,0.0,1957-06-15,M,,1461.0,0.02433082728268502,0.2146313921600258,0.14898180904182023,8.22131764393593,0.8493843092971984,1.623841343371565,0.3928052911759961,0.08151852449319782,58.0,0,-0.6637970751564273,-0.2472783908292412,-0.17753790169760764,-0.006433528133942844,0.021768553178682218
A,USD,STD,INDL,C,3674,9/30/16,1327,SKYWORKS SOLUTIONS INC,SWKS,2016,3855.4,3541.4,0.0,3855.4,995.2,3289.0,312.4,184.9,76.14,3674.0,14078.286,Semiconductors/Hardware,1573.0,1573.0,2016-05-11,327486.0,Liam Griffin,SKYWORKS SOLUTIONS INC (Alpha Industries prior to 6/2002),President/CEO,2021-05-13,10.0,10.0,Executive Director,1.0,0.0,1.0,0.0,0.0,0.0,0.0,0.0,0.0,0.0,1966-06-15,M,,2252.7,0.024373298576821256,0.25813145198941745,0.2081371906163223,8.25723004196349,0.9185557918763293,1.380111481175314,0.584297349172589,0.08102920578928256,50.0,0,-0.6637970751564273,-0.2472783908292412,-0.17753790169760764,-0.006433528133942844,0.021768553178682218
A,USD,STD,INDL,C,3674,9/30/17,1327,SKYWORKS SOLUTIONS INC,SWKS,2017,4573.6,4065.7,0.0,4573.6,1010.2,3651.4,355.2,183.1,101.9,3674.0,18657.89,Semiconductors/Hardware,1573.0,1573.0,2016-05-11,327486.0,Liam Griffin,SKYWORKS SOLUTIONS INC (Alpha Industries prior to 6/2002),President/CEO,2021-05-13,10.0,10.0,Executive Director,1.0,0.0,1.0,0.0,0.0,0.0,0.0,0.0,0.0,0.0,1966-06-15,M,,3051.1,0.01688457373577777,0.22087633374147278,0.16324214590481345,8.428055919949761,0.8889496239286337,1.5236831830302306,0.6671112471576001,0.07766311002273919,51.0,0,-0.6637970751564273,-0.2472783908292412,-0.17753790169760764,-0.006433528133942844,0.021768553178682218
A,USD,STD,INDL,C,3674,9/30/18,1327,SKYWORKS SOLUTIONS INC,SWKS,2018,4828.9,4097.0,0.0,4828.9,918.4,3868.0,404.5,177.4,90.71,3674.0,16091.954,Semiconductors/Hardware,1573.0,1573.0,2016-05-11,327486.0,Liam Griffin,SKYWORKS SOLUTIONS INC (Alpha Industries prior to 6/2002),President/CEO,2021-05-13,10.0,10.0,Executive Director,1.0,0.0,1.0,0.0,0.0,0.0,0.0,0.0,0.0,0.0,1966-06-15,M,,3724.1,0.02081828783789661,0.19018824162852824,0.11346308643661772,8.48237397743796,0.8484333906272651,1.368064396955461,0.7712108347656816,0.08376648926256498,52.0,0,-0.6637970751564273,-0.2472783908292412,-0.17753790169760764,-0.006433528133942844,0.021768553178682218
A,USD,STD,INDL,C,3674,9/30/19,1327,SKYWORKS SOLUTIONS INC,SWKS,2019,4839.6,4122.3,0.0,4839.6,853.6,3376.8,424.1,170.1,79.25,3674.0,13480.425,Semiconductors/Hardware,1573.0,1573.0,2016-05-11,327486.0,Liam Griffin,SKYWORKS SOLUTIONS INC (Alpha Industries prior to 6/2002),President/CEO,2021-05-13,10.0,10.0,Executive Director,1.0,0.0,1.0,0.0,0.0,0.0,0.0,0.0,0.0,0.0,1966-06-15,M,,4304.7,0.022486217859179758,0.17637821307546078,0.09617900601549578,8.484587351667322,0.8517852715100421,1.1848273731533676,0.889474336722043,0.08763120919084222,53.0,0,-0.6637970751564273,-0.2472783908292412,-0.17753790169760764,-0.006433528133942844,0.021768553178682218
A,USD,STD,INDL,C,3674,9/30/21,1327,SKYWORKS SOLUTIONS INC,SWKS,2021,8590.7,5297.1,2380.1,8590.7,1498.3,5109.1,532.3,165.3,164.78,3674.0,27238.134,Semiconductors/Hardware,1573.0,1573.0,2021-05-13,327486.0,Liam Griffin,SKYWORKS SOLUTIONS INC (Alpha Industries prior to 6/2002),Chairman/President/CEO,2025-02-04,10.0,10.0,Executive Director,1.0,0.0,1.0,0.0,0.0,0.0,0.0,0.0,0.0,0.0,1966-06-15,M,,5177.9,0.022779243760728613,0.17440953589346617,0.10857393871204761,9.058435501762936,0.6166086582001467,1.63745847573756,0.6027331882151629,0.061962354639319255,55.0,0,-0.6637970751564273,-0.2472783908292412,-0.17753790169760764,-0.006433528133942844,0.021768553178682218
A,USD,STD,INDL,C,2836,12/31/25,1602,AMGEN INC,AMGN,2025,90586.0,8658.0,50701.0,90586.0,7711.0,36751.0,7272.0,538.8,327.31,2836.0,176354.628,Biotech,2068.0,2068.0,2013-01-01,534543.0,Bob Bradway,AMGEN INC,Chairman/President/CEO,2027-01-01,10.0,40.0,Executive Director,1.0,0.0,1.0,1.0,0.0,0.0,0.0,0.0,0.0,0.0,1963-01-11,M,,-25365.0,0.017332555137867373,0.0851235290221447,0.03181687382996666,11.41405495470448,0.09557768308568652,3.0140131505841556,-0.28001015609476076,0.08027730554390303,62.0,0,-0.5986162497683529,-0.13342965404338525,-0.11640577451831292,1.683520041240194,0.08550762578148682
A,USD,STD,INDL,C,3674,9/30/22,1327,SKYWORKS SOLUTIONS INC,SWKS,2022,8873.8,5469.0,1896.8,8873.8,1275.2,5485.5,617.9,160.2,85.27,3674.0,13660.254,Semiconductors/Hardware,1573.0,1573.0,2021-05-13,327486.0,Liam Griffin,SKYWORKS SOLUTIONS INC (Alpha Industries prior to 6/2002),Chairman/President/CEO,2025-02-04,10.0,10.0,Executive Director,1.0,0.0,1.0,0.0,0.0,0.0,0.0,0.0,0.0,0.0,1966-06-15,M,,5417.1,0.027139610256167443,0.1437039374337939,0.08664869218781926,9.090858393934143,0.6163086839910749,0.9153946640414443,0.6104600058599473,0.0696319502355248,56.0,0,-0.6637970751564273,-0.2472783908292412,-0.17753790169760764,-0.006433528133942844,0.021768553178682218
A,USD,STD,INDL,C,3674,9/30/23,1327,SKYWORKS SOLUTIONS INC,SWKS,2023,8426.7,6082.7,1181.6,8426.7,982.8,4772.4,606.8,159.5,98.59,3674.0,15725.105,Semiconductors/Hardware,1573.0,1573.0,2021-05-13,327486.0,Liam Griffin,SKYWORKS SOLUTIONS INC (Alpha Industries prior to 6/2002),Chairman/President/CEO,2025-02-04,10.0,10.0,Executive Director,1.0,0.0,1.0,0.0,0.0,0.0,0.0,0.0,0.0,0.0,1966-06-15,M,,5870.4,0.019755209901580032,0.11662928548542133,0.06793902587078504,9.039160515281063,0.7218365433681037,0.9498098034781419,0.6966428139129195,0.07200920882433218,57.0,0,-0.6637970751564273,-0.2472783908292412,-0.17753790169760764,-0.006433528133942844,0.021768553178682218
A,USD,STD,INDL,C,3674,9/30/24,1327,SKYWORKS SOLUTIONS INC,SWKS,2024,8283.3,6336.7,1180.2,8283.3,596.0,4178.0,779.6,159.9,98.77,3674.0,15793.323,Semiconductors/Hardware,1573.0,1573.0,2021-05-13,327486.0,Liam Griffin,SKYWORKS SOLUTIONS INC (Alpha Industries prior to 6/2002),Chairman/President/CEO,2025-02-04,10.0,10.0,Executive Director,1.0,0.0,1.0,0.0,0.0,0.0,0.0,0.0,0.0,0.0,1966-06-15,M,,6027.3,0.022571744330830774,0.07195199980684028,0.014882880618818754,9.021996718703699,0.7649970422416187,0.9132291275701464,0.727644779254645,0.09411707894196758,58.0,0,-0.6637970751564273,-0.2472783908292412,-0.17753790169760764,-0.006433528133942844,0.021768553178682218
A,USD,STD,INDL,C,3674,9/30/25,1327,SKYWORKS SOLUTIONS INC,SWKS,2025,7917.0,5757.1,666.9,7917.0,477.1,4086.9,785.5,148.7,76.98,3674.0,11446.926,Semiconductors/Hardware,1573.0,1573.0,2025-02-17,486930.0,Phil Brace,SKYWORKS SOLUTIONS INC (Alpha Industries prior to 6/2002),President/CEO,2027-01-01,10.0,40.0,Executive Director,1.0,0.0,0.0,0.0,0.0,0.0,0.0,0.0,1.0,0.0,1970-06-15,M,,5651.8,0.03178648726683516,0.06026272577996716,0.006956070587789118,8.976767625171433,0.72718201338891,0.6872873466386907,0.7138815207780725,0.09921687507894404,55.0,0,1.328120120919817,-0.19997741649182793,-0.44736292532478544,-0.49441052504565186,-0.4374823779598874
A,USD,STD,INDL,C,2836,12/31/15,1602,AMGEN INC,AMGN,2015,71576.0,28083.0,29306.0,71576.0,6939.0,21662.0,4070.0,754.0,162.33,2836.0,122396.82,Biotech,2068.0,2068.0,2013-01-01,534543.0,Bob Bradway,AMGEN INC,Chairman/President/CEO,2027-01-01,10.0,40.0,Executive Director,1.0,0.0,1.0,1.0,0.0,0.0,0.0,0.0,0.0,0.0,1963-01-11,M,,-2566.0,0.017831431777988755,0.09694590365485638,0.03129632053665081,11.178515101227433,0.39235218508997427,1.4721039782908554,-0.035850005588465406,0.05686263552028613,52.0,0,-0.5986162497683529,-0.13342965404338525,-0.11640577451831292,1.683520041240194,0.08550762578148682
A,USD,STD,INDL,C,2836,12/31/16,1602,AMGEN INC,AMGN,2016,77626.0,29875.0,30193.0,77626.0,7722.0,22991.0,3840.0,738.2,146.21,2836.0,107932.222,Biotech,2068.0,2068.0,2013-01-01,534543.0,Bob Bradway,AMGEN INC,Chairman/President/CEO,2027-01-01,10.0,40.0,Executive Director,1.0,0.0,1.0,1.0,0.0,0.0,0.0,0.0,0.0,0.0,1963-01-11,M,,-909.0,0.015415278755826576,0.0994769793625847,0.04948271798948955,11.259657701600467,0.3848581660783758,1.2844814457914329,-0.011709994074150413,0.04946796176538788,53.0,0,-0.5986162497683529,-0.13342965404338525,-0.11640577451831292,1.683520041240194,0.08550762578148682
A,USD,STD,INDL,C,2836,12/31/17,1602,AMGEN INC,AMGN,2017,79954.0,25241.0,34190.0,79954.0,1979.0,22849.0,3962.0,722.2,173.9,2836.0,125590.58000000002,Biotech,2068.0,2068.0,2013-01-01,534543.0,Bob Bradway,AMGEN INC,Chairman/President/CEO,2027-01-01,10.0,40.0,Executive Director,1.0,0.0,1.0,1.0,0.0,0.0,0.0,0.0,0.0,0.0,1963-01-11,M,,-5751.0,0.011125391020967946,0.024751732246041474,-0.032882455590617865,11.289206748280122,0.31569402406383673,1.604557594681936,-0.07192885909397904,0.04955349325862371,54.0,0,-0.5986162497683529,-0.13342965404338525,-0.11640577451831292,1.683520041240194,0.08550762578148682
A,USD,STD,INDL,C,2836,12/31/18,1602,AMGEN INC,AMGN,2018,66416.0,12500.0,29510.0,66416.0,8394.0,23747.0,4067.0,629.6,194.67,2836.0,122564.232,Biotech,2068.0,2068.0,2013-01-01,534543.0,Bob Bradway,AMGEN INC,Chairman/President/CEO,2027-01-01,10.0,40.0,Executive Director,1.0,0.0,1.0,1.0,0.0,0.0,0.0,0.0,0.0,0.0,1963-01-11,M,,-18746.0,0.014992563440480906,0.12638520838352205,0.04966005319161153,11.10369327029282,0.1882076608046254,2.2829065911139876,-0.2822512647554806,0.06123524451939292,55.0,0,-0.5986162497683529,-0.13342965404338525,-0.11640577451831292,1.683520041240194,0.08550762578148682
A,USD,STD,INDL,C,2836,12/31/19,1602,AMGEN INC,AMGN,2019,59707.0,9673.0,27338.0,59707.0,7842.0,23362.0,4116.0,591.4,241.07,2836.0,142568.79799999998,Biotech,2068.0,2068.0,2013-01-01,534543.0,Bob Bradway,AMGEN INC,Chairman/President/CEO,2027-01-01,10.0,40.0,Executive Director,1.0,0.0,1.0,1.0,0.0,0.0,0.0,0.0,0.0,0.0,1963-01-11,M,,-21858.0,0.013179314283500825,0.13134138375734838,0.051142176697383385,10.997204545438429,0.16200780478000903,2.690486176983717,-0.36608772840705445,0.06893664059490512,56.0,0,-0.5986162497683529,-0.13342965404338525,-0.11640577451831292,1.683520041240194,0.08550762578148682
A,USD,STD,INDL,C,2836,12/31/20,1602,AMGEN INC,AMGN,2020,62948.0,9409.0,33201.0,62948.0,7264.0,25424.0,4207.0,578.3,229.92,2836.0,132962.73599999998,Biotech,2068.0,2068.0,2013-01-01,534543.0,Bob Bradway,AMGEN INC,Chairman/President/CEO,2027-01-01,10.0,40.0,Executive Director,1.0,0.0,1.0,1.0,0.0,0.0,0.0,0.0,0.0,0.0,1963-01-11,M,,-22393.0,0.024133323658798327,0.11539683548325602,0.055490074558348264,11.050064267720755,0.14947258054267015,2.6484022304881214,-0.35573806951769715,0.06683294147550359,57.0,0,-0.5986162497683529,-0.13342965404338525,-0.11640577451831292,1.683520041240194,0.08550762578148682
A,USD,STD,INDL,C,2836,12/31/21,1602,AMGEN INC,AMGN,2021,61165.0,6700.0,33747.0,61165.0,5893.0,25979.0,6324.0,558.3,224.97,2836.0,125600.751,Biotech,2068.0,2068.0,2013-01-01,534543.0,Bob Bradway,AMGEN INC,Chairman/President/CEO,2027-01-01,10.0,40.0,Executive Director,1.0,0.0,1.0,1.0,0.0,0.0,0.0,0.0,0.0,0.0,1963-01-11,M,,-25396.0,0.012577692404377025,0.09634594948091228,0.030510352299493726,11.021330409481017,0.10953976947600752,2.931000706918665,-0.41520477397204286,0.10339246300989127,58.0,0,-0.5986162497683529,-0.13342965404338525,-0.11640577451831292,1.683520041240194,0.08550762578148682
A,USD,STD,INDL,C,2836,12/31/22,1602,AMGEN INC,AMGN,2022,65121.0,3661.0,37893.0,65121.0,6552.0,26323.0,4434.0,534.0,262.64,2836.0,140249.75999999998,Biotech,2068.0,2068.0,2013-01-01,534543.0,Bob Bradway,AMGEN INC,Chairman/President/CEO,2027-01-01,10.0,40.0,Executive Director,1.0,0.0,1.0,1.0,0.0,0.0,0.0,0.0,0.0,0.0,1963-01-11,M,,-28853.0,0.013695258509395552,0.10061270557884554,0.0435574603328709,11.084002356823872,0.05621842416424809,3.645688499033296,-0.4430675204619094,0.06808863500253375,59.0,0,-0.5986162497683529,-0.13342965404338525,-0.11640577451831292,1.683520041240194,0.08550762578148682
A,USD,STD,INDL,C,2836,12/31/23,1602,AMGEN INC,AMGN,2023,97154.0,6232.0,63861.0,97154.0,6717.0,28190.0,5567.0,535.4,288.02,2836.0,154205.908,Biotech,2068.0,2068.0,2013-01-01,534543.0,Bob Bradway,AMGEN INC,Chairman/President/CEO,2027-01-01,10.0,40.0,Executive Director,1.0,0.0,1.0,1.0,0.0,0.0,0.0,0.0,0.0,0.0,1963-01-11,M,,-26838.0,0.013057782357853737,0.06913765773925933,0.02044739812462304,11.484052627401113,0.06414558330073904,3.2085914657049046,-0.2762418428474381,0.057300780204623585,60.0,0,-0.5986162497683529,-0.13342965404338525,-0.11640577451831292,1.683520041240194,0.08550762578148682
A,USD,STD,INDL,C,2836,12/31/24,1602,AMGEN INC,AMGN,2024,91839.0,5877.0,57222.0,91839.0,4090.0,33424.0,6158.0,536.9,260.64,2836.0,139937.61599999998,Biotech,2068.0,2068.0,2013-01-01,534543.0,Bob Bradway,AMGEN INC,Chairman/President/CEO,2027-01-01,10.0,40.0,Executive Director,1.0,0.0,1.0,1.0,0.0,0.0,0.0,0.0,0.0,0.0,1963-01-11,M,,-27656.0,0.016227234146804187,0.044534457038948594,-0.01253466214907293,11.42779232299237,0.06399242152026917,3.1701502956696084,-0.3011356830975947,0.06705212382539008,61.0,0,-0.5986162497683529,-0.13342965404338525,-0.11640577451831292,1.683520041240194,0.08550762578148682
A,USD,STD,INDL,C,3674,12/31/17,6008,INTEL CORP,INTC,2017,123249.0,69019.0,25037.0,123249.0,9601.0,62761.0,13098.0,4687.0,46.16,3674.0,216351.92,Semiconductors/Hardware,16239.0,16239.0,2013-05-16,764621.0,Brian Krzanich,INTEL CORP,CEO,2018-06-20,10.0,10.0,Executive Director,1.0,0.0,0.0,0.0,0.0,0.0,0.0,0.0,0.0,0.0,1960-05-09,M,,42945.0,0.01080577046587366,0.07789921216399322,0.020265024327333875,11.721961978281758,0.5599964299913184,1.1425245121295584,0.34844096098142785,0.10627266752671422,57.0,0,-0.6773650833982051,-0.27530597743840163,-0.18806471044490725,-0.6182375476915621,0.1164894900028803
A,USD,STD,INDL,C,3674,12/31/19,6008,INTEL CORP,INTC,2019,136524.0,77504.0,25683.0,136524.0,21048.0,71965.0,13362.0,4290.0,59.85,3674.0,256756.5,Semiconductors/Hardware,16239.0,16239.0,2019-01-30,48076.0,Bob Swan,INTEL CORP,CEO,2021-02-15,10.0,10.0,Executive Director,1.0,0.0,1.0,0.0,1.0,0.0,0.0,0.0,0.0,0.0,1960-06-15,M,,52243.0,0.017035988306482897,0.15417069526237145,0.07397148820240645,11.824255702327717,0.5676950572793062,1.1977986170132806,0.3826653189182854,0.09787290146787378,59.0,0,-0.6455207857402201,-0.2220681510501943,0.08688390687200202,-0.01144272753160618,-0.6799420277588559
A,USD,STD,INDL,C,3674,12/31/20,6008,INTEL CORP,INTC,2020,153091.0,81038.0,34251.0,153091.0,20899.0,77867.0,13556.0,4062.0,49.82,3674.0,202368.84,Semiconductors/Hardware,16239.0,16239.0,2019-01-30,48076.0,Bob Swan,INTEL CORP,CEO,2021-02-15,10.0,10.0,Executive Director,1.0,0.0,1.0,0.0,1.0,0.0,0.0,0.0,0.0,0.0,1960-06-15,M,,55482.0,0.033622603920171995,0.13651357689217525,0.07660681596726748,11.938787794810091,0.5293452913626536,0.9151737925271148,0.36241189880528574,0.08854864100436995,60.0,0,-0.6455207857402201,-0.2220681510501943,0.08688390687200202,-0.01144272753160618,-0.6799420277588559
I,USD,STD,INDL,C,3674,9/30/16,7346,MICROSEMI CORP,MSCC,2016,4423.0,1728.9,2138.5,4423.0,-32.6,1655.0,309.1,113.6,41.98,3674.0,4768.927999999999,Semiconductors/Hardware,20600.0,20600.0,2013-11-12,201550.0,Jimmy Peterson,MICROSEMI CORP (De-listed 05/2018),Chairman/CEO,2018-05-29,10.0,10.0,Executive Director,0.0,0.0,0.0,0.0,0.0,0.0,0.0,0.0,0.0,0.0,1955-06-15,M,,348.4,0.02262029568644738,-0.007370562966312458,-0.057364824339407615,8.394573477868327,0.39088853719195116,1.0146361735688072,0.07877006556635767,0.06988469364684603,61.0,0,-0.6720449074444793,-0.23674111240146314,-0.1428900246012513,-0.648546397838306,-0.5106751006852247
A,USD,STD,INDL,C,2834,12/31/24,7257,MERCK & CO INC,MRK,2024,117106.0,46313.0,35339.0,117106.0,17117.0,64168.0,17938.0,2527.637,99.48,2834.0,251449.32876000003,Biotech,27219.0,27219.0,2022-12-01,485800.0,Rob Davis,MERCK & CO INC (Schering-Plough Corp prior to 11/2009),Chairman/President/CEO,2027-01-01,10.0,40.0,Executive Director,1.0,0.0,1.0,1.0,0.0,0.0,0.0,0.0,0.0,0.0,1966-06-15,M,,58124.0,0.013331189485227813,0.1461667207487234,0.08909760156070187,11.670834786531072,0.39547930934367154,1.6918187939180283,0.49633665226376106,0.15317746315304084,58.0,0,-0.5986162497683529,-0.13342965404338525,-0.11640577451831292,1.683520041240194,0.08550762578148682
A,USD,STD,INDL,C,2834,12/31/25,7257,MERCK & CO INC,MRK,2025,136866.0,52606.0,47651.0,136866.0,18254.0,65011.0,15789.0,2474.627,105.26,2834.0,260479.23802,Biotech,27219.0,27219.0,2022-12-01,485800.0,Rob Davis,MERCK & CO INC (Schering-Plough Corp prior to 11/2009),Chairman/President/CEO,2027-01-01,10.0,40.0,Executive Director,1.0,0.0,1.0,1.0,0.0,0.0,0.0,0.0,0.0,0.0,1966-06-15,M,,68788.0,0.019112447073114068,0.13337132669910715,0.0800646715069291,11.826757623966394,0.38436134613417505,1.5996929758387088,0.5025937778557129,0.11536101003901626,59.0,0,-0.5986162497683529,-0.13342965404338525,-0.11640577451831292,1.683520041240194,0.08550762578148682
A,USD,STD,INDL,C,3674,8/31/15,7343,MICRON TECHNOLOGY INC,MU,2015,24143.0,12302.0,6252.0,24143.0,2899.0,16192.0,1540.0,1039.0,16.41,3674.0,17049.99,Semiconductors/Hardware,20589.0,20589.0,2012-02-04,56477.0,D Durcan,MICRON TECHNOLOGY INC,CEO,2017-05-08,10.0,10.0,Executive Director,1.0,1.0,0.0,0.0,0.0,0.0,0.0,0.0,1.0,1.0,1961-04-20,M,,5601.0,0.03089840270825097,0.12007621256678955,0.05442662944858398,10.091749761992155,0.5095472807853207,0.32638776643291334,0.2319927101023071,0.06378660481298927,54.0,0,1.5622273968873046,-0.10715234353633471,-0.491437888389294,-0.5932455801115535,1.7735038512552161
A,USD,STD,INDL,C,3674,8/31/16,7343,MICRON TECHNOLOGY INC,MU,2016,27540.0,12080.0,9154.0,27540.0,-276.0,12399.0,1617.0,1040.0,16.49,3674.0,17149.6,Semiconductors/Hardware,20589.0,20589.0,2012-02-04,56477.0,D Durcan,MICRON TECHNOLOGY INC,CEO,2017-05-08,10.0,10.0,Executive Director,1.0,1.0,0.0,0.0,0.0,0.0,0.0,0.0,1.0,1.0,1961-04-20,M,,5264.0,0.03229155335192803,-0.010021786492374727,-0.060016047865469886,10.223394772282646,0.4386347131445171,0.3504236572181198,0.19114015976761076,0.05871459694989107,55.0,0,1.5622273968873046,-0.10715234353633471,-0.491437888389294,-0.5932455801115535,1.7735038512552161
A,USD,STD,INDL,C,3674,8/31/17,7343,MICRON TECHNOLOGY INC,MU,2017,35336.0,18621.0,9872.0,35336.0,5089.0,20322.0,1824.0,1112.0,31.97,3674.0,35550.64,Semiconductors/Hardware,20589.0,20589.0,2017-05-08,205405.0,Sanjay Mehrotra,MICRON TECHNOLOGY INC,President/CEO,2025-01-16,10.0,10.0,Executive Director,1.0,1.0,0.0,0.0,0.0,0.0,0.0,0.0,1.0,1.0,1958-06-27,M,,10289.0,0.022327849015965358,0.1440174326465927,0.08638324480993335,10.472657553276363,0.5269696626669685,0.6466681828005153,0.2911761376499887,0.05161874575503735,59.0,0,1.5622273968873046,-0.10715234353633471,-0.491437888389294,-0.5932455801115535,1.7735038512552161
A,USD,STD,INDL,C,3674,8/31/18,7343,MICRON TECHNOLOGY INC,MU,2018,43376.0,32294.0,3777.0,43376.0,14135.0,30391.0,2141.0,1161.0,52.52,3674.0,60975.72,Semiconductors/Hardware,20589.0,20589.0,2017-05-08,205405.0,Sanjay Mehrotra,MICRON TECHNOLOGY INC,President/CEO,2025-01-16,10.0,10.0,Executive Director,1.0,1.0,0.0,0.0,0.0,0.0,0.0,0.0,1.0,1.0,1958-06-27,M,,24405.0,0.03107311800842821,0.3258714496495758,0.24914629445766528,10.677661571738447,0.7445130947989672,0.6355942976909206,0.5626383253412025,0.04935909258576171,60.0,0,1.5622273968873046,-0.10715234353633471,-0.491437888389294,-0.5932455801115535,1.7735038512552161
A,USD,STD,INDL,C,3674,8/31/19,7343,MICRON TECHNOLOGY INC,MU,2019,48887.0,35881.0,4541.0,48887.0,6313.0,23406.0,2441.0,1106.0,45.27,3674.0,50068.62,Semiconductors/Hardware,20589.0,20589.0,2017-05-08,205405.0,Sanjay Mehrotra,MICRON TECHNOLOGY INC,President/CEO,2025-01-16,10.0,10.0,Executive Director,1.0,1.0,0.0,0.0,0.0,0.0,0.0,0.0,1.0,1.0,1958-06-27,M,,30770.0,0.027746973842219438,0.12913453474338782,0.04893532768342282,10.797266791448184,0.7339579029189764,0.3331865570657505,0.6294106817763414,0.04993147462515597,61.0,0,1.5622273968873046,-0.10715234353633471,-0.491437888389294,-0.5932455801115535,1.7735038512552161
A,USD,STD,INDL,C,3674,8/31/20,7343,MICRON TECHNOLOGY INC,MU,2020,53678.0,38996.0,6906.0,53678.0,2687.0,21435.0,2600.0,1113.0,45.51,3674.0,50652.63,Semiconductors/Hardware,20589.0,20589.0,2017-05-08,205405.0,Sanjay Mehrotra,MICRON TECHNOLOGY INC,President/CEO,2025-01-16,10.0,10.0,Executive Director,1.0,1.0,0.0,0.0,0.0,0.0,0.0,0.0,1.0,1.0,1958-06-27,M,,33455.0,0.03621727246816169,0.05005775177912739,-0.009849009145780366,10.89075851312733,0.7264801222102165,0.26153207755493313,0.6232534744215508,0.04843697604232647,62.0,0,1.5622273968873046,-0.10715234353633471,-0.491437888389294,-0.5932455801115535,1.7735038512552161
A,USD,STD,INDL,C,3674,8/31/21,7343,MICRON TECHNOLOGY INC,MU,2021,58849.0,43933.0,7125.0,58849.0,5861.0,27705.0,2663.0,1119.0,73.7,3674.0,82470.3,Semiconductors/Hardware,20589.0,20589.0,2017-05-08,205405.0,Sanjay Mehrotra,MICRON TECHNOLOGY INC,President/CEO,2025-01-16,10.0,10.0,Executive Director,1.0,1.0,0.0,0.0,0.0,0.0,0.0,0.0,1.0,1.0,1958-06-27,M,,39053.0,0.02507042558090361,0.09959387585175619,0.033758278670337635,10.98273012019061,0.746537749154616,0.6297724824069796,0.6636136552872606,0.045251406141140885,63.0,0,1.5622273968873046,-0.10715234353633471,-0.491437888389294,-0.5932455801115535,1.7735038512552161
A,USD,STD,INDL,C,3674,8/31/22,7343,MICRON TECHNOLOGY INC,MU,2022,66283.0,49907.0,7413.0,66283.0,8687.0,30758.0,3116.0,1094.0,56.53,3674.0,61843.82,Semiconductors/Hardware,20589.0,20589.0,2017-05-08,205405.0,Sanjay Mehrotra,MICRON TECHNOLOGY INC,President/CEO,2025-01-16,10.0,10.0,Executive Director,1.0,1.0,0.0,0.0,0.0,0.0,0.0,0.0,1.0,1.0,1958-06-27,M,,46714.0,0.029827490935455316,0.1310592459605027,0.07400400071452806,11.101688733038813,0.752938159105653,0.21445090120679158,0.7047659279151517,0.04701054569044853,64.0,0,1.5622273968873046,-0.10715234353633471,-0.491437888389294,-0.5932455801115535,1.7735038512552161
A,USD,STD,INDL,C,3674,8/31/23,7343,MICRON TECHNOLOGY INC,MU,2023,64254.0,44120.0,13655.0,64254.0,-5833.0,15540.0,3114.0,1098.0,69.94,3674.0,76794.12,Semiconductors/Hardware,20589.0,20589.0,2017-05-08,205405.0,Sanjay Mehrotra,MICRON TECHNOLOGY INC,President/CEO,2025-01-16,10.0,10.0,Executive Director,1.0,1.0,0.0,0.0,0.0,0.0,0.0,0.0,1.0,1.0,1958-06-27,M,,40512.0,0.02279638523561369,-0.09078034052354718,-0.13947060013818346,11.07059925762893,0.6866498583745759,0.5542148803372668,0.6304977122046876,0.04846390886170511,65.0,0,1.5622273968873046,-0.10715234353633471,-0.491437888389294,-0.5932455801115535,1.7735038512552161
A,USD,STD,INDL,C,3674,8/31/24,7343,MICRON TECHNOLOGY INC,MU,2024,69416.0,45131.0,13576.0,69416.0,778.0,25111.0,3430.0,1109.0,96.24,3674.0,106730.16,Semiconductors/Hardware,20589.0,20589.0,2017-05-08,205405.0,Sanjay Mehrotra,MICRON TECHNOLOGY INC,President/CEO,2025-01-16,10.0,10.0,Executive Director,1.0,1.0,0.0,0.0,0.0,0.0,0.0,0.0,1.0,1.0,1958-06-27,M,,40743.0,0.03251625557739723,0.011207790711075256,-0.04586132847694627,11.147872667473326,0.6501527025469632,0.8607344082316164,0.5869396104644462,0.04941223925319811,66.0,0,1.5622273968873046,-0.10715234353633471,-0.491437888389294,-0.5932455801115535,1.7735038512552161
A,USD,STD,INDL,C,3674,8/31/25,7343,MICRON TECHNOLOGY INC,MU,2025,82798.0,54165.0,14718.0,82798.0,8539.0,37378.0,3798.0,1122.0,119.01,3674.0,133529.22,Semiconductors/Hardware,20589.0,20589.0,2025-01-16,205405.0,Sanjay Mehrotra,MICRON TECHNOLOGY INC,Chairman/President/CEO,2027-01-01,10.0,40.0,Executive Director,1.0,1.0,0.0,0.0,0.0,0.0,0.0,0.0,1.0,1.0,1958-06-27,M,,48551.0,0.03943447020538654,0.1031305103988019,0.04982385520662386,11.324159185492253,0.6541824681755598,0.9022853868973223,0.5863788980410155,0.04587067320466678,67.0,0,1.5622273968873046,-0.10715234353633471,-0.491437888389294,-0.5932455801115535,1.7735038512552161
I,USD,STD,INDL,C,3674,9/30/15,7346,MICROSEMI CORP,MSCC,2015,2450.1,1207.2,953.9,2450.1,84.6,1245.6,200.3,95.1,32.82,3674.0,3121.182,Semiconductors/Hardware,20600.0,20600.0,2013-11-12,201550.0,Jimmy Peterson,MICROSEMI CORP (De-listed 05/2018),Chairman/CEO,2018-05-29,10.0,10.0,Executive Director,0.0,0.0,0.0,0.0,0.0,0.0,0.0,0.0,0.0,0.0,1955-06-15,M,,380.1,0.020563857633543736,0.03452920288967797,-0.031120380228527596,7.80388411903234,0.49271458307824173,0.9499081477596502,0.1551365250397943,0.08175176523407209,60.0,0,-0.6720449074444793,-0.23674111240146314,-0.1428900246012513,-0.648546397838306,-0.5106751006852247
I,USD,STD,INDL,C,3674,9/30/17,7346,MICROSEMI CORP,MSCC,2017,4323.1,1994.3,1735.6,4323.1,176.3,1811.8,341.6,116.3,51.48,3674.0,5987.124,Semiconductors/Hardware,20600.0,20600.0,2013-11-12,201550.0,Jimmy Peterson,MICROSEMI CORP (De-listed 05/2018),Chairman/CEO,2018-05-29,10.0,10.0,Executive Director,0.0,0.0,0.0,0.0,0.0,0.0,0.0,0.0,0.0,0.0,1955-06-15,M,,527.3,0.015203910185662937,0.040780921098285954,-0.01685326673837339,8.37172801648429,0.46131248409705994,1.0993180516933687,0.12197265850894032,0.079017371793389,62.0,0,-0.6720449074444793,-0.23674111240146314,-0.1428900246012513,-0.648546397838306,-0.5106751006852247
A,USD,STD,INDL,C,3674,12/31/21,6008,INTEL CORP,INTC,2021,168406.0,95391.0,33805.0,168406.0,19868.0,79024.0,15190.0,4070.0,51.5,3674.0,209605.0,Semiconductors/Hardware,16239.0,16239.0,2021-02-15,486395.0,Doctor Pat Gelsinger,INTEL CORP,CEO,2024-12-01,10.0,10.0,Executive Director,1.0,0.0,0.0,0.0,0.0,0.0,0.0,0.0,1.0,1.0,1960-06-15,M,,67385.0,0.019808676005772647,0.11797679417597948,0.05214119699456092,12.03413300960933,0.5664346876002043,0.7872405727428569,0.4001341994940798,0.09019868650760662,61.0,0,1.5764848428835998,-0.142984627539358,-0.4574939900475732,-0.6449475881648674,0.986169623191155
A,USD,STD,INDL,C,2834,12/31/15,8020,NOVO NORDISK A/S,NVO,2015,13357.828,6834.539,0.0,13357.828,5072.538,15704.64,1980.123,2547.831,58.08,2834.0,147978.02448,Biotech,1916059.0,1916059.0,2011-04-07,732483.0,Doctor Quinton Hennigh,NOVO RESOURCES CORP (Galliard Resources Corp prior to 06/2011),President/CEO,2017-06-05,10.0,10.0,Executive Director,1.0,0.0,0.0,0.0,1.0,0.0,0.0,0.0,1.0,0.0,1967-06-15,M,,6760.328,0.015658188116592725,0.3797427246405628,0.31409314152235723,9.499857859023614,0.5116504719180394,3.0750747585590346,0.5060948531452868,0.14823689899286022,48.0,0,1.346396410336024,-0.17476717671278105,-0.18294111675517574,-0.49941972444331517,-1.1391929588974257
A,USD,STD,INDL,C,2834,12/31/16,8020,NOVO NORDISK A/S,NVO,2016,13842.781,6424.598,0.0,13842.781,5382.334,15863.87,2066.788,2504.333,35.86,2834.0,89805.38138,Biotech,1916059.0,1916059.0,2011-04-07,732483.0,Doctor Quinton Hennigh,NOVO RESOURCES CORP (Galliard Resources Corp prior to 06/2011),President/CEO,2017-06-05,10.0,10.0,Executive Director,1.0,0.0,0.0,0.0,1.0,0.0,0.0,0.0,1.0,0.0,1967-06-15,M,,6353.496,0.018560388537124085,0.3888188363306477,0.3388245749575525,9.53551914829242,0.4641117995004038,2.6375108390628363,0.45897540385851654,0.1493043919426306,49.0,0,1.346396410336024,-0.17476717671278105,-0.18294111675517574,-0.49941972444331517,-1.1391929588974257
A,USD,STD,INDL,C,2834,12/31/17,8020,NOVO NORDISK A/S,NVO,2017,16526.73,8043.369,0.0,16526.73,6156.653,18034.973,2262.768,2444.0,53.67,2834.0,131169.48,Biotech,1916059.0,1916059.0,2017-10-20,1264832.0,Rob Humphryson,NOVO RESOURCES CORP (Galliard Resources Corp prior to 06/2011),CEO,2022-04-13,10.0,10.0,Executive Director,0.0,0.0,0.0,0.0,0.0,0.0,0.0,0.0,0.0,0.0,1900-01-01,M,,7964.413,0.014649156199158592,0.37252699112286586,0.3148928032862065,9.712734349104128,0.48668847376341234,2.7916422022249554,0.48191100114783747,0.1369156511905259,117.0,0,-0.6720449074444793,-0.23674111240146314,-0.1428900246012513,-0.648546397838306,-0.5106751006852247
A,USD,STD,INDL,C,2834,12/31/18,8020,NOVO NORDISK A/S,NVO,2018,16989.192,7950.805,0.0,16989.192,5924.568,17152.076,2270.716,2394.0,46.07,2834.0,110291.58,Biotech,1916059.0,1916059.0,2017-10-20,1264832.0,Rob Humphryson,NOVO RESOURCES CORP (Galliard Resources Corp prior to 06/2011),CEO,2022-04-13,10.0,10.0,Executive Director,0.0,0.0,0.0,0.0,0.0,0.0,0.0,0.0,0.0,0.0,1900-01-01,M,,7877.338,0.014774345922862859,0.3487257074968604,0.27200055230494985,9.740332656148391,0.4679919445256726,2.6298544046819625,0.4636676070292219,0.13365650349940128,118.0,0,-0.6720449074444793,-0.23674111240146314,-0.1428900246012513,-0.648546397838306,-0.5106751006852247
A,USD,STD,INDL,C,2834,12/31/19,8020,NOVO NORDISK A/S,NVO,2019,18864.091,8649.17,451.884,18864.091,5849.562,18324.804,2135.523,2352.0,57.88,2834.0,136133.76,Biotech,1916059.0,1916059.0,2017-10-20,1264832.0,Rob Humphryson,NOVO RESOURCES CORP (Galliard Resources Corp prior to 06/2011),CEO,2022-04-13,10.0,10.0,Executive Director,0.0,0.0,0.0,0.0,0.0,0.0,0.0,0.0,0.0,0.0,1900-01-01,M,,8578.587,0.012707855880572022,0.3100897891130826,0.2298905820531176,9.84501544676891,0.45849916648514893,2.7561745692169572,0.45475750726605374,0.11320571979853152,119.0,0,-0.6720449074444793,-0.23674111240146314,-0.1428900246012513,-0.648546397838306,-0.5106751006852247
A,USD,STD,INDL,C,2834,12/31/20,8020,NOVO NORDISK A/S,NVO,2020,23441.699,10243.066,468.601,23441.699,6815.986,20534.011,2501.039,2312.5,69.85,2834.0,161528.125,Biotech,1916059.0,1916059.0,2017-10-20,1264832.0,Rob Humphryson,NOVO RESOURCES CORP (Galliard Resources Corp prior to 06/2011),CEO,2022-04-13,10.0,10.0,Executive Director,0.0,0.0,0.0,0.0,0.0,0.0,0.0,0.0,0.0,0.0,1900-01-01,M,,10168.336,0.019873124151503274,0.2907633102873644,0.23085654936245664,10.062271723999341,0.4369591982219378,2.7580782872489973,0.43377128935918846,0.10669188270014048,120.0,0,-0.6720449074444793,-0.23674111240146314,-0.1428900246012513,-0.648546397838306,-0.5106751006852247
A,USD,STD,INDL,C,2834,12/31/21,8020,NOVO NORDISK A/S,NVO,2021,29752.082,10821.358,1982.524,29752.082,7304.945,21536.868,2718.418,2278.9,112.0,2834.0,255236.8,Biotech,1916059.0,1916059.0,2021-08-05,732483.0,Doctor Quinton Hennigh,NOVO RESOURCES CORP (Galliard Resources Corp prior to 06/2011),Co-Chairman/Acting CEO,2022-04-13,10.0,10.0,Executive Director,1.0,0.0,0.0,0.0,1.0,0.0,0.0,0.0,1.0,0.0,1967-06-15,M,,10751.608,0.01539211471561831,0.2455271869713185,0.17969158978989996,10.300654391718343,0.3637176719262874,3.160669967840928,0.3613732981779225,0.0913690006635502,54.0,0,1.346396410336024,-0.17476717671278105,-0.18294111675517574,-0.49941972444331517,-1.1391929588974257
A,USD,STD,INDL,C,2834,12/31/22,8020,NOVO NORDISK A/S,NVO,2022,34663.791,11995.263,3494.009,34663.791,7977.829,25424.74,3455.072,2249.9,135.34,2834.0,304501.466,Biotech,1916059.0,1916059.0,2022-04-13,1114611.0,Mike Spreadborough,NOVO RESOURCES CORP (Galliard Resources Corp prior to 06/2011),Co-Chairman (Executive)/Acting CEO,2027-01-01,10.0,40.0,Executive Director,1.0,0.0,1.0,0.0,0.0,0.0,0.0,0.0,0.0,0.0,1900-01-01,M,,11930.607,0.02045330101483247,0.23014877397570277,0.17309352872972814,10.453450934091622,0.34604590709654354,3.2341640797345717,0.34418067544891445,0.09967380659547596,122.0,0,-0.6637970751564273,-0.2472783908292412,-0.17753790169760764,-0.006433528133942844,0.021768553178682218
A,USD,STD,INDL,C,2834,12/31/23,8020,NOVO NORDISK A/S,NVO,2023,46639.066,15803.265,3044.354,46639.066,12410.4,34444.892,4811.379,4458.3,103.45,2834.0,461211.135,Biotech,1916059.0,1916059.0,2022-04-13,1114611.0,Mike Spreadborough,NOVO RESOURCES CORP (Galliard Resources Corp prior to 06/2011),Co-Chairman (Executive)/Acting CEO,2027-01-01,10.0,40.0,Executive Director,1.0,0.0,1.0,0.0,0.0,0.0,0.0,0.0,0.0,0.0,1900-01-01,M,,15737.123,0.019284696941021716,0.2660945225618369,0.2174042629472006,10.750193795094868,0.3388417984185189,3.373639367387762,0.337423631082149,0.10316199299531427,123.0,0,-0.6637970751564273,-0.2472783908292412,-0.17753790169760764,-0.006433528133942844,0.021768553178682218
A,USD,STD,INDL,C,2834,12/31/24,8020,NOVO NORDISK A/S,NVO,2024,64661.327,19918.623,12448.48,64661.327,14019.081,40313.535,6671.932,4441.0,86.02,2834.0,382014.82,Biotech,1916059.0,1916059.0,2022-04-13,1114611.0,Mike Spreadborough,NOVO RESOURCES CORP (Galliard Resources Corp prior to 06/2011),Co-Chairman (Executive)/Acting CEO,2027-01-01,10.0,40.0,Executive Director,1.0,0.0,1.0,0.0,0.0,0.0,0.0,0.0,0.0,0.0,1900-01-01,M,,19856.988,0.02243515444547569,0.2168078146617684,0.1597386954737469,11.076918573803137,0.308045379272838,2.9538042804044746,0.30709218200857524,0.10318272620665518,124.0,0,-0.6637970751564273,-0.2472783908292412,-0.17753790169760764,-0.006433528133942844,0.021768553178682218
A,USD,STD,INDL,C,2834,12/31/25,8020,NOVO NORDISK A/S,NVO,2025,85350.226,30506.344,18698.847,85350.226,16103.763,48588.295,8181.109,4444.0,50.88,2834.0,226110.72,Biotech,1916059.0,1916059.0,2022-04-13,1114611.0,Mike Spreadborough,NOVO RESOURCES CORP (Galliard Resources Corp prior to 06/2011),Co-Chairman (Executive)/Acting CEO,2027-01-01,10.0,40.0,Executive Director,1.0,0.0,1.0,0.0,0.0,0.0,0.0,0.0,0.0,0.0,1900-01-01,M,,30436.542,0.030976739090198522,0.18867862165942012,0.1353719664672421,11.354518376139408,0.35742546247036305,2.0030901288248852,0.35660763218131375,0.09585339586564189,125.0,0,-0.6637970751564273,-0.2472783908292412,-0.17753790169760764,-0.006433528133942844,0.021768553178682218
A,USD,STD,INDL,C,3674,12/31/15,10499,TEXAS INSTRUMENTS INC,TXN,2015,16230.0,9946.0,3120.0,16230.0,2986.0,13000.0,1280.0,1011.268,54.81,3674.0,55427.59908000001,Semiconductors/Hardware,30509.0,30509.0,2008-04-17,13520.0,Rich Templeton,TEXAS INSTRUMENTS INC,Chairman/President/CEO,2018-06-01,10.0,10.0,Executive Director,1.0,0.0,0.0,0.0,0.0,0.0,0.0,0.0,0.0,0.0,1958-06-15,M,,30644.0,0.017081691164963955,0.1839802834257548,0.11833070030754922,9.694616660508636,0.6128157732593962,1.7179071877504104,1.8881084411583486,0.07886629698089957,57.0,0,-0.6773650833982051,-0.27530597743840163,-0.18806471044490725,-0.6182375476915621,0.1164894900028803
A,USD,STD,INDL,C,3674,12/31/16,10499,TEXAS INSTRUMENTS INC,TXN,2016,16431.0,10473.0,2978.0,16431.0,3595.0,13370.0,1370.0,995.984,72.97,3674.0,72676.95248,Semiconductors/Hardware,30509.0,30509.0,2008-04-17,13520.0,Rich Templeton,TEXAS INSTRUMENTS INC,Chairman/President/CEO,2018-06-01,10.0,10.0,Executive Director,1.0,0.0,0.0,0.0,0.0,0.0,0.0,0.0,0.0,0.0,1958-06-15,M,,32581.0,0.01327233887838336,0.2187937435335646,0.16879948216046944,9.706925073451831,0.6373927332481285,1.9372237952029217,1.9828981802690038,0.08337897875966162,58.0,0,-0.6773650833982051,-0.27530597743840163,-0.18806471044490725,-0.6182375476915621,0.1164894900028803
A,USD,STD,INDL,C,2834,12/31/23,7257,MERCK & CO INC,MRK,2023,106675.0,37581.0,34611.0,106675.0,365.0,60115.0,30531.0,2531.633,109.02,2834.0,275998.62966,Biotech,27219.0,27219.0,2022-12-01,485800.0,Rob Davis,MERCK & CO INC (Schering-Plough Corp prior to 11/2009),Chairman/President/CEO,2027-01-01,10.0,40.0,Executive Director,1.0,0.0,1.0,1.0,0.0,0.0,0.0,0.0,0.0,0.0,1966-06-15,M,,48734.0,0.011855046788513629,0.003421607686899461,-0.045268651927736825,11.577542108056202,0.3522943520037497,1.9938972971746596,0.4568455589407078,0.2862057651745957,57.0,0,-0.5986162497683529,-0.13342965404338525,-0.11640577451831292,1.683520041240194,0.08550762578148682
A,USD,STD,INDL,C,2834,12/31/22,7257,MERCK & CO INC,MRK,2022,109160.0,45991.0,29758.0,109160.0,14519.0,59283.0,13548.0,2537.834,110.95,2834.0,281572.6823,Biotech,27219.0,27219.0,2022-12-01,485800.0,Rob Davis,MERCK & CO INC (Schering-Plough Corp prior to 11/2009),Chairman/President/CEO,2027-01-01,10.0,40.0,Executive Director,1.0,0.0,1.0,1.0,0.0,0.0,0.0,0.0,0.0,0.0,1966-06-15,M,,56313.0,0.012554122357522624,0.13300659582264565,0.07595135057667102,11.600569974822275,0.4213173323561744,1.8119448855275824,0.5158757786735068,0.12411139611579333,56.0,0,-0.5986162497683529,-0.13342965404338525,-0.11640577451831292,1.683520041240194,0.08550762578148682
A,USD,STD,INDL,C,2834,12/31/21,7257,MERCK & CO INC,MRK,2021,105694.0,38184.0,31915.0,105694.0,13049.0,48704.0,12245.0,2527.604,76.64,2834.0,193715.57056,Biotech,27219.0,27219.0,2021-07-01,485800.0,Rob Davis,MERCK & CO INC (Schering-Plough Corp prior to 11/2009),President/CEO,2022-12-01,10.0,10.0,Executive Director,1.0,0.0,1.0,1.0,0.0,0.0,0.0,0.0,0.0,0.0,1966-06-15,M,,49267.0,0.014818760789901462,0.12346017749351902,0.057624580312100465,11.568303405819542,0.36126932465419037,1.6239743724038016,0.4661286354949193,0.11585331239237799,55.0,0,-0.5986162497683529,-0.13342965404338525,-0.11640577451831292,1.683520041240194,0.08550762578148682
A,USD,STD,INDL,C,2834,12/31/20,7257,MERCK & CO INC,MRK,2020,91588.0,25317.0,26722.0,91588.0,7067.0,47994.0,13558.0,2530.226,81.8,2834.0,206972.4868,Biotech,27219.0,27219.0,2011-12-01,31551.0,Ken Frazier,MERCK & CO INC (Schering-Plough Corp prior to 11/2009),Chairman/President/CEO,2021-04-01,10.0,10.0,Executive Director,1.0,0.0,0.0,0.0,0.0,0.0,0.0,0.0,0.0,0.0,1954-12-17,M,Black Association Network,40728.0,0.02005820070669818,0.07716076341878848,0.017254002493880725,11.425055537713588,0.2764226754596672,2.1011097635779183,0.4446870769096388,0.14803249333973884,66.0,0,-0.6773650833982051,-0.27530597743840163,-0.18806471044490725,-0.6182375476915621,0.1164894900028803
A,USD,STD,INDL,C,3674,12/31/22,6008,INTEL CORP,INTC,2022,182103.0,101423.0,37920.0,182103.0,8014.0,63054.0,17528.0,4137.0,26.43,3674.0,109340.91,Semiconductors/Hardware,16239.0,16239.0,2021-02-15,486395.0,Doctor Pat Gelsinger,INTEL CORP,CEO,2024-12-01,10.0,10.0,Executive Director,1.0,0.0,0.0,0.0,0.0,0.0,0.0,0.0,1.0,1.0,1960-06-15,M,,69843.0,0.02413029198795836,0.04400806137186098,-0.01304718387411366,12.112327740044577,0.5569540315096402,0.0751707262015737,0.38353569133951665,0.09625321933191655,62.0,0,1.5764848428835998,-0.142984627539358,-0.4574939900475732,-0.6449475881648674,0.986169623191155
A,USD,STD,INDL,C,3674,12/31/23,6008,INTEL CORP,INTC,2023,191572.0,105590.0,47267.0,191572.0,1689.0,54228.0,16046.0,4228.0,50.25,3674.0,212457.0,Semiconductors/Hardware,16239.0,16239.0,2021-02-15,486395.0,Doctor Pat Gelsinger,INTEL CORP,CEO,2024-12-01,10.0,10.0,Executive Director,1.0,0.0,0.0,0.0,0.0,0.0,0.0,0.0,1.0,1.0,1960-06-15,M,,68941.0,0.024211884803458983,0.008816528511473493,-0.03987373110316279,12.163018996052674,0.5511765811287662,0.6991759451287533,0.3598699183596768,0.08375963084375587,63.0,0,1.5764848428835998,-0.142984627539358,-0.4574939900475732,-0.6449475881648674,0.986169623191155
A,USD,STD,INDL,C,3674,12/31/25,6008,INTEL CORP,INTC,2025,211429.0,114281.0,44367.0,211429.0,-267.0,52853.0,13774.0,4994.0,36.9,3674.0,184278.6,Semiconductors/Hardware,16239.0,16239.0,2025-03-18,182411.0,Lip-Bu Tan,INTEL CORP,CEO,2027-01-01,10.0,40.0,Executive Director,1.0,0.0,1.0,0.0,0.0,0.0,0.0,0.0,1.0,1.0,1959-11-12,M,Asian Association Network,49096.0,0.040268952086954794,-0.0012628352780365986,-0.05456949047021464,12.261644523709958,0.5405171476003765,0.4777884151422536,0.23221034011417543,0.06514716524223262,66.0,0,1.590052851125378,-0.11495704093019751,-0.4469671813002735,-0.033143568607248035,0.891448686366957
A,USD,STD,INDL,C,2834,12/31/15,6266,JOHNSON & JOHNSON,JNJ,2015,133411.0,71150.0,12857.0,133411.0,15409.0,70074.0,9270.0,2755.162,102.72,2834.0,283010.24064,Biotech,17478.0,17478.0,2012-12-28,747756.0,Alex Gorsky,JOHNSON & JOHNSON,Chairman/CEO,2022-01-03,10.0,10.0,Executive Director,1.0,0.0,1.0,1.0,0.0,0.0,0.0,0.0,0.0,0.0,1960-05-24,M,,90714.0,0.010309338007222257,0.1155002211211969,0.04985063800299133,11.801189867834738,0.5333143443943903,1.3806927584597455,0.6799589239268127,0.0694845252640337,55.0,0,-0.5986162497683529,-0.13342965404338525,-0.11640577451831292,1.683520041240194,0.08550762578148682
A,USD,STD,INDL,C,2834,12/31/16,6266,JOHNSON & JOHNSON,JNJ,2016,141208.0,70418.0,22442.0,141208.0,16540.0,71890.0,9124.0,2706.511,115.21,2834.0,311817.13230999996,Biotech,17478.0,17478.0,2012-12-28,747756.0,Alex Gorsky,JOHNSON & JOHNSON,Chairman/CEO,2022-01-03,10.0,10.0,Executive Director,1.0,0.0,1.0,1.0,0.0,0.0,0.0,0.0,0.0,0.0,1960-05-24,M,,95650.0,0.008495826127930615,0.11713217381451475,0.06713791244141959,11.857989259660116,0.4986827941759674,1.4879679892851185,0.6773695541329103,0.06461390289502011,56.0,0,-0.5986162497683529,-0.13342965404338525,-0.11640577451831292,1.683520041240194,0.08550762578148682
A,USD,STD,INDL,C,2834,12/31/17,6266,JOHNSON & JOHNSON,JNJ,2017,157303.0,60160.0,30675.0,157303.0,1300.0,76450.0,10962.0,2682.525,139.72,2834.0,374802.393,Biotech,17478.0,17478.0,2012-12-28,747756.0,Alex Gorsky,JOHNSON & JOHNSON,Chairman/CEO,2022-01-03,10.0,10.0,Executive Director,1.0,0.0,1.0,1.0,0.0,0.0,0.0,0.0,0.0,0.0,1960-05-24,M,,88594.0,0.007206850757282064,0.008264305194433672,-0.04936988264222567,11.965929160701757,0.3824466157670229,1.8293912554408276,0.5632060418428129,0.06968716426260148,57.0,0,-0.5986162497683529,-0.13342965404338525,-0.11640577451831292,1.683520041240194,0.08550762578148682
A,USD,STD,INDL,C,2834,12/31/18,6266,JOHNSON & JOHNSON,JNJ,2018,152954.0,59752.0,27684.0,152954.0,15297.0,81581.0,11901.0,2662.324,129.05,2834.0,343572.9122,Biotech,17478.0,17478.0,2012-12-28,747756.0,Alex Gorsky,JOHNSON & JOHNSON,Chairman/CEO,2022-01-03,10.0,10.0,Executive Director,1.0,0.0,1.0,1.0,0.0,0.0,0.0,0.0,0.0,0.0,1960-05-24,M,,90994.0,0.01379591604558612,0.10001046066137531,0.023285305469464793,11.937892501574447,0.39065339906115565,1.7491966886740975,0.594910888240909,0.07780770689226826,58.0,0,-0.5986162497683529,-0.13342965404338525,-0.11640577451831292,1.683520041240194,0.08550762578148682
A,USD,STD,INDL,C,2834,12/31/19,6266,JOHNSON & JOHNSON,JNJ,2019,157728.0,59471.0,27210.0,157728.0,15119.0,82059.0,12245.0,2632.507,145.87,2834.0,384003.79609,Biotech,17478.0,17478.0,2012-12-28,747756.0,Alex Gorsky,JOHNSON & JOHNSON,Chairman/CEO,2022-01-03,10.0,10.0,Executive Director,1.0,0.0,1.0,1.0,0.0,0.0,0.0,0.0,0.0,0.0,1960-05-24,M,,94768.0,0.01036296997251675,0.09585488942990465,0.015655682369939652,11.968627309505104,0.3770478291742747,1.8651636394118358,0.6008318117265166,0.07763364779874214,59.0,0,-0.5986162497683529,-0.13342965404338525,-0.11640577451831292,1.683520041240194,0.08550762578148682
A,USD,STD,INDL,C,2834,12/31/20,6266,JOHNSON & JOHNSON,JNJ,2020,174894.0,63278.0,32635.0,174894.0,14714.0,82584.0,12340.0,2632.512,157.38,2834.0,414304.73856,Biotech,17478.0,17478.0,2012-12-28,747756.0,Alex Gorsky,JOHNSON & JOHNSON,Chairman/CEO,2022-01-03,10.0,10.0,Executive Director,1.0,0.0,1.0,1.0,0.0,0.0,0.0,0.0,0.0,0.0,1960-05-24,M,,98648.0,0.01906630318168182,0.08413095932393336,0.0242241983990256,12.071935355100928,0.3618077235353986,1.8790640691296467,0.5640445069585006,0.0705570231111416,60.0,0,-0.5986162497683529,-0.13342965404338525,-0.11640577451831292,1.683520041240194,0.08550762578148682
A,USD,STD,INDL,C,2834,12/31/21,6266,JOHNSON & JOHNSON,JNJ,2021,182018.0,74023.0,29985.0,182018.0,20878.0,93775.0,15614.0,2628.965,171.07,2834.0,449737.04255,Biotech,17478.0,17478.0,2012-12-28,747756.0,Alex Gorsky,JOHNSON & JOHNSON,Chairman/CEO,2022-01-03,10.0,10.0,Executive Director,1.0,0.0,1.0,1.0,0.0,0.0,0.0,0.0,0.0,0.0,1960-05-24,M,,110002.0,0.009130970666640939,0.1147029414673274,0.048867344285908845,12.111860862267442,0.40667955916447823,1.804287206353233,0.6043468228416969,0.08578272478546078,61.0,0,-0.5986162497683529,-0.13342965404338525,-0.11640577451831292,1.683520041240194,0.08550762578148682
A,USD,STD,INDL,C,2834,12/31/22,6266,JOHNSON & JOHNSON,JNJ,2022,187378.0,76804.0,26888.0,187378.0,17941.0,94943.0,15386.0,2613.597,176.65,2834.0,461691.91005000006,Biotech,17478.0,17478.0,2022-01-03,879247.0,Joaquin Duato,JOHNSON & JOHNSON,CEO,2023-01-28,10.0,15.0,Executive Director,1.0,0.0,1.0,0.0,0.0,0.0,0.0,0.0,1.0,0.0,1961-06-15,M,,115378.0,0.010964212257120314,0.09574763312662106,0.03869238788064642,12.140883245950512,0.40988803381400163,1.793641085136492,0.6157499813211796,0.08211209426933791,61.0,0,1.3416881291615947,-0.17194982988266744,-0.43683611657748583,0.1173934945119674,-0.5322033147840854
A,USD,STD,INDL,C,2834,12/31/23,6266,JOHNSON & JOHNSON,JNJ,2023,167558.0,68774.0,25881.0,167558.0,35153.0,85159.0,15398.0,2407.078,156.74,2834.0,377285.40572,Biotech,17478.0,17478.0,2023-01-01,879247.0,Joaquin Duato,JOHNSON & JOHNSON,Chairman/CEO,2027-01-01,20.0,40.0,Executive Director,1.0,0.0,1.0,0.0,0.0,0.0,0.0,0.0,1.0,0.0,1961-06-15,M,,141316.0,0.010419331496881729,0.20979601093352748,0.1611057513188912,12.029084838966819,0.41044891918022414,1.702176178846895,0.8433855739505126,0.09189653731842108,62.0,0,1.3416881291615947,-0.17194982988266744,-0.43683611657748583,0.1173934945119674,-0.5322033147840854
A,USD,STD,INDL,C,2834,12/31/24,6266,JOHNSON & JOHNSON,JNJ,2024,180104.0,71490.0,30651.0,180104.0,14066.0,88821.0,17443.0,2406.922,144.62,2834.0,348089.05964,Biotech,17478.0,17478.0,2023-01-01,879247.0,Joaquin Duato,JOHNSON & JOHNSON,Chairman/CEO,2027-01-01,20.0,40.0,Executive Director,1.0,0.0,1.0,0.0,0.0,0.0,0.0,0.0,1.0,0.0,1961-06-15,M,,144050.0,0.009524956571043412,0.07809932039266201,0.02103020120464049,12.10128974080081,0.39693732510105273,1.5829007857599062,0.7998156620619198,0.09684959801003865,63.0,0,1.3416881291615947,-0.17194982988266744,-0.43683611657748583,0.1173934945119674,-0.5322033147840854
A,USD,STD,INDL,C,2834,12/31/25,6266,JOHNSON & JOHNSON,JNJ,2025,199210.0,81544.0,39438.0,199210.0,26804.0,94193.0,14746.0,2407.939,206.95,2834.0,498322.97604999994,Biotech,17478.0,17478.0,2023-01-01,879247.0,Joaquin Duato,JOHNSON & JOHNSON,Chairman/CEO,2027-01-01,20.0,40.0,Executive Director,1.0,0.0,1.0,0.0,0.0,0.0,0.0,0.0,1.0,0.0,1961-06-15,M,,154048.0,0.012318655645146951,0.13455147833944078,0.08124482314726274,12.20211482367583,0.4093368806786808,1.8101056612284243,0.7732945133276442,0.07402238843431555,64.0,0,1.3416881291615947,-0.17194982988266744,-0.43683611657748583,0.1173934945119674,-0.5322033147840854
A,USD,STD,INDL,C,2834,12/31/15,6730,LILLY (ELI) & CO,LLY,2015,35568.9,14571.3,7972.4,35568.9,2408.4,19958.7,5331.4,1055.267,84.26,2834.0,88916.79742,Biotech,18888.0,18888.0,2009-01-01,33316.0,Doctor John Lechleiter,ELI LILLY & CO,Chairman/President/CEO,2016-12-31,10.0,10.0,Executive Director,1.0,0.0,0.0,0.0,1.0,1.0,0.0,0.0,1.0,1.0,1953-06-15,M,,11431.1,0.016983437898090526,0.0677108372763847,0.002061254158179135,10.479226939527571,0.4096640604573096,1.8086472313675175,0.32137906991782145,0.14988936964595473,62.0,0,1.0696467132820562,-0.3793636628611668,3.9639718650738267,-0.4961083873776064,0.17442398210701618
A,USD,STD,INDL,C,2834,12/31/17,6730,LILLY (ELI) & CO,LLY,2017,44981.0,11592.2,9940.5,44981.0,-204.1,22871.3,6394.4,1050.008,84.46,2834.0,88683.67568,Biotech,18888.0,18888.0,2017-06-01,1068880.0,Dave Ricks,ELI LILLY & CO,Chair/CEO,2027-01-01,10.0,40.0,Executive Director,1.0,0.0,1.0,0.0,0.0,0.0,0.0,0.0,0.0,0.0,1967-06-15,M,,8175.5,0.009409744633131604,-0.004537471376803539,-0.06217165921346288,10.713995457369334,0.257713256708388,2.0347433745461556,0.18175451857450925,0.1421577999599831,50.0,0,-0.6637970751564273,-0.2472783908292412,-0.17753790169760764,-0.006433528133942844,0.021768553178682218
A,USD,STD,INDL,C,2834,12/31/18,6730,LILLY (ELI) & CO,LLY,2018,43908.4,9828.7,11639.7,43908.4,3232.0,24555.7,7291.0,1007.035,115.72,2834.0,116534.0902,Biotech,18888.0,18888.0,2017-06-01,1068880.0,Dave Ricks,ELI LILLY & CO,Chair/CEO,2027-01-01,10.0,40.0,Executive Director,1.0,0.0,1.0,0.0,0.0,0.0,0.0,0.0,0.0,0.0,1967-06-15,M,,5666.7,0.014169264031873364,0.07360778347651019,-0.00311737171540033,10.689860924722895,0.22384555119293803,2.472877172749665,0.12905731021854588,0.1660502318462982,51.0,0,-0.6637970751564273,-0.2472783908292412,-0.17753790169760764,-0.006433528133942844,0.021768553178682218
A,USD,STD,INDL,C,2834,12/31/19,6730,LILLY (ELI) & CO,LLY,2019,39286.1,2606.9,14304.6,39286.1,8318.4,22319.5,5834.6,907.526,131.43,2834.0,119276.14218,Biotech,18888.0,18888.0,2017-06-01,1068880.0,Dave Ricks,ELI LILLY & CO,Chair/CEO,2027-01-01,10.0,40.0,Executive Director,1.0,0.0,1.0,0.0,0.0,0.0,0.0,0.0,0.0,0.0,1967-06-15,M,,-1603.2,0.013020785829534441,0.21173901201697293,0.13153980495700793,10.578626045727015,0.06635680304229741,3.8232795514286577,-0.04080832660915693,0.1485156327556057,52.0,0,-0.6637970751564273,-0.2472783908292412,-0.17753790169760764,-0.006433528133942844,0.021768553178682218
A,USD,STD,INDL,C,2834,12/31/20,6730,LILLY (ELI) & CO,LLY,2020,46633.1,5641.6,16586.6,46633.1,6193.7,24539.8,6746.1,906.59,168.84,2834.0,153068.6556,Biotech,18888.0,18888.0,2017-06-01,1068880.0,Dave Ricks,ELI LILLY & CO,Chair/CEO,2027-01-01,10.0,40.0,Executive Director,1.0,0.0,1.0,0.0,0.0,0.0,0.0,0.0,0.0,0.0,1967-06-15,M,,1333.8,0.02682666115416304,0.13281767671460828,0.07291091578970052,10.750065868398963,0.12097844663983309,3.300718836933852,0.02860200158256689,0.14466333998812003,53.0,0,-0.6637970751564273,-0.2472783908292412,-0.17753790169760764,-0.006433528133942844,0.021768553178682218
A,USD,STD,INDL,C,2834,12/31/21,6730,LILLY (ELI) & CO,LLY,2021,48806.0,8979.2,15346.4,48806.0,5581.7,28318.4,7900.8,903.653,276.22,2834.0,249607.03166000004,Biotech,18888.0,18888.0,2017-06-01,1068880.0,Dave Ricks,ELI LILLY & CO,Chair/CEO,2027-01-01,10.0,40.0,Executive Director,1.0,0.0,1.0,0.0,0.0,0.0,0.0,0.0,0.0,0.0,1967-06-15,M,,4615.4,0.019945075335684497,0.11436503708560422,0.048529439904185664,10.795608535103078,0.18397737983034873,3.3249770163272507,0.09456624185550956,0.16188173585214932,54.0,0,-0.6637970751564273,-0.2472783908292412,-0.17753790169760764,-0.006433528133942844,0.021768553178682218
A,USD,STD,INDL,C,2834,12/31/22,6730,LILLY (ELI) & CO,LLY,2022,49489.8,10649.8,14737.5,49489.8,6244.8,28541.4,8099.3,900.182,365.84,2834.0,329322.58288,Biotech,18888.0,18888.0,2017-06-01,1068880.0,Dave Ricks,ELI LILLY & CO,Chair/CEO,2027-01-01,10.0,40.0,Executive Director,1.0,0.0,1.0,0.0,0.0,0.0,0.0,0.0,0.0,0.0,1967-06-15,M,,6198.0,0.01717143232963642,0.12618357722197301,0.06912833197599838,10.809521866717317,0.21519181730376763,3.431496652833661,0.12523792781542864,0.16365594526548904,55.0,0,-0.6637970751564273,-0.2472783908292412,-0.17753790169760764,-0.006433528133942844,0.021768553178682218
A,USD,STD,INDL,C,2834,12/31/23,6730,LILLY (ELI) & CO,LLY,2023,64006.3,10771.9,18320.8,64006.3,5240.4,34124.1,13113.2,899.379,582.92,2834.0,524266.00668,Biotech,18888.0,18888.0,2017-06-01,1068880.0,Dave Ricks,ELI LILLY & CO,Chair/CEO,2027-01-01,10.0,40.0,Executive Director,1.0,0.0,1.0,0.0,0.0,0.0,0.0,0.0,0.0,0.0,1967-06-15,M,,5985.3,0.01816578993936649,0.08187319060779953,0.033182930993163245,11.066736794997157,0.1682943710228524,3.885058310268992,0.09351110750035543,0.2048735827566974,56.0,0,-0.6637970751564273,-0.2472783908292412,-0.17753790169760764,-0.006433528133942844,0.021768553178682218
A,USD,STD,INDL,C,2834,12/31/24,6730,LILLY (ELI) & CO,LLY,2024,78714.9,14192.1,29498.0,78714.9,10590.0,45042.7,14271.0,897.538,772.0,2834.0,692899.336,Biotech,18888.0,18888.0,2017-06-01,1068880.0,Dave Ricks,ELI LILLY & CO,Chair/CEO,2027-01-01,10.0,40.0,Executive Director,1.0,0.0,1.0,0.0,0.0,0.0,0.0,0.0,0.0,0.0,1967-06-15,M,,9223.1,0.019068059952494106,0.13453615516249148,0.07746703597446997,11.273587743042027,0.18029750403036784,3.8881992585760132,0.11717095492721201,0.1812998555546663,57.0,0,-0.6637970751564273,-0.2472783908292412,-0.17753790169760764,-0.006433528133942844,0.021768553178682218
A,USD,STD,INDL,C,2834,12/31/25,6730,LILLY (ELI) & CO,LLY,2025,112476.0,26535.0,42008.0,112476.0,20640.0,65179.0,16247.0,894.8,1074.68,2834.0,961623.664,Biotech,18888.0,18888.0,2017-06-01,1068880.0,Dave Ricks,ELI LILLY & CO,Chair/CEO,2027-01-01,10.0,40.0,Executive Director,1.0,0.0,1.0,0.0,0.0,0.0,0.0,0.0,0.0,0.0,1967-06-15,M,,21612.0,0.025428922129067617,0.18350581457377574,0.1301991593815977,11.630495144534486,0.23591699562573348,3.590158556183314,0.19214765816707563,0.14444859347771968,58.0,0,-0.6637970751564273,-0.2472783908292412,-0.17753790169760764,-0.006433528133942844,0.021768553178682218
A,USD,STD,INDL,C,2834,12/31/15,7257,MERCK & CO INC,MRK,2015,101779.0,44676.0,23929.0,101779.0,4442.0,39498.0,6704.0,2781.129,52.82,2834.0,146899.23378,Biotech,27219.0,27219.0,2011-12-01,31551.0,Ken Frazier,MERCK & CO INC (Schering-Plough Corp prior to 11/2009),Chairman/President/CEO,2021-04-01,10.0,10.0,Executive Director,1.0,0.0,0.0,0.0,0.0,0.0,0.0,0.0,0.0,0.0,1954-12-17,M,Black Association Network,41200.0,0.013770774270769583,0.04364358069935841,-0.022006002418847155,11.530559074981568,0.43895106063136796,1.190310422558445,0.40479863233083446,0.06586820463946394,61.0,0,-0.6773650833982051,-0.27530597743840163,-0.18806471044490725,-0.6182375476915621,0.1164894900028803
A,USD,STD,INDL,C,2834,12/31/16,7257,MERCK & CO INC,MRK,2016,95377.0,40088.0,24274.0,95377.0,3920.0,39807.0,10124.0,2748.731,58.87,2834.0,161817.79397,Biotech,27219.0,27219.0,2011-12-01,31551.0,Ken Frazier,MERCK & CO INC (Schering-Plough Corp prior to 11/2009),Chairman/President/CEO,2021-04-01,10.0,10.0,Executive Director,1.0,0.0,0.0,0.0,0.0,0.0,0.0,0.0,0.0,0.0,1954-12-17,M,Black Association Network,38907.0,0.013216683099755499,0.04110005556895268,-0.008894205804142477,11.465592738222727,0.420310976440861,1.3953939360128575,0.40792853622990866,0.10614718433165228,62.0,0,-0.6773650833982051,-0.27530597743840163,-0.18806471044490725,-0.6182375476915621,0.1164894900028803
A,USD,STD,INDL,C,2834,12/31/17,7257,MERCK & CO INC,MRK,2017,87872.0,34336.0,21353.0,87872.0,2394.0,40122.0,10208.0,2696.612,56.27,2834.0,151738.35724,Biotech,27219.0,27219.0,2011-12-01,31551.0,Ken Frazier,MERCK & CO INC (Schering-Plough Corp prior to 11/2009),Chairman/President/CEO,2021-04-01,10.0,10.0,Executive Director,1.0,0.0,0.0,0.0,0.0,0.0,0.0,0.0,0.0,0.0,1954-12-17,M,Black Association Network,36440.0,0.00990198533080966,0.02724417334304443,-0.030390014493614913,11.383636489127642,0.39075018208302986,1.4859633372530443,0.41469410050983246,0.11616897305171157,63.0,0,-0.6773650833982051,-0.27530597743840163,-0.18806471044490725,-0.6182375476915621,0.1164894900028803
A,USD,STD,INDL,C,2834,12/31/18,7257,MERCK & CO INC,MRK,2018,82637.0,26701.0,19806.0,82637.0,6220.0,42294.0,9752.0,2592.56,76.41,2834.0,198097.5096,Biotech,27219.0,27219.0,2011-12-01,31551.0,Ken Frazier,MERCK & CO INC (Schering-Plough Corp prior to 11/2009),Chairman/President/CEO,2021-04-01,10.0,10.0,Executive Director,1.0,0.0,0.0,0.0,0.0,0.0,0.0,0.0,0.0,0.0,1954-12-17,M,Black Association Network,37034.0,0.012563991811266103,0.07526894732383799,-0.0014562078680725316,11.32221280110167,0.3231119232305142,2.0040583643085412,0.4481527645001634,0.1180100923315222,64.0,0,-0.6773650833982051,-0.27530597743840163,-0.18806471044490725,-0.6182375476915621,0.1164894900028803
A,USD,STD,INDL,C,2834,12/31/19,7257,MERCK & CO INC,MRK,2019,84397.0,25907.0,23504.0,84397.0,9843.0,46840.0,9872.0,2539.017,90.95,2834.0,230923.59615,Biotech,27219.0,27219.0,2011-12-01,31551.0,Ken Frazier,MERCK & CO INC (Schering-Plough Corp prior to 11/2009),Chairman/President/CEO,2021-04-01,10.0,10.0,Executive Director,1.0,0.0,0.0,0.0,0.0,0.0,0.0,0.0,0.0,0.0,1954-12-17,M,Black Association Network,40409.0,0.01158638184763813,0.11662736827138405,0.03642816121141905,11.343287134928612,0.3069658874130597,2.187573700754354,0.4787966396909843,0.11697098238089032,65.0,0,-0.6773650833982051,-0.27530597743840163,-0.18806471044490725,-0.6182375476915621,0.1164894900028803
A,USD,STD,INDL,C,7372,3/31/20,16721,ELECTRONIC ARTS INC,EA,2019,11112.0,7461.0,552.0,11112.0,3039.0,5537.0,1559.0,288.413,100.17,7372.0,28890.33021,Software,10364.0,10364.0,2013-09-17,1207036.0,Andrew Wilson,ELECTRONIC ARTS INC,CEO,2021-08-12,10.0,10.0,Executive Director,0.0,0.0,0.0,0.0,0.0,0.0,0.0,0.0,0.0,0.0,1974-09-07,M,,5328.0,0.023388651401042744,0.273488120950324,0.193288913890359,9.31578088443418,0.6714362850971922,1.3538174908299878,0.4794816414686825,0.14029877609791216,45.0,0,-0.6720449074444793,-0.23674111240146314,-0.1428900246012513,-0.648546397838306,-0.5106751006852247
A,USD,STD,INDL,C,7372,3/31/21,16721,ELECTRONIC ARTS INC,EA,2020,13288.0,7840.0,2078.0,13288.0,837.0,5629.0,1778.0,286.465,135.37,7372.0,38778.767049999995,Software,10364.0,10364.0,2013-09-17,1207036.0,Andrew Wilson,ELECTRONIC ARTS INC,CEO,2021-08-12,10.0,10.0,Executive Director,0.0,0.0,0.0,0.0,0.0,0.0,0.0,0.0,0.0,0.0,1974-09-07,M,,7458.0,0.02290366118517517,0.06298916315472607,0.003082402229818308,9.49461665129313,0.5900060204695966,1.5986340214965347,0.5612582781456954,0.13380493678506925,46.0,0,-0.6720449074444793,-0.23674111240146314,-0.1428900246012513,-0.648546397838306,-0.5106751006852247
A,USD,STD,INDL,C,7372,3/31/22,16721,ELECTRONIC ARTS INC,EA,2021,13800.0,7625.0,2150.0,13800.0,789.0,6991.0,2186.0,280.051,126.51,7372.0,35429.25201,Software,10364.0,10364.0,2021-08-12,1207036.0,Andrew Wilson,ELECTRONIC ARTS INC,Chairman/CEO,2027-01-01,10.0,40.0,Executive Director,0.0,0.0,0.0,0.0,0.0,0.0,0.0,0.0,0.0,0.0,1974-09-07,M,,7837.0,0.015721683144545605,0.05717391304347826,-0.008661684137940294,9.532423871145296,0.552536231884058,1.536105484391362,0.5678985507246377,0.15840579710144928,47.0,0,-0.6720449074444793,-0.23674111240146314,-0.1428900246012513,-0.648546397838306,-0.5106751006852247
A,USD,STD,INDL,C,7372,10/31/22,24975,SYNOPSYS INC,SNPS,2022,9418.087,5515.725,602.097,9418.087,984.594,5081.542,1680.379,152.375,292.55,7372.0,44577.30625,Software,29816.0,29816.0,2022-04-30,64702.0,Doctor Aart De Geus,SYNOPSYS INC,Chairman/CEO,2024-01-01,10.0,10.0,Executive Director,0.0,0.0,0.0,0.0,1.0,0.0,0.0,0.0,1.0,0.0,1954-06-01,M,,5300.03,0.02669566579593205,0.10454288646940722,0.04748764122343258,9.150387268390903,0.5856523729288124,2.089621797332656,0.5627501635947937,0.1784204159507127,68.0,0,1.3517165862897502,-0.13620231167584254,-0.13776643091151977,-0.5297285745900591,-1.7663575495855306
A,USD,STD,INDL,C,7372,10/31/15,24975,SYNOPSYS INC,SNPS,2015,5045.739,3133.989,0.0,5045.739,225.934,2242.211,776.229,155.157,49.98,7372.0,7754.74686,Software,29816.0,29816.0,2012-05-21,64702.0,Doctor Aart De Geus,SYNOPSYS INC,Chairman/Co-CEO,2022-04-30,10.0,10.0,Executive Director,0.0,0.0,0.0,0.0,1.0,0.0,0.0,0.0,1.0,0.0,1954-06-01,M,,1620.352,0.013255833868434085,0.04477718724650641,-0.02087239587169916,8.526299403725332,0.6211159554626191,0.9059985198932338,0.3211327419036142,0.15383851602312368,61.0,0,1.3517165862897502,-0.13620231167584254,-0.13776643091151977,-0.5297285745900591,-1.7663575495855306
A,USD,STD,INDL,C,7372,10/31/16,24975,SYNOPSYS INC,SNPS,2016,5240.365,3195.146,0.0,5240.365,266.826,2422.532,856.705,151.454,59.31,7372.0,8982.73674,Software,29816.0,29816.0,2012-05-21,64702.0,Doctor Aart De Geus,SYNOPSYS INC,Chairman/Co-CEO,2022-04-30,10.0,10.0,Executive Director,0.0,0.0,0.0,0.0,1.0,0.0,0.0,0.0,1.0,0.0,1954-06-01,M,,1843.008,0.01133851556945217,0.050917445635943304,0.0009231842628481465,8.564146431377736,0.6097182161929561,1.0336718121637787,0.3516945861595519,0.16348193303329064,62.0,0,1.3517165862897502,-0.13620231167584254,-0.13776643091151977,-0.5297285745900591,-1.7663575495855306
A,USD,STD,INDL,C,7372,10/31/17,24975,SYNOPSYS INC,SNPS,2017,5396.414,3275.62,134.063,5396.414,136.563,2724.88,908.841,150.445,86.52,7372.0,13016.5014,Software,29816.0,29816.0,2012-05-21,64702.0,Doctor Aart De Geus,SYNOPSYS INC,Chairman/Co-CEO,2022-04-30,10.0,10.0,Executive Director,0.0,0.0,0.0,0.0,1.0,0.0,0.0,0.0,1.0,0.0,1954-06-01,M,,2077.894,0.009819934422234602,0.025306249668761514,-0.03232793816789783,8.593489937883437,0.6069993888534126,1.3797107268472157,0.38505088749677097,0.16841572940845534,63.0,0,1.3517165862897502,-0.13620231167584254,-0.13776643091151977,-0.5297285745900591,-1.7663575495855306
A,USD,STD,INDL,C,7372,10/31/18,24975,SYNOPSYS INC,SNPS,2018,6145.974,3479.152,125.535,6145.974,432.518,3121.058,1084.822,149.265,89.53,7372.0,13363.69545,Software,29816.0,29816.0,2012-05-21,64702.0,Doctor Aart De Geus,SYNOPSYS INC,Chairman/Co-CEO,2022-04-30,10.0,10.0,Executive Director,0.0,0.0,0.0,0.0,1.0,0.0,0.0,0.0,1.0,0.0,1954-06-01,M,,2430.511,0.015430621671908677,0.07037419943527258,-0.006350955756637938,8.72355251228773,0.5660863518133985,1.3457531494680464,0.39546392483925247,0.1765093701990929,64.0,0,1.3517165862897502,-0.13620231167584254,-0.13776643091151977,-0.5297285745900591,-1.7663575495855306
A,USD,STD,INDL,C,7372,10/31/19,24975,SYNOPSYS INC,SNPS,2019,6405.16,4083.013,120.093,6405.16,532.367,3360.694,1136.932,150.331,135.75,7372.0,20407.43325,Software,29816.0,29816.0,2012-05-21,64702.0,Doctor Aart De Geus,SYNOPSYS INC,Chairman/Co-CEO,2022-04-30,10.0,10.0,Executive Director,0.0,0.0,0.0,0.0,1.0,0.0,0.0,0.0,1.0,0.0,1954-06-01,M,,3071.697,0.015599030432005794,0.08311533201356407,0.002916124953599067,8.764859194502824,0.6374568316794584,1.6090640132159695,0.47956600615753553,0.1775025135984113,65.0,0,1.3517165862897502,-0.13620231167584254,-0.13776643091151977,-0.5297285745900591,-1.7663575495855306
A,USD,STD,INDL,C,7372,10/31/20,24975,SYNOPSYS INC,SNPS,2020,8030.062,4907.404,563.234,8030.062,664.347,3685.281,1279.022,152.618,213.86,7372.0,32638.88548,Software,29816.0,29816.0,2012-05-21,64702.0,Doctor Aart De Geus,SYNOPSYS INC,Chairman/Co-CEO,2022-04-30,10.0,10.0,Executive Director,0.0,0.0,0.0,0.0,1.0,0.0,0.0,0.0,1.0,0.0,1954-06-01,M,,3741.323,0.026824800174562353,0.08273248699698707,0.022825726072079312,8.990947527957077,0.6111290298879387,1.8947592985975066,0.46591458447020706,0.15927921851661916,66.0,0,1.3517165862897502,-0.13620231167584254,-0.13776643091151977,-0.5297285745900591,-1.7663575495855306
A,USD,STD,INDL,C,7372,10/31/21,24975,SYNOPSYS INC,SNPS,2021,8752.26,5295.137,512.097,8752.26,757.516,4204.193,1504.823,153.062,333.18,7372.0,50997.19716,Software,29816.0,29816.0,2012-05-21,64702.0,Doctor Aart De Geus,SYNOPSYS INC,Chairman/Co-CEO,2022-04-30,10.0,10.0,Executive Director,0.0,0.0,0.0,0.0,1.0,0.0,0.0,0.0,1.0,0.0,1954-06-01,M,,4500.109,0.019587995183109986,0.08655090228123935,0.020715305099820794,9.077067231715933,0.6050022508472097,2.2649818213828494,0.5141653698587565,0.17193536298053302,67.0,0,1.3517165862897502,-0.13620231167584254,-0.13776643091151977,-0.5297285745900591,-1.7663575495855306
A,USD,STD,INDL,C,7372,10/31/23,24975,SYNOPSYS INC,SNPS,2023,10333.131,6147.308,602.113,10333.131,1229.888,5842.619,1946.813,152.053,469.44,7372.0,71379.76032,Software,29816.0,29816.0,2022-04-30,64702.0,Doctor Aart De Geus,SYNOPSYS INC,Chairman/CEO,2024-01-01,10.0,10.0,Executive Director,0.0,0.0,0.0,0.0,1.0,0.0,0.0,0.0,1.0,0.0,1954-06-01,M,,6545.285,0.017269198225605173,0.11902374991665159,0.0703334903020153,9.243110613962308,0.5949124229626045,2.4520000978408105,0.6334270803302504,0.18840494715493303,69.0,0,1.3517165862897502,-0.13620231167584254,-0.13776643091151977,-0.5297285745900591,-1.7663575495855306
A,USD,STD,INDL,C,2836,12/31/24,24468,BIOGEN INC,BIIB,2024,28049.3,16716.0,4881.7,28049.3,1632.2,9675.9,2041.8,145.8,152.92,2836.0,22295.736,Biotech,440155.0,440155.0,2022-11-14,1026.0,Chris Viehbacher,BIOGEN INC (Biogen Idec Inc prior to 03/2015),President/CEO,2027-01-01,10.0,40.0,Executive Director,1.0,0.0,0.0,0.0,0.0,0.0,0.0,0.0,0.0,0.0,1960-03-26,M,,19123.6,0.015986909622598897,0.0581904004734521,0.0011212812854305768,10.24171895520273,0.5959507010870146,0.28802910483496386,0.6817852851942829,0.07279326043787189,64.0,0,-0.6773650833982051,-0.27530597743840163,-0.18806471044490725,-0.6182375476915621,0.1164894900028803
A,USD,STD,INDL,C,7372,10/31/24,24975,SYNOPSYS INC,SNPS,2024,13073.561,8990.702,589.666,13073.561,2263.38,6127.436,2082.36,154.112,513.61,7372.0,79153.46432,Software,29816.0,29816.0,2024-01-01,1864086.0,Sassine Ghazi,SYNOPSYS INC,President/CEO,2027-01-01,10.0,40.0,Executive Director,1.0,0.0,0.0,0.0,1.0,0.0,0.0,0.0,1.0,0.0,1970-06-15,M,,8803.725,0.023140478036406575,0.17312651082593336,0.11605739163791184,9.478347225514991,0.6877010785355268,2.175197622217313,0.6733991603358871,0.15928024506865424,54.0,0,1.346396410336024,-0.17476717671278105,-0.18294111675517574,-0.49941972444331517,-1.1391929588974257
A,USD,STD,INDL,C,7372,10/31/25,24975,SYNOPSYS INC,SNPS,2025,48224.461,28327.602,14143.096,48224.461,1332.22,7054.178,2479.338,185.994,453.82,7372.0,84407.79708,Software,29816.0,29816.0,2024-01-01,1864086.0,Sassine Ghazi,SYNOPSYS INC,President/CEO,2027-01-01,10.0,40.0,Executive Director,1.0,0.0,0.0,0.0,1.0,0.0,0.0,0.0,1.0,0.0,1970-06-15,M,,10083.073,0.03529282090907873,0.027625399483469603,-0.025681255708708443,10.783621660935937,0.5874114798297071,1.0918231147919384,0.20908627677559735,0.051412456429528575,55.0,0,1.346396410336024,-0.17476717671278105,-0.18294111675517574,-0.49941972444331517,-1.1391929588974257
A,USD,STD,INDL,C,3572,1/31/18,25756,EVERPURE INC,P,2017,1079.407,497.906,0.0,1079.407,-177.602,1023.019,279.196,220.979,20.14,3572.0,4450.51706,Semiconductors/Hardware,1569335.0,1569335.0,2017-03-06,375436.0,Joe Conway,PRIMERO MINING CORP (Mala Noche Resources Corp prior to 08/2010) (De-listed 05/2018),Interim President/CEO,2018-05-10,10.0,10.0,Executive Director,1.0,0.0,1.0,0.0,0.0,0.0,0.0,0.0,0.0,0.0,1957-07-26,M,,-803.042,0.030100058796904618,-0.16453663909906088,-0.2221708269357202,6.9841670952478205,0.4612773495076464,2.1903642574806974,-0.7439658997949801,0.25865683657786176,60.0,0,-0.6637970751564273,-0.2472783908292412,-0.17753790169760764,-0.006433528133942844,0.021768553178682218
A,USD,STD,INDL,C,3572,1/31/19,25756,EVERPURE INC,P,2018,1973.025,737.78,449.828,1973.025,-178.362,1359.824,349.936,243.524,17.91,3572.0,4361.51484,Semiconductors/Hardware,1706477.0,1706477.0,2017-09-18,8391.0,Roger Lynch,PANDORA MEDIA INC (De-listed 02/2019),President/CEO,2019-02-01,10.0,10.0,Executive Director,1.0,0.0,1.0,1.0,0.0,0.0,0.0,0.0,0.0,0.0,1962-10-24,M,,-981.999,0.03164596551680239,-0.09040027369141293,-0.16712542888332343,7.587323177001639,0.37393342709798405,1.7769290391887083,-0.497712395940244,0.17736014495508165,56.0,0,-0.5986162497683529,-0.13342965404338525,-0.11640577451831292,1.683520041240194,0.08550762578148682
A,USD,STD,INDL,C,2834,6/30/15,24782,PERRIGO CO PLC,PRGO,2015,19720.6,10662.6,5246.9,19720.6,128.0,4603.9,187.8,146.3,184.83,2834.0,27040.629000000004,Biotech,24205.0,24205.0,2015-10-22,206108.0,Joe Papa Jr,PERRIGO COMPANY PLC (Perrigo Co prior to 12/2013),Chairman/CEO,2016-04-24,10.0,10.0,Executive Director,1.0,0.0,1.0,1.0,1.0,0.0,0.0,0.0,0.0,0.0,1956-06-15,M,,2040.7,0.020654853330501242,0.0064906747259211185,-0.05915890839228445,9.889419053657255,0.5406833463484885,0.9305982213011722,0.10348062432177521,0.009523036824437392,59.0,0,-0.5803399603521456,-0.10821941426433843,0.1480160340512967,1.6785108418425307,-0.6162029551560514
A,USD,STD,INDL,C,2834,12/31/16,24782,PERRIGO CO PLC,PRGO,2016,13870.1,5958.1,5224.5,13870.1,-4012.8,5280.6,187.5,143.4,83.23,2834.0,11935.182,Biotech,24205.0,24205.0,2016-06-13,270780.0,John Hendrickson,PERRIGO COMPANY PLC (Perrigo Co prior to 12/2013),CEO,2018-01-15,10.0,10.0,Executive Director,1.0,0.0,1.0,0.0,0.0,0.0,0.0,0.0,0.0,0.0,1962-06-15,M,,-2176.9,0.024944002529747968,-0.28931298260286514,-0.3393072439759603,9.537490723088222,0.4295643146047974,0.6947388706353916,-0.15694912077057843,0.013518287539383278,54.0,0,-0.6637970751564273,-0.2472783908292412,-0.17753790169760764,-0.006433528133942844,0.021768553178682218
A,USD,STD,INDL,C,2834,12/31/17,24782,PERRIGO CO PLC,PRGO,2017,11628.8,6170.5,3270.8,11628.8,119.6,4946.2,180.4,140.8,87.16,2834.0,12272.128,Biotech,24205.0,24205.0,2016-06-13,270780.0,John Hendrickson,PERRIGO COMPANY PLC (Perrigo Co prior to 12/2013),CEO,2018-01-15,10.0,10.0,Executive Director,1.0,0.0,1.0,0.0,0.0,0.0,0.0,0.0,0.0,0.0,1962-06-15,M,,-1722.4,0.021715304516619828,0.010284810126582278,-0.047349377710077065,9.361240058761798,0.5306222482113374,0.687550802907123,-0.14811502476609797,0.01551320858558063,55.0,0,-0.6637970751564273,-0.2472783908292412,-0.17753790169760764,-0.006433528133942844,0.021768553178682218
A,USD,STD,INDL,C,2834,12/31/18,24782,PERRIGO CO PLC,PRGO,2018,10983.4,5668.0,3052.2,10983.4,131.0,4731.7,227.1,135.9,38.75,2834.0,5266.125,Biotech,24205.0,24205.0,2018-10-08,56076.0,Murray Kessler,PERRIGO COMPANY PLC (Perrigo Co prior to 12/2013),President/CEO,2023-06-30,10.0,10.0,Executive Director,1.0,0.0,1.0,0.0,0.0,0.0,0.0,0.0,0.0,0.0,1959-04-01,M,,-1753.7,0.028311136034782365,0.011927089972139775,-0.06479806521977075,9.304140321046853,0.5160514958938034,-0.07354152385411698,-0.15966822659650018,0.020676657501320174,59.0,0,-0.6637970751564273,-0.2472783908292412,-0.17753790169760764,-0.006433528133942844,0.021768553178682218
A,USD,STD,INDL,C,2834,12/31/19,24782,PERRIGO CO PLC,PRGO,2019,11301.4,5803.8,3467.5,11301.4,146.1,4837.4,191.7,136.1,51.66,2834.0,7030.9259999999995,Biotech,24205.0,24205.0,2018-10-08,56076.0,Murray Kessler,PERRIGO COMPANY PLC (Perrigo Co prior to 12/2013),President/CEO,2023-06-30,10.0,10.0,Executive Director,1.0,0.0,1.0,0.0,0.0,0.0,0.0,0.0,0.0,0.0,1959-04-01,M,,-1556.1,0.019633283904602093,0.012927601890031323,-0.06727160516993368,9.332681890831537,0.5135469941777125,0.19180554290855847,-0.13769090555152458,0.01696250022121153,60.0,0,-0.6637970751564273,-0.2472783908292412,-0.17753790169760764,-0.006433528133942844,0.021768553178682218
A,USD,STD,INDL,C,2834,12/31/20,24782,PERRIGO CO PLC,PRGO,2020,11488.4,5655.1,3687.6,11488.4,-162.6,5085.8,177.7,133.1,44.72,2834.0,5952.232,Biotech,24205.0,24205.0,2018-10-08,56076.0,Murray Kessler,PERRIGO COMPANY PLC (Perrigo Co prior to 12/2013),President/CEO,2023-06-30,10.0,10.0,Executive Director,1.0,0.0,1.0,0.0,0.0,0.0,0.0,0.0,0.0,0.0,1959-04-01,M,,-1463.1,0.029518553440387278,-0.014153406914801017,-0.07406016783970877,9.349093109623345,0.49224435082343937,0.05120848238808004,-0.12735454893631837,0.01546777619163678,61.0,0,-0.6637970751564273,-0.2472783908292412,-0.17753790169760764,-0.006433528133942844,0.021768553178682218
A,USD,STD,INDL,C,2834,12/31/21,24782,PERRIGO CO PLC,PRGO,2021,10425.7,5151.7,3064.0,10425.7,-68.9,4138.7,122.9,133.8,38.9,2834.0,5204.820000000001,Biotech,24205.0,24205.0,2018-10-08,56076.0,Murray Kessler,PERRIGO COMPANY PLC (Perrigo Co prior to 12/2013),President/CEO,2023-06-30,10.0,10.0,Executive Director,1.0,0.0,1.0,0.0,0.0,0.0,0.0,0.0,0.0,0.0,1959-04-01,M,,-1891.5,0.020183678891929846,-0.006608668962275914,-0.07244426614369447,9.252029190695765,0.4941346863999539,0.010258362043425222,-0.18142666679455574,0.011788177292651813,62.0,0,-0.6637970751564273,-0.2472783908292412,-0.17753790169760764,-0.006433528133942844,0.021768553178682218
A,USD,STD,INDL,C,2834,12/31/22,24782,PERRIGO CO PLC,PRGO,2022,11017.3,4842.1,4259.9,11017.3,-140.6,4451.6,123.1,134.7,34.09,2834.0,4591.923,Biotech,24205.0,24205.0,2018-10-08,56076.0,Murray Kessler,PERRIGO COMPANY PLC (Perrigo Co prior to 12/2013),President/CEO,2023-06-30,10.0,10.0,Executive Director,1.0,0.0,1.0,0.0,0.0,0.0,0.0,0.0,0.0,0.0,1959-04-01,M,,-2094.6,0.019620103137578334,-0.012761747433581732,-0.06981699267955638,9.30722204361287,0.43949969593276034,-0.05304962034149456,-0.19011917620469626,0.011173336479899794,63.0,0,-0.6637970751564273,-0.2472783908292412,-0.17753790169760764,-0.006433528133942844,0.021768553178682218
A,USD,STD,INDL,C,2834,12/31/23,24782,PERRIGO CO PLC,PRGO,2023,10809.1,4767.9,3792.4,10809.1,-12.7,4664.8,122.5,135.5,32.18,2834.0,4360.39,Biotech,24205.0,24205.0,2023-06-30,1710096.0,Patrick Lockwood-Taylor,PERRIGO COMPANY PLC (Perrigo Co prior to 12/2013),President/CEO,2027-01-01,10.0,40.0,Executive Director,1.0,0.0,0.0,0.0,0.0,0.0,0.0,0.0,0.0,0.0,1969-06-15,M,Asian Association Network,-2069.6,0.01782995226582118,-0.0011749359336114939,-0.04986519554824778,9.288143650923042,0.4411005541626962,-0.0893444534868907,-0.1914682998584526,0.011333043454126616,54.0,0,-0.6773650833982051,-0.27530597743840163,-0.18806471044490725,-0.6182375476915621,0.1164894900028803
A,USD,STD,INDL,C,2836,12/31/25,24468,BIOGEN INC,BIIB,2025,29439.5,18256.8,6577.2,29439.5,1292.9,9890.6,2250.4,146.8,175.99,2836.0,25835.332,Biotech,440155.0,440155.0,2022-11-14,1026.0,Chris Viehbacher,BIOGEN INC (Biogen Idec Inc prior to 03/2015),President/CEO,2027-01-01,10.0,40.0,Executive Director,1.0,0.0,0.0,0.0,0.0,0.0,0.0,0.0,0.0,0.0,1960-03-26,M,,20370.7,0.020406810347909986,0.04391718609351382,-0.009389469098664227,10.290092589002937,0.6201464019429678,0.34720539907133363,0.6919512899335927,0.07644151565074135,65.0,0,-0.6773650833982051,-0.27530597743840163,-0.18806471044490725,-0.6182375476915621,0.1164894900028803
A,USD,STD,INDL,C,2836,12/31/23,24468,BIOGEN INC,BIIB,2023,26844.8,14799.4,7188.2,26844.8,1161.1,9835.6,2462.0,144.9,258.77,2836.0,37495.773,Biotech,440155.0,440155.0,2022-11-14,1026.0,Chris Viehbacher,BIOGEN INC (Biogen Idec Inc prior to 03/2015),President/CEO,2027-01-01,10.0,40.0,Executive Director,1.0,0.0,0.0,0.0,0.0,0.0,0.0,0.0,0.0,0.0,1960-03-26,M,,17473.9,0.013869722986068074,0.04325232447252354,-0.005437935142112743,10.197827412651975,0.5512948503993325,0.9296415672152497,0.6509230838002147,0.09171236142567649,63.0,0,-0.6773650833982051,-0.27530597743840163,-0.18806471044490725,-0.6182375476915621,0.1164894900028803
A,USD,STD,INDL,C,2834,12/31/19,23812,REGENERON PHARMACEUTICALS,REGN,2019,14805.2,11089.7,713.9,14805.2,2115.8,7863.4,3036.6,110.277,375.48,2834.0,41406.807960000006,Biotech,25954.0,25954.0,1994-01-02,201093.0,Doctor Len Schleifer,REGENERON PHARMACEUTICALS INC,President/CEO,2023-06-09,30.0,10.0,Executive Director,0.0,0.0,0.0,0.0,1.0,0.0,1.0,0.0,0.0,0.0,1953-01-01,M,,7400.9,0.018272647091099065,0.14290924810201822,0.06271004104205322,9.602733749394126,0.7490408775295166,1.3174285611914585,0.4998851754788857,0.20510361224434656,66.0,0,-0.47202271221197056,4.445042550427351,-0.10908821136418033,-0.4214911105458302,-0.9893955857108724
A,USD,STD,INDL,C,2836,12/31/20,24344,VERTEX PHARMACEUTICALS INC,VRTX,2020,11751.808,8686.815,889.505,11751.808,2711.647,6205.683,1829.537,259.89,236.34,2834.0,61422.4026,Biotech,32537.0,32537.0,2020-04-01,1890670.0,Doctor Reshma Kewalramani,VERTEX PHARMACEUTICALS INC,President/CEO,2027-01-01,10.0,40.0,Executive Director,1.0,0.0,0.0,0.0,0.0,0.0,1.0,0.0,0.0,0.0,1973-01-01,F,,790.189,0.029003477115350573,0.23074296312533354,0.17083620220042578,9.371762380075596,0.7391896634117916,1.9559682729375834,0.0672397813170535,0.1556813215464378,47.0,0,-0.49561917758190416,4.381267445611366,-0.4186847057774458,-0.3861730610014231,0.33947958591477095
A,USD,STD,INDL,C,2834,12/31/21,23812,REGENERON PHARMACEUTICALS,REGN,2021,25434.8,18768.8,1980.0,25434.8,8075.3,16071.7,2908.1,108.675,631.52,2834.0,68630.436,Biotech,25954.0,25954.0,1994-01-02,201093.0,Doctor Len Schleifer,REGENERON PHARMACEUTICALS INC,President/CEO,2023-06-09,30.0,10.0,Executive Director,0.0,0.0,0.0,0.0,1.0,0.0,1.0,0.0,0.0,0.0,1953-01-01,M,,18942.1,0.01644236794748647,0.3174902102631041,0.2516546130816855,10.143873594045294,0.7379181279192287,1.2965401930586369,0.7447316275339299,0.11433547737745137,68.0,0,-0.47202271221197056,4.445042550427351,-0.10908821136418033,-0.4214911105458302,-0.9893955857108724
A,USD,STD,INDL,C,2834,12/31/22,23812,REGENERON PHARMACEUTICALS,REGN,2022,29214.5,22664.0,2757.2,29214.5,4338.4,12172.9,3847.6,109.6,721.49,2834.0,79075.304,Biotech,25954.0,25954.0,1994-01-02,201093.0,Doctor Len Schleifer,REGENERON PHARMACEUTICALS INC,President/CEO,2023-06-09,30.0,10.0,Executive Director,0.0,0.0,0.0,0.0,1.0,0.0,1.0,0.0,0.0,0.0,1953-01-01,M,,23067.9,0.021230832129671945,0.14850160023276113,0.0914463549867865,10.282420440346105,0.7757791507641754,1.2496228511075773,0.7896044772287735,0.13170172345924114,69.0,0,-0.47202271221197056,4.445042550427351,-0.10908821136418033,-0.4214911105458302,-0.9893955857108724
A,USD,STD,INDL,C,2834,12/31/23,23812,REGENERON PHARMACEUTICALS,REGN,2023,33080.2,25973.1,2771.6,33080.2,3953.6,13117.2,4625.1,109.4,878.29,2834.0,96084.926,Biotech,25954.0,25954.0,2023-06-09,201093.0,Doctor Len Schleifer,REGENERON PHARMACEUTICALS INC,Co-Chair/President/CEO,2027-01-01,10.0,40.0,Executive Director,0.0,0.0,0.0,0.0,1.0,0.0,1.0,0.0,0.0,0.0,1953-01-01,M,,27179.4,0.015157645418350763,0.11951560147762107,0.07082534186298478,10.406690195068565,0.7851554706440711,1.3081710591797433,0.8216213928573589,0.13981475323607478,70.0,0,-0.47202271221197056,4.445042550427351,-0.10908821136418033,-0.4214911105458302,-0.9893955857108724
A,USD,STD,INDL,C,2834,12/31/24,23812,REGENERON PHARMACEUTICALS,REGN,2024,37759.4,29353.6,2908.5,37759.4,4412.6,14202.0,5233.0,109.6,712.33,2834.0,78071.368,Biotech,25954.0,25954.0,2023-06-09,201093.0,Doctor Len Schleifer,REGENERON PHARMACEUTICALS INC,Co-Chair/President/CEO,2027-01-01,10.0,40.0,Executive Director,0.0,0.0,0.0,0.0,1.0,0.0,1.0,0.0,0.0,0.0,1953-01-01,M,,31665.0,0.013776680464940417,0.11686096707045134,0.05979184788242981,10.538989730302683,0.7773852338755383,0.9782081863814851,0.8385991302827904,0.13858800722469106,71.0,0,-0.47202271221197056,4.445042550427351,-0.10908821136418033,-0.4214911105458302,-0.9893955857108724
A,USD,STD,INDL,C,2834,12/31/25,23812,REGENERON PHARMACEUTICALS,REGN,2025,40558.7,31256.9,2934.9,40558.7,4504.9,14342.9,5974.3,105.7,771.87,2834.0,81586.659,Biotech,25954.0,25954.0,2023-06-09,201093.0,Doctor Len Schleifer,REGENERON PHARMACEUTICALS INC,Co-Chair/President/CEO,2027-01-01,10.0,40.0,Executive Director,0.0,0.0,0.0,0.0,1.0,0.0,1.0,0.0,0.0,0.0,1953-01-01,M,,35874.6,0.026096119373817138,0.11107111421224053,0.057764459020062484,10.61050558646936,0.7706583297788145,0.9594256041469446,0.884510598219371,0.14730008604812286,72.0,0,-0.47202271221197056,4.445042550427351,-0.10908821136418033,-0.4214911105458302,-0.9893955857108724
A,USD,STD,INDL,C,7372,12/31/20,23818,EVOLENT HEALTH INC,EVH,2020,1370.185,619.6,325.869,1370.185,-334.246,1022.433,15.1,84.357,16.03,7372.0,1352.24271,Software,2292952.0,2292952.0,2020-10-01,1093063.0,Seth Blackley,EVOLENT HEALTH INC,CEO,2027-01-01,10.0,40.0,Executive Director,1.0,0.0,1.0,1.0,0.0,0.0,0.0,0.0,0.0,0.0,1979-06-15,M,,-589.456,0.05744711983378635,-0.24394224137616452,-0.30384900230107226,7.222701046201914,0.45220170998806736,0.7804456511793161,-0.4302017610760591,0.01102040965271113,41.0,0,-0.5986162497683529,-0.13342965404338525,-0.11640577451831292,1.683520041240194,0.08550762578148682
A,USD,STD,INDL,C,7372,12/31/22,23818,EVOLENT HEALTH INC,EVH,2022,1817.293,859.417,468.996,1817.293,-19.164,1352.013,0.0,99.963,28.08,7372.0,2806.9610399999997,Software,2292952.0,2292952.0,2020-10-01,1093063.0,Seth Blackley,EVOLENT HEALTH INC,CEO,2027-01-01,10.0,40.0,Executive Director,1.0,0.0,1.0,1.0,0.0,0.0,0.0,0.0,0.0,0.0,1979-06-15,M,,-607.332,0.03340972738066264,-0.010545355096839092,-0.06760060034281373,7.505103310211641,0.4729105323137216,1.1836034442908365,-0.3341959717007659,0.0,43.0,0,-0.5986162497683529,-0.13342965404338525,-0.11640577451831292,1.683520041240194,0.08550762578148682
A,USD,STD,INDL,C,7372,12/31/23,23818,EVOLENT HEALTH INC,EVH,2023,2680.308,1067.701,635.058,2680.308,-113.04,1963.896,0.0,113.887,33.03,7372.0,3761.68761,Software,2292952.0,2292952.0,2020-10-01,1093063.0,Seth Blackley,EVOLENT HEALTH INC,CEO,2027-01-01,10.0,40.0,Executive Director,1.0,0.0,1.0,1.0,0.0,0.0,0.0,0.0,0.0,0.0,1979-06-15,M,,-720.451,0.025937073177200502,-0.04217425758532228,-0.09086451719995857,7.893686992274622,0.39835011498678513,1.259359950359101,-0.26879410873675713,0.0,44.0,0,-0.5986162497683529,-0.13342965404338525,-0.11640577451831292,1.683520041240194,0.08550762578148682
A,USD,STD,INDL,C,7372,12/31/24,23818,EVOLENT HEALTH INC,EVH,2024,2544.411,1001.259,515.489,2544.411,-61.623,2554.741,0.0,115.038,11.25,7372.0,1294.1775,Software,2292952.0,2292952.0,2020-10-01,1093063.0,Seth Blackley,EVOLENT HEALTH INC,CEO,2027-01-01,10.0,40.0,Executive Director,1.0,0.0,1.0,1.0,0.0,0.0,0.0,0.0,0.0,0.0,1979-06-15,M,,-782.57,0.04616686227890479,-0.024218964624818866,-0.08128808381284039,7.841654468014924,0.3935130763072475,0.2566171501085234,-0.307564304666188,0.0,45.0,0,-0.5986162497683529,-0.13342965404338525,-0.11640577451831292,1.683520041240194,0.08550762578148682
A,USD,STD,INDL,C,2836,12/31/15,24344,VERTEX PHARMACEUTICALS INC,VRTX,2015,2498.875,939.967,739.503,2498.875,-556.334,1032.336,995.922,246.307,125.83,2834.0,30992.80981,Biotech,32537.0,32537.0,2012-05-22,33491.0,Professor Doctor Jeff Leiden,VERTEX PHARMACEUTICALS INC,Chairman/President/CEO,2020-03-31,10.0,10.0,Executive Director,1.0,1.0,0.0,0.0,1.0,1.0,1.0,1.0,1.0,1.0,1955-10-12,M,,-5259.96,0.025655271124247453,-0.22263378520334148,-0.28828336832154705,7.823595909575907,0.3761560702316042,3.495665746686937,-2.104931219048572,0.3985481466659997,60.0,0,1.3162582295443055,4.828689259111695,3.813330066189161,-0.14817350877786156,2.6736217114538317
A,USD,STD,INDL,C,2836,12/31/16,24344,VERTEX PHARMACEUTICALS INC,VRTX,2016,2896.787,1156.582,521.335,2896.787,-112.052,1702.177,1047.69,248.301,73.67,2834.0,18292.33467,Biotech,32537.0,32537.0,2012-05-22,33491.0,Professor Doctor Jeff Leiden,VERTEX PHARMACEUTICALS INC,Chairman/President/CEO,2020-03-31,10.0,10.0,Executive Director,1.0,1.0,0.0,0.0,1.0,1.0,1.0,1.0,1.0,1.0,1955-10-12,M,,-5352.663,0.0270335951199644,-0.03868147709859234,-0.0886757384716875,7.971357470730784,0.39926373599439663,2.761012997840593,-1.8477930893779901,0.3616731226700479,61.0,0,1.3162582295443055,4.828689259111695,3.813330066189161,-0.14817350877786156,2.6736217114538317
A,USD,STD,INDL,C,2836,12/31/17,24344,VERTEX PHARMACEUTICALS INC,VRTX,2017,3546.014,2028.579,583.902,3546.014,263.484,2488.652,1484.625,253.253,149.86,2834.0,37952.49458,Biotech,32537.0,32537.0,2012-05-22,33491.0,Professor Doctor Jeff Leiden,VERTEX PHARMACEUTICALS INC,Chairman/President/CEO,2020-03-31,10.0,10.0,Executive Director,1.0,1.0,0.0,0.0,1.0,1.0,1.0,1.0,1.0,1.0,1955-10-12,M,,-5131.295,0.02437243102530372,0.07430427516642629,0.01667008732976695,8.173579434736906,0.5720730375006979,2.9289996870753288,-1.4470599946869922,0.4186743199547435,62.0,0,1.3162582295443055,4.828689259111695,3.813330066189161,-0.14817350877786156,2.6736217114538317
A,USD,STD,INDL,C,2836,12/31/18,24344,VERTEX PHARMACEUTICALS INC,VRTX,2018,6245.898,4435.203,581.55,6245.898,2096.896,3047.597,1416.476,255.172,165.71,2834.0,42284.55212,Biotech,32537.0,32537.0,2012-05-22,33491.0,Professor Doctor Jeff Leiden,VERTEX PHARMACEUTICALS INC,Chairman/President/CEO,2020-03-31,10.0,10.0,Executive Director,1.0,1.0,0.0,0.0,1.0,1.0,1.0,1.0,1.0,1.0,1955-10-12,M,,-2988.819,0.021389782426119934,0.33572370218021497,0.25899854698830443,8.739680207258191,0.710098531868436,2.254848434262326,-0.4785251055973056,0.22678500353351913,63.0,0,1.3162582295443055,4.828689259111695,3.813330066189161,-0.14817350877786156,2.6736217114538317
A,USD,STD,INDL,C,2836,12/31/19,24344,VERTEX PHARMACEUTICALS INC,VRTX,2019,8318.465,6085.244,622.868,8318.465,1176.81,4162.821,1754.54,258.993,218.95,2834.0,56706.517349999995,Biotech,32537.0,32537.0,2012-05-22,33491.0,Professor Doctor Jeff Leiden,VERTEX PHARMACEUTICALS INC,Chairman/President/CEO,2020-03-31,10.0,10.0,Executive Director,1.0,1.0,0.0,0.0,1.0,1.0,1.0,1.0,1.0,1.0,1955-10-12,M,,-1854.951,0.016923860752316593,0.1414696100783017,0.061270403018336694,9.026233021601614,0.7315344838260424,2.2320223243338586,-0.2229919822948104,0.21092112547206726,64.0,0,1.3162582295443055,4.828689259111695,3.813330066189161,-0.14817350877786156,2.6736217114538317
A,USD,STD,INDL,C,2836,12/31/21,24344,VERTEX PHARMACEUTICALS INC,VRTX,2021,13432.5,10100.0,887.2,13432.5,2342.1,7574.4,3051.1,254.479,219.6,2834.0,55883.5884,Biotech,32537.0,32537.0,2020-04-01,1890670.0,Doctor Reshma Kewalramani,VERTEX PHARMACEUTICALS INC,President/CEO,2027-01-01,10.0,40.0,Executive Director,1.0,0.0,0.0,0.0,0.0,0.0,1.0,0.0,0.0,0.0,1973-01-01,F,,3216.7,0.01647397811183561,0.17436069235064208,0.10852509516922353,9.505432422602977,0.7519076865810534,1.7107353246573,0.23947143123022518,0.22714312302252,48.0,0,-0.49561917758190416,4.381267445611366,-0.4186847057774458,-0.3861730610014231,0.33947958591477095
A,USD,STD,INDL,C,2836,12/31/22,24468,BIOGEN INC,BIIB,2022,24554.1,13397.9,6614.0,24554.1,3046.9,10173.4,2350.7,144.1,276.92,2836.0,39904.172,Biotech,440155.0,440155.0,2022-11-14,1026.0,Chris Viehbacher,BIOGEN INC (Biogen Idec Inc prior to 03/2015),President/CEO,2027-01-01,10.0,40.0,Executive Director,1.0,0.0,0.0,0.0,0.0,0.0,0.0,0.0,0.0,0.0,1960-03-26,M,,16301.6,0.0319582518176952,0.1240892559694715,0.06703401072349685,10.108634125388678,0.5456481809555227,1.0913829015755099,0.6639054170179319,0.09573553907494065,62.0,0,-0.6773650833982051,-0.27530597743840163,-0.18806471044490725,-0.6182375476915621,0.1164894900028803
A,USD,STD,INDL,C,2836,12/31/22,24344,VERTEX PHARMACEUTICALS INC,VRTX,2022,18150.9,13912.7,810.3,18150.9,3322.0,8930.7,2655.8,257.012,288.78,2834.0,74219.92536,Biotech,32537.0,32537.0,2020-04-01,1890670.0,Doctor Reshma Kewalramani,VERTEX PHARMACEUTICALS INC,President/CEO,2027-01-01,10.0,40.0,Executive Director,1.0,0.0,0.0,0.0,0.0,0.0,1.0,0.0,0.0,0.0,1973-01-01,F,,6523.6,0.01996875910891951,0.1830212275975296,0.12596598235155496,9.806475425240473,0.7665019365430915,1.6742305579132124,0.3594091753026021,0.1463178134417577,49.0,0,-0.49561917758190416,4.381267445611366,-0.4186847057774458,-0.3861730610014231,0.33947958591477095
A,USD,STD,INDL,C,2836,12/31/23,24344,VERTEX PHARMACEUTICALS INC,VRTX,2023,22730.2,17580.4,724.7,22730.2,3619.6,9869.2,3690.0,257.695,406.89,2834.0,104853.51855,Biotech,32537.0,32537.0,2020-04-01,1890670.0,Doctor Reshma Kewalramani,VERTEX PHARMACEUTICALS INC,President/CEO,2027-01-01,10.0,40.0,Executive Director,1.0,0.0,0.0,0.0,0.0,0.0,1.0,0.0,0.0,0.0,1973-01-01,F,,10128.1,0.01578346591459215,0.15924188964461378,0.11055163002997749,10.031449715752006,0.773437981188023,1.7857796695980501,0.44557900942358625,0.1623390907251146,50.0,0,-0.49561917758190416,4.381267445611366,-0.4186847057774458,-0.3861730610014231,0.33947958591477095
A,USD,STD,INDL,C,2836,12/31/24,24344,VERTEX PHARMACEUTICALS INC,VRTX,2024,22533.2,16409.6,1657.2,22533.2,-535.6,11020.1,8258.7,256.94,402.7,2836.0,103469.738,Biotech,32537.0,32537.0,2020-04-01,1890670.0,Doctor Reshma Kewalramani,VERTEX PHARMACEUTICALS INC,President/CEO,2027-01-01,10.0,40.0,Executive Director,1.0,0.0,0.0,0.0,0.0,0.0,1.0,0.0,0.0,0.0,1973-01-01,F,,9734.6,0.015444358791769301,-0.023769371416398913,-0.08083849060442044,10.022745056185675,0.7282409955088491,1.8414126540546853,0.43201143202030784,0.36651252374274407,51.0,0,-0.49561917758190416,4.381267445611366,-0.4186847057774458,-0.3861730610014231,0.33947958591477095
A,USD,STD,INDL,C,2836,12/31/25,24344,VERTEX PHARMACEUTICALS INC,VRTX,2025,25643.0,18665.8,1953.2,25643.0,3953.2,12001.3,4421.5,253.991,453.36,2836.0,115149.35976,Biotech,32537.0,32537.0,2020-04-01,1890670.0,Doctor Reshma Kewalramani,VERTEX PHARMACEUTICALS INC,President/CEO,2027-01-01,10.0,40.0,Executive Director,1.0,0.0,0.0,0.0,0.0,0.0,1.0,0.0,0.0,0.0,1973-01-01,F,,13544.1,0.021024404782408333,0.154162929454432,0.10085627426225395,10.15202590887028,0.7279101509183793,1.8195370937813597,0.5281792301992747,0.17242522325780915,52.0,0,-0.49561917758190416,4.381267445611366,-0.4186847057774458,-0.3861730610014231,0.33947958591477095
A,USD,STD,INDL,C,2836,12/31/16,24468,BIOGEN INC,BIIB,2016,22876.8,12140.1,6512.7,22876.8,3702.8,11448.8,1985.5,215.9,283.58,2836.0,61224.922,Biotech,440155.0,440155.0,2010-07-15,272786.0,Doctor George Scangos,BIOGEN INC (Biogen Idec Inc prior to 03/2015),CEO,2017-01-06,10.0,10.0,Executive Director,1.0,1.0,0.0,0.0,1.0,0.0,0.0,0.0,0.0,0.0,1948-06-15,M,,14751.7,0.022153933988023143,0.16185830186040007,0.11186404048730492,10.037878575572533,0.530672996223248,1.61804030601832,0.6448323192054833,0.08679098475311232,68.0,0,-0.6733462399782933,-0.21426345365633148,0.042413199782981595,-0.5715447390359115,0.2021131371294031
A,USD,STD,INDL,C,2836,12/31/17,24468,BIOGEN INC,BIIB,2017,23652.6,12612.8,5935.0,23652.6,2539.1,12273.9,2373.6,211.5,318.57,2836.0,67377.555,Biotech,440155.0,440155.0,2017-01-06,1694109.0,Michel Vounatsos,BIOGEN INC (Biogen Idec Inc prior to 03/2015),CEO,2022-11-14,10.0,10.0,Executive Director,0.0,0.0,1.0,0.0,0.0,0.0,0.0,0.0,0.0,0.0,1961-06-15,M,,15492.0,0.014131382695339314,0.10734972053812267,0.049715532701463325,10.07122832445255,0.533252158325089,1.6755997792645527,0.6549808477714923,0.10035260394206134,56.0,0,-0.6584768992027012,-0.20871352579230268,-0.13236321585395175,-0.03674237828068685,-0.6053960375094226
A,USD,STD,INDL,C,2836,12/31/18,24468,BIOGEN INC,BIIB,2018,25288.9,13039.6,5936.5,25288.9,4430.7,13452.9,2899.0,197.2,300.92,2836.0,59341.424,Biotech,440155.0,440155.0,2017-01-06,1694109.0,Michel Vounatsos,BIOGEN INC (Biogen Idec Inc prior to 03/2015),CEO,2022-11-14,10.0,10.0,Executive Director,0.0,0.0,1.0,0.0,0.0,0.0,0.0,0.0,0.0,0.0,1961-06-15,M,,16016.6,0.02254043198898601,0.17520335008640153,0.09847819489449101,10.138120843265309,0.5156254325020068,1.5153167306970203,0.6333450644353846,0.11463527476481776,57.0,0,-0.6584768992027012,-0.20871352579230268,-0.13236321585395175,-0.03674237828068685,-0.6053960375094226
A,USD,STD,INDL,C,2836,12/31/19,24468,BIOGEN INC,BIIB,2019,27234.3,13343.2,4871.7,27234.3,5888.5,14377.9,2496.5,174.2,296.73,2836.0,51690.366,Biotech,440155.0,440155.0,2017-01-06,1694109.0,Michel Vounatsos,BIOGEN INC (Biogen Idec Inc prior to 03/2015),CEO,2022-11-14,10.0,10.0,Executive Director,0.0,0.0,1.0,0.0,0.0,0.0,0.0,0.0,0.0,0.0,1961-06-15,M,,16320.2,0.029305967223116163,0.21621631545514297,0.13601710839517797,10.21223248726606,0.48994099352654563,1.354264528075298,0.5992516789489725,0.09166749283073183,58.0,0,-0.6584768992027012,-0.20871352579230268,-0.13236321585395175,-0.03674237828068685,-0.6053960375094226
A,USD,STD,INDL,C,2836,12/31/20,24468,BIOGEN INC,BIIB,2020,24618.9,10700.3,7828.2,24618.9,4000.6,13444.6,4275.6,152.4,244.86,2836.0,37316.664,Biotech,440155.0,440155.0,2017-01-06,1694109.0,Michel Vounatsos,BIOGEN INC (Biogen Idec Inc prior to 03/2015),CEO,2022-11-14,10.0,10.0,Executive Director,0.0,0.0,1.0,0.0,0.0,0.0,0.0,0.0,0.0,0.0,1961-06-15,M,,13677.3,0.04362672602914184,0.16250116780197327,0.1025944068770655,10.111269719617638,0.4346376158154913,1.2491682044581802,0.5555609714487649,0.1736714475463973,59.0,0,-0.6584768992027012,-0.20871352579230268,-0.13236321585395175,-0.03674237828068685,-0.6053960375094226
A,USD,STD,INDL,C,2836,12/31/21,24468,BIOGEN INC,BIIB,2021,23877.3,10896.2,6604.4,23877.3,1556.1,10981.7,3148.5,147.0,239.92,2836.0,35268.24,Biotech,440155.0,440155.0,2017-01-06,1694109.0,Michel Vounatsos,BIOGEN INC (Biogen Idec Inc prior to 03/2015),CEO,2022-11-14,10.0,10.0,Executive Director,0.0,0.0,1.0,0.0,0.0,0.0,0.0,0.0,0.0,0.0,1961-06-15,M,,13805.0,0.030941208678850744,0.06517068512771544,-0.000664912053703115,10.08068349578754,0.45634137863158736,1.1745687376388887,0.5781641977945581,0.1318616426480381,60.0,0,-0.6584768992027012,-0.20871352579230268,-0.13236321585395175,-0.03674237828068685,-0.6053960375094226
A,USD,STD,INDL,C,2834,12/31/24,24782,PERRIGO CO PLC,PRGO,2024,9647.7,4319.4,3735.5,9647.7,-171.8,4373.4,112.2,136.5,25.71,2834.0,3509.415,Biotech,24205.0,24205.0,2023-06-30,1710096.0,Patrick Lockwood-Taylor,PERRIGO COMPANY PLC (Perrigo Co prior to 12/2013),President/CEO,2027-01-01,10.0,40.0,Executive Director,1.0,0.0,0.0,0.0,0.0,0.0,0.0,0.0,0.0,0.0,1969-06-15,M,Asian Association Network,-2414.5,0.020657088482141754,-0.017807353047876697,-0.07487647223589822,9.174474823956158,0.447712926396965,-0.2076671468004996,-0.25026690299242305,0.011629714854317609,55.0,0,-0.6773650833982051,-0.27530597743840163,-0.18806471044490725,-0.6182375476915621,0.1164894900028803
A,USD,STD,INDL,C,2834,12/31/25,24782,PERRIGO CO PLC,PRGO,2025,8535.2,2935.5,3755.1,8535.2,-1425.4,4253.1,95.4,137.6,13.92,2834.0,1915.392,Biotech,24205.0,24205.0,2023-06-30,1710096.0,Patrick Lockwood-Taylor,PERRIGO COMPANY PLC (Perrigo Co prior to 12/2013),President/CEO,2027-01-01,10.0,40.0,Executive Director,1.0,0.0,0.0,0.0,0.0,0.0,0.0,0.0,0.0,0.0,1969-06-15,M,Asian Association Network,-3672.7,0.028470954067961688,-0.16700253069641016,-0.22030918588858822,9.05195406787725,0.3439286718530321,-0.42695549509872366,-0.43030040303683564,0.011177242478207892,56.0,0,-0.6773650833982051,-0.27530597743840163,-0.18806471044490725,-0.6182375476915621,0.1164894900028803
A,USD,STD,INDL,C,3674,9/30/15,24800,QUALCOMM INC,QCOM,2015,50796.0,31421.0,9969.0,50796.0,5271.0,25281.0,5490.0,1524.0,53.73,3674.0,81884.51999999999,Semiconductors/Hardware,25529.0,25529.0,2014-03-04,640531.0,Steve Mollenkopf,QUALCOMM INC,CEO,2021-06-30,10.0,10.0,Executive Director,1.0,0.0,0.0,0.0,0.0,0.0,0.0,0.0,1.0,0.0,1968-06-15,M,,31421.0,0.01962272675188695,0.10376801322938814,0.03811843011118257,10.835572890308924,0.6185723285298055,0.9578335028223018,0.6185723285298055,0.10807937632884479,47.0,0,1.328120120919817,-0.19997741649182793,-0.44736292532478544,-0.49441052504565186,-0.4374823779598874
A,USD,STD,INDL,C,3672,9/30/16,28139,SANMINA CORP,SANM,2016,3625.222,1609.803,434.059,3625.222,187.838,6481.181,37.746,73.031,28.47,3672.0,2079.19257,Semiconductors/Hardware,27025.0,27025.0,2002-12-06,83652.0,Jure Sola,SANMINA CORP (Sanmina-SCI Corp prior to 11/2012),Chairman/CEO,2017-10-02,10.0,10.0,Executive Director,1.0,0.0,0.0,0.0,0.0,0.0,0.0,0.0,0.0,0.0,1951-01-02,M,,-4053.91,0.020891478855405935,0.05181420613689313,0.0018199447637979732,8.19567080679291,0.4440563915809846,0.25586781958765625,-1.1182515167346991,0.01041205200674607,65.0,0,-0.6773650833982051,-0.27530597743840163,-0.18806471044490725,-0.6182375476915621,0.1164894900028803
A,USD,STD,INDL,C,2836,12/31/24,26376,BEONE MEDICINES LTD,ONC,2024,5920.91,3332.222,210.761,5920.91,-644.786,3810.241,1953.295,106.721,184.71,2836.0,19712.43591,Biotech,23141.0,23141.0,2024-06-24,601215.0,Wayne Pisano,ONCOLYTICS BIOTECH INC,Chair/Interim CEO,2025-06-11,10.0,10.0,Executive Director,1.0,0.0,1.0,0.0,0.0,0.0,0.0,0.0,0.0,0.0,1955-06-15,M,,-8755.824,,-0.10889981438663988,-0.16596893357466141,8.68624543228114,0.5627888280686584,1.7776103523115467,-1.4787970092435117,0.3298977690929266,69.0,0,-0.6637970751564273,-0.2472783908292412,-0.17753790169760764,-0.006433528133942844,0.021768553178682218
A,USD,STD,INDL,C,2836,12/31/25,26376,BEONE MEDICINES LTD,ONC,2025,8188.573,4361.194,1865.095,8188.573,286.933,5343.033,2145.868,110.852,303.81,2836.0,33677.94612,Biotech,23141.0,23141.0,2025-06-11,2250110.0,Jared Kelly,ONCOLYTICS BIOTECH INC,CEO,2027-01-01,10.0,40.0,Executive Director,1.0,0.0,0.0,0.0,0.0,0.0,0.0,0.0,1.0,0.0,1900-01-01,M,,-8398.087,0.02988850958620109,0.035040659709573325,-0.01826599548260472,9.010494924791871,0.5325951176108462,2.0440973322483575,-1.0255861430312705,0.2620564046995734,125.0,0,1.328120120919817,-0.19997741649182793,-0.44736292532478544,-0.49441052504565186,-0.4374823779598874
A,USD,STD,INDL,C,7372,7/31/15,27928,INTUIT INC,INTU,2015,4968.0,2332.0,500.0,4968.0,365.0,4192.0,798.0,277.706,105.77,7372.0,29372.96362,Software,16626.0,16626.0,2008-01-01,444827.0,Brad Smith,INTUIT INC,President/CEO,2016-01-21,10.0,10.0,Executive Director,1.0,0.0,1.0,0.0,0.0,0.0,0.0,0.0,0.0,0.0,1964-06-15,M,,5997.0,0.016821904999279387,0.07347020933977455,0.007820626221568983,8.510772623613315,0.4694041867954911,2.533348377998619,1.2071256038647342,0.1606280193236715,51.0,0,-0.6637970751564273,-0.2472783908292412,-0.17753790169760764,-0.006433528133942844,0.021768553178682218
A,USD,STD,INDL,C,7372,7/31/16,27928,INTUIT INC,INTU,2016,4250.0,1161.0,488.0,4250.0,979.0,4694.0,881.0,257.853,110.99,7372.0,28619.10447,Software,16626.0,16626.0,2016-01-21,444827.0,Brad Smith,INTUIT INC,Chairman/President/CEO,2018-12-31,10.0,10.0,Executive Director,1.0,0.0,1.0,0.0,0.0,0.0,0.0,0.0,0.0,0.0,1964-06-15,M,,6655.0,0.012471614744885395,0.2303529411764706,0.18035867980337544,8.354674261918463,0.2731764705882353,3.2047927805666028,1.5658823529411765,0.20729411764705882,52.0,0,-0.6637970751564273,-0.2472783908292412,-0.17753790169760764,-0.006433528133942844,0.021768553178682218
A,USD,STD,INDL,C,7372,7/31/17,27928,INTUIT INC,INTU,2017,4068.0,1354.0,438.0,4068.0,971.0,5177.0,998.0,255.668,137.21,7372.0,35080.206280000006,Software,16626.0,16626.0,2016-01-21,444827.0,Brad Smith,INTUIT INC,Chairman/President/CEO,2018-12-31,10.0,10.0,Executive Director,1.0,0.0,1.0,0.0,0.0,0.0,0.0,0.0,0.0,0.0,1964-06-15,M,,7275.0,0.01122989736922589,0.2386922320550639,0.18105804421840455,8.31090675716845,0.3328416912487709,3.2545738732702705,1.7883480825958702,0.24532940019665683,53.0,0,-0.6637970751564273,-0.2472783908292412,-0.17753790169760764,-0.006433528133942844,0.021768553178682218
A,USD,STD,INDL,C,7372,7/31/19,27928,INTUIT INC,INTU,2019,6283.0,3749.0,386.0,6283.0,1557.0,6784.0,1233.0,260.18,277.31,7372.0,72150.51580000001,Software,16626.0,16626.0,2019-01-01,556870.0,Sasan Goodarzi,INTUIT INC,CEO,2026-01-22,10.0,10.0,Executive Director,1.0,0.0,1.0,1.0,0.0,0.0,0.0,0.0,0.0,0.0,1968-03-01,M,,9585.0,0.015254825191441912,0.24781155498965463,0.16761234792968963,8.745602852402946,0.5966894795479867,2.9572652964357,1.5255451217571223,0.19624383256406175,51.0,0,-0.5986162497683529,-0.13342965404338525,-0.11640577451831292,1.683520041240194,0.08550762578148682
A,USD,STD,INDL,C,7372,7/31/20,27928,INTUIT INC,INTU,2020,10931.0,5106.0,2252.0,10931.0,1826.0,7649.0,1392.0,261.74,306.37,7372.0,80189.2838,Software,16626.0,16626.0,2019-01-01,556870.0,Sasan Goodarzi,INTUIT INC,CEO,2026-01-22,10.0,10.0,Executive Director,1.0,0.0,1.0,1.0,0.0,0.0,0.0,0.0,0.0,0.0,1968-03-01,M,,10853.0,0.02982251878563032,0.1670478455767999,0.10714108465189215,9.299358068293836,0.4671118836337023,2.7539735686715705,0.9928643308023054,0.12734425029731955,52.0,0,-0.5986162497683529,-0.13342965404338525,-0.11640577451831292,1.683520041240194,0.08550762578148682
A,USD,STD,INDL,C,7372,7/31/21,27928,INTUIT INC,INTU,2021,15516.0,9869.0,2414.0,15516.0,2062.0,9613.0,1678.0,273.235,529.97,7372.0,144806.35295,Software,16626.0,16626.0,2019-01-01,556870.0,Sasan Goodarzi,INTUIT INC,CEO,2026-01-22,10.0,10.0,Executive Director,1.0,0.0,1.0,1.0,0.0,0.0,0.0,0.0,0.0,0.0,1968-03-01,M,,12272.0,0.01856612313926221,0.1328950760505285,0.06705947886910994,9.649627028559857,0.6360531064707399,2.6859988217634,0.7909254962619232,0.10814642949213715,53.0,0,-0.5986162497683529,-0.13342965404338525,-0.11640577451831292,1.683520041240194,0.08550762578148682
A,USD,STD,INDL,C,7372,7/31/22,27928,INTUIT INC,INTU,2022,27734.0,16441.0,6957.0,27734.0,2066.0,12726.0,2347.0,281.932,456.17,7372.0,128608.92044000002,Software,16626.0,16626.0,2019-01-01,556870.0,Sasan Goodarzi,INTUIT INC,CEO,2026-01-22,10.0,10.0,Executive Director,1.0,0.0,1.0,1.0,0.0,0.0,0.0,0.0,0.0,0.0,1968-03-01,M,,13521.0,0.03023607385648035,0.07449340160092305,0.017438156354948407,10.23041437631381,0.5928102689839186,2.0569979601544652,0.487524338357251,0.08462536958246196,54.0,0,-0.5986162497683529,-0.13342965404338525,-0.11640577451831292,1.683520041240194,0.08550762578148682
A,USD,STD,INDL,C,7372,7/31/23,27928,INTUIT INC,INTU,2023,27780.0,17269.0,6600.0,27780.0,2384.0,14368.0,2539.0,280.421,511.7,7372.0,143491.4257,Software,16626.0,16626.0,2019-01-01,556870.0,Sasan Goodarzi,INTUIT INC,CEO,2026-01-22,10.0,10.0,Executive Director,1.0,0.0,1.0,1.0,0.0,0.0,0.0,0.0,0.0,0.0,1968-03-01,M,,15012.0,0.01838862085971412,0.08581713462922966,0.03712687501459337,10.232071616308335,0.6216342692584593,2.1173622955924554,0.5403887688984881,0.09139668826493881,55.0,0,-0.5986162497683529,-0.13342965404338525,-0.11640577451831292,1.683520041240194,0.08550762578148682
A,USD,STD,INDL,C,7372,7/31/24,27928,INTUIT INC,INTU,2024,32132.0,18436.0,5997.0,32132.0,2963.0,16285.0,2754.0,280.268,647.35,7372.0,181431.4898,Software,16626.0,16626.0,2019-01-01,556870.0,Sasan Goodarzi,INTUIT INC,CEO,2026-01-22,10.0,10.0,Executive Director,1.0,0.0,1.0,1.0,0.0,0.0,0.0,0.0,0.0,0.0,1968-03-01,M,,16935.0,0.017757236599725616,0.09221336984937134,0.03514425066134982,10.377607697293703,0.5737582472301755,2.2865728409215023,0.5270446906510644,0.0857089505788622,56.0,0,-0.5986162497683529,-0.13342965404338525,-0.11640577451831292,1.683520041240194,0.08550762578148682
A,USD,STD,INDL,C,7372,7/31/25,27928,INTUIT INC,INTU,2025,36958.0,19710.0,6570.0,36958.0,3869.0,18831.0,2928.0,279.129,785.13,7372.0,219152.55177,Software,16626.0,16626.0,2019-01-01,556870.0,Sasan Goodarzi,INTUIT INC,CEO,2026-01-22,10.0,10.0,Executive Director,1.0,0.0,1.0,1.0,0.0,0.0,0.0,0.0,0.0,0.0,1968-03-01,M,,19618.0,0.019222300737690087,0.10468640077926294,0.0513797455870849,10.51753741173737,0.5333080794415282,2.4086419495749043,0.53081876724931,0.07922506629146599,57.0,0,-0.5986162497683529,-0.13342965404338525,-0.11640577451831292,1.683520041240194,0.08550762578148682
A,USD,STD,INDL,C,3672,9/30/15,28139,SANMINA CORP,SANM,2015,3493.264,1520.471,423.949,3493.264,377.261,6374.541,33.083,78.058,21.37,3672.0,1668.09946,Semiconductors/Hardware,27025.0,27025.0,2002-12-06,83652.0,Jure Sola,SANMINA CORP (Sanmina-SCI Corp prior to 11/2012),Chairman/CEO,2017-10-02,10.0,10.0,Executive Director,1.0,0.0,0.0,0.0,0.0,0.0,0.0,0.0,0.0,0.0,1951-01-02,M,,-4240.558,0.024747808609087978,0.10799670451474609,0.042347121396540524,8.158591821681718,0.43525797076888545,0.09266477517628693,-1.2139242839934228,0.009470512391848998,64.0,0,-0.6773650833982051,-0.27530597743840163,-0.18806471044490725,-0.6182375476915621,0.1164894900028803
A,USD,STD,INDL,C,3672,9/30/17,28139,SANMINA CORP,SANM,2017,3847.363,1647.684,391.447,3847.363,138.833,6868.619,33.716,71.664,37.15,3672.0,2662.3176,Semiconductors/Hardware,27025.0,27025.0,2017-10-02,204362.0,Bob Eulau,SANMINA CORP (Sanmina-SCI Corp prior to 11/2012),CEO,2018-08-31,10.0,10.0,Executive Director,1.0,0.0,1.0,1.0,0.0,0.0,0.0,0.0,0.0,0.0,1961-06-15,M,,-3903.664,0.02044651415012551,0.03608523552365608,-0.021548952313003265,8.25514325754171,0.4282632026143621,0.4798263561180271,-1.014633659470136,0.00876340496074844,56.0,0,-0.5986162497683529,-0.13342965404338525,-0.11640577451831292,1.683520041240194,0.08550762578148682
A,USD,STD,INDL,C,3674,9/30/16,24800,QUALCOMM INC,QCOM,2016,52359.0,31778.0,10008.0,52359.0,5705.0,23554.0,5151.0,1476.0,68.5,3674.0,101106.0,Semiconductors/Hardware,25529.0,25529.0,2014-03-04,640531.0,Steve Mollenkopf,QUALCOMM INC,CEO,2021-06-30,10.0,10.0,Executive Director,1.0,0.0,0.0,0.0,0.0,0.0,0.0,0.0,1.0,0.0,1968-06-15,M,,31364.0,0.01763379358936429,0.10895930021581772,0.05896503884272256,10.865879121292947,0.6069252659523673,1.1573952449802851,0.5990183158578277,0.09837850226322123,48.0,0,1.328120120919817,-0.19997741649182793,-0.44736292532478544,-0.49441052504565186,-0.4374823779598874
A,USD,STD,INDL,C,3672,9/30/18,28139,SANMINA CORP,SANM,2018,4085.133,1472.844,14.346,4085.133,-95.533,7110.13,30.754,67.777,27.6,3672.0,1870.6452,Semiconductors/Hardware,27025.0,27025.0,2018-10-01,456223.0,Michael Clarke,SANMINA CORP (Sanmina-SCI Corp prior to 11/2012),CEO,2019-09-30,10.0,10.0,Executive Director,0.0,0.0,0.0,0.0,0.0,0.0,0.0,0.0,0.0,0.0,1954-06-15,M,,-3958.778,0.024599676720200178,-0.02338552992032328,-0.1001106851122338,8.315109564903633,0.3605375883722758,0.23908817253804765,-0.9690695504895435,0.007528273865257264,64.0,0,-0.6720449074444793,-0.23674111240146314,-0.1428900246012513,-0.648546397838306,-0.5106751006852247
A,USD,STD,INDL,C,3672,9/30/19,28139,SANMINA CORP,SANM,2019,3905.513,1642.573,346.971,3905.513,141.515,8233.859,27.552,69.72,32.11,3672.0,2238.7092,Semiconductors/Hardware,27025.0,27025.0,2019-12-09,807018.0,Hartmut Liebel,SANMINA CORP (Sanmina-SCI Corp prior to 11/2012),CEO,2020-08-17,10.0,10.0,Executive Director,1.0,0.0,1.0,0.0,0.0,0.0,0.0,0.0,0.0,0.0,1963-06-15,M,,-3820.818,0.0226846572809523,0.036234676468878735,-0.043964530591086265,8.270144423683911,0.4205780392998308,0.30963553493765755,-0.9783139884568302,0.007054643013606663,56.0,0,-0.6637970751564273,-0.2472783908292412,-0.17753790169760764,-0.006433528133942844,0.021768553178682218
A,USD,STD,INDL,C,3672,9/30/20,28139,SANMINA CORP,SANM,2020,3772.656,1629.916,366.264,3772.656,139.713,6960.37,22.564,64.999,27.05,3672.0,1758.22295,Semiconductors/Hardware,27025.0,27025.0,2020-08-17,83652.0,Jure Sola,SANMINA CORP (Sanmina-SCI Corp prior to 11/2012),Chairman/CEO,2027-01-01,10.0,40.0,Executive Director,1.0,0.0,0.0,0.0,0.0,0.0,0.0,0.0,0.0,0.0,1951-01-02,M,,-3688.478,0.0345486417340812,0.03703306105831011,-0.022873699866597645,8.235534541675706,0.43203408951147415,0.07577513172383099,-0.9776873375150027,0.005980932266286669,69.0,0,-0.6773650833982051,-0.27530597743840163,-0.18806471044490725,-0.6182375476915621,0.1164894900028803
A,USD,STD,INDL,C,3672,9/30/21,28139,SANMINA CORP,SANM,2021,4206.719,1878.628,350.159,4206.719,268.998,6756.643,20.911,64.307,38.54,3672.0,2478.39178,Semiconductors/Hardware,27025.0,27025.0,2020-08-17,83652.0,Jure Sola,SANMINA CORP (Sanmina-SCI Corp prior to 11/2012),Chairman/CEO,2027-01-01,10.0,40.0,Executive Director,1.0,0.0,0.0,0.0,0.0,0.0,0.0,0.0,0.0,0.0,1951-01-02,M,,-3413.676,0.016898159340404634,0.06394484632798149,-0.0018907508534370676,8.344438287920234,0.4465779625404026,0.27706815083557823,-0.8114818222942868,0.004970857335610009,70.0,0,-0.6773650833982051,-0.27530597743840163,-0.18806471044490725,-0.6182375476915621,0.1164894900028803
A,USD,STD,INDL,C,3674,6/30/15,27794,WOLFSPEED INC,WOLF,2015,2954.4,2466.356,200.0,2954.4,-64.051,1658.984,182.797,105.507,26.03,3674.0,2746.3472100000004,Semiconductors/Hardware,8220.0,8220.0,2005-04-27,90127.0,Chuck Swoboda,WOLFSPEED INC (Cree Inc prior to 10/2021),Chairman/President/CEO,2017-09-27,10.0,10.0,Executive Director,1.0,0.0,0.0,0.0,0.0,0.0,0.0,0.0,0.0,0.0,1966-06-15,M,,180.671,,-0.021679867316544813,-0.08732945043475038,7.991050863538353,0.8348077443812619,0.10752998378603575,0.06115319523422691,0.06187279989168697,49.0,0,-0.6773650833982051,-0.27530597743840163,-0.18806471044490725,-0.6182375476915621,0.1164894900028803
A,USD,STD,INDL,C,3674,6/30/16,27794,WOLFSPEED INC,WOLF,2016,2766.06,2367.824,160.0,2766.06,-21.536,1616.627,168.848,100.829,24.44,3674.0,2464.26076,Semiconductors/Hardware,8220.0,8220.0,2005-04-27,90127.0,Chuck Swoboda,WOLFSPEED INC (Cree Inc prior to 10/2021),Chairman/President/CEO,2017-09-27,10.0,10.0,Executive Director,1.0,0.0,0.0,0.0,0.0,0.0,0.0,0.0,0.0,0.0,1966-06-15,M,,8.115,,-0.007785803634049877,-0.05778006500714503,7.925179203963405,0.8560277072803917,0.03992047805872629,0.002933775840003471,0.061042782875281094,50.0,0,-0.6773650833982051,-0.27530597743840163,-0.18806471044490725,-0.6182375476915621,0.1164894900028803
A,USD,STD,INDL,C,3674,6/30/17,27794,WOLFSPEED INC,WOLF,2017,2649.867,2222.805,145.0,2649.867,-98.118,1473.0,158.549,97.674,24.65,3674.0,2407.6641,Semiconductors/Hardware,8220.0,8220.0,2017-09-27,34852.0,Gregg Lowe,WOLFSPEED INC (Cree Inc prior to 10/2021),President/CEO,2024-11-18,10.0,10.0,Executive Director,1.0,0.0,0.0,0.0,0.0,0.0,0.0,0.0,0.0,0.0,1962-06-15,M,,-196.833,,-0.03702751873961976,-0.09466170657627909,7.882264729041529,0.8388364397156536,0.07988711252473878,-0.07428033180533211,0.059832814250677484,55.0,0,-0.6773650833982051,-0.27530597743840163,-0.18806471044490725,-0.6182375476915621,0.1164894900028803
A,USD,STD,INDL,C,3674,6/30/18,27794,WOLFSPEED INC,WOLF,2018,2637.545,2067.136,292.0,2637.545,-279.968,1493.68,164.321,101.488,41.57,3674.0,4218.85616,Semiconductors/Hardware,8220.0,8220.0,2017-09-27,34852.0,Gregg Lowe,WOLFSPEED INC (Cree Inc prior to 10/2021),President/CEO,2024-11-18,10.0,10.0,Executive Director,1.0,0.0,0.0,0.0,0.0,0.0,0.0,0.0,0.0,0.0,1962-06-15,M,,-482.114,,-0.10614719369716916,-0.18287234888907966,7.877603839250149,0.7837348746656455,0.7133999647993897,-0.18278891924118829,0.062300737996887255,56.0,0,-0.6773650833982051,-0.27530597743840163,-0.18806471044490725,-0.6182375476915621,0.1164894900028803
A,USD,STD,INDL,C,3674,6/30/19,27794,WOLFSPEED INC,WOLF,2019,2816.9,2036.2,469.1,2816.9,-375.1,1080.0,157.9,106.57,56.18,3674.0,5987.102599999999,Semiconductors/Hardware,8220.0,8220.0,2017-09-27,34852.0,Gregg Lowe,WOLFSPEED INC (Cree Inc prior to 10/2021),President/CEO,2024-11-18,10.0,10.0,Executive Director,1.0,0.0,0.0,0.0,0.0,0.0,0.0,0.0,0.0,0.0,1962-06-15,M,,-838.0,,-0.1331605665802833,-0.2133597736402483,7.943392268488734,0.7228513614256807,1.0785222632358669,-0.29749014874507435,0.05605452802726402,57.0,0,-0.6773650833982051,-0.27530597743840163,-0.18806471044490725,-0.6182375476915621,0.1164894900028803
A,USD,STD,INDL,C,2836,12/31/23,26376,BEONE MEDICINES LTD,ONC,2023,5805.275,3537.327,219.869,5805.275,-881.708,2458.779,1778.594,104.578,180.36,2836.0,18861.688080000004,Biotech,23141.0,23141.0,2017-01-19,790419.0,Doctor Matt Coffey,ONCOLYTICS BIOTECH INC,President/CEO,2025-02-07,10.0,10.0,Executive Director,0.0,0.0,0.0,0.0,1.0,0.0,0.0,0.0,0.0,0.0,1900-01-01,M,,-8061.496,,-0.15188048800444423,-0.2005707476190805,8.666522265964279,0.6093297905783964,1.6737614218525054,-1.3886501500790231,0.3063754947009401,123.0,0,-0.6537686180282718,-0.21153087262241627,0.12153178396835831,-0.6535555972359693,-1.212385681622763
A,USD,STD,INDL,C,2836,12/31/22,26376,BEONE MEDICINES LTD,ONC,2022,6379.29,4383.355,243.665,6379.29,-2003.815,1415.921,1640.508,104.318,219.94,2836.0,22943.70092,Biotech,23141.0,23141.0,2017-01-19,790419.0,Doctor Matt Coffey,ONCOLYTICS BIOTECH INC,President/CEO,2025-02-07,10.0,10.0,Executive Director,0.0,0.0,0.0,0.0,1.0,0.0,0.0,0.0,0.0,0.0,1900-01-01,M,,-7157.759,,-0.3141125423048647,-0.37116778755083935,8.760812084879714,0.6871227048778155,1.6552290162068453,-1.1220306648545528,0.25716153365029654,122.0,0,-0.6537686180282718,-0.21153087262241627,0.12153178396835831,-0.6535555972359693,-1.212385681622763
A,USD,STD,INDL,C,2836,12/31/21,26376,BEONE MEDICINES LTD,ONC,2021,8645.949,6242.987,245.154,8645.949,-1413.354,1176.283,1459.239,102.677,270.93,2836.0,27818.27961,Biotech,23141.0,23141.0,2017-01-19,790419.0,Doctor Matt Coffey,ONCOLYTICS BIOTECH INC,President/CEO,2025-02-07,10.0,10.0,Executive Director,0.0,0.0,0.0,0.0,1.0,0.0,0.0,0.0,0.0,0.0,1900-01-01,M,,-4948.153,,-0.1634700829255412,-0.22930568010695973,9.064846166528708,0.7220707640075138,1.4942345907947612,-0.5723088350393924,0.1687771926482564,121.0,0,-0.6537686180282718,-0.21153087262241627,0.12153178396835831,-0.6535555972359693,-1.212385681622763
A,USD,STD,INDL,C,2836,12/31/25,26359,APELLIS PHARMACEUTICALS,APLS,2025,1075.257,370.147,373.611,1075.257,22.388,1003.782,295.854,126.621,25.12,2836.0,3180.71952,Biotech,2725802.0,2725802.0,2017-11-09,1488593.0,Doctor Cedric Francois,APELLIS PHARMACEUTICALS INC,President/CEO,2027-01-01,10.0,40.0,Executive Director,0.0,0.0,0.0,0.0,1.0,0.0,1.0,0.0,0.0,0.0,1972-06-15,M,,-3015.081,0.03968099573476485,0.02082106882354637,-0.03248558636863168,6.980314981756582,0.34424049320302025,2.1509624902974,-2.804056146577051,0.2751472438682101,53.0,0,-0.47202271221197056,4.445042550427351,-0.10908821136418033,-0.4214911105458302,-0.9893955857108724
A,USD,STD,INDL,C,3674,9/30/17,24800,QUALCOMM INC,QCOM,2017,65486.0,30746.0,19398.0,65486.0,2466.0,23231.0,5485.0,1474.0,51.84,3674.0,76412.16,Semiconductors/Hardware,25529.0,25529.0,2014-03-04,640531.0,Steve Mollenkopf,QUALCOMM INC,CEO,2021-06-30,10.0,10.0,Executive Director,1.0,0.0,0.0,0.0,0.0,0.0,0.0,0.0,1.0,0.0,1968-06-15,M,,30472.0,0.017149247266561213,0.03765690376569038,-0.019977284070968965,11.08959165831958,0.46950493235195306,0.9103819413207564,0.46532083193354307,0.08375836056561708,49.0,0,1.328120120919817,-0.19997741649182793,-0.44736292532478544,-0.49441052504565186,-0.4374823779598874
A,USD,STD,INDL,C,3674,9/30/18,24800,QUALCOMM INC,QCOM,2018,32686.0,928.0,15365.0,32686.0,-4864.0,22732.0,5625.0,1219.0,72.03,3674.0,87804.57,Semiconductors/Hardware,25529.0,25529.0,2014-03-04,640531.0,Steve Mollenkopf,QUALCOMM INC,CEO,2021-06-30,10.0,10.0,Executive Director,1.0,0.0,0.0,0.0,0.0,0.0,0.0,0.0,1.0,0.0,1968-06-15,M,,928.0,0.018795326473598363,-0.14880988802545433,-0.22553504321736484,10.394702130653004,0.028391360215382733,4.5498370955963425,0.028391360215382733,0.1720920271675947,50.0,0,1.328120120919817,-0.19997741649182793,-0.44736292532478544,-0.49441052504565186,-0.4374823779598874
A,USD,STD,INDL,C,3674,9/30/19,24800,QUALCOMM INC,QCOM,2019,32957.0,4909.0,13437.0,32957.0,4386.0,19550.0,5398.0,1145.0,76.28,3674.0,87340.6,Semiconductors/Hardware,25529.0,25529.0,2014-03-04,640531.0,Steve Mollenkopf,QUALCOMM INC,CEO,2021-06-30,10.0,10.0,Executive Director,1.0,0.0,0.0,0.0,0.0,0.0,0.0,0.0,1.0,0.0,1968-06-15,M,,4566.0,0.025080083684453185,0.13308250144127196,0.052883294381306956,10.402958960463414,0.1489516642898322,2.878745162662506,0.13854416360712443,0.1637891798403981,51.0,0,1.328120120919817,-0.19997741649182793,-0.44736292532478544,-0.49441052504565186,-0.4374823779598874
A,USD,STD,INDL,C,3674,9/30/20,24800,QUALCOMM INC,QCOM,2020,35594.0,6077.0,15597.0,35594.0,5198.0,21731.0,5975.0,1131.0,117.68,3674.0,133096.08000000002,Semiconductors/Hardware,25529.0,25529.0,2014-03-04,640531.0,Steve Mollenkopf,QUALCOMM INC,CEO,2021-06-30,10.0,10.0,Executive Director,1.0,0.0,0.0,0.0,0.0,0.0,0.0,0.0,1.0,0.0,1968-06-15,M,,5491.0,0.03321034919189094,0.14603584873855144,0.08612908781364367,10.479932363309931,0.17073102208237342,3.0865601202739477,0.15426757318649212,0.16786537056807327,52.0,0,1.328120120919817,-0.19997741649182793,-0.44736292532478544,-0.49441052504565186,-0.4374823779598874
A,USD,STD,INDL,C,3674,9/30/21,24800,QUALCOMM INC,QCOM,2021,41240.0,9950.0,14129.0,41240.0,9043.0,33566.0,7176.0,1125.0,128.98,3674.0,145102.5,Semiconductors/Hardware,25529.0,25529.0,2021-06-30,1284093.0,Cristiano Amon,QUALCOMM INC,President/CEO,2027-01-01,10.0,40.0,Executive Director,1.0,0.0,0.0,0.0,0.0,0.0,0.0,0.0,0.0,0.0,1970-06-15,M,,9950.0,0.021568654403050665,0.21927740058195927,0.1534418034005407,10.627163938130897,0.241270611057226,2.6798678380681134,0.241270611057226,0.1740058195926285,51.0,0,-0.6773650833982051,-0.27530597743840163,-0.18806471044490725,-0.6182375476915621,0.1164894900028803
A,USD,STD,INDL,C,3674,9/30/22,24800,QUALCOMM INC,QCOM,2022,49014.0,18013.0,14110.0,49014.0,12936.0,44200.0,8194.0,1121.0,112.98,3674.0,126650.58,Semiconductors/Hardware,25529.0,25529.0,2021-06-30,1284093.0,Cristiano Amon,QUALCOMM INC,President/CEO,2027-01-01,10.0,40.0,Executive Director,1.0,0.0,0.0,0.0,0.0,0.0,0.0,0.0,0.0,0.0,1970-06-15,M,,17818.0,0.02946289833897346,0.2639245929734362,0.20686934772746154,10.799861250569924,0.3675072428285796,1.9503382365457176,0.3635287876933121,0.167176725017342,52.0,0,-0.6773650833982051,-0.27530597743840163,-0.18806471044490725,-0.6182375476915621,0.1164894900028803
A,USD,STD,INDL,C,3674,9/30/23,24800,QUALCOMM INC,QCOM,2023,51040.0,21581.0,15055.0,51040.0,7232.0,35820.0,8968.0,1114.0,111.06,3674.0,123720.84,Semiconductors/Hardware,25529.0,25529.0,2021-06-30,1284093.0,Cristiano Amon,QUALCOMM INC,President/CEO,2027-01-01,10.0,40.0,Executive Director,1.0,0.0,0.0,0.0,0.0,0.0,0.0,0.0,0.0,0.0,1970-06-15,M,,21091.0,0.019809588177309555,0.14169278996865203,0.09300253035401575,10.840364918018672,0.42282523510971787,1.7462144393592267,0.41322492163009406,0.175705329153605,53.0,0,-0.6773650833982051,-0.27530597743840163,-0.18806471044490725,-0.6182375476915621,0.1164894900028803
A,USD,STD,INDL,C,3674,9/30/24,24800,QUALCOMM INC,QCOM,2024,55154.0,26274.0,13978.0,55154.0,10142.0,38962.0,8893.0,1113.0,170.05,3674.0,189265.65,Semiconductors/Hardware,25529.0,25529.0,2021-06-30,1284093.0,Cristiano Amon,QUALCOMM INC,President/CEO,2027-01-01,10.0,40.0,Executive Director,1.0,0.0,0.0,0.0,0.0,0.0,0.0,0.0,0.0,0.0,1970-06-15,M,,26274.0,0.024145288190952116,0.1838851216593538,0.1268160024713323,10.91788455151661,0.4763752402364289,1.974571726699296,0.4763752402364289,0.16123943866265367,54.0,0,-0.6773650833982051,-0.27530597743840163,-0.18806471044490725,-0.6182375476915621,0.1164894900028803
A,USD,STD,INDL,C,3674,9/30/25,24800,QUALCOMM INC,QCOM,2025,50143.0,21206.0,15541.0,50143.0,5541.0,44141.0,9042.0,1074.0,166.36,3674.0,178670.64,Semiconductors/Hardware,25529.0,25529.0,2021-06-30,1284093.0,Cristiano Amon,QUALCOMM INC,President/CEO,2027-01-01,10.0,40.0,Executive Director,1.0,0.0,0.0,0.0,0.0,0.0,0.0,0.0,0.0,0.0,1970-06-15,M,,21206.0,0.024136436445757612,0.1105039586781804,0.057197303486002354,10.82263420239148,0.4229104760385298,2.1312599504577774,0.4229104760385298,0.18032427258042,55.0,0,-0.6773650833982051,-0.27530597743840163,-0.18806471044490725,-0.6182375476915621,0.1164894900028803
A,USD,STD,INDL,C,2836,12/31/15,24856,GILEAD SCIENCES INC,GILD,2015,51839.0,18534.0,21195.0,51839.0,18108.0,32639.0,3014.0,1422.0,101.19,2836.0,143892.18,Biotech,13273.0,13273.0,2008-05-07,47456.0,Doctor John Martin,GILEAD SCIENCES INC,Chairman/CEO,2016-03-10,10.0,10.0,Executive Director,1.0,0.0,1.0,0.0,1.0,1.0,0.0,0.0,0.0,0.0,1951-06-15,M,,18089.0,0.017640754625655914,0.3493122938328286,0.283662710714623,10.855898040716642,0.3575300449468547,2.049457385958218,0.3489457744169448,0.05814155365651343,64.0,0,-1.1706352047579713,-0.4836574261510498,4.243927953423792,0.142405672653318,-0.7899770879054562
A,USD,STD,INDL,C,2836,12/31/16,24856,GILEAD SCIENCES INC,GILD,2016,56977.0,18887.0,26346.0,56977.0,13501.0,30390.0,5098.0,1310.0,71.61,2836.0,93809.1,Biotech,13273.0,13273.0,2016-03-10,48201.0,Doctor John Milligan,GILEAD SCIENCES INC,President/CEO,2018-12-31,10.0,10.0,Executive Director,1.0,0.0,0.0,0.0,1.0,0.0,0.0,0.0,0.0,0.0,1960-06-15,M,,18432.0,0.016895840270128443,0.23695526264984115,0.186961001276746,10.950402956613187,0.3314846341506222,1.6027880115181996,0.3234989557189743,0.08947470031767205,56.0,0,-0.6590887939819979,-0.2500957376593548,0.07635709812470241,-0.6232467470892253,-0.5852210909346579
A,USD,STD,INDL,C,2836,12/31/17,24856,GILEAD SCIENCES INC,GILD,2017,70283.0,20442.0,30795.0,70283.0,4628.0,26107.0,3734.0,1308.0,71.64,2836.0,93705.12,Biotech,13273.0,13273.0,2016-03-10,48201.0,Doctor John Milligan,GILEAD SCIENCES INC,President/CEO,2018-12-31,10.0,10.0,Executive Director,1.0,0.0,0.0,0.0,1.0,0.0,0.0,0.0,0.0,0.0,1960-06-15,M,,19177.0,0.013293183987714117,0.06584807136860976,0.00821388353195042,11.160285227787263,0.29085269553092497,1.5225612223206333,0.27285403298094846,0.05312806795384375,57.0,0,-0.6590887939819979,-0.2500957376593548,0.07635709812470241,-0.6232467470892253,-0.5852210909346579
A,USD,STD,INDL,C,2836,12/31/19,24856,GILEAD SCIENCES INC,GILD,2019,61627.0,22525.0,22720.0,61627.0,5386.0,22449.0,9106.0,1266.0,64.98,2836.0,82264.68000000001,Biotech,13273.0,13273.0,2019-03-01,1015485.0,Daniel O'Day,GILEAD SCIENCES INC,Chairman/CEO,2027-01-01,10.0,40.0,Executive Director,1.0,0.0,1.0,1.0,0.0,0.0,0.0,0.0,0.0,0.0,1964-06-15,M,,19473.0,0.013366425898016602,0.08739675791455044,0.007197550854585441,11.028855365179414,0.3655053791357684,1.295316050468537,0.3159816314277833,0.14775991042887046,55.0,0,-0.5986162497683529,-0.13342965404338525,-0.11640577451831292,1.683520041240194,0.08550762578148682
A,USD,STD,INDL,C,2836,12/31/20,24856,GILEAD SCIENCES INC,GILD,2020,68407.0,18202.0,29253.0,68407.0,123.0,24689.0,10895.0,1254.0,58.26,2836.0,73058.04,Biotech,13273.0,13273.0,2019-03-01,1015485.0,Daniel O'Day,GILEAD SCIENCES INC,Chairman/CEO,2027-01-01,10.0,40.0,Executive Director,1.0,0.0,1.0,1.0,0.0,0.0,0.0,0.0,0.0,0.0,1964-06-15,M,,14321.0,0.02360761254200037,0.0017980616018828484,-0.05810869932302491,11.133230437555632,0.2660838803046472,1.3897227155868535,0.2093499203297908,0.15926732644320027,56.0,0,-0.5986162497683529,-0.13342965404338525,-0.11640577451831292,1.683520041240194,0.08550762578148682
A,USD,STD,INDL,C,2836,12/31/21,24856,GILEAD SCIENCES INC,GILD,2021,67952.0,21069.0,25668.0,67952.0,6225.0,27305.0,5540.0,1254.0,72.61,2836.0,91052.94,Biotech,13273.0,13273.0,2019-03-01,1015485.0,Daniel O'Day,GILEAD SCIENCES INC,Chairman/CEO,2027-01-01,10.0,40.0,Executive Director,1.0,0.0,1.0,1.0,0.0,0.0,0.0,0.0,0.0,0.0,1964-06-15,M,,16407.0,0.012021607023190954,0.09160878267012008,0.025773185488701528,11.126556852553053,0.3100570991287968,1.4636383297578914,0.2414498469507888,0.08152813750882976,57.0,0,-0.5986162497683529,-0.13342965404338525,-0.11640577451831292,1.683520041240194,0.08550762578148682
A,USD,STD,INDL,C,2836,12/31/22,24856,GILEAD SCIENCES INC,GILD,2022,63171.0,21240.0,23424.0,63171.0,4592.0,27281.0,8621.0,1247.0,85.85,2836.0,107054.95,Biotech,13273.0,13273.0,2019-03-01,1015485.0,Daniel O'Day,GILEAD SCIENCES INC,Chairman/CEO,2027-01-01,10.0,40.0,Executive Director,1.0,0.0,1.0,1.0,0.0,0.0,0.0,0.0,0.0,0.0,1964-06-15,M,,15689.0,0.015981831557771217,0.07269158316316031,0.015636337917185668,11.05360061406664,0.3362302322268129,1.6174560576676458,0.24835763245793166,0.13647084896550632,58.0,0,-0.5986162497683529,-0.13342965404338525,-0.11640577451831292,1.683520041240194,0.08550762578148682
A,USD,STD,INDL,C,2836,12/31/23,24856,GILEAD SCIENCES INC,GILD,2023,62125.0,22833.0,23735.0,62125.0,5665.0,27116.0,6923.0,1246.0,81.01,2836.0,100938.46,Biotech,13273.0,13273.0,2019-03-01,1015485.0,Daniel O'Day,GILEAD SCIENCES INC,Chairman/CEO,2027-01-01,10.0,40.0,Executive Director,1.0,0.0,1.0,1.0,0.0,0.0,0.0,0.0,0.0,0.0,1964-06-15,M,,16332.0,0.012745940358621099,0.0911871227364185,0.04249686312178222,11.03690376339893,0.367533199195171,1.4863041662542973,0.2628893360160966,0.11143661971830986,59.0,0,-0.5986162497683529,-0.13342965404338525,-0.11640577451831292,1.683520041240194,0.08550762578148682
A,USD,STD,INDL,C,2836,12/31/24,24856,GILEAD SCIENCES INC,GILD,2024,58995.0,19330.0,25394.0,58995.0,480.0,28754.0,14750.0,1246.0,92.37,2836.0,115093.02,Biotech,13273.0,13273.0,2019-03-01,1015485.0,Daniel O'Day,GILEAD SCIENCES INC,Chairman/CEO,2027-01-01,10.0,40.0,Executive Director,1.0,0.0,1.0,1.0,0.0,0.0,0.0,0.0,0.0,0.0,1964-06-15,M,,11629.0,0.015622111572361305,0.00813628273582507,-0.048932836452196454,10.98520797353402,0.32765488600728876,1.7840823777495405,0.19711839986439528,0.2500211882362912,60.0,0,-0.5986162497683529,-0.13342965404338525,-0.11640577451831292,1.683520041240194,0.08550762578148682
A,USD,STD,INDL,C,2836,12/31/25,24856,GILEAD SCIENCES INC,GILD,2025,59023.0,22702.0,22632.0,59023.0,8510.0,29443.0,7413.0,1241.0,122.74,2836.0,152320.34,Biotech,13273.0,13273.0,2019-03-01,1015485.0,Daniel O'Day,GILEAD SCIENCES INC,Chairman/CEO,2027-01-01,10.0,40.0,Executive Director,1.0,0.0,1.0,1.0,0.0,0.0,0.0,0.0,0.0,0.0,1964-06-15,M,,13769.0,0.017500110595221392,0.1441810819511038,0.09087442675892575,10.98568247743216,0.38462972061738643,1.9035327768502734,0.2332819409382783,0.12559510699218948,61.0,0,-0.5986162497683529,-0.13342965404338525,-0.11640577451831292,1.683520041240194,0.08550762578148682
A,USD,STD,INDL,C,3571,10/31/16,26156,HEWLETT PACKARD ENTERPRISE,HPE,2016,79679.0,31448.0,12608.0,79679.0,3161.0,50123.0,2298.0,1666.332,22.47,3571.0,37442.48004,Semiconductors/Hardware,2358912.0,2358912.0,2015-11-02,34345.0,Meg Whitman,HEWLETT PACKARD ENTERPRISE CO,President/CEO,2017-06-20,10.0,10.0,Executive Director,1.0,1.0,1.0,1.0,0.0,0.0,0.0,0.0,0.0,0.0,1956-08-04,F,,-3817.0,0.021936403258595832,0.03967168262653899,-0.01032257874655617,11.285761341978922,0.39468366821872763,0.17447050168065006,-0.047904717679689755,0.028840723402653146,60.0,0,-0.6128736957646483,-0.09759737004036201,-0.15034967286003378,1.735222049293508,0.872841853845548
A,USD,STD,INDL,C,3571,10/31/17,26156,HEWLETT PACKARD ENTERPRISE,HPE,2017,61406.0,23466.0,10182.0,61406.0,344.0,28871.0,1486.0,1595.161,13.92,3571.0,22204.64112,Semiconductors/Hardware,2358912.0,2358912.0,2017-06-20,34345.0,Meg Whitman,HEWLETT PACKARD ENTERPRISE CO,CEO,2018-02-01,10.0,10.0,Executive Director,1.0,1.0,1.0,1.0,0.0,0.0,0.0,0.0,0.0,0.0,1956-08-04,F,,-10133.0,0.01497280153609853,0.005602058430772237,-0.052032129405887105,11.025262829230666,0.38214506725727126,-0.055251238513622444,-0.1650164479041136,0.02419958961664984,61.0,0,-0.6128736957646483,-0.09759737004036201,-0.15034967286003378,1.735222049293508,0.872841853845548
A,USD,STD,INDL,C,3571,10/31/18,26156,HEWLETT PACKARD ENTERPRISE,HPE,2018,55493.0,21239.0,10136.0,55493.0,1908.0,30852.0,1663.0,1423.303,15.25,3571.0,21705.37075,Semiconductors/Hardware,2358912.0,2358912.0,2018-02-01,1192124.0,Antonio Neri,HEWLETT PACKARD ENTERPRISE CO,President/CEO,2027-01-01,10.0,40.0,Executive Director,1.0,0.0,0.0,0.0,0.0,0.0,0.0,0.0,0.0,0.0,1967-05-10,M,Latino Association Network,-9117.0,0.020782734663680334,0.03438271493701908,-0.042342440254891436,10.924012165653831,0.38273295730993095,0.021720615637231915,-0.16429099165660535,0.029967743679382985,51.0,0,-0.6773650833982051,-0.27530597743840163,-0.18806471044490725,-0.6182375476915621,0.1164894900028803
A,USD,STD,INDL,C,3571,10/31/19,26156,HEWLETT PACKARD ENTERPRISE,HPE,2019,51803.0,17098.0,9395.0,51803.0,1049.0,29135.0,1842.0,1294.369,16.41,3571.0,21240.595289999997,Semiconductors/Hardware,2358912.0,2358912.0,2018-02-01,1192124.0,Antonio Neri,HEWLETT PACKARD ENTERPRISE CO,President/CEO,2027-01-01,10.0,40.0,Executive Director,1.0,0.0,0.0,0.0,0.0,0.0,0.0,0.0,0.0,0.0,1967-05-10,M,Latino Association Network,-11359.0,0.017360476872782818,0.020249792483060827,-0.05994941457690417,10.855203341628478,0.33005810474296854,0.2169527252131097,-0.21927301507634692,0.0355577862285968,52.0,0,-0.6773650833982051,-0.27530597743840163,-0.18806471044490725,-0.6182375476915621,0.1164894900028803
A,USD,STD,INDL,C,3571,10/31/20,26156,HEWLETT PACKARD ENTERPRISE,HPE,2020,54015.0,16049.0,13084.0,54015.0,-322.0,26982.0,1874.0,1287.01,8.64,3571.0,11119.7664,Semiconductors/Hardware,2358912.0,2358912.0,2018-02-01,1192124.0,Antonio Neri,HEWLETT PACKARD ENTERPRISE CO,President/CEO,2027-01-01,10.0,40.0,Executive Director,1.0,0.0,0.0,0.0,0.0,0.0,0.0,0.0,0.0,0.0,1967-05-10,M,Latino Association Network,-12314.0,0.03454850100295382,-0.005961307044339535,-0.0658680679692473,10.897017064751084,0.29712117004535776,-0.3669222609314816,-0.22797371100620198,0.034694066463019535,53.0,0,-0.6773650833982051,-0.27530597743840163,-0.18806471044490725,-0.6182375476915621,0.1164894900028803
A,USD,STD,INDL,C,3571,10/31/21,26156,HEWLETT PACKARD ENTERPRISE,HPE,2021,57699.0,19971.0,10834.0,57699.0,3427.0,27784.0,1979.0,1294.634,14.65,3571.0,18966.3881,Semiconductors/Hardware,2358912.0,2358912.0,2018-02-01,1192124.0,Antonio Neri,HEWLETT PACKARD ENTERPRISE CO,President/CEO,2027-01-01,10.0,40.0,Executive Director,1.0,0.0,0.0,0.0,0.0,0.0,0.0,0.0,0.0,0.0,1967-05-10,M,Latino Association Network,-8512.0,0.01786051283229828,0.0593944435778783,-0.0064411536035402575,10.962995121323477,0.3461238496334425,-0.051612856100832716,-0.14752422052375258,0.03429868801885648,54.0,0,-0.6773650833982051,-0.27530597743840163,-0.18806471044490725,-0.6182375476915621,0.1164894900028803
A,USD,STD,INDL,C,3571,10/31/22,26156,HEWLETT PACKARD ENTERPRISE,HPE,2022,57123.0,19864.0,8704.0,57123.0,868.0,28496.0,2045.0,1281.037,14.27,3571.0,18280.39799,Semiconductors/Hardware,2358912.0,2358912.0,2018-02-01,1192124.0,Antonio Neri,HEWLETT PACKARD ENTERPRISE CO,President/CEO,2027-01-01,10.0,40.0,Executive Director,1.0,0.0,0.0,0.0,0.0,0.0,0.0,0.0,0.0,0.0,1967-05-10,M,Latino Association Network,-8448.0,0.021888674147890044,0.015195280359925074,-0.04185996488604957,10.95296211664269,0.3477408399418798,-0.08307971053502738,-0.14789139225880993,0.03579994047931656,55.0,0,-0.6773650833982051,-0.27530597743840163,-0.18806471044490725,-0.6182375476915621,0.1164894900028803
A,USD,STD,INDL,C,3571,10/31/23,26156,HEWLETT PACKARD ENTERPRISE,HPE,2023,57153.0,21182.0,8453.0,57153.0,2025.0,29135.0,2349.0,1282.63,15.38,3571.0,19726.849400000003,Semiconductors/Hardware,2358912.0,2358912.0,2018-02-01,1192124.0,Antonio Neri,HEWLETT PACKARD ENTERPRISE CO,President/CEO,2027-01-01,10.0,40.0,Executive Director,1.0,0.0,0.0,0.0,0.0,0.0,0.0,0.0,0.0,0.0,1967-05-10,M,Latino Association Network,-7030.0,0.018014085461627274,0.03543121096005459,-0.013259048654581697,10.953487161283544,0.37061921508932166,-0.07117114289581082,-0.12300316693786853,0.041100204713663324,56.0,0,-0.6773650833982051,-0.27530597743840163,-0.18806471044490725,-0.6182375476915621,0.1164894900028803
A,USD,STD,INDL,C,3571,10/31/24,26156,HEWLETT PACKARD ENTERPRISE,HPE,2024,71262.0,24816.0,14813.0,71262.0,2579.0,30127.0,2246.0,1297.258,19.49,3571.0,25283.55842,Semiconductors/Hardware,2358912.0,2358912.0,2018-02-01,1192124.0,Antonio Neri,HEWLETT PACKARD ENTERPRISE CO,President/CEO,2027-01-01,10.0,40.0,Executive Director,1.0,0.0,0.0,0.0,0.0,0.0,0.0,0.0,0.0,0.0,1967-05-10,M,Latino Association Network,-5045.0,0.02427554492911667,0.03619039600348012,-0.020878723184541405,11.174118505002296,0.3482360865538436,0.018665713223484606,-0.07079509415958014,0.031517498807218436,57.0,0,-0.6773650833982051,-0.27530597743840163,-0.18806471044490725,-0.6182375476915621,0.1164894900028803
A,USD,STD,INDL,C,3571,10/31/25,26156,HEWLETT PACKARD ENTERPRISE,HPE,2025,75906.0,24688.0,19152.0,75906.0,57.0,34296.0,2518.0,1318.292,24.42,3571.0,32192.69064,Semiconductors/Hardware,2358912.0,2358912.0,2018-02-01,1192124.0,Antonio Neri,HEWLETT PACKARD ENTERPRISE CO,President/CEO,2027-01-01,10.0,40.0,Executive Director,1.0,0.0,0.0,0.0,0.0,0.0,0.0,0.0,0.0,0.0,1967-05-10,M,Latino Association Network,-5559.0,0.028302731083369444,0.0007509287803335704,-0.05255572641184447,11.237251011642725,0.32524438120833665,0.26542213240367607,-0.07323531736621611,0.03317260822596369,58.0,0,-0.6773650833982051,-0.27530597743840163,-0.18806471044490725,-0.6182375476915621,0.1164894900028803
A,USD,STD,INDL,C,2834,12/31/20,23812,REGENERON PHARMACEUTICALS,REGN,2020,17163.3,11025.3,2695.7,17163.3,3513.2,8497.1,2735.0,106.951,483.11,2834.0,51669.09761,Biotech,25954.0,25954.0,1994-01-02,201093.0,Doctor Len Schleifer,REGENERON PHARMACEUTICALS INC,President/CEO,2023-06-09,30.0,10.0,Executive Director,0.0,0.0,0.0,0.0,1.0,0.0,1.0,0.0,0.0,0.0,1953-01-01,M,,10922.3,0.027206660298182164,0.20469257077601627,0.1447858098511085,9.750528662245507,0.6423764660642184,1.5446672458133712,0.6363752891343739,0.15935163983616205,67.0,0,-0.47202271221197056,4.445042550427351,-0.10908821136418033,-0.4214911105458302,-0.9893955857108724
A,USD,STD,INDL,C,2834,12/31/18,23812,REGENERON PHARMACEUTICALS,REGN,2018,11734.5,8757.3,708.5,11734.5,2444.4,6710.8,2186.1,109.006,373.5,2834.0,40713.741,Biotech,25954.0,25954.0,1994-01-02,201093.0,Doctor Len Schleifer,REGENERON PHARMACEUTICALS INC,President/CEO,2023-06-09,30.0,10.0,Executive Director,0.0,0.0,0.0,0.0,1.0,0.0,1.0,0.0,0.0,0.0,1953-01-01,M,,5242.0,0.020297463062625462,0.20830883292854405,0.13158367773663354,9.370288499793245,0.7462865908219353,1.5366780139155454,0.4467169457582343,0.18629681707784737,65.0,0,-0.47202271221197056,4.445042550427351,-0.10908821136418033,-0.4214911105458302,-0.9893955857108724
A,USD,STD,INDL,C,7372,3/31/23,16721,ELECTRONIC ARTS INC,EA,2022,13459.0,7293.0,2157.0,13459.0,802.0,7426.0,2328.0,272.914,120.45,7372.0,32872.4913,Software,10364.0,10364.0,2021-08-12,1207036.0,Andrew Wilson,ELECTRONIC ARTS INC,Chairman/CEO,2027-01-01,10.0,40.0,Executive Director,0.0,0.0,0.0,0.0,0.0,0.0,0.0,0.0,0.0,0.0,1974-09-07,M,,7622.0,0.016553646669968742,0.05958837952299576,0.0025331342770211207,9.507403306233716,0.5418678950887882,1.5057211933178967,0.5663125046437328,0.17296976001188796,48.0,0,-0.6720449074444793,-0.23674111240146314,-0.1428900246012513,-0.648546397838306,-0.5106751006852247
A,USD,STD,INDL,C,2834,12/31/23,18888,AMNEAL PHARMACEUTICALS INC,AMRX,2023,3472.569,19.781,2522.899,3472.569,-83.993,2393.607,194.75,306.565,6.07,2834.0,1860.84955,Biotech,1560214.0,1560214.0,2019-08-03,1981116.0,Chintu Patel,AMNEAL PHARMACEUTICALS INC (Impax Laboratories Inc prior to 05/2018),Co-CEO,2027-01-01,10.0,40.0,Executive Director,1.0,0.0,0.0,0.0,0.0,0.0,0.0,0.0,0.0,0.0,1971-06-15,M,,-522.525,0.04516183711873731,-0.02418756833917483,-0.07287782795381112,8.152649944841452,0.005696359093224641,4.544066528707834,-0.15047217204323368,0.0560823989386532,52.0,0,-0.6773650833982051,-0.27530597743840163,-0.18806471044490725,-0.6182375476915621,0.1164894900028803
I,USD,STD,INDL,C,7372,12/31/18,17695,TABLEAU SOFTWARE INC,DATA,2018,1634.725,1013.585,0.0,1634.725,-77.042,1155.352,382.886,84.357,120.0,7372.0,10122.84,Software,1953153.0,1953153.0,2016-09-16,1768029.0,Adam Selipsky,TABLEAU SOFTWARE INC (De-listed 08/2019),President/CEO,2019-08-01,10.0,10.0,Executive Director,1.0,1.0,1.0,1.0,0.0,0.0,0.0,0.0,0.0,0.0,1966-06-15,M,,-327.051,0.025408086630416323,-0.04712841609445014,-0.12385357128636065,7.399229873466213,0.6200339506644849,2.301300705722362,-0.20006484271054764,0.23422043462967782,52.0,0,-0.6128736957646483,-0.09759737004036201,-0.15034967286003378,1.735222049293508,0.872841853845548
A,USD,STD,INDL,C,8731,12/31/15,17928,IQVIA HOLDINGS INC,IQV,2015,3926.316,-564.217,2419.293,3926.316,387.205,5737.619,3.198,119.378,68.66,8731.0,8196.49348,Biotech,1951118.0,1951118.0,2013-05-09,1010281.0,Tom Pike,IQVIA HOLDINGS INC (Quintiles IMS Holdings Inc prior to 11/2017),CEO,2016-10-03,10.0,10.0,Executive Director,1.0,0.0,0.0,0.0,0.0,0.0,0.0,0.0,0.0,0.0,1959-06-15,M,,-573.001,,0.09861789015453672,0.03296830703633115,8.275456860644713,-0.14370137299188349,,-0.14593858466817242,0.0008145039777745856,56.0,0,-0.6773650833982051,-0.27530597743840163,-0.18806471044490725,-0.6182375476915621,0.1164894900028803
A,USD,STD,INDL,C,8731,12/31/16,17928,IQVIA HOLDINGS INC,IQV,2016,21208.0,8633.0,7108.0,21208.0,115.0,6878.0,0.0,235.4,76.05,8731.0,17902.17,Biotech,1951118.0,1951118.0,2016-10-03,33049.0,Ari Bousbib,IQVIA HOLDINGS INC (Quintiles IMS Holdings Inc prior to 11/2017),Chairman/President/CEO,2027-01-01,10.0,40.0,Executive Director,0.0,0.0,1.0,1.0,0.0,0.0,0.0,0.0,1.0,0.0,1961-06-15,M,,-969.0,,0.00542248208223312,-0.044571779290862035,9.962133747968862,0.40706337231233497,0.7293298652959554,-0.04569030554507733,0.0,55.0,0,1.4121891305033953,-0.01953622805987299,-0.33052930355453525,1.7770382137393608,-1.0956288328693857
A,USD,STD,INDL,C,8731,12/31/17,17928,IQVIA HOLDINGS INC,IQV,2017,22742.0,8109.0,10122.0,22742.0,1309.0,9739.0,0.0,208.1,97.9,8731.0,20372.99,Biotech,1951118.0,1951118.0,2016-10-03,33049.0,Ari Bousbib,IQVIA HOLDINGS INC (Quintiles IMS Holdings Inc prior to 11/2017),Chairman/President/CEO,2027-01-01,10.0,40.0,Executive Director,0.0,0.0,1.0,1.0,0.0,0.0,0.0,0.0,1.0,0.0,1961-06-15,M,,701.0,0.006110759738767859,0.05755870196112919,-7.548587553015546e-05,10.031968714184668,0.35656494591504706,0.9212354479914961,0.030824026031131827,0.0,56.0,0,1.4121891305033953,-0.01953622805987299,-0.33052930355453525,1.7770382137393608,-1.0956288328693857
A,USD,STD,INDL,C,8731,12/31/18,17928,IQVIA HOLDINGS INC,IQV,2018,22549.0,6714.0,10907.0,22549.0,259.0,10412.0,0.0,197.5,116.17,8731.0,22943.575,Biotech,1951118.0,1951118.0,2016-10-03,33049.0,Ari Bousbib,IQVIA HOLDINGS INC (Quintiles IMS Holdings Inc prior to 11/2017),Chairman/President/CEO,2027-01-01,10.0,40.0,Executive Director,0.0,0.0,1.0,1.0,0.0,0.0,0.0,0.0,1.0,0.0,1961-06-15,M,,583.0,0.01621547802612212,0.011486096944432126,-0.06523905824747839,10.023445998049512,0.2977515632622289,1.2288430423265797,0.02585480509113486,0.0,57.0,0,1.4121891305033953,-0.01953622805987299,-0.33052930355453525,1.7770382137393608,-1.0956288328693857
A,USD,STD,INDL,C,8731,12/31/19,17928,IQVIA HOLDINGS INC,IQV,2019,23251.0,6003.0,11941.0,23251.0,191.0,11088.0,0.0,192.3,154.51,8731.0,29712.273,Biotech,1951118.0,1951118.0,2016-10-03,33049.0,Ari Bousbib,IQVIA HOLDINGS INC (Quintiles IMS Holdings Inc prior to 11/2017),Chairman/President/CEO,2027-01-01,10.0,40.0,Executive Director,0.0,0.0,1.0,1.0,0.0,0.0,0.0,0.0,1.0,0.0,1961-06-15,M,,687.0,0.014690424802703198,0.008214700442991699,-0.0719845066169733,10.054103420843255,0.2581824437658595,1.5993008485052178,0.029547116253064384,0.0,58.0,0,1.4121891305033953,-0.01953622805987299,-0.33052930355453525,1.7770382137393608,-1.0956288328693857
A,USD,STD,INDL,C,8731,12/31/20,17928,IQVIA HOLDINGS INC,IQV,2020,24564.0,6001.0,12877.0,24564.0,279.0,11359.0,0.0,191.2,179.17,8731.0,34257.304,Biotech,1951118.0,1951118.0,2016-10-03,33049.0,Ari Bousbib,IQVIA HOLDINGS INC (Quintiles IMS Holdings Inc prior to 11/2017),Chairman/President/CEO,2027-01-01,10.0,40.0,Executive Director,0.0,0.0,1.0,1.0,0.0,0.0,0.0,0.0,1.0,0.0,1961-06-15,M,,1072.0,0.03118568011683187,0.011358085002442599,-0.04854867592246516,10.10903723544929,0.2443006025077349,1.7419736754395945,0.04364110079791565,0.0,59.0,0,1.4121891305033953,-0.01953622805987299,-0.33052930355453525,1.7770382137393608,-1.0956288328693857
A,USD,STD,INDL,C,8731,12/31/21,17928,IQVIA HOLDINGS INC,IQV,2021,24689.0,6042.0,12524.0,24689.0,966.0,13874.0,0.0,190.6,282.14,8731.0,53775.884,Biotech,1951118.0,1951118.0,2016-10-03,33049.0,Ari Bousbib,IQVIA HOLDINGS INC (Quintiles IMS Holdings Inc prior to 11/2017),Chairman/President/CEO,2027-01-01,10.0,40.0,Executive Director,0.0,0.0,1.0,1.0,0.0,0.0,0.0,0.0,1.0,0.0,1961-06-15,M,,1837.0,0.013427801653971323,0.03912673660334562,-0.026708860578072938,10.114113079291366,0.24472437117744744,2.1860900309198406,0.07440560573534773,0.0,60.0,0,1.4121891305033953,-0.01953622805987299,-0.33052930355453525,1.7770382137393608,-1.0956288328693857
A,USD,STD,INDL,C,8731,12/31/22,17928,IQVIA HOLDINGS INC,IQV,2022,25337.0,5765.0,13083.0,25337.0,1091.0,14410.0,0.0,185.7,204.89,8731.0,38048.073,Biotech,1951118.0,1951118.0,2016-10-03,33049.0,Ari Bousbib,IQVIA HOLDINGS INC (Quintiles IMS Holdings Inc prior to 11/2017),Chairman/President/CEO,2027-01-01,10.0,40.0,Executive Director,0.0,0.0,1.0,1.0,0.0,0.0,0.0,0.0,1.0,0.0,1961-06-15,M,,2607.0,0.023345470461184195,0.04305955716935707,-0.013995688076617573,10.140021056969097,0.22753285708647433,1.8870452854146085,0.10289300232861033,0.0,61.0,0,1.4121891305033953,-0.01953622805987299,-0.33052930355453525,1.7770382137393608,-1.0956288328693857
A,USD,STD,INDL,C,8731,12/31/23,17928,IQVIA HOLDINGS INC,IQV,2023,26681.0,6112.0,13406.0,26681.0,1358.0,14984.0,0.0,181.5,231.38,8731.0,41995.47,Biotech,1951118.0,1951118.0,2016-10-03,33049.0,Ari Bousbib,IQVIA HOLDINGS INC (Quintiles IMS Holdings Inc prior to 11/2017),Chairman/President/CEO,2027-01-01,10.0,40.0,Executive Director,0.0,0.0,1.0,1.0,0.0,0.0,0.0,0.0,1.0,0.0,1961-06-15,M,,3825.0,0.016214838701114127,0.05089764251714703,0.0022073829025107475,10.191706980586526,0.2290768711817398,1.927307703459292,0.14336044376147822,0.0,62.0,0,1.4121891305033953,-0.01953622805987299,-0.33052930355453525,1.7770382137393608,-1.0956288328693857
A,USD,STD,INDL,C,8731,12/31/24,17928,IQVIA HOLDINGS INC,IQV,2024,26899.0,6067.0,13229.0,26899.0,1373.0,15405.0,0.0,176.1,196.51,8731.0,34605.411,Biotech,1951118.0,1951118.0,2016-10-03,33049.0,Ari Bousbib,IQVIA HOLDINGS INC (Quintiles IMS Holdings Inc prior to 11/2017),Chairman/President/CEO,2027-01-01,10.0,40.0,Executive Director,0.0,0.0,1.0,1.0,0.0,0.0,0.0,0.0,1.0,0.0,1961-06-15,M,,5027.0,0.018856554914424,0.051042789694784194,-0.00602632949323733,10.199844390177743,0.2255474181196327,1.7411458081595383,0.18688427079073572,0.0,63.0,0,1.4121891305033953,-0.01953622805987299,-0.33052930355453525,1.7770382137393608,-1.0956288328693857
A,USD,STD,INDL,C,8731,12/31/25,17928,IQVIA HOLDINGS INC,IQV,2025,29944.0,6503.0,14321.0,29944.0,1360.0,16310.0,0.0,169.6,225.41,8731.0,38229.536,Biotech,1951118.0,1951118.0,2016-10-03,33049.0,Ari Bousbib,IQVIA HOLDINGS INC (Quintiles IMS Holdings Inc prior to 11/2017),Chairman/President/CEO,2027-01-01,10.0,40.0,Executive Director,0.0,0.0,1.0,1.0,0.0,0.0,0.0,0.0,1.0,0.0,1961-06-15,M,,6482.0,0.02407056231086806,0.04541811381244991,-0.007888541379728137,10.307084249584264,0.21717205450173657,1.7713448016825197,0.21647074539139727,0.0,64.0,0,1.4121891305033953,-0.01953622805987299,-0.33052930355453525,1.7770382137393608,-1.0956288328693857
A,USD,STD,INDL,C,2834,12/31/18,18888,AMNEAL PHARMACEUTICALS INC,AMRX,2018,4352.736,503.037,2669.681,4352.736,-169.726,1662.991,233.449,127.376,13.53,2834.0,1723.39728,Biotech,1560214.0,1560214.0,2018-05-04,1054826.0,Robert Stewart,AMNEAL PHARMACEUTICALS INC (Impax Laboratories Inc prior to 05/2018),President/CEO,2019-08-02,10.0,10.0,Executive Director,1.0,0.0,0.0,0.0,0.0,0.0,0.0,0.0,0.0,0.0,1967-06-15,M,,-28.675,0.032449982946631255,-0.0389929460458893,-0.11571810123779983,8.378559891884061,0.11556800136741581,1.2313890584863731,-0.00658781051733898,0.053632703660410376,51.0,0,-0.6773650833982051,-0.27530597743840163,-0.18806471044490725,-0.6182375476915621,0.1164894900028803
A,USD,STD,INDL,C,2834,12/31/24,18888,AMNEAL PHARMACEUTICALS INC,AMRX,2024,3501.445,-109.267,2252.884,3501.445,-116.886,2793.957,190.714,309.881,7.92,2834.0,2454.2575199999997,Biotech,1560214.0,1560214.0,2019-08-03,762401.0,Chirag Patel,AMNEAL PHARMACEUTICALS INC (Impax Laboratories Inc prior to 05/2018),President/Co-CEO,2027-01-01,10.0,40.0,Executive Director,1.0,0.0,0.0,0.0,0.0,0.0,0.0,0.0,0.0,0.0,1966-06-15,M,,-672.572,0.02456771720415272,-0.03338221791289025,-0.09045133710091177,8.160931019418301,-0.031206259130159116,,-0.19208412526828209,0.05446722710195362,58.0,0,-0.6773650833982051,-0.27530597743840163,-0.18806471044490725,-0.6182375476915621,0.1164894900028803
A,USD,STD,INDL,C,7372,3/31/24,15855,GEN DIGITAL INC,GEN,2023,15772.0,2197.0,8467.0,15772.0,616.0,3812.0,332.0,623.0,22.4,7372.0,13955.2,Software,29774.0,29774.0,2019-12-19,1096288.0,Vincent Pilette,GEN DIGITAL INC (NortonLifeLock Inc prior to 11/2022),CEO,2024-06-13,10.0,10.0,Executive Director,1.0,0.0,1.0,1.0,0.0,0.0,0.0,0.0,1.0,0.0,1972-06-15,M,,-600.0,0.019504287502174235,0.039056555921886886,-0.0096337036927494,9.665991494997519,0.13929748922140503,1.8487594052638372,-0.0380420999239158,0.021049961957900078,51.0,0,1.4068689545496689,-0.058101093096811544,-0.3757039893981911,1.8073470638861047,-0.46846424218128085
A,USD,STD,INDL,C,2834,12/31/25,18888,AMNEAL PHARMACEUTICALS INC,AMRX,2025,3678.28,-70.794,2667.47,3678.28,72.057,3018.76,186.175,314.565,12.6,2834.0,3963.519,Biotech,1560214.0,1560214.0,2019-08-03,762401.0,Chirag Patel,AMNEAL PHARMACEUTICALS INC (Impax Laboratories Inc prior to 05/2018),President/Co-CEO,2027-01-01,10.0,40.0,Executive Director,1.0,0.0,0.0,0.0,0.0,0.0,0.0,0.0,0.0,0.0,1966-06-15,M,,-645.734,0.021109401881258552,0.019589862653196604,-0.03371679253898144,8.210200530597266,-0.0192464956447035,,-0.17555324771360528,0.050614689474428265,59.0,0,-0.6773650833982051,-0.27530597743840163,-0.18806471044490725,-0.6182375476915621,0.1164894900028803
A,USD,STD,INDL,C,7372,9/30/15,18699,PTC INC,PTC,2015,2209.913,860.171,618.125,2209.913,47.557,1255.242,227.513,113.745,31.74,7372.0,3610.2663,Software,23786.0,23786.0,2010-10-01,203273.0,Jim Heppelmann,PTC INC (Parametric Technology Corp prior to 01/2013),President/CEO,2023-02-20,10.0,10.0,Executive Director,0.0,0.0,0.0,0.0,0.0,0.0,0.0,0.0,0.0,0.0,,,,-694.356,0.01470381492722893,0.021519851686469107,-0.04412973143173646,7.7007084272210795,0.3892329698046937,1.4344056092279136,-0.31420060427718194,0.10295111165009664,,0,-0.6720449074444793,-0.23674111240146314,-0.1428900246012513,-0.648546397838306,-0.5106751006852247
A,USD,STD,INDL,C,7372,9/30/16,18699,PTC INC,PTC,2016,2352.253,842.666,758.125,2352.253,-54.465,1140.533,229.331,114.968,44.31,7372.0,5094.232080000001,Software,23786.0,23786.0,2010-10-01,203273.0,Jim Heppelmann,PTC INC (Parametric Technology Corp prior to 01/2013),President/CEO,2023-02-20,10.0,10.0,Executive Director,0.0,0.0,0.0,0.0,0.0,0.0,0.0,0.0,0.0,0.0,,,,-757.032,0.017758307597048103,-0.023154397082286643,-0.0731486584553818,7.763128871260703,0.35823782560804474,1.799293538524259,-0.32183272802712976,0.09749418961310709,,0,-0.6720449074444793,-0.23674111240146314,-0.1428900246012513,-0.648546397838306,-0.5106751006852247
A,USD,STD,INDL,C,7372,9/30/17,18699,PTC INC,PTC,2017,2360.384,885.436,712.406,2360.384,6.239,1164.039,236.059,115.333,56.28,7372.0,6490.94124,Software,23786.0,23786.0,2010-10-01,203273.0,Jim Heppelmann,PTC INC (Parametric Technology Corp prior to 01/2013),President/CEO,2023-02-20,10.0,10.0,Executive Director,0.0,0.0,0.0,0.0,0.0,0.0,0.0,0.0,0.0,0.0,,,,-724.747,0.016007534517375625,0.002643213985521,-0.05499097385113834,7.766579596647923,0.3751237086846886,1.9920826493978676,-0.30704622637672513,0.10000872739350886,,0,-0.6720449074444793,-0.23674111240146314,-0.1428900246012513,-0.648546397838306,-0.5106751006852247
A,USD,STD,INDL,C,7372,9/30/18,18699,PTC INC,PTC,2018,2329.022,874.589,643.268,2329.022,51.987,1251.12,249.774,117.981,106.19,7372.0,12528.40239,Software,23786.0,23786.0,2010-10-01,203273.0,Jim Heppelmann,PTC INC (Parametric Technology Corp prior to 01/2013),President/CEO,2023-02-20,10.0,10.0,Executive Director,0.0,0.0,0.0,0.0,0.0,0.0,0.0,0.0,0.0,0.0,,,,-684.994,0.01986153220268785,0.022321386401674182,-0.05440376879023634,7.753203715953939,0.3755177065738323,2.6619994752460574,-0.2941122926275493,0.10724415656013554,,0,-0.6720449074444793,-0.23674111240146314,-0.1428900246012513,-0.648546397838306,-0.5106751006852247
A,USD,STD,INDL,C,7372,9/30/19,18699,PTC INC,PTC,2019,2664.588,1201.998,669.134,2664.588,-27.46,1255.631,246.888,114.899,68.18,7372.0,7833.813820000001,Software,23786.0,23786.0,2010-10-01,203273.0,Jim Heppelmann,PTC INC (Parametric Technology Corp prior to 01/2013),President/CEO,2023-02-20,10.0,10.0,Executive Director,0.0,0.0,0.0,0.0,0.0,0.0,0.0,0.0,0.0,0.0,,,,-302.1,0.022466607026657755,-0.010305533163100636,-0.09050474022306564,7.887804728025766,0.45110088313840635,1.8744642971061447,-0.11337587649572842,0.09265522474769082,,0,-0.6720449074444793,-0.23674111240146314,-0.1428900246012513,-0.648546397838306,-0.5106751006852247
A,USD,STD,INDL,C,7372,9/30/20,18699,PTC INC,PTC,2020,3382.738,1438.248,1185.702,3382.738,130.695,1458.415,256.575,116.125,82.72,7372.0,9605.86,Software,23786.0,23786.0,2010-10-01,203273.0,Jim Heppelmann,PTC INC (Parametric Technology Corp prior to 01/2013),President/CEO,2023-02-20,10.0,10.0,Executive Director,0.0,0.0,0.0,0.0,0.0,0.0,0.0,0.0,0.0,0.0,,,,-165.641,0.028397916358136547,0.03863586242860074,-0.02127089849630702,8.12644071972781,0.4251727446819707,1.898947622730514,-0.04896654721707682,0.07584832168497826,,0,-0.6720449074444793,-0.23674111240146314,-0.1428900246012513,-0.648546397838306,-0.5106751006852247
A,USD,STD,INDL,C,7372,9/30/21,18699,PTC INC,PTC,2021,4507.56,2038.468,1620.406,4507.56,476.923,1807.159,299.917,117.163,119.79,7372.0,14034.95577,Software,23786.0,23786.0,2010-10-01,203273.0,Jim Heppelmann,PTC INC (Parametric Technology Corp prior to 01/2013),President/CEO,2023-02-20,10.0,10.0,Executive Director,0.0,0.0,0.0,0.0,0.0,0.0,0.0,0.0,0.0,0.0,,,,318.792,0.024148559450407805,0.10580513625997212,0.039969539078553565,8.413511266136966,0.452233137218362,1.929352513064747,0.07072385059766258,0.06653644100133996,,0,-0.6720449074444793,-0.23674111240146314,-0.1428900246012513,-0.648546397838306,-0.5106751006852247
A,USD,STD,INDL,C,7372,9/30/22,18699,PTC INC,PTC,2022,4687.268,2296.034,1518.201,4687.268,313.081,1933.347,338.822,117.472,104.6,7372.0,12287.571199999998,Software,23786.0,23786.0,2010-10-01,203273.0,Jim Heppelmann,PTC INC (Parametric Technology Corp prior to 01/2013),President/CEO,2023-02-20,10.0,10.0,Executive Director,0.0,0.0,0.0,0.0,0.0,0.0,0.0,0.0,0.0,0.0,,,,574.279,0.02471787794324802,0.06679391918704031,0.009738673941065666,8.452605175720498,0.4898448307201551,1.6774049932530624,0.1225189172029421,0.07228560432217658,,0,-0.6720449074444793,-0.23674111240146314,-0.1428900246012513,-0.648546397838306,-0.5106751006852247
A,USD,STD,INDL,C,7372,9/30/23,18699,PTC INC,PTC,2023,6288.842,2677.29,1854.865,6288.842,245.54,2097.053,394.37,118.846,141.68,7372.0,16838.101280000003,Software,23786.0,23786.0,2023-07-27,203273.0,Jim Heppelmann,PTC INC (Parametric Technology Corp prior to 01/2013),Chairman/CEO,2024-02-14,10.0,10.0,Executive Director,0.0,0.0,0.0,0.0,0.0,0.0,0.0,0.0,0.0,0.0,,,,855.197,0.013036131167784975,0.03904375400113407,-0.009646505613502214,8.746532230996872,0.42572066526715097,1.8388391629722138,0.13598640258413236,0.06270947815193958,,0,-0.6720449074444793,-0.23674111240146314,-0.1428900246012513,-0.648546397838306,-0.5106751006852247
A,USD,STD,INDL,C,7372,9/30/24,18699,PTC INC,PTC,2024,6383.542,3214.398,1384.673,6383.542,376.333,2298.472,433.047,120.155,180.66,7372.0,21707.2023,Software,23786.0,23786.0,2024-10-01,544533.0,Neil Barua,PTC INC (Parametric Technology Corp prior to 01/2013),President/CEO,2027-01-01,10.0,40.0,Executive Director,1.0,0.0,0.0,0.0,0.0,0.0,0.0,0.0,0.0,0.0,1977-06-15,M,,1247.889,0.013653273685351809,0.05895363420496019,0.001884515016938669,8.761478394701438,0.5035445838689555,1.9100040158262894,0.19548535906868003,0.06783804351878628,47.0,0,-0.6773650833982051,-0.27530597743840163,-0.18806471044490725,-0.6182375476915621,0.1164894900028803
A,USD,STD,INDL,C,7372,3/31/25,15855,GEN DIGITAL INC,GEN,2024,15495.0,2269.0,8010.0,15495.0,643.0,3935.0,329.0,617.0,26.54,7372.0,16375.18,Software,29774.0,29774.0,2024-06-13,1096288.0,Vincent Pilette,GEN DIGITAL INC (NortonLifeLock Inc prior to 11/2022),President/CEO,2025-07-17,10.0,10.0,Executive Director,1.0,0.0,1.0,1.0,0.0,0.0,0.0,0.0,1.0,0.0,1972-06-15,M,,-30.0,0.018957008045954543,0.041497257179735396,-0.015571862008286128,9.648272670221848,0.14643433365601807,1.9764275680296075,-0.001936108422071636,0.02123265569538561,52.0,0,1.4068689545496689,-0.058101093096811544,-0.3757039893981911,1.8073470638861047,-0.46846424218128085
A,USD,STD,INDL,C,7372,3/31/23,15855,GEN DIGITAL INC,GEN,2022,15947.0,2200.0,9560.0,15947.0,1349.0,3338.0,313.0,640.0,17.16,7372.0,10982.4,Software,29774.0,29774.0,2019-12-19,1096288.0,Vincent Pilette,GEN DIGITAL INC (NortonLifeLock Inc prior to 11/2022),CEO,2024-06-13,10.0,10.0,Executive Director,1.0,0.0,1.0,1.0,0.0,0.0,0.0,0.0,1.0,0.0,1972-06-15,M,,-1944.0,0.018318823064541287,0.08459271336301499,0.027537468117040352,9.677026002747972,0.1379569825045463,1.6078366310671266,-0.12190380635856274,0.019627516147237727,50.0,0,1.4068689545496689,-0.058101093096811544,-0.3757039893981911,1.8073470638861047,-0.46846424218128085
A,USD,STD,INDL,C,2834,12/31/17,23812,REGENERON PHARMACEUTICALS,REGN,2017,8764.286,6144.078,703.453,8764.286,1198.511,5872.227,2075.142,107.624,375.96,2834.0,40462.319039999995,Biotech,25954.0,25954.0,1994-01-02,201093.0,Doctor Len Schleifer,REGENERON PHARMACEUTICALS INC,President/CEO,2023-06-09,30.0,10.0,Executive Director,0.0,0.0,0.0,0.0,1.0,0.0,1.0,0.0,0.0,0.0,1953-01-01,M,,2947.373,0.018380503856654146,0.13674941689488454,0.0791152290582252,9.07844033368358,0.7010357717673751,1.884882455875919,0.33629356686899536,0.23677251061866303,64.0,0,-0.47202271221197056,4.445042550427351,-0.10908821136418033,-0.4214911105458302,-0.9893955857108724
A,USD,STD,INDL,C,3674,3/31/18,16401,CIRRUS LOGIC INC,CRUS,2017,1430.117,1161.728,0.0,1430.117,161.995,1532.186,366.444,61.96,40.63,3674.0,2517.4348,Semiconductors/Hardware,6905.0,6905.0,2007-05-17,498587.0,Doctor Jason Rhode,CIRRUS LOGIC INC,President/CEO,2020-01-27,10.0,10.0,Executive Director,1.0,0.0,0.0,0.0,1.0,0.0,0.0,0.0,1.0,0.0,1969-06-15,M,,-107.587,0.020088853858789675,0.11327394891466923,0.055639761078009886,7.265511538088846,0.8123307393730723,0.7733318947110908,-0.07522950919400301,0.2562335808888364,48.0,0,1.346396410336024,-0.17476717671278105,-0.18294111675517574,-0.49941972444331517,-1.1391929588974257
A,USD,STD,INDL,C,7372,3/31/24,16721,ELECTRONIC ARTS INC,EA,2023,13420.0,7513.0,2130.0,13420.0,1273.0,7562.0,2420.0,266.415,132.67,7372.0,35345.27805,Software,10364.0,10364.0,2021-08-12,1207036.0,Andrew Wilson,ELECTRONIC ARTS INC,Chairman/CEO,2027-01-01,10.0,40.0,Executive Director,0.0,0.0,0.0,0.0,0.0,0.0,0.0,0.0,0.0,0.0,1974-09-07,M,,7290.0,0.012920350456706364,0.09485842026825633,0.04616816065362005,9.504501410525673,0.5598360655737705,1.5485299529470646,0.5432190760059612,0.18032786885245902,49.0,0,-0.6720449074444793,-0.23674111240146314,-0.1428900246012513,-0.648546397838306,-0.5106751006852247
A,USD,STD,INDL,C,7372,3/31/25,16721,ELECTRONIC ARTS INC,EA,2024,12368.0,6386.0,1751.0,12368.0,1121.0,7463.0,2569.0,252.315,144.52,7372.0,36464.5638,Software,10364.0,10364.0,2021-08-12,1207036.0,Andrew Wilson,ELECTRONIC ARTS INC,Chairman/CEO,2027-01-01,10.0,40.0,Executive Director,0.0,0.0,0.0,0.0,0.0,0.0,0.0,0.0,0.0,0.0,1974-09-07,M,,7510.0,0.011382887203445739,0.09063712807244502,0.033568008884423496,9.422867770827203,0.5163324708926261,1.7422328399165674,0.6072121604139715,0.20771345407503233,50.0,0,-0.6720449074444793,-0.23674111240146314,-0.1428900246012513,-0.648546397838306,-0.5106751006852247
I,USD,STD,INDL,C,3674,6/30/15,14256,MAXIM INTEGRATED PRODUCTS,MXIM,2015,4228.384,2290.02,1000.0,4228.384,206.038,2306.864,530.672,284.823,34.575,3674.0,9847.755225,Semiconductors/Hardware,19863.0,19863.0,2007-01-01,36387.0,Tunc Doluca,MAXIM INTEGRATED PRODUCTS INC (De-listed 08/2021),President/CEO,2021-08-26,10.0,10.0,Executive Director,1.0,0.0,0.0,0.0,0.0,0.0,0.0,0.0,1.0,0.0,1958-06-15,M,,2261.878,0.018164707656393844,0.04872736251012207,-0.016922220608083495,8.349575165950162,0.5415827890749753,1.4586829821202212,0.5349272913718338,0.1255023195622725,57.0,0,1.328120120919817,-0.19997741649182793,-0.44736292532478544,-0.49441052504565186,-0.4374823779598874
I,USD,STD,INDL,C,3674,6/30/16,14256,MAXIM INTEGRATED PRODUCTS,MXIM,2016,4234.616,2107.814,990.09,4234.616,227.475,2194.719,494.763,283.909,35.69,3674.0,10132.71221,Semiconductors/Hardware,19863.0,19863.0,2007-01-01,36387.0,Tunc Doluca,MAXIM INTEGRATED PRODUCTS INC (De-listed 08/2021),President/CEO,2021-08-26,10.0,10.0,Executive Director,1.0,0.0,0.0,0.0,0.0,0.0,0.0,0.0,1.0,0.0,1958-06-15,M,,2107.53,0.014939357260315476,0.05371797584479915,0.0037237144717039913,8.351047930011713,0.497758002142343,1.570117631307622,0.4976909358487287,0.11683774868842889,58.0,0,1.328120120919817,-0.19997741649182793,-0.44736292532478544,-0.49441052504565186,-0.4374823779598874
I,USD,STD,INDL,C,3674,6/30/17,14256,MAXIM INTEGRATED PRODUCTS,MXIM,2017,4570.233,2202.694,1487.678,4570.233,571.613,2295.615,453.977,282.912,44.9,3674.0,12702.7488,Semiconductors/Hardware,19863.0,19863.0,2007-01-01,36387.0,Tunc Doluca,MAXIM INTEGRATED PRODUCTS INC (De-listed 08/2021),President/CEO,2021-08-26,10.0,10.0,Executive Director,1.0,0.0,0.0,0.0,0.0,0.0,0.0,0.0,1.0,0.0,1958-06-15,M,,2202.411,0.01234898518933464,0.12507305426222254,0.0674388664255632,8.427319467271289,0.48196536150345065,1.7521372543149232,0.48190343905879635,0.09933344755070474,59.0,0,1.328120120919817,-0.19997741649182793,-0.44736292532478544,-0.49441052504565186,-0.4374823779598874
I,USD,STD,INDL,C,3674,6/30/18,14256,MAXIM INTEGRATED PRODUCTS,MXIM,2018,4451.561,1930.94,991.147,4451.561,467.318,2480.066,450.943,278.664,58.66,3674.0,16346.430239999998,Semiconductors/Hardware,19863.0,19863.0,2007-01-01,36387.0,Tunc Doluca,MAXIM INTEGRATED PRODUCTS INC (De-listed 08/2021),President/CEO,2021-08-26,10.0,10.0,Executive Director,1.0,0.0,0.0,0.0,0.0,0.0,0.0,0.0,1.0,0.0,1958-06-15,M,,1930.661,0.02063096531645335,0.10497845587199636,0.028253300680085844,8.401010100165934,0.4337669415290502,2.1360026085797776,0.4337042668852567,0.10129997095400917,60.0,0,1.328120120919817,-0.19997741649182793,-0.44736292532478544,-0.49441052504565186,-0.4374823779598874
I,USD,STD,INDL,C,3674,6/30/19,14256,MAXIM INTEGRATED PRODUCTS,MXIM,2019,3743.982,1845.276,992.584,3743.982,827.486,2314.329,435.222,271.852,59.82,3674.0,16262.186639999998,Semiconductors/Hardware,19863.0,19863.0,2007-01-01,36387.0,Tunc Doluca,MAXIM INTEGRATED PRODUCTS INC (De-listed 08/2021),President/CEO,2021-08-26,10.0,10.0,Executive Director,1.0,0.0,0.0,0.0,0.0,0.0,0.0,0.0,1.0,0.0,1958-06-15,M,,1845.004,0.017172933922495682,0.22101762241378298,0.14081841535381798,8.227905029893618,0.4928645490282806,2.1762137149824423,0.4927918991063525,0.11624575118149606,61.0,0,1.328120120919817,-0.19997741649182793,-0.44736292532478544,-0.49441052504565186,-0.4374823779598874
I,USD,STD,INDL,C,3674,6/30/20,14256,MAXIM INTEGRATED PRODUCTS,MXIM,2020,3629.303,1657.457,1042.336,3629.303,654.694,2191.395,440.166,266.797,60.61,3674.0,16170.566170000002,Semiconductors/Hardware,19863.0,19863.0,2007-01-01,36387.0,Tunc Doluca,MAXIM INTEGRATED PRODUCTS INC (De-listed 08/2021),President/CEO,2021-08-26,10.0,10.0,Executive Director,1.0,0.0,0.0,0.0,0.0,0.0,0.0,0.0,1.0,0.0,1958-06-15,M,,1657.191,0.02746553543466165,0.1803911109102767,0.12048434998536894,8.196795897803137,0.45668741353367304,2.2779081865248987,0.4566141212238273,0.12128113855470321,62.0,0,1.328120120919817,-0.19997741649182793,-0.44736292532478544,-0.49441052504565186,-0.4374823779598874
A,USD,STD,INDL,C,2836,6/30/22,15414,BIO-TECHNE CORP,TECH,2022,2294.805,1701.77,301.543,2294.805,272.051,1105.599,87.14,39.16,346.64,2836.0,13574.422399999998,Biotech,30123.0,30123.0,2014-04-01,1134582.0,Chuck Kummeth,BIO-TECHNE CORP (Techne Corp prior to 11/2014),President/CEO,2024-02-01,10.0,10.0,Executive Director,1.0,0.0,1.0,0.0,0.0,0.0,0.0,0.0,1.0,0.0,1960-06-07,M,,1047.721,0.026134121472415717,0.11855081368569444,0.061495568439719796,7.738403151564457,0.7415749922106671,2.0765184302273543,0.45656210440538525,0.03797272535139152,62.0,0,1.3416881291615947,-0.17194982988266744,-0.43683611657748583,0.1173934945119674,-0.5322033147840854
A,USD,STD,INDL,C,2836,6/30/23,15414,BIO-TECHNE CORP,TECH,2023,2638.692,1966.516,443.766,2638.692,285.263,1136.702,92.493,157.642,81.63,2836.0,12868.316459999998,Biotech,30123.0,30123.0,2014-04-01,1134582.0,Chuck Kummeth,BIO-TECHNE CORP (Techne Corp prior to 11/2014),President/CEO,2024-02-01,10.0,10.0,Executive Director,1.0,0.0,1.0,0.0,0.0,0.0,0.0,0.0,1.0,0.0,1960-06-07,M,,1243.397,0.020006999913361242,0.10810772913246411,0.05941746951782782,7.878038618816748,0.7452616675231516,1.8785047527233305,0.47121717881435193,0.03505259423987339,63.0,0,1.3416881291615947,-0.17194982988266744,-0.43683611657748583,0.1173934945119674,-0.5322033147840854
A,USD,STD,INDL,C,2836,6/30/24,15414,BIO-TECHNE CORP,TECH,2024,2703.867,2068.85,406.618,2703.867,168.105,1159.06,96.664,158.216,71.65,2836.0,11336.176400000002,Biotech,30123.0,30123.0,2024-02-01,2008711.0,Kim Kelderman,BIO-TECHNE CORP (Techne Corp prior to 11/2014),President/CEO,2027-01-01,10.0,40.0,Executive Director,1.0,0.0,0.0,0.0,0.0,0.0,0.0,0.0,0.0,0.0,1967-06-15,M,,1246.931,0.02315656894088493,0.062172066895302164,0.00510294770728064,7.902438249562632,0.7651448832357508,1.701006165968213,0.46116580438312976,0.035750279137250464,57.0,0,-0.6773650833982051,-0.27530597743840163,-0.18806471044490725,-0.6182375476915621,0.1164894900028803
A,USD,STD,INDL,C,2836,6/30/25,15414,BIO-TECHNE CORP,TECH,2025,2557.868,1918.808,429.96,2557.868,73.4,1219.635,99.496,154.972,51.45,2836.0,7973.309400000001,Biotech,30123.0,30123.0,2024-02-01,2008711.0,Kim Kelderman,BIO-TECHNE CORP (Techne Corp prior to 11/2014),President/CEO,2027-01-01,10.0,40.0,Executive Director,1.0,0.0,0.0,0.0,0.0,0.0,0.0,0.0,0.0,0.0,1967-06-15,M,,1006.169,0.027075570036564023,0.028695773198616978,-0.024610881993561068,7.846929377992618,0.7501591168895346,1.424395478828033,0.39336236271770086,0.03889801975707894,58.0,0,-0.6773650833982051,-0.27530597743840163,-0.18806471044490725,-0.6182375476915621,0.1164894900028803
A,USD,STD,INDL,C,3674,3/31/16,16401,CIRRUS LOGIC INC,CRUS,2015,1181.883,859.483,160.907,1181.883,123.63,1169.251,269.217,62.63,36.41,3674.0,2280.3583,Semiconductors/Hardware,6905.0,6905.0,2007-05-17,498587.0,Doctor Jason Rhode,CIRRUS LOGIC INC,President/CEO,2020-01-27,10.0,10.0,Executive Director,1.0,0.0,0.0,0.0,1.0,0.0,0.0,0.0,1.0,0.0,1969-06-15,M,,-402.723,0.029819131270360857,0.1046042628585063,0.03895467974030073,7.074864208295154,0.7272149612102043,0.9757568130386104,-0.34074692672624957,0.2277865067862047,46.0,0,1.346396410336024,-0.17476717671278105,-0.18294111675517574,-0.49941972444331517,-1.1391929588974257
A,USD,STD,INDL,C,3674,3/31/17,16401,CIRRUS LOGIC INC,CRUS,2016,1413.47,1151.692,60.0,1413.47,261.209,1538.94,303.658,64.295,60.69,3674.0,3902.06355,Semiconductors/Hardware,6905.0,6905.0,2007-05-17,498587.0,Doctor Jason Rhode,CIRRUS LOGIC INC,President/CEO,2020-01-27,10.0,10.0,Executive Director,1.0,0.0,0.0,0.0,1.0,0.0,0.0,0.0,1.0,0.0,1969-06-15,M,,-344.013,0.029531756867722962,0.18479981888543795,0.1348055575123428,7.25380295299614,0.8147976257012883,1.2202733631727942,-0.24338188995875396,0.21483158468166993,47.0,0,1.346396410336024,-0.17476717671278105,-0.18294111675517574,-0.49941972444331517,-1.1391929588974257
A,USD,STD,INDL,C,3674,3/31/19,16401,CIRRUS LOGIC INC,CRUS,2018,1352.64,1140.24,0.0,1352.64,89.991,1185.524,375.139,58.954,42.07,3674.0,2480.1947800000003,Semiconductors/Hardware,6905.0,6905.0,2007-05-17,498587.0,Doctor Jason Rhode,CIRRUS LOGIC INC,President/CEO,2020-01-27,10.0,10.0,Executive Director,1.0,0.0,0.0,0.0,1.0,0.0,0.0,0.0,1.0,0.0,1969-06-15,M,,-150.706,0.02514843302304502,0.06652989709013485,-0.01019525810177567,7.209813517378425,0.8429737402413058,0.7770983308507033,-0.11141619351786135,0.27733839011118994,49.0,0,1.346396410336024,-0.17476717671278105,-0.18294111675517574,-0.49941972444331517,-1.1391929588974257
A,USD,STD,INDL,C,7372,3/31/22,15855,GEN DIGITAL INC,GEN,2021,6943.0,-93.0,2811.0,6943.0,836.0,2796.0,253.0,582.0,26.52,7372.0,15434.64,Software,29774.0,29774.0,2019-12-19,1096288.0,Vincent Pilette,GEN DIGITAL INC (NortonLifeLock Inc prior to 11/2022),CEO,2024-06-13,10.0,10.0,Executive Director,1.0,0.0,1.0,1.0,0.0,0.0,0.0,0.0,1.0,0.0,1972-06-15,M,,-2729.0,0.08954610089829201,0.12040904508137693,0.05457344789995837,8.845489236753274,-0.013394786115512026,,-0.39305775601325077,0.03643957943252196,49.0,0,1.4068689545496689,-0.058101093096811544,-0.3757039893981911,1.8073470638861047,-0.46846424218128085
A,USD,STD,INDL,C,3674,3/31/20,16401,CIRRUS LOGIC INC,CRUS,2019,1592.677,1229.779,129.312,1592.677,159.498,1281.124,347.647,58.242,65.63,3674.0,3822.42246,Semiconductors/Hardware,6905.0,6905.0,2007-05-17,498587.0,Doctor Jason Rhode,CIRRUS LOGIC INC,President/CEO,2020-01-27,10.0,10.0,Executive Director,1.0,0.0,0.0,0.0,1.0,0.0,0.0,0.0,1.0,0.0,1969-06-15,M,,-223.496,0.025355581816826404,0.1001445993129806,0.0199453922530156,7.37317152726692,0.7721458902213066,1.1340498950175104,-0.14032726032962115,0.21827840798856266,50.0,0,1.346396410336024,-0.17476717671278105,-0.18294111675517574,-0.49941972444331517,-1.1391929588974257
A,USD,STD,INDL,C,3674,3/31/21,16401,CIRRUS LOGIC INC,CRUS,2020,1830.614,1389.005,127.883,1830.614,217.344,1369.23,342.759,57.652,84.79,3674.0,4888.313080000001,Semiconductors/Hardware,6905.0,6905.0,2020-01-27,498587.0,Doctor Jason Rhode,CIRRUS LOGIC INC,CEO,2021-01-01,10.0,10.0,Executive Director,1.0,0.0,0.0,0.0,1.0,0.0,0.0,0.0,1.0,0.0,1969-06-15,M,,-205.15,0.036922866022796916,0.11872737780875706,0.0588206168838493,7.512406708687195,0.758764545666099,1.2582596070768801,-0.11206622477485696,0.18723717834562612,51.0,0,1.346396410336024,-0.17476717671278105,-0.18294111675517574,-0.49941972444331517,-1.1391929588974257
A,USD,STD,INDL,C,3674,3/31/22,16401,CIRRUS LOGIC INC,CRUS,2021,2123.4,1599.817,163.162,2123.4,326.355,1781.46,406.307,56.596,84.79,3674.0,4798.77484,Semiconductors/Hardware,6905.0,6905.0,2021-01-01,2025770.0,John Forsyth,CIRRUS LOGIC INC,President/CEO,2027-01-01,10.0,40.0,Executive Director,0.0,0.0,0.0,0.0,0.0,0.0,0.0,0.0,0.0,0.0,1973-06-15,M,,-109.814,0.02122173828965422,0.15369454648205708,0.08785894930063852,7.660773856579473,0.7534223415277385,1.098471395963064,-0.05171611566355844,0.19134736742959405,48.0,0,-0.6720449074444793,-0.23674111240146314,-0.1428900246012513,-0.648546397838306,-0.5106751006852247
A,USD,STD,INDL,C,3674,3/31/23,16401,CIRRUS LOGIC INC,CRUS,2022,2063.966,1658.282,122.631,2063.966,176.703,1897.617,458.412,55.098,109.38,3674.0,6026.61924,Semiconductors/Hardware,6905.0,6905.0,2021-01-01,2025770.0,John Forsyth,CIRRUS LOGIC INC,President/CEO,2027-01-01,10.0,40.0,Executive Director,0.0,0.0,0.0,0.0,0.0,0.0,0.0,0.0,0.0,0.0,1973-06-15,M,,21.39,0.024253102331086785,0.08561332890173579,0.028558083655761145,7.6323846535975575,0.8034444365847112,1.2904040701064616,0.010363542810298233,0.22210249587444755,49.0,0,-0.6720449074444793,-0.23674111240146314,-0.1428900246012513,-0.648546397838306,-0.5106751006852247
A,USD,STD,INDL,C,3674,3/31/24,16401,CIRRUS LOGIC INC,CRUS,2023,2231.576,1817.014,134.576,2231.576,274.572,1788.89,426.475,53.491,92.56,3674.0,4951.1269600000005,Semiconductors/Hardware,6905.0,6905.0,2021-01-01,2025770.0,John Forsyth,CIRRUS LOGIC INC,President/CEO,2027-01-01,10.0,40.0,Executive Director,0.0,0.0,0.0,0.0,0.0,0.0,0.0,0.0,0.0,0.0,1973-06-15,M,,-11.859,0.01960298018533003,0.12303950212764432,0.07434924251300803,7.71046334129802,0.8142290470949678,1.0024207249622792,-0.005314181547032232,0.19110933259723173,50.0,0,-0.6720449074444793,-0.23674111240146314,-0.1428900246012513,-0.648546397838306,-0.5106751006852247
A,USD,STD,INDL,C,3674,3/31/25,16401,CIRRUS LOGIC INC,CRUS,2024,2327.073,1949.449,121.908,2327.073,331.507,1896.077,434.684,52.291,99.655,3674.0,5211.0596049999995,Semiconductors/Hardware,6905.0,6905.0,2021-01-01,2025770.0,John Forsyth,CIRRUS LOGIC INC,President/CEO,2027-01-01,10.0,40.0,Executive Director,0.0,0.0,0.0,0.0,0.0,0.0,0.0,0.0,0.0,0.0,1973-06-15,M,,56.313,0.024460514440657662,0.14245663973583983,0.08538752054781831,7.752366533674009,0.8377257610741048,0.9832364456209155,0.024199068959160287,0.18679431199622876,51.0,0,-0.6720449074444793,-0.23674111240146314,-0.1428900246012513,-0.648546397838306,-0.5106751006852247
A,USD,STD,INDL,C,3571,1/31/24,14489,DELL TECHNOLOGIES INC,DELL,2023,82089.0,-2404.0,19588.0,82089.0,3211.0,88425.0,2801.0,705.0,82.88,3571.0,58430.399999999994,Semiconductors/Hardware,2519758.0,2519758.0,2016-09-07,32603.0,Mike Dell,DELL TECHNOLOGIES INC,Chairman/CEO,2027-01-01,10.0,40.0,Executive Director,0.0,0.0,0.0,0.0,0.0,0.0,0.0,0.0,0.0,0.0,1965-02-23,M,,-7733.0,0.021888795911448124,0.039116081326365286,-0.009574178288271,11.315559303516379,-0.02928528791920964,,-0.0942026337268087,0.03412150227192438,58.0,0,-0.6720449074444793,-0.23674111240146314,-0.1428900246012513,-0.648546397838306,-0.5106751006852247
A,USD,STD,INDL,C,3571,1/31/25,14489,DELL TECHNOLOGIES INC,DELL,2024,79746.0,-1482.0,19885.0,79746.0,4592.0,95567.0,3061.0,696.0,103.6,3571.0,72105.59999999999,Semiconductors/Hardware,2519758.0,2519758.0,2016-09-07,32603.0,Mike Dell,DELL TECHNOLOGIES INC,Chairman/CEO,2027-01-01,10.0,40.0,Executive Director,0.0,0.0,0.0,0.0,0.0,0.0,0.0,0.0,0.0,0.0,1965-02-23,M,,-5430.0,0.03780688591879541,0.057582825470870014,0.0005137062828484903,11.286601862649388,-0.018584004213377473,,-0.06809118952674742,0.038384370375943624,59.0,0,-0.6720449074444793,-0.23674111240146314,-0.1428900246012513,-0.648546397838306,-0.5106751006852247
A,USD,STD,INDL,C,7372,3/31/16,15855,GEN DIGITAL INC,GEN,2015,11767.0,3676.0,2207.0,11767.0,2488.0,3600.0,748.0,612.0,18.38,7372.0,11248.56,Software,29774.0,29774.0,2014-09-24,49801.0,Mike Brown,GEN DIGITAL INC (NortonLifeLock Inc prior to 11/2022),President/CEO,2016-04-28,10.0,10.0,Executive Director,1.0,1.0,1.0,1.0,0.0,0.0,0.0,0.0,0.0,0.0,1959-06-15,M,,-166.0,0.03243142172752335,0.2114387694399592,0.14578918632175364,9.37305428246393,0.3123990821789751,1.1184149159642893,-0.014107249086428146,0.06356760431715816,56.0,0,-0.6128736957646483,-0.09759737004036201,-0.15034967286003378,1.735222049293508,0.872841853845548
A,USD,STD,INDL,C,7372,3/31/17,15855,GEN DIGITAL INC,GEN,2016,18174.0,3487.0,6876.0,18174.0,-106.0,4019.0,823.0,608.0,30.68,7372.0,18653.44,Software,29774.0,29774.0,2016-08-01,1068227.0,Greg Clark,GEN DIGITAL INC (NortonLifeLock Inc prior to 11/2022),CEO,2018-11-29,10.0,10.0,Executive Director,1.0,0.0,0.0,0.0,0.0,0.0,0.0,0.0,0.0,0.0,1965-06-15,M,,-633.0,0.051020256144273746,-0.005832507978430725,-0.05582676935152588,9.807747280255292,0.19186750302630132,1.6769888117895713,-0.034829976890062724,0.045284472323098936,51.0,0,-0.6773650833982051,-0.27530597743840163,-0.18806471044490725,-0.6182375476915621,0.1164894900028803
A,USD,STD,INDL,C,7372,3/31/18,15855,GEN DIGITAL INC,GEN,2017,15759.0,5023.0,5026.0,15759.0,1138.0,4834.0,956.0,624.0,25.85,7372.0,16130.4,Software,29774.0,29774.0,2016-08-01,1068227.0,Greg Clark,GEN DIGITAL INC (NortonLifeLock Inc prior to 11/2022),CEO,2018-11-29,10.0,10.0,Executive Director,1.0,0.0,0.0,0.0,0.0,0.0,0.0,0.0,0.0,0.0,1965-06-15,M,,-749.0,0.03371948521502673,0.07221270385176724,0.0145785160151079,9.665166909622071,0.31873849863570025,1.1666783255738211,-0.04752839647185735,0.06066374769972714,52.0,0,-0.6773650833982051,-0.27530597743840163,-0.18806471044490725,-0.6182375476915621,0.1164894900028803
A,USD,STD,INDL,C,7372,3/31/19,15855,GEN DIGITAL INC,GEN,2018,15938.0,5738.0,3961.0,15938.0,31.0,4731.0,913.0,630.0,22.99,7372.0,14483.7,Software,29774.0,29774.0,2018-11-29,1068227.0,Greg Clark,GEN DIGITAL INC (NortonLifeLock Inc prior to 11/2022),President/CEO/Principal Executive Officer,2019-05-09,10.0,10.0,Executive Director,1.0,0.0,0.0,0.0,0.0,0.0,0.0,0.0,0.0,0.0,1965-06-15,M,,332.0,0.056346810049229215,0.0019450370184464802,-0.07478011817346404,9.676461473957694,0.36002007780148076,0.9259131616193584,0.02083071903626553,0.0572844773497302,53.0,0,-0.6773650833982051,-0.27530597743840163,-0.18806471044490725,-0.6182375476915621,0.1164894900028803
A,USD,STD,INDL,C,7372,3/31/20,15855,GEN DIGITAL INC,GEN,2019,7735.0,10.0,3538.0,7735.0,3887.0,2490.0,328.0,589.0,18.71,7372.0,11020.19,Software,29774.0,29774.0,2019-12-19,1096288.0,Vincent Pilette,GEN DIGITAL INC (NortonLifeLock Inc prior to 11/2022),CEO,2024-06-13,10.0,10.0,Executive Director,1.0,0.0,1.0,1.0,0.0,0.0,0.0,0.0,1.0,0.0,1972-06-15,M,,926.0,0.03561134830111478,0.5025210084033613,0.42232180134339636,8.953510763007166,0.001292824822236587,7.004899230943539,0.11971557853910796,0.042404654169360054,47.0,0,1.4068689545496689,-0.058101093096811544,-0.3757039893981911,1.8073470638861047,-0.46846424218128085
A,USD,STD,INDL,C,7372,3/31/21,15855,GEN DIGITAL INC,GEN,2020,6361.0,-500.0,3354.0,6361.0,554.0,2556.0,267.0,580.0,21.26,7372.0,12330.8,Software,29774.0,29774.0,2019-12-19,1096288.0,Vincent Pilette,GEN DIGITAL INC (NortonLifeLock Inc prior to 11/2022),CEO,2024-06-13,10.0,10.0,Executive Director,1.0,0.0,1.0,1.0,0.0,0.0,0.0,0.0,1.0,0.0,1972-06-15,M,,-3346.0,0.05953442776006024,0.08709322433579626,0.027186463410888505,8.757940876678804,-0.07860399308284861,,-0.5260179217104229,0.04197453230624116,48.0,0,1.4068689545496689,-0.058101093096811544,-0.3757039893981911,1.8073470638861047,-0.46846424218128085
A,USD,STD,INDL,C,7372,9/30/25,18699,PTC INC,PTC,2025,6617.172,3826.229,1320.688,6617.172,733.997,2739.226,457.693,119.536,203.02,7372.0,24268.19872,Software,23786.0,23786.0,2024-10-01,544533.0,Neil Barua,PTC INC (Parametric Technology Corp prior to 01/2013),President/CEO,2027-01-01,10.0,40.0,Executive Director,1.0,0.0,0.0,0.0,0.0,0.0,0.0,0.0,0.0,0.0,1977-06-15,M,,2002.444,0.02124782193783655,0.11092306501931641,0.057616409827138365,8.797423367326942,0.5782272245605827,1.8472870757476525,0.30261326137510103,0.06916746307939405,48.0,0,-0.6773650833982051,-0.27530597743840163,-0.18806471044490725,-0.6182375476915621,0.1164894900028803
A,USD,STD,INDL,C,8731,12/31/21,19998,MEDPACE HOLDINGS INC,MEDP,2021,1659.935,952.928,130.965,1659.935,181.848,1142.377,0.0,35.827,217.64,8731.0,7797.388279999999,Biotech,2504679.0,2504679.0,2021-08-01,982110.0,Doctor August Troendle,MEDPACE HOLDINGS INC,Chairman/CEO,2027-01-01,10.0,40.0,Executive Director,0.0,0.0,1.0,0.0,0.0,0.0,1.0,0.0,0.0,0.0,1956-06-15,M,,230.138,0.022806139165697587,0.10955127761026788,0.043715680428849324,7.414533723957442,0.5740754909077765,2.102004770802022,0.13864277818107337,0.0,65.0,0,-0.47673099338639996,4.447859897257465,-0.36298321118649035,0.19532210840945202,-0.38240594159753233
A,USD,STD,INDL,C,8731,12/31/22,19998,MEDPACE HOLDINGS INC,MEDP,2022,1352.495,386.387,138.867,1352.495,245.368,1459.996,0.0,31.02,212.41,8731.0,6588.9582,Biotech,2504679.0,2504679.0,2021-08-01,982110.0,Doctor August Troendle,MEDPACE HOLDINGS INC,Chairman/CEO,2027-01-01,10.0,40.0,Executive Director,0.0,0.0,1.0,0.0,0.0,0.0,1.0,0.0,0.0,0.0,1956-06-15,M,,-372.219,0.03924029783487411,0.18141878528201585,0.12436354003604122,7.209706313856132,0.2856846051186881,2.8363110691071314,-0.2752091504959353,0.0,66.0,0,-0.47673099338639996,4.447859897257465,-0.36298321118649035,0.19532210840945202,-0.38240594159753233
A,USD,STD,INDL,C,3674,12/31/22,23119,SOLAREDGE TECHNOLOGIES INC,SEDG,2022,4265.949,2176.366,716.092,4265.949,93.779,3110.279,289.814,56.133,283.27,3674.0,15900.79491,Semiconductors/Hardware,2231001.0,2231001.0,2020-02-19,1449249.0,Zvi Lando,SOLAREDGE TECHNOLOGIES INC,CEO,2024-08-26,10.0,10.0,Executive Director,0.0,0.0,0.0,0.0,0.0,0.0,0.0,0.0,0.0,0.0,,,,670.728,0.044700480939827196,0.02198315075965512,-0.035072094486319524,8.358419943966867,0.5101715937063477,1.988712588936812,0.15722832129498032,0.06793658339562898,,0,-0.6720449074444793,-0.23674111240146314,-0.1428900246012513,-0.648546397838306,-0.5106751006852247
A,USD,STD,INDL,C,2834,12/31/23,22410,INDIVIOR PHARMACEUTICALS INC,INDV,2023,1954.0,0.0,270.0,1954.0,2.0,1093.0,106.0,136.526,15.27,2834.0,2084.75202,Biotech,2200546.0,2200546.0,2020-06-29,1491972.0,Mark Crossley,INDIVIOR PLC,CEO,2025-05-08,10.0,10.0,Executive Director,0.0,0.0,0.0,0.0,0.0,0.0,0.0,0.0,0.0,0.0,,,,-86.0,0.034043029495652896,0.0010235414534288639,-0.04766671816120742,7.577633832602728,0.0,inf,-0.044012282497441144,0.05424769703172978,,0,-0.6720449074444793,-0.23674111240146314,-0.1428900246012513,-0.648546397838306,-0.5106751006852247
A,USD,STD,INDL,C,2834,12/31/24,22410,INDIVIOR PHARMACEUTICALS INC,INDV,2024,1319.0,-349.0,347.0,1319.0,2.0,1188.0,108.0,124.969,12.43,2834.0,1553.36467,Biotech,2200546.0,2200546.0,2020-06-29,1491972.0,Mark Crossley,INDIVIOR PLC,CEO,2025-05-08,10.0,10.0,Executive Director,0.0,0.0,0.0,0.0,0.0,0.0,0.0,0.0,0.0,0.0,,,,-501.0,0.04170144389355702,0.001516300227445034,-0.05555281896057649,7.1846291527173145,-0.26459438968915844,,-0.379833206974981,0.08188021228203184,,0,-0.6720449074444793,-0.23674111240146314,-0.1428900246012513,-0.648546397838306,-0.5106751006852247
A,USD,STD,INDL,C,2834,12/31/25,22410,INDIVIOR PHARMACEUTICALS INC,INDV,2025,1201.0,-98.0,312.0,1201.0,210.0,1239.0,97.0,125.0,35.88,2834.0,4485.0,Biotech,2200546.0,2200546.0,2025-05-08,1760716.0,Joe Ciaffoni,INDIVIOR PHARMACEUTICALS INC (Indivior PLC prior to 01/2026),CEO,2026-02-03,10.0,10.0,Executive Director,1.0,0.0,1.0,0.0,0.0,0.0,0.0,0.0,0.0,0.0,1971-03-01,M,,-272.0,0.0322116125822482,0.17485428809325562,0.12154763290107758,7.0909098220799835,-0.08159866777685262,,-0.22647793505412156,0.08076602830974189,54.0,0,-0.6637970751564273,-0.2472783908292412,-0.17753790169760764,-0.006433528133942844,0.021768553178682218
I,USD,STD,INDL,C,2836,12/31/15,22734,BAXALTA INC,BXLT,2015,12329.0,3924.0,5265.0,12329.0,956.0,6148.0,1176.0,679.288,39.03,2836.0,26512.610640000003,Biotech,2301441.0,2301441.0,2015-07-01,1077323.0,Doctor Ludwig Hantson,BAXALTA INC (De-listed 06/2016),President/CEO,2016-06-03,10.0,10.0,Executive Director,0.0,0.0,0.0,0.0,1.0,0.0,0.0,0.0,1.0,0.0,1962-08-01,M,,-186.0,0.026649430338666777,0.07754075756346825,0.011891174445262678,9.419709489868552,0.31827398815800145,1.910508951304861,-0.015086381701678968,0.0953848649525509,53.0,0,1.3517165862897502,-0.13620231167584254,-0.13776643091151977,-0.5297285745900591,-1.7663575495855306
A,USD,STD,INDL,C,3672,12/31/15,23084,BENCHMARK ELECTRONICS INC,BHE,2015,1893.878,1321.904,222.909,1893.878,95.401,2540.873,0.0,50.178,20.67,3672.0,1037.17926,Semiconductors/Hardware,4002.0,4002.0,2012-01-01,205183.0,Gayla Delly,BENCHMARK ELECTRONICS INC,President/CEO,2016-09-16,10.0,10.0,Executive Director,1.0,0.0,0.0,0.0,0.0,0.0,0.0,0.0,0.0,0.0,1959-06-15,F,,691.889,0.015139504267183404,0.05037336090286703,-0.015276222215338538,7.5463818577326025,0.6979879379769975,-0.24256834320715492,0.36532923451246596,0.0,56.0,0,-0.6773650833982051,-0.27530597743840163,-0.18806471044490725,-0.6182375476915621,0.1164894900028803
A,USD,STD,INDL,C,3672,12/31/16,23084,BENCHMARK ELECTRONICS INC,BHE,2016,1998.668,1365.465,211.252,1998.668,64.047,2310.415,0.0,49.33,30.5,3672.0,1504.565,Semiconductors/Hardware,4002.0,4002.0,2016-09-16,106062.0,Paul Tufano,BENCHMARK ELECTRONICS INC,President/CEO,2019-03-18,10.0,10.0,Executive Director,1.0,0.0,1.0,1.0,0.0,0.0,0.0,0.0,0.0,0.0,1954-06-15,M,,734.439,0.01673584632590455,0.03204484186468188,-0.017949419508413278,7.600236237665563,0.683187502876916,0.09700878991051234,0.3674642311779645,0.0,62.0,0,-0.5986162497683529,-0.13342965404338525,-0.11640577451831292,1.683520041240194,0.08550762578148682
A,USD,STD,INDL,C,3672,12/31/17,23084,BENCHMARK ELECTRONICS INC,BHE,2017,2097.317,1328.819,193.406,2097.317,-31.965,2466.811,0.0,49.143,29.1,3672.0,1430.0613,Semiconductors/Hardware,4002.0,4002.0,2016-09-16,106062.0,Paul Tufano,BENCHMARK ELECTRONICS INC,President/CEO,2019-03-18,10.0,10.0,Executive Director,1.0,0.0,1.0,1.0,0.0,0.0,0.0,0.0,0.0,0.0,1954-06-15,M,,689.713,0.015289626000362086,-0.015240900636384485,-0.07287508847304383,7.648414187812856,0.6335804268024338,0.07342673265589805,0.3288549132057767,0.0,63.0,0,-0.5986162497683529,-0.13342965404338525,-0.11640577451831292,1.683520041240194,0.08550762578148682
A,USD,STD,INDL,C,3672,12/31/19,23084,BENCHMARK ELECTRONICS INC,BHE,2019,1759.874,1014.832,206.81,1759.874,23.425,2268.095,0.0,36.957,34.36,3672.0,1269.84252,Semiconductors/Hardware,4002.0,4002.0,2019-03-18,535295.0,Jeff Benck,BENCHMARK ELECTRONICS INC,President/CEO,2025-09-02,10.0,10.0,Executive Director,1.0,0.0,0.0,0.0,0.0,0.0,0.0,0.0,1.0,0.0,1965-06-15,M,,499.117,0.01648169200040311,0.013310612009723423,-0.06688859505024158,7.472997494560355,0.5766503738335813,0.22416981122898322,0.2836095084079883,0.0,54.0,0,1.328120120919817,-0.19997741649182793,-0.44736292532478544,-0.49441052504565186,-0.4374823779598874
A,USD,STD,INDL,C,3672,12/31/24,23084,BENCHMARK ELECTRONICS INC,BHE,2024,2139.464,1113.313,359.454,2139.464,63.327,2656.105,0.0,35.992,45.4,3672.0,1634.0368,Semiconductors/Hardware,4002.0,4002.0,2019-03-18,535295.0,Jeff Benck,BENCHMARK ELECTRONICS INC,President/CEO,2025-09-02,10.0,10.0,Executive Director,1.0,0.0,0.0,0.0,0.0,0.0,0.0,0.0,1.0,0.0,1965-06-15,M,,574.769,0.02667817622588649,0.02959946977373772,-0.027469649414283804,7.668310609354007,0.5203700553035714,0.38371326292337016,0.26865093313091504,0.0,59.0,0,1.328120120919817,-0.19997741649182793,-0.44736292532478544,-0.49441052504565186,-0.4374823779598874
A,USD,STD,INDL,C,3672,12/31/25,23084,BENCHMARK ELECTRONICS INC,BHE,2025,2071.715,1099.803,305.515,2071.715,24.852,2659.108,0.0,35.669,42.76,3672.0,1525.2064399999997,Semiconductors/Hardware,4002.0,4002.0,2025-09-02,535295.0,Jeff Benck,BENCHMARK ELECTRONICS INC,CEO,2026-03-31,10.0,10.0,Executive Director,1.0,0.0,0.0,0.0,0.0,0.0,0.0,0.0,1.0,0.0,1965-06-15,M,,559.188,0.0244873148456884,0.011995858503703452,-0.041310796688474594,7.636132045656196,0.5308659733602353,0.32699869853287755,0.26991550478709664,0.0,60.0,0,1.328120120919817,-0.19997741649182793,-0.44736292532478544,-0.49441052504565186,-0.4374823779598874
A,USD,STD,INDL,C,3674,12/31/20,23119,SOLAREDGE TECHNOLOGIES INC,SEDG,2020,2437.109,1085.757,636.1,2437.109,140.322,1459.271,163.123,51.561,319.12,3674.0,16454.14632,Semiconductors/Hardware,2231001.0,2231001.0,2020-02-19,1449249.0,Zvi Lando,SOLAREDGE TECHNOLOGIES INC,CEO,2024-08-26,10.0,10.0,Executive Director,0.0,0.0,0.0,0.0,0.0,0.0,0.0,0.0,0.0,0.0,,,,481.861,0.05290495483931659,0.05757723597918682,-0.0023295249457209385,7.798567779748491,0.4455102336415811,2.718300061809319,0.19771828014257878,0.06693299314884972,,0,-0.6720449074444793,-0.23674111240146314,-0.1428900246012513,-0.648546397838306,-0.5106751006852247
A,USD,STD,INDL,C,3674,12/31/21,23119,SOLAREDGE TECHNOLOGIES INC,SEDG,2021,2892.06,1310.039,700.955,2892.06,169.17,1963.865,219.633,52.815,280.57,3674.0,14818.30455,Semiconductors/Hardware,2231001.0,2231001.0,2020-02-19,1449249.0,Zvi Lando,SOLAREDGE TECHNOLOGIES INC,CEO,2024-08-26,10.0,10.0,Executive Director,0.0,0.0,0.0,0.0,0.0,0.0,0.0,0.0,0.0,0.0,,,,622.739,0.03905827091798889,0.05849463704072529,-0.007340960140693263,7.969724329951409,0.4529778082059155,2.42580630272715,0.21532713705801404,0.0759434451567395,,0,-0.6720449074444793,-0.23674111240146314,-0.1428900246012513,-0.648546397838306,-0.5106751006852247
A,USD,STD,INDL,C,3674,12/31/23,23119,SOLAREDGE TECHNOLOGIES INC,SEDG,2023,4587.731,2411.909,714.343,4587.731,34.329,2976.528,321.482,57.123,93.6,3674.0,5346.712799999999,Semiconductors/Hardware,2231001.0,2231001.0,2020-02-19,1449249.0,Zvi Lando,SOLAREDGE TECHNOLOGIES INC,CEO,2024-08-26,10.0,10.0,Executive Director,0.0,0.0,0.0,0.0,0.0,0.0,0.0,0.0,0.0,0.0,,,,731.281,0.040024892305748454,0.007482783973166692,-0.04120747564146959,8.431140845318527,0.5257302575063796,0.7960633920352765,0.15939927602555598,0.07007429162695024,,0,-0.6720449074444793,-0.23674111240146314,-0.1428900246012513,-0.648546397838306,-0.5106751006852247
A,USD,STD,INDL,C,8731,12/31/23,19998,MEDPACE HOLDINGS INC,MEDP,2023,1656.828,558.95,142.122,1656.828,282.81,1885.842,0.0,30.682,306.53,8731.0,9404.95346,Biotech,2504679.0,2504679.0,2021-08-01,982110.0,Doctor August Troendle,MEDPACE HOLDINGS INC,Chairman/CEO,2027-01-01,10.0,40.0,Executive Director,0.0,0.0,1.0,0.0,0.0,0.0,1.0,0.0,0.0,0.0,1956-06-15,M,,-231.717,0.024590960967840022,0.17069363868790244,0.12200337907326615,7.412660209986856,0.33736151248047475,2.822931769574867,-0.1398557967393115,0.0,67.0,0,-0.47673099338639996,4.447859897257465,-0.36298321118649035,0.19532210840945202,-0.38240594159753233
A,USD,STD,INDL,C,3674,12/31/25,23119,SOLAREDGE TECHNOLOGIES INC,SEDG,2025,2182.194,427.464,386.767,2182.194,-405.448,1168.022,221.255,60.36,28.85,3674.0,1741.386,Semiconductors/Hardware,2231001.0,2231001.0,2024-12-04,1123639.0,Shuki Nir,SOLAREDGE TECHNOLOGIES INC,CEO,2027-01-01,10.0,40.0,Executive Director,1.0,0.0,1.0,0.0,0.0,0.0,0.0,0.0,0.0,0.0,1969-10-01,M,,-1445.302,0.06790497292383711,-0.1857983295710647,-0.23910498476324277,7.688086071698384,0.1958872584197372,1.404566552549163,-0.6623159994024362,0.10139107705364418,56.0,0,-0.6637970751564273,-0.2472783908292412,-0.17753790169760764,-0.006433528133942844,0.021768553178682218
A,USD,STD,INDL,C,2836,12/31/19,24040,IONIS PHARMACEUTICALS INC,IONS,2019,3233.112,1471.094,785.5,3233.112,294.146,1122.599,382.488,140.34,60.41,2836.0,8477.9394,Biotech,17053.0,17053.0,1999-02-01,320726.0,Doctor Stanley Crooke,IONIS PHARMACEUTICALS INC (Isis Pharmaceuticals Inc prior to 12/2015),Chairman/President/CEO,2020-01-28,20.0,15.0,Executive Director,1.0,0.0,0.0,0.0,1.0,0.0,1.0,0.0,0.0,0.0,1945-06-15,M,,-732.824,0.024020294646224027,0.09097921754643823,0.01078001048647323,8.081200419872062,0.4550086727586301,1.7514610833075976,-0.2266621137776854,0.11830335602354636,74.0,0,-0.47734288816569687,4.406477685390413,-0.15426289720783623,-0.39118226039908666,-0.36223099502276734
A,USD,STD,INDL,C,2836,12/31/18,24302,ALKERMES PLC,ALKS,2018,1825.007,1171.285,276.465,1825.007,-139.311,1094.274,425.406,155.757,29.51,2836.0,4596.38907,Biotech,1391.0,1391.0,2011-09-16,104962.0,Richard Pops,ALKERMES PLC (Alkermes Inc prior to 09/2011),Chairman/CEO,2027-01-01,10.0,40.0,Executive Director,1.0,1.0,0.0,0.0,0.0,0.0,0.0,0.0,0.0,0.0,1962-06-15,M,,-1188.648,0.031128782325220938,-0.0763345017306783,-0.15305965692258883,7.509339101625675,0.641797538310812,1.3671695737224807,-0.6513114744217419,0.2330982840065819,56.0,0,-0.6916225293945008,-0.23947369343537842,-0.222008608786628,-0.5665355396382482,0.9038237180669413
A,USD,STD,INDL,C,2836,12/31/19,24302,ALKERMES PLC,ALKS,2019,1805.403,1085.442,279.637,1805.403,-196.62,1170.947,599.427,157.779,20.4,2836.0,3218.6915999999997,Biotech,1391.0,1391.0,2011-09-16,104962.0,Richard Pops,ALKERMES PLC (Alkermes Inc prior to 09/2011),Chairman/CEO,2027-01-01,10.0,40.0,Executive Director,1.0,1.0,0.0,0.0,0.0,0.0,0.0,0.0,0.0,0.0,1962-06-15,M,,-1383.804,0.026681946427580573,-0.10890643252503734,-0.18910563958500234,7.498539114544296,0.6012186752763787,1.0869876642656409,-0.7664792846804841,0.33201839146162937,57.0,0,-0.6916225293945008,-0.23947369343537842,-0.222008608786628,-0.5665355396382482,0.9038237180669413
A,USD,STD,INDL,C,2836,12/31/20,24302,ALKERMES PLC,ALKS,2020,1949.73,1066.982,391.582,1949.73,-110.861,1038.756,394.588,159.161,19.95,2836.0,3175.26195,Biotech,1391.0,1391.0,2011-09-16,104962.0,Richard Pops,ALKERMES PLC (Alkermes Inc prior to 09/2011),Chairman/CEO,2027-01-01,10.0,40.0,Executive Director,1.0,1.0,0.0,0.0,0.0,0.0,0.0,0.0,0.0,0.0,1962-06-15,M,,-1494.198,0.032436736415898074,-0.0568596677488678,-0.11676642867377555,7.575446180432647,0.54724602893734,1.0905560304292894,-0.7663614962071672,0.20238084247562485,58.0,0,-0.6916225293945008,-0.23947369343537842,-0.222008608786628,-0.5665355396382482,0.9038237180669413
A,USD,STD,INDL,C,2836,12/31/21,24302,ALKERMES PLC,ALKS,2021,2024.484,1112.584,396.966,2024.484,-48.169,1173.751,406.526,161.937,23.26,2836.0,3766.6546200000007,Biotech,1391.0,1391.0,2011-09-16,104962.0,Richard Pops,ALKERMES PLC (Alkermes Inc prior to 09/2011),Chairman/CEO,2027-01-01,10.0,40.0,Executive Director,1.0,1.0,0.0,0.0,0.0,0.0,0.0,0.0,0.0,0.0,1962-06-15,M,,-1544.741,0.024075230920889163,-0.023793223359631393,-0.08962882054104995,7.613070132255014,0.5495642346395427,1.2195020009891524,-0.7630294929473387,0.20080474827165837,59.0,0,-0.6916225293945008,-0.23947369343537842,-0.222008608786628,-0.5665355396382482,0.9038237180669413
A,USD,STD,INDL,C,2836,12/31/22,24302,ALKERMES PLC,ALKS,2022,1963.978,1043.753,380.099,1963.978,-158.267,1111.795,393.842,164.377,26.13,2836.0,4295.17101,Biotech,1391.0,1391.0,2011-09-16,104962.0,Richard Pops,ALKERMES PLC (Alkermes Inc prior to 09/2011),Chairman/CEO,2027-01-01,10.0,40.0,Executive Director,1.0,1.0,0.0,0.0,0.0,0.0,0.0,0.0,0.0,0.0,1962-06-15,M,,-1710.174,0.025308036652844194,-0.08058491490230542,-0.13764016014828007,7.582727287222345,0.5314484174466312,1.414668499278478,-0.87077044651213,0.20053279619221803,60.0,0,-0.6916225293945008,-0.23947369343537842,-0.222008608786628,-0.5665355396382482,0.9038237180669413
A,USD,STD,INDL,C,2836,12/31/23,24302,ALKERMES PLC,ALKS,2023,2136.223,1202.686,363.439,2136.223,355.757,1466.313,270.806,166.98,27.74,2836.0,4632.025199999999,Biotech,1391.0,1391.0,2011-09-16,104962.0,Richard Pops,ALKERMES PLC (Alkermes Inc prior to 09/2011),Chairman/CEO,2027-01-01,10.0,40.0,Executive Director,1.0,1.0,0.0,0.0,0.0,0.0,0.0,0.0,0.0,0.0,1962-06-15,M,,-1346.638,0.020763199565442158,0.16653551618908702,0.11784525657445073,7.66679459537977,0.5629964661929021,1.3484367918793163,-0.630382689447684,0.12676860046914576,61.0,0,-0.6916225293945008,-0.23947369343537842,-0.222008608786628,-0.5665355396382482,0.9038237180669413
A,USD,STD,INDL,C,2836,12/31/24,24302,ALKERMES PLC,ALKS,2024,2055.567,1464.977,69.372,2055.567,367.07,1557.632,245.326,162.177,28.76,2836.0,4664.21052,Biotech,1391.0,1391.0,2011-09-16,104962.0,Richard Pops,ALKERMES PLC (Alkermes Inc prior to 09/2011),Chairman/CEO,2027-01-01,10.0,40.0,Executive Director,1.0,1.0,0.0,0.0,0.0,0.0,0.0,0.0,0.0,0.0,1962-06-15,M,,-978.425,0.02242281651521726,0.1785736003740087,0.1215044811859872,7.628307001282265,0.712687545577449,1.15807904256372,-0.4759878904457991,0.11934711931063302,62.0,0,-0.6916225293945008,-0.23947369343537842,-0.222008608786628,-0.5665355396382482,0.9038237180669413
A,USD,STD,INDL,C,2836,12/31/25,24302,ALKERMES PLC,ALKS,2025,2486.993,1819.295,63.253,2486.993,241.664,1475.899,323.964,165.607,27.98,2836.0,4633.68386,Biotech,1391.0,1391.0,2011-09-16,104962.0,Richard Pops,ALKERMES PLC (Alkermes Inc prior to 09/2011),Chairman/CEO,2027-01-01,10.0,40.0,Executive Director,1.0,1.0,0.0,0.0,0.0,0.0,0.0,0.0,0.0,0.0,1962-06-15,M,,-736.894,0.022092449855729803,0.09717116212228985,0.043864506930111805,7.818829629163336,0.7315239729263412,0.9349031384373299,-0.29629918540180855,0.13026333407452292,63.0,0,-0.6916225293945008,-0.23947369343537842,-0.222008608786628,-0.5665355396382482,0.9038237180669413
A,USD,STD,INDL,C,2836,12/31/15,24468,BIOGEN INC,BIIB,2015,19504.8,9372.8,6521.5,19504.8,3547.0,10763.8,2012.8,218.6,306.35,2836.0,66968.11,Biotech,440155.0,440155.0,2010-07-15,272786.0,Doctor George Scangos,BIOGEN INC (Biogen Idec Inc prior to 03/2015),CEO,2017-01-06,10.0,10.0,Executive Director,1.0,1.0,0.0,0.0,1.0,0.0,0.0,0.0,0.0,0.0,1948-06-15,M,,11984.4,0.025952406860844067,0.1818526721627497,0.11620308904454413,9.878415868107105,0.48053812394897666,1.9664046582806876,0.6144333702473237,0.10319511094704893,67.0,0,-0.6733462399782933,-0.21426345365633148,0.042413199782981595,-0.5715447390359115,0.2021131371294031
I,USD,STD,INDL,C,3674,12/31/15,23767,ATMEL CORP,ATML,2015,1260.418,873.66,55.0,1260.418,26.891,1172.456,230.212,421.31,8.61,3674.0,3627.4791,Semiconductors/Hardware,2960.0,2960.0,2006-08-07,183402.0,Steve Laub,ATMEL CORP (De-listed 04/2016),President/CEO,2016-04-04,10.0,10.0,Executive Director,1.0,1.0,0.0,0.0,0.0,0.0,0.0,0.0,0.0,0.0,1958-06-15,M,,82.99,0.02444759313298292,0.021334985695221746,-0.044314597422983826,7.139198690961722,0.693151002286543,1.423601939247114,0.065843236132775,0.1826473439763634,57.0,0,-0.6916225293945008,-0.23947369343537842,-0.222008608786628,-0.5665355396382482,0.9038237180669413
A,USD,STD,INDL,C,2834,12/31/15,23812,REGENERON PHARMACEUTICALS,REGN,2015,5609.132,3654.837,362.919,5609.132,636.056,4103.728,1620.577,104.649,542.87,2834.0,56810.80263,Biotech,25954.0,25954.0,1994-01-02,201093.0,Doctor Len Schleifer,REGENERON PHARMACEUTICALS INC,President/CEO,2023-06-09,30.0,10.0,Executive Director,0.0,0.0,0.0,0.0,1.0,0.0,1.0,0.0,0.0,0.0,1953-01-01,M,,861.272,0.020842659536769895,0.11339651126056582,0.047746928142360257,8.632151262838129,0.651586912199606,2.7436749990276477,0.15354817822080138,0.2889176079293552,62.0,0,-0.47202271221197056,4.445042550427351,-0.10908821136418033,-0.4214911105458302,-0.9893955857108724
A,USD,STD,INDL,C,2834,12/31/16,23812,REGENERON PHARMACEUTICALS,REGN,2016,6973.466,4449.245,351.569,6973.466,895.522,4860.427,2052.295,106.008,367.09,2834.0,38914.47672,Biotech,25954.0,25954.0,1994-01-02,201093.0,Doctor Len Schleifer,REGENERON PHARMACEUTICALS INC,President/CEO,2023-06-09,30.0,10.0,Executive Director,0.0,0.0,0.0,0.0,1.0,0.0,1.0,0.0,0.0,0.0,1953-01-01,M,,1735.382,0.025327212694970447,0.12841849375905756,0.07842423238596241,8.849867654186376,0.63802490755673,2.168631914715623,0.2488550170030226,0.29430056732190274,63.0,0,-0.47202271221197056,4.445042550427351,-0.10908821136418033,-0.4214911105458302,-0.9893955857108724
I,USD,STD,INDL,C,8731,12/31/22,22039,SYNEOS HEALTH INC,SYNH,2022,8199.218,3495.001,2830.858,8199.218,266.497,5393.082,0.0,102.911,36.68,8731.0,3774.77548,Biotech,2164733.0,2164733.0,2022-04-29,1960636.0,Michelle Keefe,SYNEOS HEALTH INC (INC Research Holdings Inc prior to 01/2018) (De-listed 09/2023),CEO,2023-09-28,10.0,10.0,Executive Director,1.0,0.0,0.0,0.0,0.0,0.0,0.0,0.0,0.0,0.0,1967-06-15,F,,33.82,0.042101677269308274,0.03250273379729628,-0.024552511448678364,9.011794062851074,0.42626028482228423,0.07700724362679613,0.0041247836074123165,0.0,55.0,0,-0.6773650833982051,-0.27530597743840163,-0.18806471044490725,-0.6182375476915621,0.1164894900028803
I,USD,STD,INDL,C,8731,12/31/21,22039,SYNEOS HEALTH INC,SYNH,2021,8237.093,3412.555,3015.7,8237.093,234.831,5212.97,0.0,103.764,102.68,8731.0,10654.48752,Biotech,2164733.0,2164733.0,2016-10-01,1480344.0,Alistair Macdonald,SYNEOS HEALTH INC (INC Research Holdings Inc prior to 01/2018) (De-listed 09/2023),CEO,2022-04-29,10.0,10.0,Executive Director,1.0,0.0,0.0,0.0,0.0,0.0,0.0,0.0,1.0,0.0,1970-02-01,M,,-62.571,0.01803850993494346,0.028508965480904484,-0.037326631700514076,9.016402769395905,0.41429118258103914,1.1385198891897819,-0.00759624785103191,0.0,51.0,0,1.328120120919817,-0.19997741649182793,-0.44736292532478544,-0.49441052504565186,-0.4374823779598874
I,USD,STD,INDL,C,8731,12/31/20,22039,SYNEOS HEALTH INC,SYNH,2020,8063.306,3242.112,3155.336,8063.306,192.787,4415.777,0.0,103.935,68.13,8731.0,7081.09155,Biotech,2164733.0,2164733.0,2016-10-01,1480344.0,Alistair Macdonald,SYNEOS HEALTH INC (INC Research Holdings Inc prior to 01/2018) (De-listed 09/2023),CEO,2022-04-29,10.0,10.0,Executive Director,1.0,0.0,0.0,0.0,0.0,0.0,0.0,0.0,1.0,0.0,1970-02-01,M,,-220.674,0.04041444342688546,0.023909175715271132,-0.035997585209636626,8.99507892509971,0.40208222285003203,0.7812031002579414,-0.02736768268499298,0.0,50.0,0,1.328120120919817,-0.19997741649182793,-0.44736292532478544,-0.49441052504565186,-0.4374823779598874
A,USD,STD,INDL,C,8731,12/31/24,19998,MEDPACE HOLDINGS INC,MEDP,2024,2100.866,825.545,126.234,2100.866,404.386,2109.054,0.0,30.561,332.23,8731.0,10153.28103,Biotech,2504679.0,2504679.0,2021-08-01,982110.0,Doctor August Troendle,MEDPACE HOLDINGS INC,Chairman/CEO,2027-01-01,10.0,40.0,Executive Director,0.0,0.0,1.0,0.0,0.0,0.0,1.0,0.0,0.0,0.0,1956-06-15,M,,-6.576,0.02643668881980228,0.19248538459854175,0.13541626541052024,7.650104919658239,0.39295461966636613,2.5095084121305953,-0.003130137762237096,0.0,68.0,0,-0.47673099338639996,4.447859897257465,-0.36298321118649035,0.19532210840945202,-0.38240594159753233
A,USD,STD,INDL,C,8731,12/31/25,19998,MEDPACE HOLDINGS INC,MEDP,2025,1975.472,459.071,113.643,1975.472,451.123,2530.234,0.0,28.301,561.65,8731.0,15895.25665,Biotech,2504679.0,2504679.0,2021-08-01,982110.0,Doctor August Troendle,MEDPACE HOLDINGS INC,Chairman/CEO,2027-01-01,10.0,40.0,Executive Director,0.0,0.0,1.0,0.0,0.0,0.0,1.0,0.0,0.0,0.0,1956-06-15,M,,-464.887,0.04143187569932446,0.22836213320158422,0.17505547800940618,7.588562636124069,0.23238547547117855,3.5445711376074707,-0.23532958199356913,0.0,69.0,0,-0.47673099338639996,4.447859897257465,-0.36298321118649035,0.19532210840945202,-0.38240594159753233
I,USD,STD,INDL,C,2834,6/30/15,20228,CATALENT INC,CTLT,2015,3145.4,634.0,1864.1,3145.4,212.2,1830.8,12.2,124.319,29.33,2834.0,3646.27627,Biotech,2129696.0,2129696.0,2014-07-31,1047323.0,John Chiminski,CATALENT INC (De-listed 12/2024),President/CEO,2016-10-25,10.0,10.0,Executive Director,1.0,0.0,0.0,0.0,0.0,0.0,0.0,0.0,1.0,1.0,1964-10-02,M,,-1340.9,0.020516585232937166,0.06746359763464106,0.0018140145164354943,8.053696347056626,0.20156418897437528,1.749412771381076,-0.4263050804349209,0.0038786799771094293,51.0,0,1.5764848428835998,-0.142984627539358,-0.4574939900475732,-0.6449475881648674,0.986169623191155
I,USD,STD,INDL,C,2834,6/30/16,20228,CATALENT INC,CTLT,2016,3091.1,635.9,1832.8,3091.1,111.5,1848.1,7.6,124.712,22.99,2834.0,2867.12888,Biotech,2129696.0,2129696.0,2016-10-25,1047323.0,John Chiminski,CATALENT INC (De-listed 12/2024),Chairman/President/CEO,2019-02-13,10.0,10.0,Executive Director,1.0,0.0,0.0,0.0,0.0,0.0,0.0,0.0,1.0,1.0,1964-10-02,M,,-1341.8,0.022823309011915847,0.036071301478438095,-0.013922959894657062,8.036282293598449,0.2057196467277021,1.506025099512108,-0.43408495357639676,0.0024586716702791884,52.0,0,1.5764848428835998,-0.142984627539358,-0.4574939900475732,-0.6449475881648674,0.986169623191155
I,USD,STD,INDL,C,2834,6/30/17,20228,CATALENT INC,CTLT,2017,3454.3,723.5,2055.1,3454.3,109.8,2075.4,7.0,125.05,35.1,2834.0,4389.255,Biotech,2129696.0,2129696.0,2016-10-25,1047323.0,John Chiminski,CATALENT INC (De-listed 12/2024),Chairman/President/CEO,2019-02-13,10.0,10.0,Executive Director,1.0,0.0,0.0,0.0,0.0,0.0,0.0,0.0,1.0,1.0,1964-10-02,M,,-1269.8,0.0183927597805284,0.03178646903858958,-0.025847718798069762,8.147375110754215,0.20944909243551516,1.8028142417239097,-0.36759980314390756,0.0020264597747734706,53.0,0,1.5764848428835998,-0.142984627539358,-0.4574939900475732,-0.6449475881648674,0.986169623191155
I,USD,STD,INDL,C,2834,6/30/18,20228,CATALENT INC,CTLT,2018,4531.1,1086.7,2649.4,4531.1,83.6,2463.4,6.3,133.424,41.89,2834.0,5589.13136,Biotech,2129696.0,2129696.0,2016-10-25,1047323.0,John Chiminski,CATALENT INC (De-listed 12/2024),Chairman/President/CEO,2019-02-13,10.0,10.0,Executive Director,1.0,0.0,0.0,0.0,0.0,0.0,0.0,0.0,1.0,1.0,1964-10-02,M,,-1197.9,0.02039687776524141,0.018450265939838006,-0.05827488925207251,8.418720014606778,0.2398313875217938,1.6376783022347672,-0.2643728895853104,0.0013903908543179359,54.0,0,1.5764848428835998,-0.142984627539358,-0.4574939900475732,-0.6449475881648674,0.986169623191155
I,USD,STD,INDL,C,2834,6/30/19,20228,CATALENT INC,CTLT,2019,6184.0,1681.6,2882.8,6184.0,137.4,2518.0,3.3,145.738,54.21,2834.0,7900.45698,Biotech,2129696.0,2129696.0,2019-02-13,1047323.0,John Chiminski,CATALENT INC (De-listed 12/2024),Chairman/CEO,2022-07-01,10.0,10.0,Executive Director,1.0,0.0,0.0,0.0,0.0,0.0,0.0,0.0,1.0,1.0,1964-10-02,M,,-1077.3,0.017682512408196006,0.02221862871927555,-0.057980578340689454,8.729720590267258,0.27192755498059507,1.547174882229056,-0.17420763260025873,0.0005336351875808538,55.0,0,1.5764848428835998,-0.142984627539358,-0.4574939900475732,-0.6449475881648674,0.986169623191155
I,USD,STD,INDL,C,2834,6/30/20,20228,CATALENT INC,CTLT,2020,7776.5,2898.8,3033.3,7776.5,220.7,3094.3,2.6,162.788,73.3,2834.0,11932.3604,Biotech,2129696.0,2129696.0,2019-02-13,1047323.0,John Chiminski,CATALENT INC (De-listed 12/2024),Chairman/CEO,2022-07-01,10.0,10.0,Executive Director,1.0,0.0,0.0,0.0,0.0,0.0,0.0,0.0,1.0,1.0,1964-10-02,M,,-921.5,0.03293432456369081,0.028380376776184657,-0.0315263841487231,8.958861644484616,0.3727640969587861,1.4149572124354883,-0.11849803896354401,0.00033434064167684694,56.0,0,1.5764848428835998,-0.142984627539358,-0.4574939900475732,-0.6449475881648674,0.986169623191155
I,USD,STD,INDL,C,2834,6/30/21,20228,CATALENT INC,CTLT,2021,9112.0,3915.0,3239.0,9112.0,585.0,3998.0,21.0,170.549,108.12,2834.0,18439.75788,Biotech,2129696.0,2129696.0,2019-02-13,1047323.0,John Chiminski,CATALENT INC (De-listed 12/2024),Chairman/CEO,2022-07-01,10.0,10.0,Executive Director,1.0,0.0,0.0,0.0,0.0,0.0,0.0,0.0,1.0,1.0,1964-10-02,M,,-292.0,0.018728392570243765,0.06420105355575066,-0.0016345436256678947,9.117347505127018,0.42965320456540823,1.5496937584476362,-0.03204565408252853,0.0023046532045654083,57.0,0,1.5764848428835998,-0.142984627539358,-0.4574939900475732,-0.6449475881648674,0.986169623191155
I,USD,STD,INDL,C,2834,6/30/22,20228,CATALENT INC,CTLT,2022,10508.0,4775.0,4256.0,10508.0,499.0,4802.0,23.0,179.302,107.29,2834.0,19237.31158,Biotech,2129696.0,2129696.0,2022-07-01,1779146.0,Alessandro Maselli,CATALENT INC (De-listed 12/2024),President/CEO,2024-12-18,10.0,10.0,Executive Director,1.0,0.0,0.0,0.0,0.0,0.0,0.0,0.0,1.0,0.0,1972-03-01,M,,124.0,0.03389852836616953,0.047487628473543965,-0.009567616772430676,9.259892150805431,0.45441568328892273,1.3934577307723828,0.011800532927293491,0.0021888085268366958,50.0,0,1.328120120919817,-0.19997741649182793,-0.44736292532478544,-0.49441052504565186,-0.4374823779598874
I,USD,STD,INDL,C,2834,6/30/23,20228,CATALENT INC,CTLT,2023,10777.0,4611.0,4368.0,10777.0,-256.0,4263.0,18.0,180.273,43.36,2834.0,7816.63728,Biotech,2129696.0,2129696.0,2022-07-01,1779146.0,Alessandro Maselli,CATALENT INC (De-listed 12/2024),President/CEO,2024-12-18,10.0,10.0,Executive Director,1.0,0.0,0.0,0.0,0.0,0.0,0.0,0.0,1.0,0.0,1972-03-01,M,,-92.0,0.040879809401826984,-0.023754291546812658,-0.07244455116144895,9.285169512596832,0.427855618446692,0.5278096935042704,-0.008536698524635799,0.0016702236243852648,51.0,0,1.328120120919817,-0.19997741649182793,-0.44736292532478544,-0.49441052504565186,-0.4374823779598874
I,USD,STD,INDL,C,2836,12/31/20,20943,SAGE THERAPEUTICS INC,SAGE,2020,2159.246,2072.334,19.438,2159.246,606.073,1114.2,292.714,58.308,86.51,2836.0,5044.22508,Biotech,2125688.0,2125688.0,2020-12-15,345845.0,Professor Barry Greene,SAGE THERAPEUTICS INC (De-listed 07/2025),President/CEO,2025-07-31,10.0,10.0,Executive Director,1.0,0.0,0.0,0.0,0.0,0.0,0.0,0.0,0.0,0.0,1964-06-15,M,,-1037.079,0.04204126252254247,0.28068733252255645,0.2207805715976487,7.6775143656636,0.9597489123518116,0.8895685321043049,-0.4802968258364262,0.13556306229118867,56.0,0,-0.6773650833982051,-0.27530597743840163,-0.18806471044490725,-0.6182375476915621,0.1164894900028803
I,USD,STD,INDL,C,3674,3/31/16,22325,XILINX INC,XLNX,2015,4823.154,2589.893,995.835,4823.154,550.867,2213.881,533.891,253.687,47.43,3674.0,12032.37441,Semiconductors/Hardware,33857.0,33857.0,2008-02-14,350055.0,Moshe Gavrielov,XILINX INC (De-listed 02/2022),President/CEO,2018-01-29,10.0,10.0,Executive Director,1.0,0.0,0.0,0.0,0.0,0.0,0.0,0.0,1.0,0.0,1953-06-15,M,,1955.129,0.015413329884623152,0.11421302326237145,0.04856344014416589,8.481183349893026,0.5369708286320528,1.5359843224589884,0.40536317107021663,0.11069333469343917,62.0,0,1.328120120919817,-0.19997741649182793,-0.44736292532478544,-0.49441052504565186,-0.4374823779598874
I,USD,STD,INDL,C,3674,3/31/17,22325,XILINX INC,XLNX,2016,4740.532,2507.633,995.247,4740.532,622.512,2349.33,601.443,248.027,57.89,3674.0,14358.28303,Semiconductors/Hardware,33857.0,33857.0,2008-02-14,350055.0,Moshe Gavrielov,XILINX INC (De-listed 02/2022),President/CEO,2018-01-29,10.0,10.0,Executive Director,1.0,0.0,0.0,0.0,0.0,0.0,0.0,0.0,1.0,0.0,1953-06-15,M,,1860.435,0.015228716294194346,0.1313169070475634,0.08132264567446826,8.46390464467802,0.5289771274616435,1.744987709990783,0.3924527879993216,0.12687246916590794,63.0,0,1.328120120919817,-0.19997741649182793,-0.44736292532478544,-0.49441052504565186,-0.4374823779598874
I,USD,STD,INDL,C,3674,3/31/18,22325,XILINX INC,XLNX,2017,5055.687,2330.235,1214.44,5055.687,512.381,2539.004,639.75,253.377,72.24,3674.0,18303.95448,Semiconductors/Hardware,33857.0,33857.0,2008-02-14,350055.0,Moshe Gavrielov,XILINX INC (De-listed 02/2022),President/CEO,2018-01-29,10.0,10.0,Executive Director,1.0,0.0,0.0,0.0,0.0,0.0,0.0,0.0,1.0,0.0,1953-06-15,M,,1701.631,0.013538997303567503,0.10134745287831307,0.04371326504165372,8.528269027264828,0.46091362064146774,2.0611480074453388,0.3365776006307353,0.1265406659866404,64.0,0,1.328120120919817,-0.19997741649182793,-0.44736292532478544,-0.49441052504565186,-0.4374823779598874
I,USD,STD,INDL,C,3674,3/31/19,22325,XILINX INC,XLNX,2018,5151.348,2861.509,1234.807,5151.348,889.75,3059.04,743.027,253.891,126.79,3674.0,32190.83989,Semiconductors/Hardware,33857.0,33857.0,2018-01-29,339239.0,Victor Peng,XILINX INC (De-listed 02/2022),President/CEO,2022-02-14,10.0,10.0,Executive Director,1.0,0.0,0.0,0.0,0.0,0.0,0.0,0.0,1.0,1.0,1960-06-15,M,,1449.029,0.023162847990021874,0.17272178078436945,0.09599662559245893,8.547013706980678,0.5554874180505763,2.420332828548065,0.28129122707299137,0.1442393330833017,58.0,0,1.5764848428835998,-0.142984627539358,-0.4574939900475732,-0.6449475881648674,0.986169623191155
I,USD,STD,INDL,C,3674,3/31/20,22325,XILINX INC,XLNX,2019,4693.334,2315.049,796.074,4693.334,792.721,3162.666,853.589,243.81,77.94,3674.0,19002.5514,Semiconductors/Hardware,33857.0,33857.0,2018-01-29,339239.0,Victor Peng,XILINX INC (De-listed 02/2022),President/CEO,2022-02-14,10.0,10.0,Executive Director,1.0,0.0,0.0,0.0,0.0,0.0,0.0,0.0,1.0,1.0,1960-06-15,M,,1853.559,0.025783416238799924,0.16890359816710254,0.08870439110713754,8.453898483089368,0.49326321118420297,2.1051424007407595,0.39493438992409235,0.18187263041581955,59.0,0,1.5764848428835998,-0.142984627539358,-0.4574939900475732,-0.6449475881648674,0.986169623191155
I,USD,STD,INDL,C,3674,3/31/21,22325,XILINX INC,XLNX,2020,5519.201,2886.961,1533.546,5519.201,646.508,3147.599,904.639,245.808,123.9,3674.0,30455.6112,Semiconductors/Hardware,33857.0,33857.0,2018-01-29,339239.0,Victor Peng,XILINX INC (De-listed 02/2022),President/CEO,2022-02-14,10.0,10.0,Executive Director,1.0,0.0,0.0,0.0,0.0,0.0,0.0,0.0,1.0,1.0,1960-06-15,M,,1167.528,0.030977615359701966,0.11713796978946772,0.057231208864559964,8.615988382417562,0.5230758944999466,2.356065861284409,0.21153931520160255,0.16390760184309286,60.0,0,1.5764848428835998,-0.142984627539358,-0.4574939900475732,-0.6449475881648674,0.986169623191155
I,USD,STD,INDL,C,8731,12/31/15,21739,PRA HEALTH SCIENCES INC,PRAH,2015,2228.743,702.722,889.514,2228.743,81.765,1613.883,0.0,60.245,45.27,8731.0,2727.29115,Biotech,2166779.0,2166779.0,2014-11-13,334096.0,Colin Shannon,PRA HEALTH SCIENCES INC (De-listed 07/2021),Chairman/President/CEO,2021-07-01,10.0,10.0,Executive Director,0.0,0.0,1.0,0.0,0.0,0.0,0.0,0.0,0.0,0.0,1960-06-15,M,,-126.227,0.026409001095616492,0.036686598679165794,-0.028962984439039774,7.709193028398442,0.3152997003243532,1.356102777302312,-0.05663596026998178,0.0,55.0,0,-0.6584768992027012,-0.20871352579230268,-0.13236321585395175,-0.03674237828068685,-0.6053960375094226
I,USD,STD,INDL,C,8731,12/31/16,21739,PRA HEALTH SCIENCES INC,PRAH,2016,2190.391,729.252,797.052,2190.391,68.175,1811.711,0.0,61.598,55.12,8731.0,3395.28176,Biotech,2166779.0,2166779.0,2014-11-13,334096.0,Colin Shannon,PRA HEALTH SCIENCES INC (De-listed 07/2021),Chairman/President/CEO,2021-07-01,10.0,10.0,Executive Director,0.0,0.0,1.0,0.0,0.0,0.0,0.0,0.0,0.0,0.0,1960-06-15,M,,-150.431,0.020851562725490113,0.03112458004073245,-0.018869681332362706,7.691835345687175,0.3329323394772896,1.5381226778975485,-0.0686776927041793,0.0,56.0,0,-0.6584768992027012,-0.20871352579230268,-0.13236321585395175,-0.03674237828068685,-0.6053960375094226
I,USD,STD,INDL,C,8731,12/31/17,21739,PRA HEALTH SCIENCES INC,PRAH,2017,3358.046,930.771,1225.397,3358.046,86.927,2259.389,0.0,63.624,91.07,8731.0,5794.23768,Biotech,2166779.0,2166779.0,2014-11-13,334096.0,Colin Shannon,PRA HEALTH SCIENCES INC (De-listed 07/2021),Chairman/President/CEO,2021-07-01,10.0,10.0,Executive Director,0.0,0.0,1.0,0.0,0.0,0.0,0.0,0.0,0.0,0.0,1960-06-15,M,,24.712,0.013993966692099909,0.025886185001634882,-0.031748002835024464,8.119114536173798,0.2771763698293591,1.828605924286626,0.007359041537846713,0.0,57.0,0,-0.6584768992027012,-0.20871352579230268,-0.13236321585395175,-0.03674237828068685,-0.6053960375094226
I,USD,STD,INDL,C,8731,12/31/18,21739,PRA HEALTH SCIENCES INC,PRAH,2018,3186.467,1045.03,1082.384,3186.467,153.905,2871.922,0.0,65.395,91.96,8731.0,6013.7242,Biotech,2166779.0,2166779.0,2014-11-13,334096.0,Colin Shannon,PRA HEALTH SCIENCES INC (De-listed 07/2021),Chairman/President/CEO,2021-07-01,10.0,10.0,Executive Director,0.0,0.0,1.0,0.0,0.0,0.0,0.0,0.0,0.0,0.0,1960-06-15,M,,83.841,0.020360619785063913,0.0482995744189411,-0.028425580772969417,8.066668058510546,0.32795883340389215,1.7499986307152844,0.026311585840995685,0.0,58.0,0,-0.6584768992027012,-0.20871352579230268,-0.13236321585395175,-0.03674237828068685,-0.6053960375094226
I,USD,STD,INDL,C,8731,12/31/19,21739,PRA HEALTH SCIENCES INC,PRAH,2019,3544.43,1089.991,1312.548,3544.43,243.02,3066.262,0.0,63.492,111.15,8731.0,7057.1358,Biotech,2166779.0,2166779.0,2014-11-13,334096.0,Colin Shannon,PRA HEALTH SCIENCES INC (De-listed 07/2021),Chairman/President/CEO,2021-07-01,10.0,10.0,Executive Director,0.0,0.0,1.0,0.0,0.0,0.0,0.0,0.0,0.0,0.0,1960-06-15,M,,83.174,0.01738142060121326,0.0685639157777132,-0.011635291282251797,8.173132636193303,0.3075222250122023,1.8678698358118333,0.023466114438710883,0.0,59.0,0,-0.6584768992027012,-0.20871352579230268,-0.13236321585395175,-0.03674237828068685,-0.6053960375094226
I,USD,STD,INDL,C,8731,12/31/20,21739,PRA HEALTH SCIENCES INC,PRAH,2020,4178.501,1479.185,1317.651,4178.501,197.043,3183.365,0.0,64.539,125.44,8731.0,8095.77216,Biotech,2166779.0,2166779.0,2014-11-13,334096.0,Colin Shannon,PRA HEALTH SCIENCES INC (De-listed 07/2021),Chairman/President/CEO,2021-07-01,10.0,10.0,Executive Director,0.0,0.0,1.0,0.0,0.0,0.0,0.0,0.0,0.0,0.0,1960-06-15,M,,341.512,0.03287851662746128,0.04715638455034473,-0.012750376374563027,8.337707848761793,0.3539989579995314,1.6998507094338058,0.08173074506862628,0.0,60.0,0,-0.6584768992027012,-0.20871352579230268,-0.13236321585395175,-0.03674237828068685,-0.6053960375094226
I,USD,STD,INDL,C,8731,12/31/15,22039,SYNEOS HEALTH INC,SYNH,2015,1211.219,217.434,472.035,1211.219,117.047,1399.239,0.0,53.871,48.51,8731.0,2613.28221,Biotech,2164733.0,2164733.0,2014-11-07,1109557.0,Jamie Macdonald,SYNEOS HEALTH INC (INC Research Holdings Inc prior to 01/2018) (De-listed 09/2023),CEO,2016-10-01,10.0,10.0,Executive Director,0.0,0.0,0.0,0.0,0.0,0.0,0.0,0.0,0.0,0.0,,,,-343.015,,0.0966357033699108,0.030986120251705232,7.099382569482207,0.1795166687444632,2.486466905781863,-0.2831981664752617,0.0,,0,-0.6720449074444793,-0.23674111240146314,-0.1428900246012513,-0.648546397838306,-0.5106751006852247
I,USD,STD,INDL,C,8731,12/31/16,22039,SYNEOS HEALTH INC,SYNH,2016,1288.507,301.473,485.849,1288.507,112.63,1610.596,0.0,53.763,52.6,8731.0,2827.9338,Biotech,2164733.0,2164733.0,2016-10-01,1480344.0,Alistair Macdonald,SYNEOS HEALTH INC (INC Research Holdings Inc prior to 01/2018) (De-listed 09/2023),CEO,2022-04-29,10.0,10.0,Executive Director,1.0,0.0,0.0,0.0,0.0,0.0,0.0,0.0,1.0,0.0,1970-02-01,M,,-272.241,,0.0874112441763995,0.03741698280330435,7.161239462751315,0.23397078944856334,2.2386211580546322,-0.2112840675293188,0.0,46.0,0,1.328120120919817,-0.19997741649182793,-0.44736292532478544,-0.49441052504565186,-0.4374823779598874
I,USD,STD,INDL,C,8731,12/31/17,22039,SYNEOS HEALTH INC,SYNH,2017,7285.867,3022.579,2966.31,7285.867,-138.469,2672.064,0.0,104.436,43.6,8731.0,4553.409600000001,Biotech,2164733.0,2164733.0,2016-10-01,1480344.0,Alistair Macdonald,SYNEOS HEALTH INC (INC Research Holdings Inc prior to 01/2018) (De-listed 09/2023),CEO,2022-04-29,10.0,10.0,Executive Director,1.0,0.0,0.0,0.0,0.0,0.0,0.0,0.0,1.0,0.0,1970-02-01,M,,-392.854,,-0.019005150656744078,-0.07663933849340342,8.89369172321579,0.41485508862569137,0.40976587449943463,-0.053920007049264,0.0,47.0,0,1.328120120919817,-0.19997741649182793,-0.44736292532478544,-0.49441052504565186,-0.4374823779598874
I,USD,STD,INDL,C,8731,12/31/18,22039,SYNEOS HEALTH INC,SYNH,2018,7254.909,2856.144,2763.778,7254.909,24.284,4390.116,0.0,103.372,39.35,8731.0,4067.6882,Biotech,2164733.0,2164733.0,2016-10-01,1480344.0,Alistair Macdonald,SYNEOS HEALTH INC (INC Research Holdings Inc prior to 01/2018) (De-listed 09/2023),CEO,2022-04-29,10.0,10.0,Executive Director,1.0,0.0,0.0,0.0,0.0,0.0,0.0,0.0,1.0,0.0,1970-02-01,M,,-547.528,0.02779497101365246,0.0033472508063161098,-0.07337790438559441,8.88943362216588,0.3936843315333107,0.35360236487344765,-0.075470002449376,0.0,48.0,0,1.328120120919817,-0.19997741649182793,-0.44736292532478544,-0.49441052504565186,-0.4374823779598874
I,USD,STD,INDL,C,8731,12/31/19,22039,SYNEOS HEALTH INC,SYNH,2019,7453.795,3029.654,2805.652,7453.795,131.258,4675.815,0.0,103.866,59.475,8731.0,6177.4303500000005,Biotech,2164733.0,2164733.0,2016-10-01,1480344.0,Alistair Macdonald,SYNEOS HEALTH INC (INC Research Holdings Inc prior to 01/2018) (De-listed 09/2023),CEO,2022-04-29,10.0,10.0,Executive Director,1.0,0.0,0.0,0.0,0.0,0.0,0.0,0.0,1.0,0.0,1970-02-01,M,,-412.856,0.026187448121025088,0.01760955325441604,-0.06258965380554896,8.916478577648673,0.40645791841605516,0.7124539624477325,-0.05538869797197266,0.0,49.0,0,1.328120120919817,-0.19997741649182793,-0.44736292532478544,-0.49441052504565186,-0.4374823779598874
A,USD,STD,INDL,C,3674,12/31/25,264416,ULTRA CLEAN HOLDINGS INC,UCTT,2025,1729.0,711.0,623.6,1729.0,-181.2,2054.0,32.0,45.5,25.33,3674.0,1152.515,Semiconductors/Hardware,488272.0,488272.0,2025-09-02,3082984.0,James Xiao,ULTRA CLEAN HOLDINGS INC,CEO,2027-01-01,10.0,40.0,Executive Director,1.0,0.0,1.0,0.0,0.0,0.0,0.0,0.0,0.0,0.0,1970-06-15,M,,180.6,0.04359405784855119,-0.10480046269519953,-0.15810711788737758,7.455298485683291,0.41122035858877964,0.4830293601672478,0.10445344129554655,0.01850780798149219,55.0,0,-0.6637970751564273,-0.2472783908292412,-0.17753790169760764,-0.006433528133942844,0.021768553178682218
