gvkey,fyear,industry,tic,adjusted_roa,UG,top20_ug,MBA,top20_mba,PhD,top20_phd,MD,top20_md,Master's,top20_masters,pct_equity,delta_proxy,vega_proxy,log_tdc1,pct_cash_comp,firm_size,equity_capital,charter_value,retained_earnings,rd_intensity,volatility,ceo_age,CEO_gender,masters_factor,md_factor,mba_factor,phd_factor,ug_factor
61676,2021,Software,CTXS,-0.04752169979331545,1.0,0.0,0.0,0.0,0.0,0.0,0.0,0.0,0.0,0.0,0.9354976693652188,0.0,0.9354976693652188,9.920753583036204,0.03685808149557711,8.850161725806476,0.07845396979177313,3.071834353246615,0.7308028924594406,0.08337733246152221,0.02132790728455163,62.0,0.0,-0.4640734528346924,-0.1989941162397805,-0.6279204739384207,-0.4029962759698278,0.3136310234450513
61562,2020,Semiconductors/Hardware,AEIS,-0.0004228547200327837,1.0,0.0,0.0,0.0,0.0,0.0,0.0,0.0,0.0,0.0,0.5059694818556365,1.6096368400533687,0.5059694818556365,8.664645314494667,0.1380646000812165,7.4071125923467545,0.49448187795797927,1.5168009476224151,0.43072669030420074,0.08737289565456993,0.04296089231971495,66.0,0.0,-0.4640734528346924,-0.1989941162397805,-0.6279204739384207,-0.4029962759698278,0.3136310234450513
61562,2021,Semiconductors/Hardware,AEIS,-0.0174651840287232,1.0,1.0,0.0,0.0,0.0,0.0,0.0,0.0,0.0,0.0,0.7911460462771402,0.0,0.7911460462771402,8.78048318111403,0.13216528691888435,7.505129172520162,0.4791899149306129,1.3687591898284461,0.41550122706813253,0.0890482793533406,0.028752462510724112,59.0,0.0,-0.4755329544490174,-0.17733390111643768,-0.6042665717453427,-0.3997711596856314,0.7326001837308856
61562,2022,Semiconductors/Hardware,AEIS,0.010818204208669663,1.0,1.0,0.0,0.0,0.0,0.0,0.0,0.0,0.0,0.0,0.6102145764603575,0.0,0.6102145764603575,8.920647078374365,0.11996329692284406,7.596978771937747,0.5352294585597199,1.1023126417038345,0.46762622429433665,0.09588548756932147,0.02738422281173314,60.0,0.0,-0.4755329544490174,-0.17733390111643768,-0.6042665717453427,-0.3997711596856314,0.7326001837308856
61562,2023,Semiconductors/Hardware,AEIS,-0.015662282025303287,1.0,1.0,0.0,0.0,0.0,0.0,0.0,0.0,0.0,0.0,0.5875539590097147,0.0,0.5875539590097147,8.56134901454914,0.18139431726806957,7.846494937533161,0.44751300182223025,1.2676442015853986,0.3894953646357476,0.07917803686466879,0.021703280425218636,61.0,0.0,-0.4755329544490174,-0.17733390111643768,-0.6042665717453427,-0.3997711596856314,0.7326001837308856
61562,2024,Semiconductors/Hardware,AEIS,-0.05211641932111377,1.0,1.0,0.0,0.0,0.0,0.0,0.0,0.0,0.0,0.0,0.7639650530286543,0.03775730113384435,0.7639650530286543,9.078175017325362,0.1084231030017139,7.723957794393254,0.5319307624495224,1.2876314167129879,0.448694766421415,0.09365337190867477,0.02170458904545586,62.0,0.0,-0.4755329544490174,-0.17733390111643768,-0.6042665717453427,-0.3997711596856314,0.7326001837308856
61676,2015,Software,CTXS,-0.0008640166662044826,1.0,0.0,0.0,0.0,0.0,0.0,0.0,0.0,0.0,0.0,0.9307756399578296,0.0,0.9307756399578297,9.89819929431435,0.021641946116401738,8.60912275427803,0.3600234099154273,1.774344492182815,0.6286850275420428,0.10288814723435712,0.019925684835215254,56.0,0.0,-0.4640734528346924,-0.1989941162397805,-0.6279204739384207,-0.4029962759698278,0.3136310234450513
61676,2017,Software,CTXS,-0.06668801826015297,1.0,0.0,1.0,0.0,0.0,0.0,0.0,0.0,0.0,0.0,0.8248001685309975,0.0,0.8248001685309975,9.170817013030284,0.08955383499046811,8.669085780818076,0.17052078837478454,2.5449256018934907,0.6011292442015499,0.07144131036587209,0.01365697330656129,48.0,0.0,-0.47024218710790366,-0.18195324958243347,-0.5048237515515195,-0.47581435434036906,0.39279862525945874
61676,2018,Software,CTXS,0.023355268757736053,1.0,0.0,1.0,0.0,0.0,0.0,0.0,0.0,0.0,0.0,0.8125436861564195,0.0,0.8125436861564195,9.865687186212554,0.051926194392043705,8.54403938582273,0.10738195838863687,3.1953010133976156,0.8101295373155513,0.08566584937176416,0.011008424940782614,49.0,0.0,-0.47024218710790366,-0.18195324958243347,-0.5048237515515195,-0.47581435434036906,0.39279862525945874
61676,2019,Software,CTXS,0.060908016306983004,1.0,0.0,1.0,0.0,0.0,0.0,0.0,0.0,0.0,0.0,0.7911467496990462,0.0,0.7911467496990462,9.582859058333717,0.06889967765974804,8.386839829213447,0.19085671528752135,2.846071081652167,1.0606280443097011,0.11822413957309827,0.009667695939815145,50.0,0.0,-0.47024218710790366,-0.18195324958243347,-0.5048237515515195,-0.47581435434036906,0.39279862525945874
61676,2020,Software,CTXS,0.020991485729779644,1.0,0.0,1.0,0.0,0.0,0.0,0.0,0.0,0.0,0.0,0.8269117187981961,0.0,0.8269117187981961,10.025550217501282,0.04425464512244331,8.495018541096488,0.02293150158874207,4.956810986770837,1.018472513300181,0.11002900203196217,0.025944605174821292,51.0,0.0,-0.47024218710790366,-0.18195324958243347,-0.5048237515515195,-0.47581435434036906,0.39279862525945874
61600,2015,Biotech,PRXL,0.020133414462141855,1.0,0.0,1.0,1.0,0.0,0.0,0.0,0.0,0.0,0.0,0.3882092632861785,1.150255276536513,0.38820926328617855,8.586074269987927,0.24904770687965974,7.531027592068141,0.35671769915727486,1.6751311353529852,0.33618763542072716,0.012868487807912082,0.01847543458510395,61.0,0.0,-0.30750637691746363,-0.07890428096156032,1.6954389051964547,-0.2922982752130367,0.11888928142782612
62921,2020,Biotech,NBIX,0.1526357561604178,0.0,0.0,1.0,1.0,1.0,1.0,0.0,0.0,0.0,0.0,0.3872437508609118,5.026776518533162,0.38724375086091184,9.538249766165404,0.09491642743644527,7.458589766767363,0.6492188851098173,2.0741414929657767,-0.41713264541419265,0.2533579293249553,0.030528649758094235,63.0,0.0,-0.5452404807670527,-0.23282391101868724,1.7472075832698413,2.7726050854428728,0.16422840318261822
62921,2021,Biotech,NBIX,-0.04837149982905455,0.0,0.0,1.0,1.0,1.0,1.0,0.0,0.0,0.0,0.0,0.4549519607834782,2.3880093842861783,0.4549519607834782,9.55261090877483,0.10838756795128215,7.63651088700945,0.6629674306393245,1.7719914919865771,-0.30759951749095293,0.20911942098914355,0.022412381599743885,64.0,0.0,-0.5452404807670527,-0.23282391101868724,1.7472075832698413,2.7726050854428728,0.16422840318261822
62921,2022,Biotech,NBIX,-0.024178615787457836,0.0,0.0,1.0,1.0,1.0,1.0,0.0,0.0,0.0,0.0,0.4305874710471146,0.0,0.4305874710471146,9.384506009497104,0.15534516325818878,7.770096560428536,0.7209861949592604,1.9093958901023693,-0.1750749356186938,0.1958036053531473,0.021794805955927712,65.0,0.0,-0.5452404807670527,-0.23282391101868724,1.7472075832698413,2.7726050854428728,0.16422840318261822
62921,2023,Biotech,NBIX,0.010960906727072423,0.0,0.0,1.0,1.0,1.0,1.0,0.0,0.0,0.0,0.0,0.4457793033146482,2.0061280650165845,0.4457793033146482,9.664647198480393,0.12612683079450127,8.086840951800124,0.6864735190994649,1.7624137088076193,-0.046164729039798236,0.2180291566709725,0.016919808700856825,66.0,0.0,-0.5452404807670527,-0.23282391101868724,1.7472075832698413,2.7726050854428728,0.16422840318261822
62921,2024,Biotech,NBIX,0.015694557171923793,1.0,0.0,1.0,1.0,1.0,1.0,0.0,0.0,0.0,0.0,0.4335000659604177,3.731549066935413,0.4335000659604177,9.051980077474326,0.1447055576162491,8.2211294238254,0.6963992793180412,1.6561794104186156,0.00941189125231936,0.19996235243499075,0.02067762144407618,52.0,0.0,-0.611865491625802,-0.26177274897937775,1.730297506630386,2.6768762815875404,1.23043711047659
63080,2017,Software,ANSS,0.02500379952938539,1.0,0.0,0.0,0.0,1.0,1.0,0.0,0.0,1.0,1.0,0.8097007143178947,1.0647873941067996,0.8097007143178947,9.239807519532128,0.09277908577252128,7.9867167488305775,0.7634666304961581,1.7107071764640023,0.7747668548960897,0.06892317608340702,0.01239531762096822,56.0,0.0,2.0773907570415733,-0.3782551279654841,-0.46740131634680554,2.2241112694781515,0.6914124260053306
63080,2018,Software,ANSS,0.039679364633769976,1.0,0.0,0.0,0.0,1.0,1.0,0.0,0.0,1.0,1.0,0.808222381649132,0.983355279676165,0.808222381649132,9.226625447385208,0.09629400648394403,8.091310250811976,0.8112603200770125,1.5067311367960832,0.8747898017246976,0.07158743942064273,0.017300559339213786,57.0,0.0,2.0773907570415733,-0.3782551279654841,-0.46740131634680554,2.2241112694781515,0.6914124260053306
61600,2016,Biotech,PRXL,0.023686519132777507,1.0,0.0,1.0,1.0,0.0,0.0,0.0,0.0,0.0,0.0,0.3441621500586325,0.9976368350552495,0.3441621500586325,8.659659820652132,0.2855351931195737,7.618840604673095,0.31106963952460465,1.6585293528806653,0.2954032020430213,0.009429329142520381,0.01854044263454833,62.0,0.0,-0.30750637691746363,-0.07890428096156032,1.6954389051964547,-0.2922982752130367,0.11888928142782612
61591,2024,Semiconductors/Hardware,NTAP,0.033496618821477434,1.0,1.0,1.0,1.0,0.0,0.0,0.0,0.0,0.0,0.0,0.8448741549057021,0.0,0.8448741549057021,9.75518137693903,0.057993398263515274,9.289428778295147,0.09609165665711909,2.8533569432920456,0.013766977732606486,0.09350457359327359,0.020110168851201884,58.0,0.0,-0.3189658785317887,-0.05724406583821757,1.7190928073895329,-0.2890731589288402,0.5378584417136607
63080,2020,Software,ANSS,-0.009122190828225143,1.0,0.0,0.0,0.0,1.0,1.0,0.0,0.0,1.0,1.0,0.871321427048008,3.9837148612377717,0.871321427048008,9.553187460269637,0.07567674528318291,8.689563734023457,0.6898089247027652,2.0393576101739326,0.6374481322562238,0.05982082587756434,0.02902936063192488,59.0,0.0,2.0773907570415733,-0.3782551279654841,-0.46740131634680554,2.2241112694781515,0.6914124260053306
43026,2023,Biotech,FTRE,-0.06661709805825683,1.0,0.0,0.0,0.0,0.0,0.0,0.0,0.0,0.0,0.0,0.2529930498609929,0.41040059513272753,0.2529930498609929,9.70017070911051,0.06610416795722995,8.37958492820829,0.39906361883778574,0.5779229800918688,-0.061392637473606904,0.0,0.0287694509743952,64.0,0.0,-0.4640734528346924,-0.1989941162397805,-0.6279204739384207,-0.4029962759698278,0.3136310234450513
43026,2024,Biotech,FTRE,-0.16786511419457378,1.0,0.0,0.0,0.0,0.0,0.0,0.0,0.0,0.0,0.0,0.0,0.0,0.0,7.021000032195512,0.9897803922829238,8.182894590735865,0.38064371926687535,0.20531378580609644,-0.18995864997764864,0.0,0.0387801161766146,65.0,0.0,-0.4640734528346924,-0.1989941162397805,-0.6279204739384207,-0.4029962759698278,0.3136310234450513
61591,2023,Semiconductors/Hardware,NTAP,0.033890133706586945,1.0,1.0,1.0,1.0,0.0,0.0,0.0,0.0,0.0,0.0,0.7654209749036623,0.0,0.7654209749036623,9.569118682288115,0.06985291909062118,9.198976041897133,0.11590978051987458,2.9108727918558808,0.021644583796905027,0.10407605947203398,0.016952018448875637,57.0,0.0,-0.3189658785317887,-0.05724406583821757,1.7190928073895329,-0.2890731589288402,0.5378584417136607
61591,2015,Semiconductors/Hardware,NTAP,-0.03631070053642634,1.0,1.0,1.0,1.0,0.0,0.0,0.0,0.0,0.0,0.0,0.861502795469819,0.0,0.861502795469819,9.16055352127971,0.08739750452002781,9.2140335438138,0.2870379595496662,0.8354021267871148,0.0029391252366244894,0.08578260436385374,0.016789594446374626,49.0,0.0,-0.3189658785317887,-0.05724406583821757,1.7190928073895329,-0.2890731589288402,0.5378584417136607
61591,2016,Semiconductors/Hardware,NTAP,0.0012318975361260628,1.0,1.0,1.0,1.0,0.0,0.0,0.0,0.0,0.0,0.0,0.6862312735439284,0.06682541866453102,0.6862312735439284,9.10556202016143,0.09716563943152659,9.158309963881798,0.2928473612135258,1.3496275781533804,-0.003265564099863057,0.08206046560623617,0.021501844898555757,50.0,0.0,-0.3189658785317887,-0.05724406583821757,1.7190928073895329,-0.2890731589288402,0.5378584417136607
61591,2017,Semiconductors/Hardware,NTAP,-0.055424156221737894,1.0,1.0,1.0,1.0,0.0,0.0,0.0,0.0,0.0,0.0,0.7474431673036472,0.44746152746087736,0.7474431673036472,9.461827774185124,0.0719320010075146,9.196748418456716,0.20952863659401927,2.136704704642875,0.0011150532184490624,0.07937151545869235,0.016301840273063594,51.0,0.0,-0.3189658785317887,-0.05724406583821757,1.7190928073895329,-0.2890731589288402,0.5378584417136607
61591,2018,Semiconductors/Hardware,NTAP,0.04500920046145743,1.0,1.0,1.0,1.0,0.0,0.0,0.0,0.0,0.0,0.0,0.7645474896294857,0.44288809187473216,0.7645474896294857,9.485314717199191,0.07026222393687369,9.075779878580487,0.12469969111085688,2.7751084807600157,-0.032948175265987874,0.0946116005033749,0.022076071572714955,52.0,0.0,-0.3189658785317887,-0.05724406583821757,1.7190928073895329,-0.2890731589288402,0.5378584417136607
61591,2019,Semiconductors/Hardware,NTAP,0.014440149275432704,1.0,1.0,1.0,1.0,0.0,0.0,0.0,0.0,0.0,0.0,0.8988535601734194,0.1216435124334529,0.8988535601734194,9.158121280749906,0.10009262255209003,8.925587339030281,0.03217229460249933,3.679082654862618,-0.005716564743419303,0.11260303110874767,0.022270034802273644,53.0,0.0,-0.3189658785317887,-0.05724406583821757,1.7190928073895329,-0.2890731589288402,0.5378584417136607
61591,2020,Semiconductors/Hardware,NTAP,-0.004168432745863676,1.0,1.0,1.0,1.0,0.0,0.0,0.0,0.0,0.0,0.0,0.8443051958005712,0.0,0.8443051958005712,10.04278904109261,0.04211804112258286,9.144200569471638,0.07318376068376069,3.1866047579790293,-0.004487179487179487,0.09412393162393162,0.03285604308777776,54.0,0.0,-0.3189658785317887,-0.05724406583821757,1.7190928073895329,-0.2890731589288402,0.5378584417136607
61591,2021,Semiconductors/Hardware,NTAP,0.0018527013251459779,1.0,1.0,1.0,1.0,0.0,0.0,0.0,0.0,0.0,0.0,0.8338307768491212,0.0,0.8338307768491212,9.84604650464129,0.052497859115586895,9.212936997823448,0.08358268501895073,2.956487693767455,0.018053062038699382,0.08787153401156991,0.018837108969196447,55.0,0.0,-0.3189658785317887,-0.05724406583821757,1.7190928073895329,-0.2890731589288402,0.5378584417136607
62263,2015,Biotech,ALXN,-0.048132414655881896,1.0,0.0,0.0,0.0,0.0,0.0,0.0,0.0,0.0,0.0,0.4705293949246272,3.166726065175132,0.47052939492462725,9.596947854133711,0.0712280056245383,9.482900938566658,0.6288335771169773,1.6509232034266432,0.09462226733256023,0.05402113569929103,0.02179355978781755,48.0,0.0,-0.4640734528346924,-0.1989941162397805,-0.6279204739384207,-0.4029962759698278,0.3136310234450513
62263,2016,Biotech,ALXN,-0.022280167162267026,1.0,0.0,0.0,0.0,0.0,0.0,0.0,0.0,0.0,0.0,0.2042951901120011,0.0,0.20429519011200117,6.313149416110009,0.41822646707020916,9.491979220880678,0.6560024145476496,1.1481434301949833,0.14170376518524108,0.0571191428355844,0.02804238938666786,63.0,0.0,-0.4640734528346924,-0.1989941162397805,-0.6279204739384207,-0.4029962759698278,0.3136310234450513
62263,2017,Biotech,ALXN,-0.030492497366874635,0.0,0.0,0.0,0.0,1.0,0.0,0.0,0.0,1.0,0.0,0.6282600423222392,0.4433768595665334,0.6282600423222392,9.636271547386247,0.058784516471878726,9.516596376010158,0.6547083551125279,1.0950660728151689,0.16253046019744832,0.0669498575456627,0.020102901249250855,55.0,0.0,-0.437846561736299,-0.3795427315475665,-0.5664298745026903,1.8192596771071183,-1.675276740436226
62263,2018,Biotech,ALXN,-0.08315840719446,0.0,0.0,0.0,0.0,1.0,0.0,0.0,0.0,1.0,0.0,0.7510600506359818,0.0,0.7510600506359818,9.710524576142179,0.07277027334333924,9.541936453739776,0.6578643257559987,0.8646469697705877,0.16624437442129214,0.13733948707642174,0.024576332930137727,56.0,0.0,-0.437846561736299,-0.3795427315475665,-0.5664298745026903,1.8192596771071183,-1.675276740436226
62263,2019,Biotech,ALXN,0.04259884935903899,0.0,0.0,0.0,0.0,1.0,0.0,0.0,0.0,1.0,0.0,0.8044989904994642,0.0,0.8044989904994642,9.849452819626988,0.06597007892765795,9.772501489239328,0.6424654879564082,0.7529790891151646,0.26065000056997595,0.050266178767256024,0.02326105568621505,57.0,0.0,-0.437846561736299,-0.3795427315475665,-0.5664298745026903,1.8192596771071183,-1.675276740436226
62263,2020,Biotech,ALXN,-0.048828393719419085,0.0,0.0,0.0,0.0,1.0,0.0,0.0,0.0,1.0,0.0,0.7628864006039536,0.11850194251894011,0.7628864006039536,9.79363133522754,0.07254764273455729,9.803832949375943,0.6436060321493675,1.0795810611025352,0.2827487156824836,0.05539965751532895,0.030786920877681923,58.0,0.0,-0.437846561736299,-0.3795427315475665,-0.5664298745026903,1.8192596771071183,-1.675276740436226
61591,2022,Semiconductors/Hardware,NTAP,0.040357395264466064,1.0,1.0,1.0,1.0,0.0,0.0,0.0,0.0,0.0,0.0,0.8718842455873501,0.0,0.8718842455873501,9.338253524303493,0.08799297956811813,9.191972714617998,0.11804848237930332,2.442660599887673,0.00794459156651049,0.0973721735587696,0.021269512084067153,56.0,0.0,-0.3189658785317887,-0.05724406583821757,1.7190928073895329,-0.2890731589288402,0.5378584417136607
63080,2019,Software,ANSS,-0.001176252071070527,1.0,0.0,0.0,0.0,1.0,1.0,0.0,0.0,1.0,1.0,0.8959574789220155,1.7306422461718305,0.8959574789220155,9.8828466369745,0.052765464134720656,8.48444001458844,0.713672172960435,1.8548111731649684,0.6830754675610321,0.061627808212921686,0.014572934196385667,58.0,0.0,2.0773907570415733,-0.3782551279654841,-0.46740131634680554,2.2241112694781515,0.6914124260053306
63080,2021,Software,ANSS,-0.019718727280609277,1.0,0.0,0.0,0.0,1.0,1.0,0.0,0.0,1.0,1.0,0.845094370765002,3.5006538108151126,0.845094370765002,9.812502874247196,0.062121337079534045,8.752156849215648,0.7090172942077195,2.052794898154559,0.6645950849372754,0.0640180104909402,0.019906291871119038,60.0,0.0,2.0773907570415733,-0.3782551279654841,-0.46740131634680554,2.2241112694781515,0.6914124260053306
117768,2020,Semiconductors/Hardware,NVDA,0.06830380083140272,1.0,0.0,0.0,0.0,0.0,0.0,0.0,0.0,1.0,1.0,0.7910262372374647,35.96377762089325,0.7910262372374647,9.868709806769663,0.052667937469303934,10.267818117285737,0.5867458580806502,2.948104903154137,0.5200236184918898,0.1362925914348234,0.03642207541063851,57.0,0.0,2.3817498717499115,-0.1953866599476667,-0.5022599177807368,-0.7450632873224258,-0.42013540304343333
110039,2017,Semiconductors/Hardware,AMKR,-0.005469091147122046,1.0,1.0,0.0,0.0,0.0,0.0,0.0,0.0,0.0,0.0,0.2509002892732747,0.5754039341979639,0.2509002892732747,8.9695032078305,0.33005258727564024,8.416601066668436,0.3687547674902339,0.3658281406684162,-0.004496728857556183,0.036849202334884215,0.02195298095216719,55.0,0.0,-0.4755329544490174,-0.17733390111643768,-0.6042665717453427,-0.3997711596856314,0.7326001837308856
110039,2015,Semiconductors/Hardware,AMKR,-0.04503355845042377,1.0,1.0,0.0,0.0,0.0,0.0,0.0,0.0,0.0,0.0,0.0,1.2880434782608696,0.0,6.824373670043086,0.7608695652173914,8.30184418356794,0.2996261751792226,0.17646141443763716,-0.11466127551906331,0.02034504998387617,0.03351433399168317,53.0,0.0,-0.4755329544490174,-0.17733390111643768,-0.6042665717453427,-0.3997711596856314,0.7326001837308856
110039,2016,Semiconductors/Hardware,AMKR,-0.0122627680033542,1.0,1.0,0.0,0.0,0.0,0.0,0.0,0.0,0.0,0.0,0.0,0.3390913928031231,0.0,7.422176431082099,0.41849258969192965,8.316810143468462,0.33811312860971154,0.5987513509514888,-0.07265121016518226,0.028642115537161245,0.02940919413477332,54.0,0.0,-0.4755329544490174,-0.17733390111643768,-0.6042665717453427,-0.3997711596856314,0.7326001837308856
110039,2018,Semiconductors/Hardware,AMKR,-0.060457087259954814,1.0,1.0,0.0,0.0,0.0,0.0,0.0,0.0,0.0,0.0,0.0,0.0,0.0,8.273699472933247,0.7612489800792055,8.410820385787986,0.40719866122323317,-0.1533025467993016,0.030475501101447755,0.03496470984976577,0.027723488525491814,56.0,0.0,-0.4755329544490174,-0.17733390111643768,-0.6042665717453427,-0.3997711596856314,0.7326001837308856
64857,2023,Biotech,SRPT,-0.23001644724658,1.0,0.0,0.0,0.0,0.0,0.0,0.0,0.0,0.0,0.0,0.0,81.81525734076992,0.0,7.415378580783998,0.4814173876718645,8.09088517110313,0.263230814660158,2.3530958412429883,-1.3616760645180261,0.26875986345546865,0.04703607121101693,61.0,0.0,-0.4640734528346924,-0.1989941162397805,-0.6279204739384207,-0.4029962759698278,0.3136310234450513
110039,2019,Semiconductors/Hardware,AMKR,-0.06869559710156148,1.0,1.0,0.0,0.0,0.0,0.0,0.0,0.0,0.0,0.0,0.0,0.32850404062008876,0.0,8.36667723131812,0.701765737029563,8.454384373479204,0.4182069867312376,0.46633124677377974,0.05392094539266955,0.02931202834985407,0.03432773830582117,57.0,0.0,-0.4755329544490174,-0.17733390111643768,-0.6042665717453427,-0.3997711596856314,0.7326001837308856
122841,2015,Software,RHT,-0.011145476648250961,1.0,1.0,1.0,1.0,0.0,0.0,0.0,0.0,0.0,0.0,0.7511216176723552,0.0,0.7511216176723552,9.451370441511704,0.07661725469296402,8.332091533720499,0.32115528414605765,2.1830205558687426,0.20210156244171315,0.09947344214903182,0.015237458478942265,48.0,0.0,-0.3189658785317887,-0.05724406583821757,1.7190928073895329,-0.2890731589288402,0.5378584417136607
122841,2016,Software,RHT,0.003554489440785666,1.0,1.0,1.0,1.0,0.0,0.0,0.0,0.0,0.0,0.0,0.819736091936925,0.0,0.819736091936925,9.317632031774275,0.08982636473869646,8.419621155542991,0.2750317792989701,2.463392205332015,0.22607434977845445,0.1059864151076527,0.01857468549750181,49.0,0.0,-0.3189658785317887,-0.05724406583821757,1.7190928073895329,-0.2890731589288402,0.5378584417136607
122841,2017,Software,RHT,-0.015785103069970247,1.0,1.0,1.0,1.0,0.0,0.0,0.0,0.0,0.0,0.0,0.7424866515569886,0.0,0.7424866515569886,9.517638730834346,0.07354311457737787,8.606402251729833,0.2689504487842963,2.876543573935574,0.2313415088796472,0.10579440838877054,0.013238320637041378,50.0,0.0,-0.3189658785317887,-0.05724406583821757,1.7190928073895329,-0.2890731589288402,0.5378584417136607
122841,2018,Software,RHT,-0.011068093999974785,1.0,1.0,1.0,1.0,0.0,0.0,0.0,0.0,0.0,0.0,0.80606279720229,0.0,0.80606279720229,9.64486862552777,0.06960050883466914,8.628428437006598,0.28880610863181916,2.99589405786535,0.28259061047129097,0.11963268184591028,0.03396675989784284,51.0,0.0,-0.3189658785317887,-0.05724406583821757,1.7190928073895329,-0.2890731589288402,0.5378584417136607
117768,2015,Semiconductors/Hardware,NVDA,0.024184436249866006,1.0,0.0,0.0,0.0,0.0,0.0,0.0,0.0,1.0,1.0,0.7334138400171941,4.0771750827395445,0.7334138400171941,9.15176812384928,0.10804051403966514,8.905172985183382,0.6063772048846676,1.2620417828151878,0.5368685210312076,0.18059701492537314,0.021727895085705745,52.0,0.0,2.3817498717499115,-0.1953866599476667,-0.5022599177807368,-0.7450632873224258,-0.42013540304343333
117768,2016,Semiconductors/Hardware,NVDA,0.11690518047636969,1.0,0.0,0.0,0.0,0.0,0.0,0.0,0.0,1.0,1.0,0.7535034169416736,14.837683338639119,0.7535034169416736,9.40871882407293,0.08169563362630777,9.194312610898985,0.5855096026826542,2.4055698279409943,0.44162178640382077,0.14866375368356874,0.029624614441095768,53.0,0.0,2.3817498717499115,-0.1953866599476667,-0.5022599177807368,-0.7450632873224258,-0.42013540304343333
117768,2017,Semiconductors/Hardware,NVDA,0.20793313320275092,1.0,0.0,0.0,0.0,0.0,0.0,0.0,0.0,1.0,1.0,0.7532967171666642,32.52968476931446,0.7532967171666642,9.472206974168806,0.07696021374326859,9.327323087461798,0.6646205853571746,2.9926140452254475,0.5419446668445868,0.15986122231118227,0.025440864746505927,54.0,0.0,2.3817498717499115,-0.1953866599476667,-0.5022599177807368,-0.7450632873224258,-0.42013540304343333
117768,2018,Semiconductors/Hardware,NVDA,0.2228124182365832,1.0,0.0,0.0,0.0,0.0,0.0,0.0,0.0,1.0,1.0,0.8510708695654087,17.33028347914122,0.8510708695654087,9.520969974271162,0.07304301348443777,9.494917629474484,0.7028287691844719,2.232680024684721,0.6597201324104724,0.17875413782726451,0.030983054889647605,55.0,0.0,2.3817498717499115,-0.1953866599476667,-0.5022599177807368,-0.7450632873224258,-0.42013540304343333
64857,2024,Biotech,SRPT,-0.016728600145427583,1.0,0.0,0.0,0.0,0.0,0.0,0.0,0.0,0.0,0.0,0.0,96.69830482597824,0.0,7.589884989498374,0.42814215357674035,8.284800246035264,0.38548455997252706,2.042788140902578,-1.0625809168562665,0.2029994653274031,0.03206573783906701,62.0,0.0,-0.4640734528346924,-0.1989941162397805,-0.6279204739384207,-0.4029962759698278,0.3136310234450513
63080,2022,Software,ANSS,-0.011097701967444681,1.0,0.0,0.0,0.0,1.0,1.0,0.0,0.0,1.0,1.0,0.8648070741622654,1.3990726162142066,0.8648070741622654,9.992985327541394,0.05286817262481862,8.808061931046513,0.7275554748132648,1.462578413034172,0.6968071657287851,0.06484218994025819,0.026206515798071706,61.0,0.0,2.0773907570415733,-0.3782551279654841,-0.46740131634680554,2.2241112694781515,0.6914124260053306
64853,2021,Semiconductors/Hardware,QRVO,0.04600963173129087,1.0,0.0,0.0,0.0,0.0,0.0,0.0,0.0,0.0,0.0,0.7594684793050195,0.0,0.7594684793050195,9.217582484458841,0.09136909288527269,8.923867168547723,0.6063622775224422,1.0637916844665143,0.05122936629186669,0.08305100816718763,0.023433762887377526,60.0,0.0,-0.4640734528346924,-0.1989941162397805,-0.6279204739384207,-0.4029962759698278,0.3136310234450513
63080,2023,Software,ANSS,0.0024986752551901525,1.0,0.0,0.0,0.0,1.0,1.0,0.0,0.0,1.0,1.0,0.8651805562529941,0.0,0.8651805562529941,10.11187439725662,0.03450544822759923,8.89875828940835,0.7360994145059147,1.7665310817760016,0.7091574006110988,0.06757851253776694,0.02068656353579341,62.0,0.0,2.0773907570415733,-0.3782551279654841,-0.46740131634680554,2.2241112694781515,0.6914124260053306
63080,2024,Software,ANSS,-0.004583004384045242,1.0,0.0,0.0,0.0,1.0,1.0,0.0,0.0,1.0,1.0,0.8954257999421226,0.6793658950118491,0.8954257999421226,10.398508589181665,0.025906218574423462,8.99360511858962,0.7559451232954738,1.5792931921101614,0.709371290643862,0.06558014345524417,0.014523276559081179,63.0,0.0,2.0773907570415733,-0.3782551279654841,-0.46740131634680554,2.2241112694781515,0.6914124260053306
64853,2015,Semiconductors/Hardware,QRVO,-0.06349884486957945,1.0,0.0,0.0,0.0,0.0,0.0,0.0,0.0,0.0,0.0,0.7112897182565668,0.39948822341204704,0.7112897182565668,8.778971745927597,0.11874922454594182,8.794342842132819,0.7578913412661465,0.25028382581988845,-0.06231594348730805,0.06802718097919618,0.03363097922558282,54.0,0.0,-0.4640734528346924,-0.1989941162397805,-0.6279204739384207,-0.4029962759698278,0.3136310234450513
64853,2016,Semiconductors/Hardware,QRVO,-0.05492522422310068,1.0,0.0,0.0,0.0,0.0,0.0,0.0,0.0,0.0,0.0,0.7356731172106858,0.36550180060113485,0.7356731172106858,8.79470143554115,0.12037819821690102,8.782985879808637,0.7507634933136552,0.5713456763346854,-0.06791154010618608,0.0721883905473556,0.028172841966502663,55.0,0.0,-0.4640734528346924,-0.1989941162397805,-0.6279204739384207,-0.4029962759698278,0.3136310234450513
64853,2017,Semiconductors/Hardware,QRVO,-0.0694413907158127,1.0,0.0,0.0,0.0,0.0,0.0,0.0,0.0,0.0,0.0,0.7778928939952983,0.0,0.7778928939952983,8.845313072598364,0.11566721316458307,8.761161435774735,0.7483428318555504,0.6224700798492838,-0.07218845544454228,0.06974875417592583,0.017304596512920028,56.0,0.0,-0.4640734528346924,-0.1989941162397805,-0.6279204739384207,-0.4029962759698278,0.3136310234450513
64853,2018,Semiconductors/Hardware,QRVO,-0.06580748181026304,1.0,0.0,0.0,0.0,0.0,0.0,0.0,0.0,0.0,0.0,0.7645575048529782,0.0,0.7645575048529782,8.970539987662358,0.10503658623850051,8.6669956887275,0.7506303348608752,0.672408125146111,-0.07946265373559062,0.07756200731952899,0.025040730776246887,57.0,0.0,-0.4640734528346924,-0.1989941162397805,-0.6279204739384207,-0.4029962759698278,0.3136310234450513
64853,2019,Semiconductors/Hardware,QRVO,-0.043481588611581495,1.0,0.0,0.0,0.0,0.0,0.0,0.0,0.0,0.0,0.0,0.7211183088594,0.0,0.7211183088594,9.026459480050883,0.1023038817241921,8.788849839948947,0.6543016412013264,0.7668736881026623,-0.04996065957776951,0.07383592132647185,0.023791781471300462,58.0,0.0,-0.4640734528346924,-0.1989941162397805,-0.6279204739384207,-0.4029962759698278,0.3136310234450513
64853,2020,Semiconductors/Hardware,QRVO,0.019427602682631065,1.0,0.0,0.0,0.0,0.0,0.0,0.0,0.0,0.0,0.0,0.6911983565774178,0.0,0.6911983565774178,9.187953341986434,0.09049684633317778,8.884813812271013,0.6410640769815564,1.491117274079626,0.0003168329993754734,0.07898599592603721,0.035942285852517755,59.0,0.0,-0.4640734528346924,-0.1989941162397805,-0.6279204739384207,-0.4029962759698278,0.3136310234450513
64853,2022,Semiconductors/Hardware,QRVO,-0.0739898176159162,1.0,0.0,0.0,0.0,0.0,0.0,0.0,0.0,0.0,0.0,0.8551523565225749,0.0,0.8551523565225749,9.36681030311687,0.08179040164682759,8.808653567082356,0.5832113824722205,0.9428683256463968,0.0773126866901687,0.09710855043774544,0.029401031344771282,61.0,0.0,-0.4640734528346924,-0.1989941162397805,-0.6279204739384207,-0.4029962759698278,0.3136310234450513
64853,2023,Semiconductors/Hardware,QRVO,-0.07656537171763549,1.0,0.0,0.0,0.0,0.0,0.0,0.0,0.0,0.0,0.0,0.8192625563057484,0.0,0.8192625563057484,9.458481582032382,0.07761105314288894,8.787927711962489,0.5425736139388386,1.1291983786344075,0.012406487928008194,0.10408649757004013,0.01945944583802148,62.0,0.0,-0.4640734528346924,-0.1989941162397805,-0.6279204739384207,-0.4029962759698278,0.3136310234450513
64853,2024,Semiconductors/Hardware,QRVO,-0.0667111938389199,1.0,0.0,0.0,0.0,0.0,0.0,0.0,0.0,0.0,0.0,0.8239820181061027,0.0,0.8239820181061027,9.480898818401183,0.07892614627249243,8.688307345907015,0.5717574751004149,0.6848163454890736,-0.015960375727419467,0.1260226683011044,0.02842056263271152,63.0,0.0,-0.4640734528346924,-0.1989941162397805,-0.6279204739384207,-0.4029962759698278,0.3136310234450513
64630,2015,Software,TTWO,-0.062331345506325096,1.0,0.0,1.0,1.0,0.0,0.0,0.0,0.0,0.0,0.0,0.0,0.0,0.0,3.130000894359025,4.37177581533619e-05,7.85952009878181,0.22444896819915397,1.7244388223700367,-0.0730883222141879,0.04625258225278609,0.019809415816148937,58.0,0.0,-0.30750637691746363,-0.07890428096156032,1.6954389051964547,-0.2922982752130367,0.11888928142782612
64630,2016,Software,TTWO,-0.031014786574817384,1.0,0.0,1.0,1.0,0.0,0.0,0.0,0.0,0.0,0.0,0.0,0.0,0.0,3.1471649773142003,4.297378599054577e-05,8.054889124319342,0.3187294111370863,1.8016695187426772,-0.06506287085356893,0.04379430158067849,0.01871270574329271,59.0,0.0,-0.30750637691746363,-0.07890428096156032,1.6954389051964547,-0.2922982752130367,0.11888928142782612
64630,2017,Software,TTWO,-0.016702161952845664,1.0,0.0,1.0,1.0,0.0,0.0,0.0,0.0,0.0,0.0,0.0,0.0,0.0,3.7525347728430583,2.345820920030965e-05,8.226263450995251,0.3983502776067789,2.0134118986042426,-0.03928363994081076,0.055548109189235174,0.019061479857412692,60.0,0.0,-0.30750637691746363,-0.07890428096156032,1.6954389051964547,-0.2922982752130367,0.11888928142782612
64630,2018,Software,TTWO,-0.010050091398498703,1.0,0.0,1.0,1.0,0.0,0.0,0.0,0.0,0.0,0.0,0.0,0.0,0.0,4.72778596952828,8.846034764916626e-06,8.3530411644345,0.480921220862749,1.6463475041644,0.013618457412271554,0.0542461640347249,0.02579538105848993,61.0,0.0,-0.30750637691746363,-0.07890428096156032,1.6954389051964547,-0.2922982752130367,0.11888928142782612
64630,2019,Software,TTWO,-0.012712294146114841,1.0,0.0,1.0,1.0,0.0,0.0,0.0,0.0,0.0,0.0,0.0,0.0,0.0,4.474617210614909,1.1394583015234558e-05,8.50690686812393,0.5130996566462551,1.6680748210871557,0.16982532444019113,0.05989251605227254,0.02100346619496517,62.0,0.0,-0.30750637691746363,-0.07890428096156032,1.6954389051964547,-0.2922982752130367,0.11888928142782612
64630,2020,Software,TTWO,0.015528353141901041,1.0,0.0,1.0,1.0,0.0,0.0,0.0,0.0,0.0,0.0,0.0,0.0,0.0,4.929765021863389,7.228201551172053e-06,8.704206723657826,0.5527159104066907,1.809506305646129,0.20299680602128192,0.05263761197753631,0.026373025072729615,63.0,0.0,-0.30750637691746363,-0.07890428096156032,1.6954389051964547,-0.2922982752130367,0.11888928142782612
64630,2021,Software,TTWO,-0.02774729618915457,1.0,0.0,1.0,1.0,0.0,0.0,0.0,0.0,0.0,0.0,0.0,0.0,0.0,4.962816657840711,6.993202607065931e-06,8.786642910046872,0.5819632676511434,1.538086252425413,0.28448589941766383,0.0621069964203764,0.018534332577449103,64.0,0.0,-0.30750637691746363,-0.07890428096156032,1.6954389051964547,-0.2922982752130367,0.11888928142782612
64630,2022,Software,TTWO,-0.16030912826163612,1.0,0.0,1.0,1.0,0.0,0.0,0.0,0.0,0.0,0.0,0.0,0.0,0.0,4.745062554639982,8.694518106333957e-06,9.671687894998628,0.5700695368204715,0.8012571890913719,0.14069057690974082,0.056266194261793835,0.02770840576350368,65.0,0.0,-0.30750637691746363,-0.07890428096156032,1.6954389051964547,-0.2922982752130367,0.11888928142782612
64630,2023,Software,TTWO,-0.3723138736300293,1.0,0.0,1.0,1.0,0.0,0.0,0.0,0.0,0.0,0.0,0.0,0.0,0.0,5.613398142917625,3.6486496347701714e-06,9.410575518055015,0.46393929720305477,1.4984369395150579,0.086028370535897,0.07761379728081592,0.018043092777945753,66.0,0.0,-0.30750637691746363,-0.07890428096156032,1.6954389051964547,-0.2922982752130367,0.11888928142782612
64630,2024,Software,TTWO,-0.563945230898651,1.0,0.0,1.0,1.0,0.0,0.0,0.0,0.0,0.0,0.0,0.0,0.0,0.0,4.667741147749588,9.393464027729506e-06,9.124858733430756,0.23284716851656187,2.843154575118957,-0.29246135915561994,0.10949056172187306,0.014734167275690803,67.0,0.0,-0.30750637691746363,-0.07890428096156032,1.6954389051964547,-0.2922982752130367,0.11888928142782612
31607,2018,Software,NATI,0.004051532150353074,1.0,0.0,0.0,0.0,0.0,0.0,0.0,0.0,0.0,0.0,0.6236023822619766,0.0,0.6236023822619766,8.17439184818782,0.20429001018908416,7.421318153057999,0.7409837635042349,1.5812892031938954,0.20313540585255815,0.15621501464485846,0.022494560702517288,52.0,0.0,-0.4640734528346924,-0.1989941162397805,-0.6279204739384207,-0.4029962759698278,0.3136310234450513
30870,2023,Software,AZPN,-0.07327566025037698,1.0,0.0,1.0,0.0,0.0,0.0,0.0,0.0,0.0,0.0,0.0,9.285375560590081,0.0,7.245881147600006,0.5348291434818233,9.580941534421616,0.9023113405916257,-0.19038358989674792,-0.002689138489907395,0.014451625605099307,0.024740638936274803,57.0,0.0,-0.47024218710790366,-0.18195324958243347,-0.5048237515515195,-0.47581435434036906,0.39279862525945874
30870,2024,Software,AZPN,-0.07677920014452164,1.0,0.0,1.0,0.0,0.0,0.0,0.0,0.0,0.0,0.0,0.876454128884717,1.9083524716053777,0.876454128884717,9.353699835505182,0.0649831918808094,9.55192146471114,0.9105402066714435,-0.01964950744980367,-0.0041518061739062645,0.014647405606157092,0.020481419638645155,58.0,0.0,-0.47024218710790366,-0.18195324958243347,-0.5048237515515195,-0.47581435434036906,0.39279862525945874
31607,2015,Software,NATI,0.0063974003441003985,1.0,0.0,0.0,0.0,1.0,0.0,0.0,0.0,1.0,0.0,0.0,0.0,0.0,-6.907755278982137,1.0,7.281974616050037,0.744035860497876,1.2181367922979363,0.24950270178064402,0.1548509618559197,0.013203931698074097,72.0,0.0,-0.504471572595048,-0.4084915695082569,-0.5833399511421452,1.7235308732517858,-0.6090680331422544
31607,2016,Software,NATI,0.0028960759190719276,1.0,0.0,0.0,0.0,1.0,0.0,0.0,0.0,1.0,0.0,0.0,0.0,0.0,2.903287983162711,5.484260173302621e-05,7.3109270928333565,0.7445181094827885,1.2736396507500263,0.2282434964358357,0.1574981090016865,0.012652197659844502,73.0,0.0,-0.504471572595048,-0.4084915695082569,-0.5833399511421452,1.7235308732517858,-0.6090680331422544
31607,2017,Software,NATI,-0.029669361501680105,1.0,0.0,0.0,0.0,0.0,0.0,0.0,0.0,0.0,0.0,0.8479772455108968,0.0,0.8479772455108968,8.92339242998468,0.09326483963510532,7.356556977362946,0.7201203497881175,1.5756380173082634,0.18943153685377107,0.14795452601258655,0.010168620847068802,51.0,0.0,-0.4640734528346924,-0.1989941162397805,-0.6279204739384207,-0.4029962759698278,0.3136310234450513
31607,2019,Software,NATI,0.0037204863321875364,1.0,0.0,0.0,0.0,0.0,0.0,0.0,0.0,0.0,0.0,0.8405480134167413,0.0,0.8405480134167413,8.756863579104849,0.12224355385951641,7.409674760540195,0.7121241197199085,1.5469721026853152,0.13406893562460917,0.1649336002600659,0.015036435966272339,53.0,0.0,-0.4640734528346924,-0.1989941162397805,-0.6279204739384207,-0.4029962759698278,0.3136310234450513
31607,2020,Software,NATI,-0.0059275085611287665,1.0,0.0,0.0,0.0,0.0,0.0,0.0,0.0,0.0,0.0,0.9083387800447844,0.0,0.9083387800447843,9.347109492498367,0.05488322756508711,7.541411444950116,0.6499754840572082,1.5493152997128123,0.10096906958282569,0.1487836483968059,0.03380411823894081,46.0,0.0,-0.4640734528346924,-0.1989941162397805,-0.6279204739384207,-0.4029962759698278,0.3136310234450513
31607,2021,Software,NATI,-0.049374696522641856,1.0,0.0,0.0,0.0,0.0,0.0,0.0,0.0,0.0,0.0,0.8130892275624684,0.0,0.8130892275624684,9.010716062194867,0.08973938218281341,7.656802999256647,0.5785842452783352,1.5520562027087004,0.043842864133788184,0.15885975550654022,0.016727144133443242,47.0,0.0,-0.4640734528346924,-0.1989941162397805,-0.6279204739384207,-0.4029962759698278,0.3136310234450513
31607,2022,Software,NATI,-0.030196401777123738,1.0,0.0,0.0,0.0,0.0,0.0,0.0,0.0,0.0,0.0,0.8652055175540786,0.0,0.8652055175540786,9.035808873732469,0.08751558610914514,7.765797214530073,0.49018671736474034,1.430618731542511,-0.022304495411988274,0.14064221140384423,0.022119145485357032,48.0,0.0,-0.4640734528346924,-0.1989941162397805,-0.6279204739384207,-0.4029962759698278,0.3136310234450513
30137,2018,Biotech,NKTR,0.22813606011811932,1.0,0.0,0.0,0.0,0.0,0.0,0.0,0.0,0.0,0.0,0.5856671687920793,3.4033930935338796,0.5856671687920793,9.497822449430297,0.07268360990489074,7.673303117921879,0.7988081883681863,1.20024219151319,-0.6652337580435426,0.18581583240782598,0.04816923109463532,66.0,0.0,-0.4640734528346924,-0.1989941162397805,-0.6279204739384207,-0.4029962759698278,0.3136310234450513
30170,2015,Semiconductors/Hardware,FLEX,-0.023269869375744885,1.0,0.0,1.0,0.0,0.0,0.0,0.0,0.0,0.0,0.0,0.7401377719561746,0.030393194405286903,0.7401377719561746,9.452823933792,0.13583184316699262,9.424239807808435,0.20757980977120594,0.9383565780764146,-0.3646996309481621,0.006096093324648621,0.015793149251231035,58.0,0.0,-0.47024218710790366,-0.18195324958243347,-0.5048237515515195,-0.47581435434036906,0.39279862525945874
30170,2016,Semiconductors/Hardware,FLEX,-0.027010969455197077,1.0,0.0,1.0,0.0,0.0,0.0,0.0,0.0,0.0,0.0,0.7087141369530956,0.0,0.7087141369530956,9.601950271777842,0.08449596971123671,9.440925208128396,0.2099941850322269,1.2164465397852378,-0.319861104615185,0.005209093075455698,0.01619410306940971,59.0,0.0,-0.47024218710790366,-0.18195324958243347,-0.5048237515515195,-0.47581435434036906,0.39279862525945874
30170,2017,Semiconductors/Hardware,FLEX,-0.031884464568116,1.0,0.0,1.0,0.0,0.0,0.0,0.0,0.0,0.0,0.0,0.7675345303794655,0.0,0.7675345303794655,9.62832307375256,0.08229670212754751,9.526307741931713,0.2200790982406857,1.0497084249092663,-0.2698184692095389,0.00570143093522059,0.012411062278801394,60.0,0.0,-0.47024218710790366,-0.18195324958243347,-0.5048237515515195,-0.47581435434036906,0.39279862525945874
30170,2019,Semiconductors/Hardware,FLEX,-0.08804299130469231,1.0,0.0,1.0,0.0,0.0,0.0,0.0,0.0,0.0,0.0,0.7922371834241798,0.0,0.7922371834241798,9.288498011717373,0.10635414209153836,9.524392941265868,0.20681024165979223,0.3862585513689517,-0.23106380551040984,0.0,0.023860399483682185,52.0,1.0,-0.47024218710790366,-0.18195324958243347,-0.5048237515515195,-0.47581435434036906,0.39279862525945874
30170,2020,Semiconductors/Hardware,FLEX,-0.04345061571963543,1.0,0.0,1.0,0.0,0.0,0.0,0.0,0.0,0.0,0.0,0.7539984861165999,0.0,0.7539984861165999,9.384115343871109,0.07249191830677705,9.670041108226021,0.21697398332912352,0.9650165977294745,-0.19683486991664564,0.0,0.04187349690506444,53.0,1.0,-0.47024218710790366,-0.18195324958243347,-0.5048237515515195,-0.47581435434036906,0.39279862525945874
30170,2021,Semiconductors/Hardware,FLEX,-0.04316964032782409,1.0,0.0,1.0,0.0,0.0,0.0,0.0,0.0,0.0,0.0,0.7293004463667108,0.0,0.7293004463667108,9.573289273419073,0.08912656591463439,9.869154873455622,0.21366106080206987,0.7271224035349081,-0.12460543337645537,0.0,0.022310986938054778,54.0,1.0,-0.47024218710790366,-0.18195324958243347,-0.5048237515515195,-0.47581435434036906,0.39279862525945874
30170,2022,Semiconductors/Hardware,FLEX,-0.052339532237428536,1.0,0.0,1.0,0.0,0.0,0.0,0.0,0.0,0.0,0.0,0.7065508964629944,0.0,0.7065508964629944,9.65489227401444,0.08494727274697234,9.970912528850917,0.25010516475812106,0.6604110444849187,-0.07174573498480953,0.0,0.025036840680482998,55.0,1.0,-0.47024218710790366,-0.18195324958243347,-0.5048237515515195,-0.47581435434036906,0.39279862525945874
30170,2023,Semiconductors/Hardware,FLEX,-0.010734627824075159,1.0,0.0,1.0,0.0,0.0,0.0,0.0,0.0,0.0,0.0,0.6218835052521715,0.0,0.6218835052521715,9.196436256206459,0.1343551626503599,9.81230384711351,0.29166894889631373,0.7851054596437621,-0.04129922769348743,0.0,0.01911387766009872,56.0,1.0,-0.47024218710790366,-0.18195324958243347,-0.5048237515515195,-0.47581435434036906,0.39279862525945874
30170,2024,Semiconductors/Hardware,FLEX,-0.03049427263223963,1.0,0.0,1.0,0.0,0.0,0.0,0.0,0.0,0.0,0.0,0.0,0.0,0.0,8.514873102089224,0.26585268701689296,9.819072801393764,0.272128828681791,0.9157457101260817,0.013655405037810783,0.0,0.023139076425497573,57.0,1.0,-0.47024218710790366,-0.18195324958243347,-0.5048237515515195,-0.47581435434036906,0.39279862525945874
29955,2016,Biotech,BHC,-0.1077289735693038,1.0,0.0,1.0,1.0,1.0,0.0,0.0,0.0,0.0,0.0,0.649255281151754,0.0,0.649255281151754,9.11717387284573,0.05096286471158623,10.681182661619935,0.07241149578441958,0.4714254130826717,-0.16625697810654966,0.010774426244572585,,60.0,0.0,-0.4800808676166594,-0.24768679416043995,1.7324364713188738,1.7706537500595445,-0.30885814147005586
29819,2017,Biotech,BIVV,0.1566086005218918,1.0,0.0,1.0,0.0,0.0,0.0,0.0,0.0,1.0,0.0,0.2151831878358112,0.36201710216607574,0.21518318783581125,9.622671852501625,0.0522200703817365,7.3891314945228395,0.5546561206204041,1.8717860242961628,0.20533893592041033,0.13878761663474015,0.019480400633773754,54.0,0.0,-0.3380658161690637,-0.2226681896520303,-0.4972407948776628,-0.41223923039133614,-0.1021530084299651
28195,2019,Semiconductors/Hardware,JBL,-0.07230473238319085,1.0,0.0,0.0,0.0,0.0,0.0,0.0,0.0,0.0,0.0,0.7133298646020648,0.0,0.7133298646020648,9.34245874175397,0.10646282817495374,9.470430899615984,0.14551841779117572,0.8515751188041878,0.15066857613156032,0.003304505039329708,0.019471863150037842,55.0,0.0,-0.4640734528346924,-0.1989941162397805,-0.6279204739384207,-0.4029962759698278,0.3136310234450513
27965,2021,Semiconductors/Hardware,MCHP,-0.012250009385578936,1.0,0.0,1.0,0.0,0.0,0.0,0.0,0.0,0.0,0.0,0.8258880110272471,0.0,0.8258880110272471,9.45404445937956,0.047953289063107994,9.692735656546635,0.36388777431402203,1.9555957650220208,0.20786444026050188,0.06105744004444582,0.023451096352802066,62.0,0.0,-0.47024218710790366,-0.18195324958243347,-0.5048237515515195,-0.47581435434036906,0.39279862525945874
27965,2022,Semiconductors/Hardware,MCHP,0.0472884020523464,1.0,0.0,1.0,0.0,0.0,0.0,0.0,0.0,0.0,0.0,0.7098629352537793,0.0,0.7098629352537793,9.415427075234467,0.058545662928981536,9.703223996403732,0.39789130315266064,1.9481762131319962,0.25378887375307724,0.0683127370909513,0.029372378951213758,63.0,0.0,-0.47024218710790366,-0.18195324958243347,-0.5048237515515195,-0.47581435434036906,0.39279862525945874
27965,2023,Semiconductors/Hardware,MCHP,0.054296526030566866,1.0,0.0,1.0,0.0,0.0,0.0,0.0,0.0,0.0,0.0,0.3363439817504355,0.0,0.3363439817504355,7.8106320445372175,0.2846130987732949,9.672387431505461,0.4194365345361994,1.9784100672921234,0.36287579064082853,0.06913539802938286,0.020790576691636704,64.0,0.0,-0.47024218710790366,-0.18195324958243347,-0.5048237515515195,-0.47581435434036906,0.39279862525945874
28195,2015,Semiconductors/Hardware,JBL,-0.029550850424653847,1.0,0.0,0.0,0.0,0.0,0.0,0.0,0.0,0.0,0.0,0.5381076891709073,0.006561132878771435,0.5381076891709073,9.257795740940821,0.1001335686440408,9.169852384169474,0.2410503074649958,0.4734391339061414,0.14766483738192876,0.0028787258256538673,0.01791881326097215,51.0,0.0,-0.4640734528346924,-0.1989941162397805,-0.6279204739384207,-0.4029962759698278,0.3136310234450513
28195,2016,Semiconductors/Hardware,JBL,-0.027771334810802555,1.0,0.0,0.0,0.0,0.0,0.0,0.0,0.0,0.0,0.0,0.894394735328469,0.0205354133678886,0.894394735328469,9.26088280954129,0.1045784940031364,9.242098404622197,0.23619561088659463,0.485623846850302,0.157027387372481,0.0030955148553035226,0.020664596478426233,52.0,0.0,-0.4640734528346924,-0.1989941162397805,-0.6279204739384207,-0.4029962759698278,0.3136310234450513
28195,2017,Semiconductors/Hardware,JBL,-0.05149423289997751,1.0,0.0,0.0,0.0,0.0,0.0,0.0,0.0,0.0,0.0,0.6689361630325196,0.0,0.6689361630325196,9.38032362397538,0.09280468410551049,9.314339511381732,0.21210481799964762,0.8618037493525494,0.1609150869300139,0.0026748389846967305,0.014523595541764061,53.0,0.0,-0.4640734528346924,-0.1989941162397805,-0.6279204739384207,-0.4029962759698278,0.3136310234450513
28195,2018,Semiconductors/Hardware,JBL,-0.08156145024067932,1.0,0.0,0.0,0.0,0.0,0.0,0.0,0.0,0.0,0.0,0.741665785537757,0.0,0.741665785537757,9.341049723886917,0.10090936890841949,9.396458130735525,0.16190562212504922,0.9141510399102172,0.14450854047534706,0.0031987504857566317,0.01810715717291605,54.0,0.0,-0.4640734528346924,-0.1989941162397805,-0.6279204739384207,-0.4029962759698278,0.3136310234450513
28195,2020,Semiconductors/Hardware,JBL,-0.07841532490779003,1.0,0.0,0.0,0.0,0.0,0.0,0.0,0.0,0.0,0.0,0.8886160878470595,0.0,0.8886160878470595,9.473527605404112,0.08799708978062139,9.574804025017567,0.12581313202313527,1.0417489907015967,0.13938292815877515,0.003066036294290587,0.03639293557785494,56.0,0.0,-0.4640734528346924,-0.1989941162397805,-0.6279204739384207,-0.4029962759698278,0.3136310234450513
28195,2021,Semiconductors/Hardware,JBL,-0.049812548705332006,1.0,0.0,0.0,0.0,0.0,0.0,0.0,0.0,0.0,0.0,0.7140054306026147,0.0,0.7140054306026147,9.656920103784508,0.07250492383893022,9.720405706795765,0.12825747568151796,1.4301413129187932,0.15990152515912093,0.002041551579200192,0.018591521156673497,57.0,0.0,-0.4640734528346924,-0.1989941162397805,-0.6279204739384207,-0.4029962759698278,0.3136310234450513
28195,2022,Semiconductors/Hardware,JBL,-0.03888948279215985,1.0,0.0,0.0,0.0,0.0,0.0,0.0,0.0,0.0,0.0,0.6759979210561093,0.0,0.6759979210561093,9.707184792627977,0.07598573993438987,9.889236486766269,0.1243089719531369,1.2040080791015706,0.18238068671704621,0.0016736826089161637,0.02311153743799525,58.0,0.0,-0.4640734528346924,-0.1989941162397805,-0.6279204739384207,-0.4029962759698278,0.3136310234450513
28195,2024,Semiconductors/Hardware,JBL,0.003910561217615058,1.0,0.0,0.0,0.0,0.0,0.0,0.0,0.0,0.0,0.0,0.0,0.0,0.0,7.912019158529522,0.3215110313685828,9.761405420601672,0.10010950377499855,1.9679489387685023,0.3293181949167195,0.0022477090657598985,0.023676607001258867,59.0,0.0,-0.4640734528346924,-0.1989941162397805,-0.6279204739384207,-0.4029962759698278,0.3136310234450513
28195,2025,Semiconductors/Hardware,JBL,-0.046335056034821596,1.0,0.0,0.0,0.0,0.0,0.0,0.0,0.0,0.0,0.0,0.7002163887475863,0.0,0.7002163887475863,9.686098288509267,0.07313103245309226,9.827847638327382,0.08159413255675996,2.677644740784785,0.34325621528339534,0.0014021463625087634,0.025366428359556218,60.0,0.0,-0.4640734528346924,-0.1989941162397805,-0.6279204739384207,-0.4029962759698278,0.3136310234450513
31494,2021,Semiconductors/Hardware,PENG,-0.07575806439094299,1.0,0.0,1.0,1.0,0.0,0.0,0.0,0.0,0.0,0.0,0.63648572560407,0.36241598684269605,0.63648572560407,9.603080121734886,0.07596050026977794,7.203999094883306,0.23070453703827637,1.3366278642545726,-0.027385525558485366,0.036640447115477565,,58.0,0.0,-0.30750637691746363,-0.07890428096156032,1.6954389051964547,-0.2922982752130367,0.11888928142782612
31494,2023,Semiconductors/Hardware,PENG,-0.19035950947661098,1.0,0.0,1.0,1.0,0.0,0.0,0.0,0.0,0.0,0.0,0.7108549743617822,0.5993643489087347,0.7108549743617822,8.075377950094992,0.23332924747895525,7.317184519524734,0.14772988356913008,1.7960599291737802,-0.08201224735351186,0.06013779932773689,,60.0,0.0,-0.30750637691746363,-0.07890428096156032,1.6954389051964547,-0.2922982752130367,0.11888928142782612
31494,2024,Semiconductors/Hardware,PENG,-0.1116709837316191,1.0,0.0,1.0,1.0,0.0,0.0,0.0,0.0,0.0,0.0,0.8554681769320434,0.18807048394109377,0.8554681769320434,8.699250713356058,0.12503300871430056,7.296078297423044,0.26543194805582343,1.0369226256374777,0.020342406202484085,0.05529784212475229,0.04250162040697657,61.0,0.0,-0.30750637691746363,-0.07890428096156032,1.6954389051964547,-0.2922982752130367,0.11888928142782612
31494,2025,Semiconductors/Hardware,PENG,-0.066065622422693,1.0,0.0,1.0,1.0,0.0,0.0,0.0,0.0,0.0,0.0,0.8266275438571176,0.14182106693960644,0.8266275438571176,9.368326287874455,0.0759937008906718,7.388451537766616,0.24378308186989858,1.1718170580169687,0.028893767004699478,0.04934516448182043,0.03298562515054024,62.0,0.0,-0.30750637691746363,-0.07890428096156032,1.6954389051964547,-0.2922982752130367,0.11888928142782612
33955,2018,Biotech,ELAN,-0.07907078339385372,1.0,1.0,0.0,0.0,0.0,0.0,0.0,0.0,0.0,0.0,0.4704478044781377,1.714364934112501,0.4704478044781377,8.590303308735521,0.14410665437250023,9.10015713455713,0.5802918485602956,0.7966666362727123,-0.02297721258945817,0.027532461732557748,0.02064671602096939,51.0,0.0,-0.4755329544490174,-0.17733390111643768,-0.6042665717453427,-0.3997711596856314,0.7326001837308856
33955,2018,Biotech,ELAN,-0.07907078339385372,1.0,1.0,0.0,0.0,0.0,0.0,0.0,0.0,0.0,0.0,0.4704478044781377,0.0,0.4704478044781377,8.590303308735521,0.14410665437250023,9.10015713455713,0.5802918485602956,0.7966666362727123,-0.02297721258945817,0.027532461732557748,0.02064671602096939,51.0,0.0,-0.4755329544490174,-0.17733390111643768,-0.6042665717453427,-0.3997711596856314,0.7326001837308856
33955,2019,Biotech,ELAN,-0.08688410086986287,1.0,1.0,0.0,0.0,0.0,0.0,0.0,0.0,0.0,0.0,0.8565083440974235,0.0,0.8565083440974235,9.667877174773094,0.06328405382966933,9.103400832538439,0.6172961784148323,0.6833100086757087,-0.009949030692870975,0.03005853680251063,0.017907716842178744,52.0,0.0,-0.4755329544490174,-0.17733390111643768,-0.6042665717453427,-0.3997711596856314,0.7326001837308856
33955,2020,Biotech,ELAN,-0.11381700986195564,1.0,1.0,0.0,0.0,0.0,0.0,0.0,0.0,0.0,0.0,0.765731227356814,0.0,0.765731227356814,9.100393912489505,0.11441237636068406,9.780907404111002,0.47906198601683175,0.5351144555212962,-0.009845868635086786,0.019064359877237504,0.035166573994102474,53.0,0.0,-0.4755329544490174,-0.17733390111643768,-0.6042665717453427,-0.3997711596856314,0.7326001837308856
33955,2021,Biotech,ELAN,-0.12023987435858957,1.0,1.0,0.0,0.0,0.0,0.0,0.0,0.0,0.0,0.0,0.7679110873484746,0.0,0.7679110873484746,9.39765079698013,0.08673288658986854,9.710084825731355,0.4573196626827641,0.577321554008983,-0.07025420129830735,0.022386701449978764,0.02026427397363536,54.0,0.0,-0.4755329544490174,-0.17733390111643768,-0.6042665717453427,-0.3997711596856314,0.7326001837308856
33955,2022,Biotech,ELAN,-0.09443944870695575,1.0,1.0,0.0,0.0,0.0,0.0,0.0,0.0,0.0,0.0,0.6017185806320791,0.0,0.6017185806320791,9.45043000395106,0.0884877026869822,9.648014489106362,0.47053127622490476,-0.2293383822539431,-0.09353818346136467,0.02453037247433994,0.026662348209666644,55.0,0.0,-0.4755329544490174,-0.17733390111643768,-0.6042665717453427,-0.3997711596856314,0.7326001837308856
33955,2023,Biotech,ELAN,-0.15154907676063573,1.0,1.0,0.0,0.0,0.0,0.0,0.0,0.0,0.0,0.0,0.6147918539249569,0.15130787008489757,0.6147918539249569,9.522459097434208,0.08782735542537752,9.572341108670264,0.4332961983010723,0.16554855136761573,-0.17783038574014762,0.023186185767998885,0.029679332679353545,56.0,0.0,-0.4755329544490174,-0.17733390111643768,-0.6042665717453427,-0.3997711596856314,0.7326001837308856
33955,2024,Biotech,ELAN,-0.04928920418718051,1.0,1.0,0.0,0.0,0.0,0.0,0.0,0.0,0.0,0.0,0.6067282583818405,0.03254473511506397,0.6067282583818405,9.604657235352096,0.0808968494384916,9.442562587223597,0.48327255430474075,-0.017918595914947915,-0.21571270017440938,0.031710797526557796,0.030064292147971256,57.0,0.0,-0.4755329544490174,-0.17733390111643768,-0.6042665717453427,-0.3997711596856314,0.7326001837308856
35638,2021,Biotech,VIR,0.1788724102511679,1.0,1.0,0.0,0.0,1.0,0.0,0.0,0.0,0.0,0.0,0.3616128502287742,0.997737061035821,0.3616128502287742,9.937059553249188,0.027800826946476107,7.577770977752661,0.7326779131623707,1.3442732612208301,-0.07148405438762749,0.22924491420828666,0.07880182547250107,73.0,0.0,-0.6481074451482132,-0.3461164143153173,-0.5672690056229239,1.6631808655869496,0.3048527608330036
35638,2022,Biotech,VIR,0.09468595430358352,1.0,1.0,0.0,0.0,1.0,0.0,0.0,0.0,0.0,0.0,0.3328561432254824,1.5136540631971183,0.33285614322548246,8.91997443451191,0.08533980008818301,7.938120132542262,0.7415766385638138,0.4841857059496343,0.13137167712077563,0.16939082569855052,0.04347150020692742,74.0,0.0,-0.6481074451482132,-0.3461164143153173,-0.5672690056229239,1.6631808655869496,0.3048527608330036
117768,2019,Semiconductors/Hardware,NVDA,0.06703801927931696,1.0,0.0,0.0,0.0,0.0,0.0,0.0,0.0,1.0,1.0,0.8420365671563866,35.291104115110315,0.8420365671563866,9.34943078457786,0.0867116011792264,9.759328456836522,0.7048224083164886,2.472865417709434,0.7249783424776206,0.1633843488304938,0.025577986554418283,56.0,0.0,2.3817498717499115,-0.1953866599476667,-0.5022599177807368,-0.7450632873224258,-0.42013540304343333
117768,2021,Semiconductors/Hardware,NVDA,0.12909408501142344,1.0,0.0,0.0,0.0,0.0,0.0,0.0,0.0,1.0,1.0,0.7861097603508619,34.4886850056541,0.7861097603508619,10.074818137614654,0.04196774062954223,10.696185907157652,0.6022585828411071,3.138012233240005,0.42833865163962254,0.11922058524000272,0.02833916621904463,58.0,0.0,2.3817498717499115,-0.1953866599476667,-0.5022599177807368,-0.7450632873224258,-0.42013540304343333
1161,2016,Semiconductors/Hardware,AMD,-0.20204027692748683,1.0,1.0,0.0,0.0,1.0,1.0,0.0,0.0,1.0,1.0,0.6808994628894798,3.4527749146572115,0.6808994628894798,9.369459403364896,0.07559548051028699,8.108021221376747,0.12526347485697079,3.23819756732703,-2.351099066546221,0.3035230352303523,0.05353478058630319,47.0,1.0,2.065931255427248,-0.3565949128421414,-0.44374741415372754,2.227336385762348,1.1103815862911641
175404,2017,Semiconductors/Hardware,FSLR,-0.08725445875032078,1.0,0.0,1.0,0.0,0.0,0.0,0.0,0.0,0.0,0.0,0.7536584620454453,0.0,0.7536584620454453,9.277978739870516,0.0700949729541244,8.834118628014682,0.7427629481006703,0.32456435882876794,0.33498225144114624,0.012903050054184564,0.029491187700106294,52.0,0.0,-0.47024218710790366,-0.18195324958243347,-0.5048237515515195,-0.47581435434036906,0.39279862525945874
175404,2018,Semiconductors/Hardware,FSLR,-0.06846172939898404,1.0,0.0,1.0,0.0,0.0,0.0,0.0,0.0,0.0,0.0,0.7394093834485796,0.0,0.7394093834485796,8.858314177267921,0.12445907405450915,8.870854278246846,0.7319390588485742,-0.1574870535191157,0.33520090679282977,0.011861775879389363,0.025198606682030375,53.0,0.0,-0.47024218710790366,-0.18195324958243347,-0.5048237515515195,-0.47581435434036906,0.39279862525945874
175404,2019,Semiconductors/Hardware,FSLR,-0.10973287789839183,1.0,0.0,1.0,0.0,0.0,0.0,0.0,0.0,0.0,0.0,0.7038768265557985,0.0,0.7038768265557985,9.050669148617542,0.10558126003021971,8.924747981284485,0.6781503332562058,0.14650287737916423,0.29901263876139633,0.01285457660634973,0.021355316918718833,54.0,0.0,-0.47024218710790366,-0.18195324958243347,-0.5048237515515195,-0.47581435434036906,0.39279862525945874
175404,2020,Semiconductors/Hardware,FSLR,-0.02612403449611035,1.0,0.0,1.0,0.0,0.0,0.0,0.0,0.0,0.0,0.0,0.7213583654947724,0.0,0.7213583654947724,9.026137807195411,0.10820334004474567,8.86910715987591,0.7766185942724723,0.641260598634563,0.3733382698467604,0.013185948773451311,0.038577796614197725,55.0,0.0,-0.47024218710790366,-0.18195324958243347,-0.5048237515515195,-0.47581435434036906,0.39279862525945874
175404,2021,Semiconductors/Hardware,FSLR,-0.028384852966212126,1.0,0.0,1.0,0.0,0.0,0.0,0.0,0.0,0.0,0.0,0.7183764685238903,0.0,0.7183764685238903,8.786067603428112,0.13761029118431709,8.91109112361477,0.8038515212147813,0.44156136327852574,0.41653612087600517,0.013369084940325713,0.028534526786221905,56.0,0.0,-0.47024218710790366,-0.18195324958243347,-0.5048237515515195,-0.47581435434036906,0.39279862525945874
175404,2022,Semiconductors/Hardware,FSLR,-0.09475692479898816,1.0,0.0,1.0,0.0,0.0,0.0,0.0,0.0,0.0,0.0,0.6312572724701031,0.0,0.6312572724701031,8.882923630318333,0.12794719300516535,9.018117316736738,0.7072953262229574,1.006591915254441,0.357337356330476,0.013671177187201712,0.03263818814123463,57.0,0.0,-0.47024218710790366,-0.18195324958243347,-0.5048237515515195,-0.47581435434036906,0.39279862525945874
175404,2023,Semiconductors/Hardware,FSLR,0.014314345486365038,1.0,0.0,1.0,0.0,0.0,0.0,0.0,0.0,0.0,0.0,0.6472190721192436,0.0,0.6472190721192436,8.952281436266016,0.12490730369838988,9.246202759955214,0.6451889855334211,1.0125282091343102,0.3663180555732431,0.014694168873102629,0.034112598306593474,58.0,0.0,-0.47024218710790366,-0.18195324958243347,-0.5048237515515195,-0.47581435434036906,0.39279862525945874
175404,2024,Semiconductors/Hardware,FSLR,0.030481117935003063,1.0,0.0,1.0,0.0,0.0,0.0,0.0,0.0,0.0,0.0,0.7828924469059714,0.0,0.7828924469059714,8.761963744059523,0.15748685420082326,9.402972013386009,0.6579791710260029,0.8608461172068437,0.41891296374299636,0.015784337005471875,0.03313305217063235,59.0,0.0,-0.47024218710790366,-0.18195324958243347,-0.5048237515515195,-0.47581435434036906,0.39279862525945874
175404,2015,Semiconductors/Hardware,FSLR,0.015558829095825913,1.0,0.0,0.0,0.0,0.0,0.0,0.0,0.0,0.0,0.0,0.4417244091340473,0.0,0.44172440913404737,8.417973559653436,0.18985608426671355,8.89786425178966,0.7583701448171222,0.19090854496714768,0.38346952864762407,0.017849520476861967,0.02839462198463448,53.0,0.0,-0.4640734528346924,-0.1989941162397805,-0.6279204739384207,-0.4029962759698278,0.3136310234450513
175955,2020,Semiconductors/Hardware,IPGP,-0.027804195441986757,0.0,0.0,0.0,0.0,1.0,0.0,0.0,0.0,1.0,0.0,0.0,0.0,0.0,7.572451543368067,0.47841967179381656,7.984701204677179,0.8832029839561264,1.528523368503364,0.6956180808665736,0.043225806451612905,0.03330788335123272,81.0,0.0,-0.437846561736299,-0.3795427315475665,-0.5664298745026903,1.8192596771071183,-1.675276740436226
175955,2021,Semiconductors/Hardware,IPGP,-0.003790878032109285,0.0,0.0,0.0,0.0,1.0,0.0,0.0,0.0,1.0,0.0,0.6048794958194753,0.53492350083756,0.6048794958194753,8.893552265434554,0.11025620153384058,8.061657199367078,0.8662820844398745,1.2006761657034615,0.7180656922795486,0.04402183855116164,0.02545184385411048,73.0,0.0,-0.437846561736299,-0.3795427315475665,-0.5664298745026903,1.8192596771071183,-1.675276740436226
175955,2022,Semiconductors/Hardware,IPGP,-0.049339454063864495,0.0,0.0,0.0,0.0,1.0,0.0,0.0,0.0,1.0,0.0,0.0,0.30468657824096973,0.0,7.39988664897901,0.47999418021407275,7.916909563744767,0.8695284476976466,0.6473637108125138,0.8646554489516199,0.042326703799830855,0.02775036105127599,74.0,0.0,-0.437846561736299,-0.3795427315475665,-0.5664298745026903,1.8192596771071183,-1.675276740436226
175955,2023,Semiconductors/Hardware,IPGP,0.015262245920266287,0.0,0.0,0.0,0.0,1.0,0.0,0.0,0.0,1.0,0.0,0.7714342652027263,0.13275872789208795,0.7714342652027263,8.65269424298838,0.15105792419665387,7.900598820529146,0.8949523101651119,0.7331002169429558,0.9570068968890265,0.03657196381634281,0.02347845857446257,75.0,0.0,-0.437846561736299,-0.3795427315475665,-0.5664298745026903,1.8192596771071183,-1.675276740436226
176022,2019,Biotech,EBS,-0.07102277325789148,1.0,0.0,1.0,0.0,0.0,0.0,0.0,0.0,0.0,0.0,0.3898288520207124,0.7656984461347749,0.38982885202071244,8.214416702627881,0.18355545653132624,7.752464076350619,0.46770936278090486,0.9409595925439249,0.17698620719288444,0.0920379839298758,0.026175966461494903,62.0,0.0,-0.47024218710790366,-0.18195324958243347,-0.5048237515515195,-0.47581435434036906,0.39279862525945874
176022,2020,Biotech,EBS,0.023660036571229406,1.0,0.0,1.0,0.0,0.0,0.0,0.0,0.0,0.0,0.0,0.3680456849283219,1.9479373074610542,0.36804568492832196,8.62514620364889,0.16047822100522138,7.966656067414019,0.5018729189789124,1.1902845215972941,0.2433407325194229,0.07127497225305217,0.043519709123099264,63.0,0.0,-0.47024218710790366,-0.18195324958243347,-0.5048237515515195,-0.47581435434036906,0.39279862525945874
176022,2021,Biotech,EBS,-0.013571191147193767,1.0,0.0,1.0,0.0,0.0,0.0,0.0,0.0,0.0,0.0,0.403923153756537,0.03637467333018276,0.403923153756537,8.843914614422252,0.14814090324456916,7.99260665240021,0.5471443055086178,0.32019784349978947,0.3182494085839811,0.07908077053058465,0.03819182334610734,64.0,0.0,-0.47024218710790366,-0.18195324958243347,-0.5048237515515195,-0.47581435434036906,0.39279862525945874
177287,2015,Biotech,JAZZ,0.038959447740638184,1.0,1.0,1.0,1.0,0.0,0.0,0.0,0.0,0.0,0.0,0.456127027190544,1.606733884887626,0.45612702719054404,9.275890443823782,0.08144407350735597,8.11959595030806,0.47581885445058025,1.684617954313307,0.010621601035580058,0.040257906819820916,0.02098368644372293,51.0,0.0,-0.3189658785317887,-0.05724406583821757,1.7190928073895329,-0.2890731589288402,0.5378584417136607
177287,2016,Biotech,JAZZ,0.03028265726694302,1.0,1.0,1.0,1.0,0.0,0.0,0.0,0.0,0.0,0.0,0.4360015058764296,1.2724617066386712,0.43600150587642966,9.079202911607899,0.10458453179419568,8.476418487444434,0.39108233839774664,1.245381796504698,0.044174160930306,0.03875795873820134,0.022885794606130338,52.0,0.0,-0.3189658785317887,-0.05724406583821757,1.7190928073895329,-0.2890731589288402,0.5378584417136607
177287,2017,Biotech,JAZZ,0.03208636555577782,1.0,1.0,1.0,1.0,0.0,0.0,0.0,0.0,0.0,0.0,0.4572543744984041,1.5558194827363674,0.4572543744984041,9.240346646902424,0.09222910910747713,8.541626648477497,0.5295112567705349,1.0894961412835251,0.1517563965843247,0.055320090747417096,0.018026533083819084,53.0,0.0,-0.3189658785317887,-0.05724406583821757,1.7190928073895329,-0.2890731589288402,0.5378584417136607
177287,2018,Biotech,JAZZ,-0.0028056574295638043,1.0,1.0,1.0,1.0,0.0,0.0,0.0,0.0,0.0,0.0,0.454839247258596,1.2274624440701685,0.45483924725859604,9.345145091076352,0.08557839885283165,8.557085025471345,0.5299071334994142,0.9497819256505314,0.1237113699245372,0.04355076236319041,0.019825177823146873,54.0,0.0,-0.3189658785317887,-0.05724406583821757,1.7190928073895329,-0.2890731589288402,0.5378584417136607
177287,2019,Biotech,JAZZ,4.8922634352577266e-05,1.0,1.0,1.0,1.0,0.0,0.0,0.0,0.0,0.0,0.0,0.4758507362931408,1.624920201578984,0.47585073629314084,9.596530029805942,0.0689438647969907,8.619550662445873,0.5616508124270951,0.9910144104345299,0.15253831223075642,0.07396797593455881,0.017131057347382076,55.0,0.0,-0.3189658785317887,-0.05724406583821757,1.7190928073895329,-0.2890731589288402,0.5378584417136607
175404,2016,Semiconductors/Hardware,FSLR,-0.10451309043087417,1.0,0.0,1.0,0.0,0.0,0.0,0.0,0.0,0.0,0.0,0.6852300268277165,0.0,0.6852300268277165,8.440373916230842,0.1403800974713009,8.834513626051383,0.7590687808868023,-0.44557890465500327,0.35725875984915567,0.01816777781612424,0.02912976367148608,51.0,0.0,-0.47024218710790366,-0.18195324958243347,-0.5048237515515195,-0.47581435434036906,0.39279862525945874
175955,2019,Semiconductors/Hardware,IPGP,-0.028431229496733032,0.0,0.0,0.0,0.0,1.0,0.0,0.0,0.0,1.0,0.0,0.0,0.0,0.0,7.132484772025669,0.7428209945175018,7.912216582386914,0.8796126332937304,1.1627383806876013,0.689199453860116,0.047610345014495854,0.02762501287044726,80.0,0.0,-0.437846561736299,-0.3795427315475665,-0.5664298745026903,1.8192596771071183,-1.675276740436226
177287,2021,Biotech,JAZZ,-0.11840955287798954,1.0,1.0,1.0,1.0,0.0,0.0,0.0,0.0,0.0,0.0,0.8555296849459776,0.8589772216393948,0.8555296849459776,9.66009735161242,0.06870544247767009,9.417243884831796,0.32240445467177303,0.6832337509127652,0.0349907010035826,0.04112227377354519,0.019307531760241588,57.0,0.0,-0.3189658785317887,-0.05724406583821757,1.7190928073895329,-0.2890731589288402,0.5378584417136607
160888,2024,Semiconductors/Hardware,MPWR,0.4178748307121387,1.0,0.0,0.0,0.0,0.0,0.0,0.0,0.0,0.0,0.0,0.6464092021978479,0.0,0.6464092021978479,9.851103769044563,0.051665204371164106,8.193427049397318,0.8696938456447255,2.1966934264281277,0.6742838248462786,0.08978139098840865,0.03399125504171733,65.0,0.0,-0.4640734528346924,-0.1989941162397805,-0.6279204739384207,-0.4029962759698278,0.3136310234450513
162335,2023,Biotech,PBH,-0.002752785855789114,1.0,0.0,1.0,0.0,0.0,0.0,0.0,0.0,0.0,0.0,0.6420178052458619,0.25579957984658697,0.6420178052458619,8.659236529428219,0.17397342730074075,8.107243140972905,0.49875708809350966,0.7812433458894406,0.3315719513249842,0.0,0.013401241505230402,59.0,0.0,-0.47024218710790366,-0.18195324958243347,-0.5048237515515195,-0.47581435434036906,0.39279862525945874
162335,2024,Biotech,PBH,-0.013006859548369235,1.0,0.0,1.0,0.0,0.0,0.0,0.0,0.0,0.0,0.0,0.6458898317605678,0.0,0.6458898317605678,8.731177968913332,0.16204762168499723,8.132182850855743,0.5393237587949978,0.841409241292805,0.384073566126568,0.0,0.014390017052577166,60.0,0.0,-0.47024218710790366,-0.18195324958243347,-0.5048237515515195,-0.47581435434036906,0.39279862525945874
160888,2021,Semiconductors/Hardware,MPWR,0.06101215101902262,1.0,0.0,0.0,0.0,0.0,0.0,0.0,0.0,0.0,0.0,0.6804750925840852,0.0,0.6804750925840852,9.916148611983123,0.03514830610040637,7.368860055627642,0.7844402755663455,2.909294291235843,0.27793672063437014,0.12020683240584554,0.025083308206337758,62.0,0.0,-0.4640734528346924,-0.1989941162397805,-0.6279204739384207,-0.4029962759698278,0.3136310234450513
160888,2022,Semiconductors/Hardware,MPWR,0.1231729289208978,1.0,0.0,0.0,0.0,0.0,0.0,0.0,0.0,0.0,0.0,0.6709476380667232,0.0,0.6709476380667232,9.936193629917083,0.03638269191832967,7.629919853112476,0.810439631159584,2.3008747917667765,0.33674828851538574,0.11665100284862921,0.03869256680210135,63.0,0.0,-0.4640734528346924,-0.1989941162397805,-0.6279204739384207,-0.4029962759698278,0.3136310234450513
160888,2023,Semiconductors/Hardware,MPWR,0.10972280358137795,1.0,0.0,0.0,0.0,0.0,0.0,0.0,0.0,0.0,0.0,0.8407698339785471,0.0,0.8407698339785471,9.591749712998157,0.05619412995650143,7.797436291791063,0.842087815530451,2.6931760073920947,0.3779246477400771,0.10830105576307132,0.030403340604708683,64.0,0.0,-0.4640734528346924,-0.1989941162397805,-0.6279204739384207,-0.4029962759698278,0.3136310234450513
175955,2018,Semiconductors/Hardware,IPGP,0.0682088517192129,0.0,0.0,0.0,0.0,1.0,0.0,0.0,0.0,1.0,0.0,0.0,0.0,0.0,7.391868276302839,0.573106514618838,7.853391198050757,0.8567064809959408,1.000416594507507,0.6547433432383617,0.047687467226009445,0.03174258633262236,79.0,0.0,-0.437846561736299,-0.3795427315475665,-0.5664298745026903,1.8192596771071183,-1.675276740436226
171007,2015,Software,NOW,-0.1689327522030521,0.0,0.0,0.0,0.0,0.0,0.0,0.0,0.0,0.0,0.0,0.9478065108539564,17.805378928748127,0.9478065108539564,9.41759296821912,0.03657664395961516,7.4994520671565965,0.31366778598512934,3.2008808957940165,-0.31758410936707965,0.12030035660290905,0.02000839071403433,57.0,0.0,-0.39744844197594303,-0.17004527827909008,-0.6110103972989658,-0.3072674721144954,-0.7525776838489204
171007,2016,Software,NOW,-0.2745378665529608,0.0,0.0,0.0,0.0,0.0,0.0,0.0,0.0,0.0,0.0,0.8886801854862582,16.119239058718573,0.8886801854862582,9.106813396577811,0.04990840698243013,7.617645017441151,0.19026810839196429,3.470896578207184,-0.5008061395430253,0.14025156274047124,0.027477502382712623,58.0,0.0,-0.39744844197594303,-0.17004527827909008,-0.6110103972989658,-0.3072674721144954,-0.7525776838489204
171007,2019,Software,NOW,0.009620185676118068,1.0,0.0,1.0,1.0,0.0,0.0,0.0,0.0,0.0,0.0,0.4722393197924415,0.06170340357123938,0.47223931979244155,10.637832720921987,0.0030911415329505526,8.703246111341361,0.3533359457893242,3.2243142534461873,-0.054295193136325366,0.12426362780472335,0.022437453059084046,58.0,0.0,-0.30750637691746363,-0.07890428096156032,1.6954389051964547,-0.2922982752130367,0.11888928142782612
171007,2020,Software,NOW,-0.06856238430961517,1.0,0.0,1.0,1.0,0.0,0.0,0.0,0.0,0.0,0.0,0.7326924442454673,1.8166948043739433,0.7326924442454673,10.131581072516223,0.039802490489592925,9.072807498380238,0.3252395251115397,3.638404084280029,-0.01600815691739021,0.11753531847238634,0.031459869563986255,59.0,0.0,-0.30750637691746363,-0.07890428096156032,1.6954389051964547,-0.2922982752130367,0.11888928142782612
171007,2021,Software,NOW,-0.07030406965892297,1.0,0.0,1.0,1.0,0.0,0.0,0.0,0.0,0.0,0.0,0.1386289301138079,0.2967171507066587,0.13862893011380795,12.018549807494471,0.006031288988325276,9.287116210778231,0.3421929987034636,3.5572218037196417,0.0027782922763474717,0.12937581033524725,0.02237451791436818,60.0,0.0,-0.30750637691746363,-0.07890428096156032,1.6954389051964547,-0.2922982752130367,0.11888928142782612
171007,2022,Software,NOW,-0.0649663393248045,1.0,0.0,1.0,1.0,0.0,0.0,0.0,0.0,0.0,0.0,0.7091329431667448,0.4070884384526648,0.7091329431667448,10.55847918045786,0.03030104932330677,9.495444123413163,0.3783743138581848,2.750752704766453,0.017745695165050004,0.13294232649071358,0.03514270636451016,61.0,0.0,-0.30750637691746363,-0.07890428096156032,1.6954389051964547,-0.2922982752130367,0.11888928142782612
171007,2023,Software,NOW,0.033720359969168806,1.0,0.0,1.0,1.0,0.0,0.0,0.0,0.0,0.0,0.0,0.0,12.718962542946077,0.0,8.482338772113254,0.2743992726866071,9.76347807952779,0.4387185828492552,2.942390811565457,0.11686892505895209,0.12216023465807788,0.019838140536810208,62.0,0.0,-0.30750637691746363,-0.07890428096156032,1.6954389051964547,-0.2922982752130367,0.11888928142782612
171007,2024,Software,NOW,-0.00617362758689273,1.0,0.0,1.0,1.0,0.0,0.0,0.0,0.0,0.0,0.0,0.8376422641837378,8.071644617549794,0.8376422641837378,10.533644825570555,0.035944293055365555,9.922456499083731,0.4714222636510818,3.125919406392768,0.1680812441740666,0.12476083010351764,0.021398434768059756,63.0,0.0,-0.30750637691746363,-0.07890428096156032,1.6954389051964547,-0.2922982752130367,0.11888928142782612
175955,2016,Semiconductors/Hardware,IPGP,0.09328503159258764,0.0,0.0,0.0,0.0,1.0,0.0,0.0,0.0,1.0,0.0,0.0,0.0,0.0,7.300740840465757,0.49642330853916944,7.489970340175427,0.8701446201925253,1.2163471318658907,0.5114667661825509,0.04388382339878402,0.019626936358597795,77.0,0.0,-0.437846561736299,-0.3795427315475665,-0.5664298745026903,1.8192596771071183,-1.675276740436226
175955,2017,Semiconductors/Hardware,IPGP,0.08371449081096406,0.0,0.0,0.0,0.0,1.0,0.0,0.0,0.0,1.0,0.0,0.0,0.0,0.0,7.7339825628508985,0.3641643063829862,7.7694863350168335,0.854289884275247,1.7366716385882504,0.5772605824045148,0.042610534141864734,0.017765921837681196,78.0,0.0,-0.437846561736299,-0.3795427315475665,-0.5664298745026903,1.8192596771071183,-1.675276740436226
177287,2020,Biotech,JAZZ,-0.04565137681100337,1.0,1.0,1.0,1.0,0.0,0.0,0.0,0.0,0.0,0.0,0.4677526981778849,3.071419913626495,0.4677526981778849,9.439330796962302,0.0863037547819586,8.785065489546298,0.5599365718666791,0.9295153444281504,0.1569812639450934,0.1105836823415777,0.028592700592731397,56.0,0.0,-0.3189658785317887,-0.05724406583821757,1.7190928073895329,-0.2890731589288402,0.5378584417136607
177287,2022,Biotech,JAZZ,-0.11008306042717941,1.0,1.0,1.0,1.0,0.0,0.0,0.0,0.0,0.0,0.0,0.8584769097414015,0.8616356426650987,0.8584769097414015,9.75994149441758,0.06921363497683028,9.290560448534313,0.2847813918546449,1.1828191367652852,-0.03612752999352577,0.10781924375568458,0.02045275905677641,58.0,0.0,-0.3189658785317887,-0.05724406583821757,1.7190928073895329,-0.2890731589288402,0.5378584417136607
117768,2022,Semiconductors/Hardware,NVDA,0.016661489895536966,1.0,0.0,0.0,0.0,0.0,0.0,0.0,0.0,1.0,1.0,0.9208433761341288,4.2562660240772505,0.9208433761341288,9.969131275213421,0.046674886327263236,10.625756546668091,0.5366665047836433,3.0818697449769106,0.3939585255694235,0.17820892622990628,0.03982313514856625,59.0,0.0,2.3817498717499115,-0.1953866599476667,-0.5022599177807368,-0.7450632873224258,-0.42013540304343333
187450,2024,Semiconductors/Hardware,ENPH,-0.044494601871491964,1.0,0.0,0.0,0.0,0.0,0.0,0.0,0.0,1.0,1.0,0.9625158501520784,0.0,0.9625158501520784,9.443830611227277,0.035629439576627245,8.086310578046483,0.25633817032836503,2.3905953019301465,-0.07741017873781879,0.06194925278704708,0.03994647406310622,53.0,0.0,2.3817498717499115,-0.1953866599476667,-0.5022599177807368,-0.7450632873224258,-0.42013540304343333
184725,2015,Semiconductors/Hardware,NXPI,-0.0012223593786751114,1.0,0.0,1.0,0.0,0.0,0.0,0.0,0.0,0.0,0.0,0.0,0.0,0.0,8.414641394279668,0.6213281886923823,10.179375345105198,0.43693556955300905,0.917205189878327,-0.12753282234195948,0.03377096455945967,0.028413514528046604,64.0,0.0,-0.47024218710790366,-0.18195324958243347,-0.5048237515515195,-0.47581435434036906,0.39279862525945874
184725,2016,Semiconductors/Hardware,NXPI,-0.04435378445131263,1.0,0.0,1.0,0.0,0.0,0.0,0.0,0.0,0.0,0.0,0.0,0.0,0.0,8.14161586055762,0.5271260747313335,10.122542757941732,0.4391919029640935,1.1006485597392688,-0.15663908747690578,0.06265563499076231,0.023633337889277975,65.0,0.0,-0.47024218710790366,-0.18195324958243347,-0.5048237515515195,-0.47581435434036906,0.39279862525945874
184725,2017,Semiconductors/Hardware,NXPI,0.028975461495738195,1.0,0.0,1.0,0.0,0.0,0.0,0.0,0.0,0.0,0.0,0.0,1.6699606248743768,0.0,8.2547444633818,0.3358508659641393,10.087848694627853,0.5624766102540646,1.0880116671359101,-0.08989978793297018,0.06557445216017298,0.004183828169587926,66.0,0.0,-0.47024218710790366,-0.18195324958243347,-0.5048237515515195,-0.47581435434036906,0.39279862525945874
184725,2018,Semiconductors/Hardware,NXPI,0.01382621684133363,1.0,0.0,1.0,0.0,0.0,0.0,0.0,0.0,0.0,0.0,0.0,0.07764520401335137,0.0,8.524405122808378,0.2719774273806191,9.97720259035841,0.48792382721783556,0.7141367355852388,-0.0828611240130051,0.07895959126799815,0.024766334940404533,67.0,0.0,-0.47024218710790366,-0.18195324958243347,-0.5048237515515195,-0.47581435434036906,0.39279862525945874
184725,2019,Semiconductors/Hardware,NXPI,-0.08230017981200194,1.0,0.0,1.0,0.0,0.0,0.0,0.0,0.0,0.0,0.0,0.8491021160519393,0.38103449936428646,0.8491021160519393,9.93100553585859,0.06543437441050935,9.904287232706693,0.4716726618705036,1.3333236735389598,-0.13838928856914468,0.08208433253397282,0.021833025758573932,68.0,0.0,-0.47024218710790366,-0.18195324958243347,-0.5048237515515195,-0.47581435434036906,0.39279862525945874
184725,2020,Semiconductors/Hardware,NXPI,-0.0795398424058308,0.0,0.0,1.0,0.0,0.0,0.0,0.0,0.0,1.0,0.0,0.9471176951679132,0.187094053977691,0.9471176951679132,9.738626411613229,0.0448088289373923,9.895808141192258,0.4506474530155691,1.6067134923604534,-0.2121731244016728,0.08691489897717539,0.03816224279042459,51.0,0.0,-0.27144080531031445,-0.19371935169133983,-0.48033071823820794,-0.3165104265360037,-1.1683617157239368
184725,2021,Semiconductors/Hardware,NXPI,-0.00192831351173825,0.0,0.0,1.0,0.0,0.0,0.0,0.0,0.0,1.0,0.0,0.7801754140658339,0.0,0.7801754140658339,9.948073271351815,0.056513298748865,9.94578046472638,0.3128834355828221,2.224065483141033,-0.2551284509202454,0.09451687116564417,0.02402665145791148,52.0,0.0,-0.27144080531031445,-0.19371935169133983,-0.48033071823820794,-0.3165104265360037,-1.1683617157239368
184725,2022,Semiconductors/Hardware,NXPI,0.03053892461070394,0.0,0.0,1.0,0.0,0.0,0.0,0.0,0.0,1.0,0.0,0.8241449931448094,0.0,0.8241449931448094,9.941354031820824,0.052866545210631444,10.053458079112422,0.3205801342744018,1.7055639247966692,-0.1677999655706662,0.09244276123257016,0.028903198912335358,53.0,0.0,-0.27144080531031445,-0.19371935169133983,-0.48033071823820794,-0.3165104265360037,-1.1683617157239368
184725,2023,Semiconductors/Hardware,NXPI,0.04901559916054592,0.0,0.0,1.0,0.0,0.0,0.0,0.0,0.0,1.0,0.0,0.8140186011684455,0.0,0.8140186011684455,9.938028727942264,0.05762107740208096,10.100410324207255,0.3549460025458876,1.9218814295448061,-0.11099248552539728,0.09928961524247526,0.020066100062355156,54.0,0.0,-0.27144080531031445,-0.19371935169133983,-0.48033071823820794,-0.3165104265360037,-1.1683617157239368
184725,2024,Semiconductors/Hardware,NXPI,0.02684730231091588,0.0,0.0,1.0,0.0,0.0,0.0,0.0,0.0,1.0,0.0,0.8673922090081495,0.0,0.8673922090081495,9.937636386968242,0.06102328646094772,10.101723468144153,0.3765839655525938,1.7503204147649363,-0.07508714373590322,0.09624769325404962,0.022340145680453574,55.0,0.0,-0.27144080531031445,-0.19371935169133983,-0.48033071823820794,-0.3165104265360037,-1.1683617157239368
187450,2021,Semiconductors/Hardware,ENPH,-0.021651885153668865,1.0,0.0,0.0,0.0,0.0,0.0,0.0,0.0,1.0,1.0,0.0,398.76877889522456,0.0,6.562672881079212,0.6354478212612368,7.639765416400519,0.20688553982770763,4.042030842302431,-0.1961071652552644,0.050751807377254175,0.04248273861418312,50.0,0.0,2.3817498717499115,-0.1953866599476667,-0.5022599177807368,-0.7450632873224258,-0.42013540304343333
187450,2022,Semiconductors/Hardware,ENPH,0.03943033946742518,1.0,0.0,0.0,0.0,0.0,0.0,0.0,0.0,1.0,1.0,0.9388514309347434,14.820913091231724,0.9388514309347434,9.718841917162527,0.02706282309627924,8.034073521742236,0.2676712231055546,3.7793934672452907,0.002092222496012035,0.05474405695980909,0.045800292175320605,51.0,0.0,2.3817498717499115,-0.1953866599476667,-0.5022599177807368,-0.7450632873224258,-0.42013540304343333
187450,2023,Semiconductors/Hardware,ENPH,0.06391032068090832,1.0,0.0,0.0,0.0,0.0,0.0,0.0,0.0,1.0,1.0,0.9474822637068036,5.301439682072631,0.9474822637068036,9.529822664852757,0.03269362801190048,8.12652171592192,0.2907539198796812,2.9032269324237987,0.013090405827706196,0.06719928868121071,0.03841099246860039,52.0,0.0,2.3817498717499115,-0.1953866599476667,-0.5022599177807368,-0.7450632873224258,-0.42013540304343333
180711,2025,Semiconductors/Hardware,AVGO,0.05340082858966573,1.0,1.0,1.0,1.0,0.0,0.0,0.0,0.0,1.0,1.0,0.985741648328365,0.0,0.985741648328365,12.232120466240323,0.005845730983961331,12.0499567025043,0.4751361840413345,3.070702978496607,0.05832534542819068,0.06415846445187384,0.033426808698729556,74.0,0.0,2.5268574460528153,-0.05363660954610371,1.8447533635472169,-0.6311401702814383,-0.19590798477482418
264416,2020,Semiconductors/Hardware,UCTT,-0.011774398208971998,1.0,0.0,0.0,0.0,0.0,0.0,0.0,0.0,0.0,0.0,0.5852061985381469,0.0,0.5852061985381469,8.136687977248773,0.17264584881699915,7.005335607321001,0.4830839002267574,0.8648116384613174,0.20226757369614512,0.01342403628117914,0.046904126496591356,54.0,0.0,-0.4640734528346924,-0.1989941162397805,-0.6279204739384207,-0.4029962759698278,0.3136310234450513
264416,2021,Semiconductors/Hardware,UCTT,-0.03260361922276647,1.0,0.0,0.0,0.0,0.0,0.0,0.0,0.0,0.0,0.0,0.7079032390153652,0.0,0.7079032390153652,8.556753462297882,0.12236959524899814,7.613522490898185,0.41912708600770215,1.1098435972956515,0.16648563246766068,0.01209637602448899,0.038902041534544525,55.0,0.0,-0.4640734528346924,-0.1989941162397805,-0.6279204739384207,-0.4029962759698278,0.3136310234450513
264416,2022,Semiconductors/Hardware,UCTT,-0.06880148255282031,1.0,0.0,0.0,0.0,0.0,0.0,0.0,0.0,0.0,0.0,0.6127833371027892,0.0,0.6127833371027892,8.352371141182592,0.16621955967881877,7.581158830505471,0.4528022846652047,0.523280679431776,0.1899127951450864,0.01453414248559335,0.0371978620967307,56.0,0.0,-0.4640734528346924,-0.1989941162397805,-0.6279204739384207,-0.4029962759698278,0.3136310234450513
264416,2023,Semiconductors/Hardware,UCTT,-0.08248827691609108,1.0,0.0,0.0,0.0,0.0,0.0,0.0,0.0,0.0,0.0,0.6953428639121767,0.0,0.6953428639121767,8.525908105991531,0.14602940462134933,7.532463006319562,0.4491620709964127,0.596112066540064,0.18327354500187396,0.015152326390747978,0.0263034244451797,57.0,0.0,-0.4640734528346924,-0.1989941162397805,-0.6279204739384207,-0.4029962759698278,0.3136310234450513
264416,2024,Semiconductors/Hardware,UCTT,-0.0637404351599897,1.0,0.0,0.0,0.0,0.0,0.0,0.0,0.0,0.0,0.0,0.6966247434175032,0.0,0.6966247434175032,8.66238021746437,0.1384774891507571,7.56002838033211,0.45502369915099744,0.6183887256850481,0.18756185217980104,0.01474035105995104,0.029970281940970477,58.0,0.0,-0.4640734528346924,-0.1989941162397805,-0.6279204739384207,-0.4029962759698278,0.3136310234450513
184551,2022,Semiconductors/Hardware,MXL,0.01655958970941271,1.0,0.0,1.0,1.0,1.0,1.0,0.0,0.0,1.0,1.0,0.917669252157902,0.0,0.9176692521579021,9.071384694482123,0.08051440788374506,7.073290903675959,0.5731954831465434,1.3743411970798047,-0.03932204826168937,0.25121671151034936,0.040610703903553015,53.0,0.0,2.233957832958802,-0.2581652926872639,1.85595806278807,2.334809270234943,0.496670683988105
180711,2024,Semiconductors/Hardware,AVGO,-0.04049667270456547,1.0,1.0,1.0,1.0,0.0,0.0,0.0,0.0,1.0,1.0,0.0,0.0,0.0,7.876464631826305,0.4654979878855604,12.017602223149341,0.40857254972984397,2.464262755874236,0.0012496604183645748,0.05620453379214586,0.033961103185904694,73.0,0.0,2.5268574460528153,-0.05363660954610371,1.8447533635472169,-0.6311401702814383,-0.19590798477482418
177287,2023,Biotech,JAZZ,-0.029426798081610764,1.0,1.0,1.0,1.0,0.0,0.0,0.0,0.0,0.0,0.0,0.8741059941539667,0.09523454195060138,0.8741059941539667,9.873988554006306,0.06162229614776774,9.340785920778337,0.32799300013279664,0.7174002998827193,0.0032459259819689694,0.07624248476678387,0.015234494263198292,59.0,0.0,-0.3189658785317887,-0.05724406583821757,1.7190928073895329,-0.2890731589288402,0.5378584417136607
183377,2018,Software,FTNT,0.01919886730080704,1.0,0.0,0.0,0.0,0.0,0.0,0.0,0.0,1.0,1.0,0.3627793423119618,2.0538368684969996,0.36277934231196185,8.819027546223959,0.09243256785363888,8.032035314398824,0.3282001299545159,2.471336972600614,-0.01894087069525666,0.07943469785575048,0.02320992867128873,55.0,0.0,2.3817498717499115,-0.1953866599476667,-0.5022599177807368,-0.7450632873224258,-0.42013540304343333
177287,2024,Biotech,JAZZ,-0.029455789108029283,1.0,1.0,1.0,1.0,0.0,0.0,0.0,0.0,0.0,0.0,0.6861917812568702,0.21570901893897693,0.6861917812568702,9.070215518756848,0.1384543474677069,9.39368282414574,0.34079365767815323,0.6010047081529651,0.014997431373637777,0.07442398210427899,0.017812863391532544,60.0,0.0,-0.3189658785317887,-0.05724406583821757,1.7190928073895329,-0.2890731589288402,0.5378584417136607
177429,2015,Software,SLH,-0.08599623808649838,0.0,0.0,0.0,0.0,0.0,0.0,0.0,0.0,0.0,0.0,0.3009429047026851,0.2597746014866525,0.3009429047026851,10.019149317666,0.6008629753305694,8.230212206478495,0.060710221897709075,2.572736297672157,-0.0937419889517485,0.0,0.019522527524042738,51.0,0.0,-0.39744844197594303,-0.17004527827909008,-0.6110103972989658,-0.3072674721144954,-0.7525776838489204
180405,2015,Software,ATVI,-0.0006383148796504229,0.0,0.0,0.0,0.0,0.0,0.0,0.0,0.0,0.0,0.0,0.0,14.076763225349138,0.0,8.885431777981953,0.317513002471376,9.632400353656184,0.5290144908530588,1.2596311455322093,0.22706707756868402,0.04235787817192315,0.01750657199570598,52.0,0.0,-0.39744844197594303,-0.17004527827909008,-0.6110103972989658,-0.3072674721144954,-0.7525776838489204
180405,2016,Software,ATVI,0.002965263972651823,0.0,0.0,0.0,0.0,0.0,0.0,0.0,0.0,0.0,0.0,0.7540191365275531,2.764627818189077,0.7540191365275531,10.406247536302862,0.07185294911079686,9.7672095342435,0.5225189090075636,1.082492103447351,0.24295209718083888,0.054893421957368786,0.01969763637895191,53.0,0.0,-0.39744844197594303,-0.17004527827909008,-0.6110103972989658,-0.3072674721144954,-0.7525776838489204
180405,2017,Software,ATVI,-0.048504204844721996,0.0,0.0,0.0,0.0,0.0,0.0,0.0,0.0,0.0,0.0,0.681350529428931,0.005382778641647829,0.681350529428931,10.264595779935668,0.060979062403359076,9.834566107069707,0.5068566530962074,1.623192316843524,0.22916220269980717,0.05726376687379473,0.019521657871432,54.0,0.0,-0.39744844197594303,-0.17004527827909008,-0.6110103972989658,-0.3072674721144954,-0.7525776838489204
180405,2018,Software,ATVI,0.012925692852990778,0.0,0.0,0.0,0.0,0.0,0.0,0.0,0.0,0.0,0.0,0.2430447789572609,0.0,0.24304477895726093,10.336600382270577,0.056960888821907356,9.788918097792992,0.6367816091954023,1.1411727028625438,0.3340061676478834,0.06173254835996636,0.02348217174590594,55.0,0.0,-0.39744844197594303,-0.17004527827909008,-0.6110103972989658,-0.3072674721144954,-0.7525776838489204
180405,2019,Software,ATVI,-0.01870350613053895,0.0,0.0,0.0,0.0,0.0,0.0,0.0,0.0,0.0,0.0,0.2081390846351559,0.8898603241866253,0.20813908463515593,10.313040826030216,0.058318795111864406,9.895707365217167,0.6452506928697405,1.2718186985670399,0.36250944822373393,0.05028974552784077,0.02230384765780058,56.0,0.0,-0.39744844197594303,-0.17004527827909008,-0.6110103972989658,-0.3072674721144954,-0.7525776838489204
180405,2020,Software,ATVI,0.012911298649718683,0.0,0.0,0.0,0.0,0.0,0.0,0.0,0.0,0.0,0.0,0.9692358455175252,0.6102307758507581,0.9692358455175252,11.948682556315239,0.009664309771814095,10.047977431021076,0.6506988619152712,1.5645851653462792,0.3924445021420226,0.04976416114933575,0.024439428358438195,57.0,0.0,-0.39744844197594303,-0.17004527827909008,-0.6110103972989658,-0.3072674721144954,-0.7525776838489204
180405,2021,Software,ATVI,0.01611439964514616,0.0,0.0,0.0,0.0,0.0,0.0,0.0,0.0,0.0,0.0,0.0,44.03414195649622,0.0,6.717259201650125,0.868707118392255,10.128868598790529,0.7023866538952745,1.080134692023511,0.4568566411238825,0.053360472541507026,0.019664398597565358,58.0,0.0,-0.39744844197594303,-0.17004527827909008,-0.6110103972989658,-0.3072674721144954,-0.7525776838489204
180405,2022,Software,ATVI,-0.03415100766706178,0.0,0.0,0.0,0.0,0.0,0.0,0.0,0.0,0.0,0.0,0.0,326.8031104303396,0.0,5.186726370584016,0.3493923368477544,10.21767766186868,0.702735273709966,1.1377285278061737,0.4581674761713472,0.05189351057225286,0.01892205793090503,59.0,0.0,-0.39744844197594303,-0.17004527827909008,-0.6110103972989658,-0.3072674721144954,-0.7525776838489204
183377,2015,Software,FTNT,-0.05466554264572651,1.0,0.0,0.0,0.0,0.0,0.0,0.0,0.0,1.0,1.0,0.7635385733739901,1.175484425951297,0.7635385733739901,8.199350148789522,0.11680364757178958,7.490255774455005,0.42187812410989045,1.9562333032504267,0.0377255642247181,0.08831506107198507,0.023775080827021816,52.0,0.0,2.3817498717499115,-0.1953866599476667,-0.5022599177807368,-0.7450632873224258,-0.42013540304343333
183377,2016,Software,FTNT,-0.037345489278794566,1.0,0.0,0.0,0.0,0.0,0.0,0.0,0.0,1.0,1.0,0.4306409239895276,1.4551976669851745,0.43064092398952764,7.702305404336949,0.19776863667269798,7.668533537542377,0.391450511953367,1.8282944031197137,0.017222437441032253,0.08555562980474696,0.021709601009800416,53.0,0.0,2.3817498717499115,-0.1953866599476667,-0.5022599177807368,-0.7450632873224258,-0.42013540304343333
183377,2017,Software,FTNT,-0.04922197421818241,1.0,0.0,0.0,0.0,0.0,0.0,0.0,0.0,1.0,1.0,0.4701500187605512,1.696605274467117,0.47015001876055124,8.284109904192732,0.11384649879634526,7.722197542954743,0.26102698240324257,2.5213621992044484,-0.14191271951658077,0.09327804931627216,0.01580941744828643,54.0,0.0,2.3817498717499115,-0.1953866599476667,-0.5022599177807368,-0.7450632873224258,-0.42013540304343333
183377,2019,Software,FTNT,-0.010410098259948514,1.0,0.0,0.0,0.0,0.0,0.0,0.0,0.0,1.0,1.0,0.429840820118707,2.776860728792951,0.429840820118707,9.17263050891389,0.07788224267213767,8.265006954649296,0.3402136147214001,2.629506717854399,0.03639171277827821,0.07131643289151976,0.01985798746906571,56.0,0.0,2.3817498717499115,-0.1953866599476667,-0.5022599177807368,-0.7450632873224258,-0.42013540304343333
180711,2023,Semiconductors/Hardware,AVGO,0.12743534046463942,1.0,1.0,1.0,1.0,0.0,0.0,0.0,0.0,1.0,1.0,0.9920522059470964,0.0,0.9920522059470965,11.994277957804783,0.0074153646887785965,11.19630879542033,0.32922962901964015,2.675588505196739,0.039650842014246304,0.07209618314324535,0.020239031922815755,72.0,0.0,2.5268574460528153,-0.05363660954610371,1.8447533635472169,-0.6311401702814383,-0.19590798477482418
183377,2020,Software,FTNT,0.03862142221174997,1.0,0.0,0.0,0.0,0.0,0.0,0.0,0.0,1.0,1.0,0.4417449384144575,4.893146506422011,0.4417449384144575,9.273382211143861,0.07446289516364818,8.305113212458007,0.21164544443070837,3.3391945836694914,-0.08688342193101743,0.08441092842131288,0.03455589380679282,57.0,0.0,2.3817498717499115,-0.1953866599476667,-0.5022599177807368,-0.7450632873224258,-0.42013540304343333
183377,2021,Software,FTNT,0.010911274695379114,1.0,0.0,0.0,0.0,0.0,0.0,0.0,0.0,1.0,1.0,0.4390123472783725,14.462748036341923,0.4390123472783725,9.561223344787113,0.05611407167013149,8.685939689293745,0.13206399621564088,4.310561274355558,-0.07986011386866246,0.07166630062002668,0.02229811485368673,58.0,0.0,2.3817498717499115,-0.1953866599476667,-0.5022599177807368,-0.7450632873224258,-0.42013540304343333
183377,2024,Software,FTNT,0.10266987071780374,1.0,0.0,0.0,0.0,0.0,0.0,0.0,0.0,1.0,1.0,0.9084328892106076,11.967184393495417,0.9084328892106077,9.483666565131681,0.04542242052198654,9.186365251926468,0.15300468089029098,3.8817964853333966,-0.014667472421669344,0.07341930329505997,0.024566187286095116,61.0,0.0,2.3817498717499115,-0.1953866599476667,-0.5022599177807368,-0.7450632873224258,-0.42013540304343333
180711,2015,Semiconductors/Hardware,AVGO,0.06965015216356857,1.0,1.0,1.0,1.0,0.0,0.0,0.0,0.0,1.0,1.0,0.0,59.63373224686569,0.0,8.300470979104652,0.22615833798668974,9.26785427817679,0.44505287009063443,1.9762874557954964,0.20458836858006044,0.0990370090634441,0.025582425844144337,64.0,0.0,2.5268574460528153,-0.05363660954610371,1.8447533635472169,-0.6311401702814383,-0.19590798477482418
180711,2016,Semiconductors/Hardware,AVGO,-0.08719022466129242,1.0,1.0,1.0,1.0,0.0,0.0,0.0,0.0,1.0,1.0,0.8770543811130767,13.636894097925538,0.8770543811130767,10.114236486962485,0.04097116776102038,10.819098053105419,0.37809710603210184,1.2781080962571,-0.0069847496297482286,0.06186206620501941,0.018731723009519932,65.0,0.0,2.5268574460528153,-0.05363660954610371,1.8447533635472169,-0.6311401702814383,-0.19590798477482418
180711,2017,Semiconductors/Hardware,AVGO,-0.03203550711024511,1.0,1.0,1.0,1.0,0.0,0.0,0.0,0.0,1.0,1.0,0.9531019310099924,5.214605320780645,0.9531019310099925,11.554382742455521,0.01055329354236389,10.904450260467481,0.3727626888162005,1.6710308448367168,-0.004042779962512404,0.06049468925723106,0.015151517033528577,66.0,0.0,2.5268574460528153,-0.05363660954610371,1.8447533635472169,-0.6311401702814383,-0.19590798477482418
180711,2018,Semiconductors/Hardware,AVGO,0.15584509965431692,1.0,1.0,1.0,1.0,0.0,0.0,0.0,0.0,1.0,1.0,0.0,74.35657078404905,0.0,8.525743929434743,0.22232163518996967,10.822255214285176,0.5318210837123932,1.2298267854585916,0.06727316255685899,0.07517356954752215,0.022301366888294333,67.0,0.0,2.5268574460528153,-0.05363660954610371,1.8447533635472169,-0.6311401702814383,-0.19590798477482418
180711,2019,Semiconductors/Hardware,AVGO,-0.054080726571607285,1.0,1.0,1.0,1.0,0.0,0.0,0.0,0.0,1.0,1.0,0.0,207.94650232710632,0.0,7.76933129111523,0.4647452688931627,11.119779167779317,0.3695346184048716,1.5418442231590797,-0.0020742891855451678,0.06957758582371505,0.01863299954370259,68.0,0.0,2.5268574460528153,-0.05363660954610371,1.8447533635472169,-0.6311401702814383,-0.19590798477482418
180711,2020,Semiconductors/Hardware,AVGO,-0.043178151840328534,1.0,1.0,1.0,1.0,0.0,0.0,0.0,0.0,1.0,1.0,0.0,25.11092164945999,0.0,8.214966388669778,0.3168833600479673,11.237606651501846,0.31440875508672117,1.7851433582443015,-0.0014223065070522697,0.06542609932440441,0.03225254577363692,69.0,0.0,2.5268574460528153,-0.05363660954610371,1.8447533635472169,-0.6311401702814383,-0.19590798477482418
180711,2021,Semiconductors/Hardware,AVGO,-0.0024684099546413013,1.0,1.0,1.0,1.0,0.0,0.0,0.0,0.0,1.0,1.0,0.8905037585315948,0.0,0.8905037585315948,11.013758728145488,0.019768176290355766,11.232814658014766,0.3303162630673548,2.1743606416062917,0.008363107053063385,0.06423183803096467,0.017971071383666805,70.0,0.0,2.5268574460528153,-0.05363660954610371,1.8447533635472169,-0.6311401702814383,-0.19590798477482418
180711,2022,Semiconductors/Hardware,AVGO,0.06752620305200803,1.0,1.0,1.0,1.0,0.0,0.0,0.0,0.0,1.0,1.0,0.8895585294965491,0.0,0.8895585294965491,11.012165198444917,0.019799702578767713,11.201619874908992,0.31002471023495204,2.1579528131247407,0.02116069843956914,0.06715450040273588,0.02349549980293133,71.0,0.0,2.5268574460528153,-0.05363660954610371,1.8447533635472169,-0.6311401702814383,-0.19590798477482418
133885,2022,Biotech,EXEL,-0.030057806688664507,1.0,0.0,0.0,0.0,1.0,1.0,0.0,0.0,0.0,0.0,0.863114629526984,0.08572336794243476,0.863114629526984,9.733739319184135,0.06779718258787046,8.029917739285507,0.810169595267963,0.7362718092980924,-0.015870478455237834,0.29035200842327613,0.023715394987224983,62.0,0.0,-0.7684325675430307,-0.3818625842575979,-0.5930618725044893,2.5661782808307487,1.425178852493815
133885,2023,Biotech,EXEL,0.004774977429554822,1.0,0.0,0.0,0.0,1.0,1.0,0.0,0.0,0.0,0.0,0.8682364033017224,0.17817422520324316,0.8682364033017224,9.706456763458831,0.07257984034518748,7.986966239822663,0.7694212496987959,1.1658369112686353,-0.06019018086520433,0.35484171363298195,0.017081680162712002,63.0,0.0,-0.7684325675430307,-0.3818625842575979,-0.5930618725044893,2.5661782808307487,1.425178852493815
133885,2024,Biotech,EXEL,0.10075432391682808,1.0,0.0,0.0,0.0,1.0,1.0,0.0,0.0,0.0,0.0,0.7863925740776346,0.816487025496605,0.7863925740776346,9.451877558423153,0.09838448614079996,7.988777091741952,0.7613429499031444,1.4304079354321988,-0.03392283449073681,0.3088547303142461,0.019610153872212766,64.0,0.0,-0.7684325675430307,-0.3818625842575979,-0.5930618725044893,2.5661782808307487,1.425178852493815
134932,2015,Semiconductors/Hardware,ON,-0.005839121418031473,1.0,0.0,0.0,0.0,0.0,0.0,0.0,0.0,1.0,0.0,0.7948926425360776,0.11499408563993375,0.7948926425360776,8.977856459989164,0.11661301159214572,8.260906421508773,0.4155985114740542,0.9206319975779704,-0.1942578044242299,0.10349906967128386,0.025258092936257,60.0,0.0,-0.33189708189585243,-0.23970905630937728,-0.620337517264564,-0.33942115202079487,-0.18132061024437243
134932,2016,Semiconductors/Hardware,ON,-0.02608825073349786,1.0,0.0,0.0,0.0,0.0,0.0,0.0,0.0,1.0,0.0,0.7907217878283199,0.23792616883830514,0.7907217878283199,9.074086075611676,0.10384282655683047,8.842806684702575,0.2633007914043094,1.075699285504705,-0.0834007278608977,0.06563745595286234,0.02332983086410457,61.0,0.0,-0.33189708189585243,-0.23970905630937728,-0.620337517264564,-0.33942115202079487,-0.18132061024437243
134932,2017,Semiconductors/Hardware,ON,0.04954574279644776,1.0,0.0,0.0,0.0,0.0,0.0,0.0,0.0,1.0,0.0,0.6987709364583364,0.0,0.6987709364583364,9.281090591755031,0.08940680962526219,8.881155517765537,0.38620727995441345,1.1642535240700935,0.04320996233547831,0.08443246098038942,0.018257909506587143,62.0,0.0,-0.33189708189585243,-0.23970905630937728,-0.620337517264564,-0.33942115202079487,-0.18132061024437243
134932,2018,Semiconductors/Hardware,ON,-0.006040815337234703,1.0,0.0,0.0,0.0,0.0,0.0,0.0,0.0,1.0,0.0,0.7567269446308924,0.0,0.7567269446308924,9.383738987471535,0.0854384713001773,8.934270614852569,0.41799778586114184,0.7674397137670976,0.12411039063735568,0.08621962148769044,0.025495423955381433,63.0,0.0,-0.33189708189585243,-0.23970905630937728,-0.620337517264564,-0.33942115202079487,-0.18132061024437243
134932,2019,Semiconductors/Hardware,ON,-0.06931436230613483,1.0,0.0,0.0,0.0,0.0,0.0,0.0,0.0,1.0,0.0,0.8769074483191722,0.0,0.8769074483191722,9.093237067750039,0.11791499722370027,9.039018100640597,0.39186991869918697,1.1109248395647164,0.13494748086166994,0.07625660198207822,0.026066358242390966,64.0,0.0,-0.33189708189585243,-0.23970905630937728,-0.620337517264564,-0.33942115202079487,-0.18132061024437243
134932,2021,Semiconductors/Hardware,ON,0.013278299154749124,1.0,0.0,0.0,0.0,0.0,0.0,0.0,0.0,1.0,0.0,0.7339711117532316,0.0,0.7339711117532316,9.45919548974164,0.09629207671367539,9.172223049863055,0.4763557033035528,1.8572178167921065,0.24875337627259506,0.0683461458549761,0.028776629845597295,42.0,0.0,-0.33189708189585243,-0.23970905630937728,-0.620337517264564,-0.33942115202079487,-0.18132061024437243
134932,2022,Semiconductors/Hardware,ON,0.06939691846873901,1.0,0.0,0.0,0.0,0.0,0.0,0.0,0.0,1.0,0.0,0.7601242443719626,0.0,0.7601242443719626,9.71230900817135,0.0596024674052837,9.390868655149044,0.5166339691948074,1.4709138096788954,0.3624159953249572,0.050106440706265395,0.0386605686640282,43.0,0.0,-0.33189708189585243,-0.23970905630937728,-0.620337517264564,-0.33942115202079487,-0.18132061024437243
134932,2023,Semiconductors/Hardware,ON,0.0994047596217186,1.0,0.0,0.0,0.0,0.0,0.0,0.0,0.0,1.0,0.0,0.8882081316918828,0.0,0.8882081316918828,9.901761714133402,0.056636110477101195,9.48912296124093,0.5889127671166535,1.520905136485114,0.4920773049216054,0.043684545069314115,0.02924464662452184,44.0,0.0,-0.33189708189585243,-0.23970905630937728,-0.620337517264564,-0.33942115202079487,-0.18132061024437243
134932,2024,Semiconductors/Hardware,ON,0.03554202253241158,1.0,0.0,0.0,0.0,0.0,0.0,0.0,0.0,1.0,0.0,0.9601200764070028,0.0,0.9601200764070027,10.345965104030322,0.03854656576118,9.553206410327824,0.6243097843830289,1.10909602696272,0.57193856548709,0.043485358202387546,0.029001184948913603,45.0,0.0,-0.33189708189585243,-0.23970905630937728,-0.620337517264564,-0.33942115202079487,-0.18132061024437243
133885,2021,Biotech,EXEL,-0.0032855444599532296,1.0,0.0,0.0,0.0,1.0,1.0,0.0,0.0,0.0,0.0,0.0,0.14199883951939796,0.0,8.926602378077641,0.145275889056567,7.869493069260209,0.8449591187961037,0.9694772119627942,-0.08304478298809856,0.26515773214908883,0.026827616195697096,61.0,0.0,-0.7684325675430307,-0.3818625842575979,-0.5930618725044893,2.5661782808307487,1.425178852493815
117768,2023,Semiconductors/Hardware,NVDA,0.38693829260515933,1.0,0.0,0.0,0.0,0.0,0.0,0.0,0.0,1.0,1.0,0.7807448868456978,0.0,0.7807448868456978,10.4390419150692,0.029165209768080284,11.09328029328823,0.653876582278481,3.5631588846646554,0.15408958130477118,0.1319833252190847,0.03050734697081698,60.0,0.0,2.3817498717499115,-0.1953866599476667,-0.5022599177807368,-0.7450632873224258,-0.42013540304343333
117768,2024,Semiconductors/Hardware,NVDA,0.5769559152653929,1.0,0.0,0.0,0.0,0.0,0.0,0.0,0.0,1.0,1.0,0.7783080785439435,0.0,0.7783080785439435,10.817099720258167,0.029803704312963093,11.622685289462678,0.7108090429297228,3.612230257273546,0.26741695862940296,0.11571580899812725,0.033073806707782254,61.0,0.0,2.3817498717499115,-0.1953866599476667,-0.5022599177807368,-0.7450632873224258,-0.42013540304343333
121440,2015,Biotech,UTHR,0.2391824408444152,1.0,0.0,1.0,1.0,1.0,0.0,0.0,0.0,0.0,0.0,0.0,81.39151241447398,0.0,7.726599430572758,0.4753780738549754,7.689117070688406,0.7272108018283819,1.5066126499993187,0.7779330676670733,0.11220149740551948,0.022206454955955277,61.0,1.0,-0.4800808676166594,-0.24768679416043995,1.7324364713188738,1.7706537500595445,-0.30885814147005586
121440,2016,Biotech,UTHR,0.2545019867235639,1.0,0.0,1.0,1.0,1.0,0.0,0.0,0.0,0.0,0.0,0.0,8.969770418505323,0.0,9.603207322162353,0.08283360494478442,7.751733349244666,0.7960526315789473,1.2026128425638487,1.039172686618507,0.06346749226006192,0.02372177922294144,62.0,1.0,-0.4800808676166594,-0.24768679416043995,1.7324364713188738,1.7706537500595445,-0.30885814147005586
121440,2017,Biotech,UTHR,0.08200624272414823,1.0,0.0,1.0,1.0,1.0,0.0,0.0,0.0,0.0,0.0,0.5505523722536428,0.0,0.5505523722536428,10.488312836876068,0.03242106352930059,7.965337218092255,0.7299437382788081,1.11309097218573,0.9814544696811836,0.09189414461346114,0.02043271440342394,63.0,1.0,-0.4800808676166594,-0.24768679416043995,1.7324364713188738,1.7706537500595445,-0.30885814147005586
121440,2018,Biotech,UTHR,0.08451480560508212,1.0,0.0,1.0,1.0,1.0,0.0,0.0,0.0,0.0,0.0,0.7979897482586382,1.7508311767677083,0.7979897482586382,9.682610181494615,0.07535697137120158,8.131824785007195,0.8199353131431931,0.5319169562926339,1.0076154072331667,0.10523375477800646,0.023038324842069167,64.0,1.0,-0.4800808676166594,-0.24768679416043995,1.7324364713188738,1.7706537500595445,-0.30885814147005586
121440,2019,Biotech,UTHR,-0.12114359018617105,1.0,0.0,1.0,1.0,1.0,0.0,0.0,0.0,0.0,0.0,0.0,0.25570341048926726,0.0,10.668749861927385,0.028332287730852966,8.272161840343998,0.7104819338682475,0.32946798723217463,0.8460673583073542,0.30219246690857055,0.018168760508541743,65.0,1.0,-0.4800808676166594,-0.24768679416043995,1.7324364713188738,1.7706537500595445,-0.30885814147005586
121440,2020,Biotech,UTHR,0.029389410037331212,1.0,0.0,1.0,1.0,1.0,0.0,0.0,0.0,0.0,0.0,0.0,36.886632992522976,0.0,8.082067010837108,0.4179451561613948,8.437067146936952,0.7356879739978331,0.6880265183912069,0.828819068255688,0.07750812567713976,0.025095374551148127,66.0,1.0,-0.4800808676166594,-0.24768679416043995,1.7324364713188738,1.7706537500595445,-0.30885814147005586
121440,2021,Biotech,UTHR,0.0004426609821068933,1.0,0.0,1.0,1.0,1.0,0.0,0.0,0.0,0.0,0.0,0.0,111.28340099075183,0.0,8.163676398122897,0.38958426075690294,8.550453871110667,0.7658780058424096,0.9009868359710458,0.8303186241318604,0.10448627420634153,0.02171609453487131,67.0,1.0,-0.4800808676166594,-0.24768679416043995,1.7324364713188738,1.7706537500595445,-0.30885814147005586
121440,2022,Biotech,UTHR,0.030919994736996997,1.0,0.0,1.0,1.0,1.0,0.0,0.0,0.0,0.0,0.0,0.0,111.86869048987975,0.0,8.579642782257343,0.26347919020015015,8.706904046642046,0.7935643973860534,0.9815981486547266,0.82501447596989,0.05342046488543303,0.021767777369367018,68.0,1.0,-0.4800808676166594,-0.24768679416043995,1.7324364713188738,1.7706537500595445,-0.30885814147005586
121440,2023,Biotech,UTHR,0.07157078201587805,1.0,0.0,1.0,1.0,1.0,0.0,0.0,0.0,0.0,0.0,0.6665181040493023,17.490269551517606,0.6665181040493023,9.73849833910373,0.08706062257014467,8.877242435993919,0.83504953257988,0.5471687826202979,0.8391656202037114,0.05692758476349937,0.01596871666471893,69.0,1.0,-0.4800808676166594,-0.24768679416043995,1.7324364713188738,1.7706537500595445,-0.30885814147005586
157855,2019,Software,CRM,-0.09215479475952439,1.0,1.0,0.0,0.0,0.0,0.0,0.0,0.0,1.0,1.0,0.4660648578916275,4.461924190363823,0.46606485789162755,9.868424775174661,0.07431037896946883,10.917376753174178,0.6146827268439575,1.5695673981216594,0.030421216848673948,0.05017596052679316,0.01615339959995632,59.0,0.0,2.370290370135587,-0.17372644482432392,-0.47860601558765886,-0.7418381710382295,-0.0011662427575989973
150937,2018,Semiconductors/Hardware,STX,0.03688269390198548,0.0,0.0,0.0,0.0,1.0,0.0,0.0,0.0,0.0,0.0,0.5494422300382777,1.3164725565262938,0.5494422300382777,9.141212455656802,0.10221201655837883,9.149528232579426,0.1769394261424017,2.2762034961637636,-0.5007438894792774,0.10903294367693943,0.023068653396453486,52.0,0.0,-0.5700229326751389,-0.3388277914779697,-0.574012831176547,1.7556845531580856,-1.1803251067468026
150937,2019,Semiconductors/Hardware,STX,0.13200860388698146,0.0,0.0,0.0,0.0,1.0,0.0,0.0,0.0,0.0,0.0,0.6310920918096329,0.7081463634237798,0.6310920918096329,9.244217893363139,0.10484940953131104,9.092119740588751,0.2433314575126618,1.768984166668074,-0.49330332020258866,0.11153629712999437,0.019589549974687016,53.0,0.0,-0.5700229326751389,-0.3388277914779697,-0.574012831176547,1.7556845531580856,-1.1803251067468026
150937,2020,Semiconductors/Hardware,STX,0.030270125460891625,0.0,0.0,0.0,0.0,1.0,0.0,0.0,0.0,0.0,0.0,0.6251305800004393,0.5872941139865424,0.6251305800004393,9.367238730617114,0.09402768684939192,9.097171673870545,0.20011198208286674,1.9393949902917054,-0.5565509518477044,0.10895856662933931,0.027098922532818665,54.0,0.0,-0.5700229326751389,-0.3388277914779697,-0.574012831176547,1.7556845531580856,-1.1803251067468026
150937,2021,Semiconductors/Hardware,STX,0.05986543018975217,0.0,0.0,0.0,0.0,1.0,0.0,0.0,0.0,0.0,0.0,0.6060344007815697,3.694696907678417,0.6060344007815697,9.362304863835025,0.09449275327460108,9.06820060481506,0.07273775216138328,3.4558710012361606,-0.7315273775216138,0.1040922190201729,0.02456722755889439,55.0,0.0,-0.5700229326751389,-0.3388277914779697,-0.574012831176547,1.7556845531580856,-1.1803251067468026
150937,2022,Semiconductors/Hardware,STX,0.09496514267156873,0.0,0.0,0.0,0.0,1.0,0.0,0.0,0.0,0.0,0.0,0.612813711221789,2.04870518635509,0.612813711221789,9.488753469898846,0.08326885090881235,9.09873819539488,0.012186940966010733,4.9239030441187,-0.7917039355992844,0.10521019677996422,0.026587021293799952,56.0,0.0,-0.5700229326751389,-0.3388277914779697,-0.574012831176547,1.7556845531580856,-1.1803251067468026
157855,2015,Software,CRM,-0.06283991898769432,1.0,0.0,0.0,0.0,0.0,0.0,0.0,0.0,0.0,0.0,0.5232144217186376,4.4105524030687615,0.5232144217186376,10.415199873070321,0.04645878687475128,9.45491440138881,0.39174366279501344,2.211286161369403,-0.049327714878943885,0.07409888767883413,0.01992283582954426,51.0,0.0,-0.4640734528346924,-0.1989941162397805,-0.6279204739384207,-0.4029962759698278,0.3136310234450513
157855,2016,Software,CRM,-0.04217144377718661,1.0,0.0,0.0,0.0,0.0,0.0,0.0,0.0,0.0,0.0,0.3320594072291465,10.703567268970263,0.33205940722914656,9.485700363447739,0.11769130360734475,9.774797166166623,0.4265089474659628,2.009718732875877,-0.03998811936793809,0.0687024333288238,0.021123674958446016,52.0,0.0,-0.4640734528346924,-0.1989941162397805,-0.6279204739384207,-0.4029962759698278,0.3136310234450513
157855,2017,Software,CRM,-0.05706061142475519,1.0,0.0,0.0,0.0,0.0,0.0,0.0,0.0,0.0,0.0,0.0,27.70771326193836,0.0,8.445345248087731,0.3330925038713945,9.952744369710869,0.44686265962906263,2.181011417933986,-0.025738034085233168,0.0739213534711084,0.010055484025929784,53.0,0.0,-0.4640734528346924,-0.1989941162397805,-0.6279204739384207,-0.4029962759698278,0.3136310234450513
157855,2018,Software,CRM,-0.052615529982751645,1.0,0.0,0.0,0.0,0.0,0.0,0.0,0.0,0.0,0.0,0.4754909561005649,14.896082065252116,0.4754909561005649,10.253857270248506,0.0545931391710141,10.33322241961703,0.5076943097895045,2.0147269930883636,-0.011861079480756093,0.061359273839346716,0.0214729633311796,54.0,0.0,-0.4640734528346924,-0.1989941162397805,-0.6279204739384207,-0.4029962759698278,0.3136310234450513
157855,2020,Software,CRM,-0.020743014196917577,1.0,0.0,0.0,0.0,0.0,0.0,0.0,0.0,0.0,0.0,0.4661898874451138,18.651884684901678,0.4661898874451138,10.155831589476966,0.060215747194868836,11.101960259016467,0.625827664741105,1.6085923040018508,0.026666264460566205,0.054267658104704304,0.033329280499850004,56.0,0.0,-0.4640734528346924,-0.1989941162397805,-0.6279204739384207,-0.4029962759698278,0.3136310234450513
157855,2021,Software,CRM,-0.0764376770377479,1.0,1.0,0.0,0.0,0.0,0.0,0.0,0.0,1.0,1.0,0.4606600344865179,1.889766067696846,0.4606600344865179,10.034270828795526,0.04686577830578236,11.463829754126165,0.6105620266991566,1.3756891768059727,0.06187440263000347,0.046896826980642584,0.017745539954443702,41.0,0.0,2.370290370135587,-0.17372644482432392,-0.47860601558765886,-0.7418381710382295,-0.0011662427575989973
157855,2022,Software,CRM,-0.08730004742131992,1.0,1.0,0.0,0.0,0.0,0.0,0.0,0.0,1.0,1.0,0.5509001336851792,0.4103392635588116,0.5509001336851792,10.195888399040927,0.05227150967957882,11.501348712209706,0.5903853352082469,1.037988984128348,0.07294965047699016,0.051138605347550305,0.029746894373480333,42.0,0.0,2.370290370135587,-0.17372644482432392,-0.47860601558765886,-0.7418381710382295,-0.0011662427575989973
157855,2023,Software,CRM,-0.02440344341657677,1.0,0.0,0.0,0.0,0.0,0.0,0.0,0.0,0.0,0.0,0.412144157687824,3.5848845874316733,0.41214415768782403,10.58764880530674,0.03916283802101363,11.51115389666936,0.5975176061629084,1.520819003602185,0.07323963415244984,0.049146990172605515,0.018632253895678522,59.0,0.0,-0.4640734528346924,-0.1989941162397805,-0.6279204739384207,-0.4029962759698278,0.3136310234450513
157855,2024,Software,CRM,-0.01587769301240243,1.0,0.0,0.0,0.0,0.0,0.0,0.0,0.0,0.0,0.0,0.5089198741431994,2.7634137197334465,0.5089198741431994,10.916444925622894,0.02818900947833428,11.541784993650781,0.5943280739934712,1.681486415104095,0.11168972485621016,0.05336740245608581,0.022636232475528952,60.0,0.0,-0.4640734528346924,-0.1989941162397805,-0.6279204739384207,-0.4029962759698278,0.3136310234450513
150937,2017,Semiconductors/Hardware,STX,0.020169207008805826,0.0,0.0,0.0,0.0,1.0,0.0,0.0,0.0,0.0,0.0,0.6027361074041439,0.1154529780425089,0.6027361074041439,8.943539038259992,0.10245497275357353,9.134322885552267,0.1471730686232197,2.115022553484634,-0.5166163141993958,0.13293051359516617,0.024755844143966945,51.0,0.0,-0.5700229326751389,-0.3388277914779697,-0.574012831176547,1.7556845531580856,-1.1803251067468026
150937,2016,Semiconductors/Hardware,STX,-0.022333237760903013,1.0,1.0,1.0,1.0,0.0,0.0,0.0,0.0,0.0,0.0,0.7042981355444915,0.043855948712023717,0.7042981355444915,9.251563310107805,0.11958839418381084,9.018210874191142,0.19304411051866213,1.5185792427089577,-0.5254483761512361,0.14990305380513816,0.03492835768672006,59.0,0.0,-0.3189658785317887,-0.05724406583821757,1.7190928073895329,-0.2890731589288402,0.5378584417136607
150937,2015,Semiconductors/Hardware,STX,0.11781632758041488,1.0,1.0,1.0,1.0,0.0,0.0,0.0,0.0,0.0,0.0,0.6486607057383559,0.573443816248774,0.6486607057383559,9.362828899765205,0.10303305721476351,9.194718991073225,0.3065515490096496,1.602367582151237,-0.27587607922803453,0.13743016759776536,0.022810766489832483,58.0,0.0,-0.3189658785317887,-0.05724406583821757,1.7190928073895329,-0.2890731589288402,0.5378584417136607
151630,2024,Biotech,HALO,0.13913007374089237,0.0,0.0,0.0,0.0,0.0,0.0,0.0,0.0,1.0,0.0,0.6938048202155144,3.862337421992615,0.6938048202155144,9.452613539851919,0.07534480845230618,7.632147703019542,0.17631454094230276,2.783878511870794,0.1762549328148557,0.038308156572619906,0.025716327091395652,62.0,1.0,-0.26527207103710304,-0.21076021834868686,-0.603427440625109,-0.24369234816546256,-1.2475293175383442
139804,2016,Semiconductors/Hardware,TTMI,-0.03844258206495057,1.0,1.0,1.0,1.0,0.0,0.0,0.0,0.0,0.0,0.0,0.3466752059453022,0.0,0.3466752059453022,7.801231733090041,0.26599989360004256,7.8240764103942215,0.32832881880390835,0.511058877549239,0.024922042369911954,0.0,0.03126252117952531,54.0,0.0,-0.3189658785317887,-0.05724406583821757,1.7190928073895329,-0.2890731589288402,0.5378584417136607
139804,2017,Semiconductors/Hardware,TTMI,-0.01847709312122011,1.0,1.0,1.0,1.0,0.0,0.0,0.0,0.0,0.0,0.0,0.4166619834132545,0.0,0.4166619834132545,7.869288174021739,0.25688046387529473,7.930882956055427,0.3635596333705024,0.4558835909616592,0.0842066629713266,0.0,0.023381755174508807,55.0,0.0,-0.3189658785317887,-0.05724406583821757,1.7190928073895329,-0.2890731589288402,0.5378584417136607
139804,2018,Semiconductors/Hardware,TTMI,-0.03852334027152282,1.0,1.0,1.0,1.0,0.0,0.0,0.0,0.0,0.0,0.0,0.4239819880175522,0.0,0.4239819880175522,7.618731572111051,0.3385257601015335,8.148301931217496,0.35490554888889464,-0.19580770488785984,0.12410343534047548,0.0,0.023431498108295246,56.0,0.0,-0.3189658785317887,-0.05724406583821757,1.7190928073895329,-0.2890731589288402,0.5378584417136607
139804,2019,Semiconductors/Hardware,TTMI,-0.08284210277121541,1.0,1.0,1.0,1.0,0.0,0.0,0.0,0.0,0.0,0.0,0.3460980849038567,0.0,0.3460980849038567,7.578729445096732,0.3637460879629393,8.17777786816115,0.35918592121783816,0.2163209963378094,0.13036555307274808,0.0,0.025763046945017,57.0,0.0,-0.3189658785317887,-0.05724406583821757,1.7190928073895329,-0.2890731589288402,0.5378584417136607
139804,2020,Semiconductors/Hardware,TTMI,-0.020855178187723165,1.0,1.0,1.0,1.0,0.0,0.0,0.0,0.0,0.0,0.0,0.3302448643539673,0.0,0.3302448643539673,7.867158755603632,0.28844632412296817,7.97106641630207,0.498631534311437,0.019804643739131333,0.21165153746066914,0.006826789468304635,0.03254799846770003,58.0,0.0,-0.3189658785317887,-0.05724406583821757,1.7190928073895329,-0.2890731589288402,0.5378584417136607
139804,2021,Semiconductors/Hardware,TTMI,-0.07361946340667658,1.0,1.0,1.0,1.0,0.0,0.0,0.0,0.0,0.0,0.0,0.3919819165776522,0.0,0.39198191657765225,7.86137416501829,0.2938247856331433,8.014847180564091,0.48104260155271095,0.05820387893529813,0.2244232199995571,0.005997593162492601,0.008869101172809457,59.0,0.0,-0.3189658785317887,-0.05724406583821757,1.7190928073895329,-0.2890731589288402,0.5378584417136607
139804,2022,Semiconductors/Hardware,TTMI,-0.060946303885834434,1.0,1.0,1.0,1.0,0.0,0.0,0.0,0.0,0.0,0.0,0.2658799904589805,0.0,0.2658799904589805,8.294990447404018,0.20580628483439964,8.108805015304364,0.46202225054489043,0.003912187831692319,0.23349683054900647,0.007464186467461226,0.03162318052251621,60.0,0.0,-0.3189658785317887,-0.05724406583821757,1.7190928073895329,-0.2890731589288402,0.5378584417136607
139804,2023,Semiconductors/Hardware,TTMI,-0.07146851865887414,1.0,1.0,1.0,1.0,0.0,0.0,0.0,0.0,0.0,0.0,0.2608171750032297,0.0,0.26081717500322976,7.845576556206564,0.33354081764477905,8.108822766960797,0.4546306289175527,0.06612095521577617,0.22657411416259712,0.008205404699573933,0.022815192548822003,61.0,0.0,-0.3189658785317887,-0.05724406583821757,1.7190928073895329,-0.2890731589288402,0.5378584417136607
139804,2024,Semiconductors/Hardware,TTMI,-0.05987198510876823,1.0,1.0,1.0,1.0,0.0,0.0,0.0,0.0,0.0,0.0,0.4715723455689979,0.0,0.4715723455689979,8.297279667941046,0.22614336966329682,8.152628346765235,0.45034606251299497,0.4788795072979801,0.23341724996501073,0.009170642195494074,0.02495948919827291,62.0,0.0,-0.3189658785317887,-0.05724406583821757,1.7190928073895329,-0.2890731589288402,0.5378584417136607
139804,2025,Semiconductors/Hardware,TTMI,-0.035559782272953804,1.0,0.0,0.0,0.0,1.0,0.0,0.0,0.0,1.0,0.0,0.2544216122559774,3.4972428259737294,0.2544216122559774,8.291944175165492,0.15293440929635255,8.253313839783612,0.45888049754044635,1.398159968245822,0.25647268425560193,0.007549349261821442,0.03713707583270002,61.0,0.0,-0.504471572595048,-0.4084915695082569,-0.5833399511421452,1.7235308732517858,-0.6090680331422544
142814,2015,Semiconductors/Hardware,SYNA,0.013533977747447093,1.0,0.0,1.0,0.0,0.0,0.0,0.0,0.0,0.0,0.0,0.3289284344810809,3.7186968192047014,0.3289284344810809,8.626631999522534,0.1254871815740359,7.326070799069122,0.5219823614584704,1.4120487892710276,0.3954850598920626,0.19297090956956692,0.02887738960318697,52.0,0.0,-0.47024218710790366,-0.18195324958243347,-0.5048237515515195,-0.47581435434036906,0.39279862525945874
142814,2016,Semiconductors/Hardware,SYNA,0.0031433603060038798,1.0,0.0,1.0,0.0,0.0,0.0,0.0,0.0,0.0,0.0,0.5816738186199013,0.7369922408102915,0.5816738186199013,8.96178516212001,0.08975201262477453,7.170273377770369,0.5422242731887402,0.9875327977941633,0.514228580218428,0.239347792647285,0.03821368786543355,53.0,0.0,-0.47024218710790366,-0.18195324958243347,-0.5048237515515195,-0.47581435434036906,0.39279862525945874
142814,2017,Semiconductors/Hardware,SYNA,-0.024602858310739134,1.0,0.0,1.0,0.0,0.0,0.0,0.0,0.0,0.0,0.0,0.5827878446055751,0.5090461810509996,0.5827878446055751,8.677994336366575,0.09536367362668222,7.144170372489587,0.5843530433409647,0.8836821117629259,0.5649325017762691,0.23075708533985947,0.028014120523051085,54.0,0.0,-0.47024218710790366,-0.18195324958243347,-0.5048237515515195,-0.47581435434036906,0.39279862525945874
142814,2018,Semiconductors/Hardware,SYNA,-0.17147272408573347,1.0,0.0,1.0,0.0,0.0,0.0,0.0,0.0,0.0,0.0,0.7983101022786295,0.14513759369266097,0.7983101022786295,8.85538138351481,0.09982855159324942,7.313087044867289,0.4862648353113748,0.8897761190256495,0.4053207094279237,0.2421656220829444,0.028289309601292306,55.0,0.0,-0.47024218710790366,-0.18195324958243347,-0.5048237515515195,-0.47581435434036906,0.39279862525945874
12141,2019,Software,MSFT,0.04249611723933086,1.0,0.0,1.0,1.0,0.0,0.0,0.0,0.0,1.0,0.0,0.6914123128956591,0.0,0.6914123128956591,10.666865188460084,0.05437709878638455,12.565689258514816,0.35710297463672025,2.303128559088087,0.08309021622300702,0.058892502687083854,0.012489753514462184,52.0,0.0,-0.17533000597862355,-0.1196192210311571,1.7030218618703117,-0.22872315126400367,-0.37606235226159784
11399,2016,Semiconductors/Hardware,WDC,-0.04502242938711422,1.0,0.0,0.0,0.0,0.0,0.0,0.0,0.0,0.0,0.0,0.6066119104998183,0.02296700141621893,0.6066119104998183,9.263539089890791,0.09956011496633162,10.400072254011777,0.3391455176191346,0.18589226409999854,0.2723814740429676,0.04951007242407644,0.030887982263270816,53.0,0.0,-0.4640734528346924,-0.1989941162397805,-0.6279204739384207,-0.4029962759698278,0.3136310234450513
11399,2017,Semiconductors/Hardware,WDC,-0.049832781843791,1.0,0.0,0.0,0.0,0.0,0.0,0.0,0.0,0.0,0.0,0.5663536938233682,0.7328524990249963,0.5663536938233682,9.792981822937618,0.06421845801542404,10.304275071093182,0.38238446081714667,0.8247652884255123,0.28717347622237105,0.08174815807099799,0.019042744912906015,54.0,0.0,-0.4640734528346924,-0.1989941162397805,-0.6279204739384207,-0.4029962759698278,0.3136310234450513
11399,2018,Semiconductors/Hardware,WDC,-0.06563959470183273,1.0,0.0,0.0,0.0,0.0,0.0,0.0,0.0,0.0,0.0,0.8123254891067306,0.0,0.8123254891067306,9.89032029341322,0.06332839557611133,10.283121900609771,0.3944244911920643,0.6866810857695662,0.29820420728578756,0.08209338122113904,0.02504163120330095,55.0,0.0,-0.4640734528346924,-0.1989941162397805,-0.6279204739384207,-0.4029962759698278,0.3136310234450513
11399,2019,Semiconductors/Hardware,WDC,-0.12303356579945772,1.0,0.0,0.0,0.0,0.0,0.0,0.0,0.0,0.0,0.0,0.901659732751853,0.031990750531478374,0.901659732751853,9.462379903972504,0.0971517515800178,10.179982279347332,0.37796738718240425,0.3417222303637629,0.2799014031095942,0.08274554417899128,0.030415817581184643,56.0,0.0,-0.4640734528346924,-0.1989941162397805,-0.6279204739384207,-0.4029962759698278,0.3136310234450513
12141,2015,Software,MSFT,0.010064458394929199,1.0,0.0,1.0,1.0,0.0,0.0,0.0,0.0,1.0,0.0,0.6975551907783147,0.0,0.6975551907783147,9.814343175044755,0.30173382157364026,12.079505517450139,0.45444124773724204,1.4873401893566844,0.06592783007893407,0.06835657093568943,0.01776775252746495,48.0,0.0,-0.17533000597862355,-0.1196192210311571,1.7030218618703117,-0.22872315126400367,-0.37606235226159784
12141,2016,Software,MSFT,0.03433786282586187,1.0,0.0,1.0,1.0,0.0,0.0,0.0,0.0,1.0,0.0,0.6790586677131643,0.0,0.6790586677131643,9.780869591191069,0.3201441372107024,12.174034873179655,0.3717048540481378,1.7136778204464826,0.019716666494573917,0.06189143700889031,0.014293676093748155,49.0,0.0,-0.17533000597862355,-0.1196192210311571,1.7030218618703117,-0.22872315126400367,-0.37606235226159784
12141,2017,Software,MSFT,0.024823856846043726,1.0,0.0,1.0,1.0,0.0,0.0,0.0,0.0,1.0,0.0,0.5713235814337776,0.0,0.5713235814337776,9.904194902305283,0.07244873527491948,12.392908995291261,0.30028288660478003,1.9932268244203375,0.012771376189409588,0.05407613880523962,0.009323759939914121,50.0,0.0,-0.17533000597862355,-0.1196192210311571,1.7030218618703117,-0.22872315126400367,-0.37606235226159784
12141,2018,Software,MSFT,-0.02471009262447514,1.0,0.0,1.0,1.0,0.0,0.0,0.0,0.0,1.0,0.0,0.6503516216199169,0.0,0.6503516216199169,10.15980522701404,0.05804220620283128,12.46399629581768,0.3195620595870936,2.2139642896718814,0.04440830139695883,0.05689053034985783,0.017804009774674386,51.0,0.0,-0.17533000597862355,-0.1196192210311571,1.7030218618703117,-0.22872315126400367,-0.37606235226159784
12141,2020,Software,MSFT,0.06480122753103398,1.0,0.0,1.0,1.0,0.0,0.0,0.0,0.0,1.0,0.0,0.6930814253251696,0.0,0.6930814253251696,10.6992316635677,0.05640566666669675,12.6158982329153,0.39263086976579015,2.566782720091405,0.1252924718978066,0.06395053615699393,0.027644189360952146,53.0,0.0,-0.17533000597862355,-0.1196192210311571,1.7030218618703117,-0.22872315126400367,-0.37606235226159784
8530,2025,Biotech,PFE,-0.04443435593368351,0.0,0.0,0.0,0.0,1.0,0.0,1.0,0.0,0.0,0.0,0.3423591147142626,0.0,0.3423591147142626,10.224892814508006,0.06526163916861458,12.246062293746332,0.4154304381245196,0.4930078979072519,0.5118226364335127,0.07662375096079939,0.016428583028603255,64.0,0.0,-0.5785338499267407,4.652875614304953,-0.3273906229614829,1.2116139238194628,-1.5290643393810546
12141,2021,Software,MSFT,0.09196325971444423,1.0,0.0,1.0,1.0,0.0,0.0,0.0,0.0,1.0,0.0,0.6625986696693107,0.0,0.6625986696693107,10.816939859892075,0.050142122832957735,12.718234376307526,0.4253952465553555,2.6634403524988532,0.17639515967151917,0.062065019069504075,0.013259373910668816,54.0,0.0,-0.17533000597862355,-0.1196192210311571,1.7030218618703117,-0.22872315126400367,-0.37606235226159784
12141,2022,Software,MSFT,0.10996531967958988,1.0,0.0,1.0,1.0,0.0,0.0,0.0,0.0,1.0,0.0,0.7692884157150575,0.0,0.7692884157150575,10.914111787421065,0.04549896154080158,12.807214180294094,0.4564795526806271,2.443258321105046,0.21818605416072798,0.06718561561232321,0.02224445535288124,55.0,0.0,-0.17533000597862355,-0.1196192210311571,1.7030218618703117,-0.22872315126400367,-0.37606235226159784
12141,2023,Software,MSFT,0.10980694639595973,1.0,0.0,1.0,1.0,0.0,0.0,0.0,0.0,1.0,0.0,0.8087834491113092,0.0,0.8087834491113092,10.789577538366899,0.05153307071943074,12.92872037420774,0.500570421577956,2.507369486949497,0.27308629628910425,0.06601112686175893,0.015793512472292222,56.0,0.0,-0.17533000597862355,-0.1196192210311571,1.7030218618703117,-0.22872315126400367,-0.37606235226159784
12215,2016,Semiconductors/Hardware,CY,-0.2296267089892175,1.0,0.0,0.0,0.0,0.0,0.0,0.0,0.0,1.0,0.0,0.8531499095419779,0.013758695016151087,0.8531499095419779,8.33974573686351,0.09636054238988304,8.261493131725771,0.48860822067677356,0.6712727993750138,-0.37548874949604466,0.09444555358378416,0.024282752305240757,37.0,0.0,-0.33189708189585243,-0.23970905630937728,-0.620337517264564,-0.33942115202079487,-0.18132061024437243
12215,2017,Semiconductors/Hardware,CY,-0.08600456858283387,1.0,0.0,0.0,0.0,0.0,0.0,0.0,0.0,1.0,0.0,0.7547031268323897,0.009791667897980635,0.7547031268323897,8.768643654888383,0.10117512457527444,8.171048325379243,0.5135737408292221,1.0834928608286063,-0.4277768196661059,0.10093609081013839,0.019859299861071447,38.0,0.0,-0.33189708189585243,-0.23970905630937728,-0.620337517264564,-0.33942115202079487,-0.18132061024437243
12215,2018,Semiconductors/Hardware,CY,0.0072833822780846574,1.0,0.0,0.0,0.0,0.0,0.0,0.0,0.0,1.0,0.0,0.7674026152049864,0.004013319118218289,0.7674026152049864,8.856216742094709,0.09652812629223462,8.21425263140869,0.5728705206710142,0.7761477344202746,-0.31281309103315136,0.09855803141707156,0.022871690537490687,39.0,0.0,-0.33189708189585243,-0.23970905630937728,-0.620337517264564,-0.33942115202079487,-0.18132061024437243
12215,2019,Semiconductors/Hardware,CY,-0.08307187816086205,1.0,0.0,0.0,0.0,0.0,0.0,0.0,0.0,1.0,0.0,0.8243565299158833,0.0,0.8243565299158833,9.265950938518326,0.17520627166896569,8.176423654612622,0.5906039570160012,1.4207105800424893,-0.31845913826159683,0.10199785496190504,0.021867514070311084,40.0,0.0,-0.33189708189585243,-0.23970905630937728,-0.620337517264564,-0.33942115202079487,-0.18132061024437243
12945,2015,Semiconductors/Hardware,PLXS,-0.003714708082114257,1.0,0.0,0.0,0.0,0.0,0.0,0.0,0.0,1.0,0.0,0.3769323484172838,0.7601734266547754,0.37693234841728385,8.730586967764603,0.1471197345121305,7.439787250250301,0.4947591265915879,0.4281764438525387,0.5017927757949422,0.0,0.01857189789856869,57.0,0.0,-0.33189708189585243,-0.23970905630937728,-0.620337517264564,-0.33942115202079487,-0.18132061024437243
12945,2016,Semiconductors/Hardware,PLXS,-0.009105225256833008,1.0,0.0,1.0,0.0,0.0,0.0,0.0,0.0,1.0,0.0,0.7310908264386924,0.35741543045175445,0.7310908264386924,8.49046988335879,0.11013499370295057,7.476369884405063,0.5191908117423134,0.5348307196965834,0.5241788654443066,0.0,0.016388100728850212,51.0,0.0,-0.3380658161690637,-0.2226681896520303,-0.4972407948776628,-0.41223923039133614,-0.1021530084299651
12945,2017,Semiconductors/Hardware,PLXS,-0.006421844765051303,1.0,0.0,1.0,0.0,0.0,0.0,0.0,0.0,1.0,0.0,0.5852580219050841,0.37691156770785267,0.5852580219050841,8.587389738195343,0.15661137725723137,7.588921979329542,0.5191520821462801,0.6038859070940207,0.528406290513728,0.0,0.011775230744551312,52.0,0.0,-0.3380658161690637,-0.2226681896520303,-0.4972407948776628,-0.41223923039133614,-0.1021530084299651
12945,2018,Semiconductors/Hardware,PLXS,-0.08198111786400304,1.0,0.0,1.0,0.0,0.0,0.0,0.0,0.0,1.0,0.0,0.5174497053593624,0.17526454124631785,0.5174497053593624,8.80593315410477,0.13710488133834742,7.566643257710312,0.47662370992661857,0.7042429345151014,0.5434358768980494,0.0,0.017187491343437326,53.0,0.0,-0.3380658161690637,-0.2226681896520303,-0.4972407948776628,-0.41223923039133614,-0.1021530084299651
11399,2015,Semiconductors/Hardware,WDC,0.037375923824001955,1.0,0.0,0.0,0.0,0.0,0.0,0.0,0.0,0.0,0.0,0.5774905935286346,0.2204778836782508,0.5774905935286346,9.36804156981941,0.08968101998579965,9.627799924932715,0.607272248204993,0.6711364549887865,0.5985771688294579,0.10842500494038601,0.021789680598425953,52.0,0.0,-0.4640734528346924,-0.1989941162397805,-0.6279204739384207,-0.4029962759698278,0.3136310234450513
8530,2024,Biotech,PFE,-0.038450570660243925,0.0,0.0,0.0,0.0,1.0,0.0,1.0,0.0,0.0,0.0,0.196306040470163,0.0,0.19630604047016303,10.112480535135262,0.0730260836594117,12.270904873531661,0.4133301467693865,0.5332950692973923,0.5102391797409511,0.05984179647228627,0.014705810637846694,63.0,0.0,-0.5785338499267407,4.652875614304953,-0.3273906229614829,1.2116139238194628,-1.5290643393810546
12945,2020,Semiconductors/Hardware,PLXS,-0.03085560702536723,1.0,0.0,1.0,0.0,0.0,0.0,0.0,0.0,1.0,0.0,0.6068337754127603,0.0,0.6068337754127603,9.012197068854489,0.12319148632682897,7.73624071879948,0.4268754956660879,0.7398419452543856,0.563364904570085,0.0,0.0340269416915582,55.0,0.0,-0.3380658161690637,-0.2226681896520303,-0.4972407948776628,-0.41223923039133614,-0.1021530084299651
7648,2018,Software,VYX,-0.1000671031773648,1.0,0.0,1.0,1.0,0.0,0.0,0.0,0.0,0.0,0.0,0.3511271049935853,0.0,0.35112710499358535,9.563802389991766,0.11556087270062289,8.95686647085414,0.05089550315680969,1.9366799783543993,0.04638577502899111,0.03247004252029378,,59.0,0.0,-0.30750637691746363,-0.07890428096156032,1.6954389051964547,-0.2922982752130367,0.11888928142782612
10499,2021,Semiconductors/Hardware,TXN,0.2232360202414329,1.0,0.0,0.0,0.0,0.0,0.0,0.0,0.0,0.0,0.0,0.3386290608729346,12.246382846400111,0.33862906087293465,9.862426519031665,0.2866136599002751,10.113586390329528,0.5403225806451613,2.569653470554762,1.8545145080239909,0.06297617117847301,0.016769883542266634,63.0,0.0,-0.4640734528346924,-0.1989941162397805,-0.6279204739384207,-0.4029962759698278,0.3136310234450513
10499,2022,Semiconductors/Hardware,TXN,0.23216738736512038,1.0,0.0,0.0,0.0,0.0,0.0,0.0,0.0,0.0,0.0,0.3467494939570272,8.418430246422655,0.3467494939570272,9.981817378680713,0.27649243956865377,10.211229572115677,0.5357812327709781,2.329117002103326,1.8414011100084537,0.061381262175175505,0.020185267597138654,64.0,0.0,-0.4640734528346924,-0.1989941162397805,-0.6279204739384207,-0.4029962759698278,0.3136310234450513
7637,2023,Biotech,VTRS,-0.06468968120004402,1.0,0.0,0.0,0.0,0.0,0.0,0.0,0.0,1.0,0.0,0.703058408607086,0.0,0.703058408607086,9.67598507740187,0.06422164051155246,10.772382647435654,0.4292164284740645,-0.4535627898308256,0.03968292248167682,0.019098048673076722,0.015869936438116676,61.0,0.0,-0.33189708189585243,-0.23970905630937728,-0.620337517264564,-0.33942115202079487,-0.18132061024437243
7637,2024,Biotech,VTRS,-0.09136642439985262,1.0,0.0,0.0,0.0,0.0,0.0,0.0,0.0,1.0,0.0,0.6639859983268944,0.0,0.6639859983268944,9.59963402409863,0.09485493935754342,10.633470392730624,0.44903845458773184,-0.2263335767561168,0.004961338187846528,0.02443561464932086,0.018865048285954335,62.0,0.0,-0.33189708189585243,-0.23970905630937728,-0.620337517264564,-0.33942115202079487,-0.18132061024437243
7648,2015,Software,VYX,-0.08243996984965958,1.0,0.0,0.0,0.0,0.0,0.0,0.0,0.0,0.0,0.0,0.6696426650693484,0.06197372979681151,0.6696426650693484,9.388209615249039,0.08370518664959192,8.940498217652733,0.09430255402750491,1.5081370464706791,0.09417157825802226,0.030124426981008513,,52.0,0.0,-0.4640734528346924,-0.1989941162397805,-0.6279204739384207,-0.4029962759698278,0.3136310234450513
7648,2016,Software,VYX,-0.017198235478125254,1.0,0.0,0.0,0.0,0.0,0.0,0.0,0.0,0.0,0.0,0.7816459770987033,0.09189908613569577,0.7816459770987033,9.862158502401567,0.052109749176496606,8.945462952177666,0.09057734914635736,1.9839791200714882,0.08627655415091881,0.031539163299882704,,53.0,0.0,-0.4640734528346924,-0.1989941162397805,-0.6279204739384207,-0.4029962759698278,0.3136310234450513
7648,2017,Software,VYX,-0.032817211752829104,1.0,0.0,0.0,0.0,0.0,0.0,0.0,0.0,0.0,0.0,0.8041798572386465,0.11063538468541018,0.8041798572386465,9.428271803763598,0.08041805810011694,8.942983665985647,0.09393781029527044,1.7522260507202345,0.08596812124379409,0.03344656388816305,,54.0,0.0,-0.4640734528346924,-0.1989941162397805,-0.6279204739384207,-0.4029962759698278,0.3136310234450513
7648,2019,Software,VYX,-0.03168315145849693,1.0,0.0,1.0,1.0,0.0,0.0,0.0,0.0,0.0,0.0,0.5085849835202993,0.5479325182002809,0.5085849835202993,9.455681484363431,0.07824375935599752,9.103534367658373,0.12284410815622566,1.4028976090184293,0.08801602314454211,0.028819405808389896,,60.0,0.0,-0.30750637691746363,-0.07890428096156032,1.6954389051964547,-0.2922982752130367,0.11888928142782612
8530,2023,Biotech,PFE,-0.05648141333860625,0.0,0.0,0.0,0.0,1.0,0.0,1.0,0.0,0.0,0.0,0.4057409092781798,0.008589135636772731,0.40574090927817985,9.978299248446763,0.08293268918489068,12.330504638906516,0.39299605741255006,0.6021817737233337,0.4873797466677851,0.05702844579052631,0.01446701049620318,62.0,0.0,-0.5785338499267407,4.652875614304953,-0.3273906229614829,1.2116139238194628,-1.5290643393810546
7648,2020,Software,VYX,-0.09154899911977447,1.0,0.0,1.0,1.0,0.0,0.0,0.0,0.0,0.0,0.0,0.3846728217839154,0.35223605667110064,0.38467282178391543,10.251509476849463,0.011195022846387391,9.037652264150466,0.12455431423817447,1.532154292557487,0.08069883527454243,0.027810791537913004,,61.0,0.0,-0.30750637691746363,-0.07890428096156032,1.6954389051964547,-0.2922982752130367,0.11888928142782612
7648,2021,Software,VYX,-0.08327169297152788,1.0,0.0,1.0,1.0,0.0,0.0,0.0,0.0,0.0,0.0,0.7635738173529316,1.0100729079159794,0.7635738173529316,9.605115276259328,0.06635982167987456,9.36228862824824,0.10789451078086075,1.4424955760144174,0.06356842195687655,0.023022077141139078,,62.0,0.0,-0.30750637691746363,-0.07890428096156032,1.6954389051964547,-0.2922982752130367,0.11888928142782612
7648,2022,Software,VYX,-0.08419004955567166,1.0,0.0,1.0,1.0,0.0,0.0,0.0,0.0,0.0,0.0,0.91008008336737,0.0,0.91008008336737,9.452784071423883,0.07847079258246986,9.350710824823459,0.12861736334405144,0.7806195999018634,0.06735030850786478,0.018858086382202138,,63.0,0.0,-0.30750637691746363,-0.07890428096156032,1.6954389051964547,-0.2922982752130367,0.11888928142782612
8530,2015,Biotech,PFE,-0.017564118782859364,1.0,0.0,0.0,0.0,0.0,0.0,0.0,0.0,0.0,0.0,0.1396827698188315,0.1249010165953264,0.13968276981883154,9.575080980811276,0.12906727705159857,12.028499795758423,0.38632509255941716,1.125288264412401,0.37305028066403917,0.0463453959154425,0.012610466050535134,62.0,0.0,-0.4640734528346924,-0.1989941162397805,-0.6279204739384207,-0.4029962759698278,0.3136310234450513
8530,2016,Biotech,PFE,-0.010344778603353665,1.0,0.0,0.0,0.0,0.0,0.0,0.0,0.0,0.0,0.0,0.23452897874273,2.1452695870289897,0.23452897874273004,9.740366324045667,0.11214105151784334,12.053008874803155,0.34682283017218773,1.1976707298400477,0.35392011187833233,0.04880109547533724,0.011782295319625193,63.0,0.0,-0.4640734528346924,-0.1989941162397805,-0.6279204739384207,-0.4029962759698278,0.3136310234450513
8530,2017,Biotech,PFE,0.060901945022218684,1.0,0.0,0.0,0.0,0.0,0.0,0.0,0.0,0.0,0.0,0.2534537368004709,1.1588075705925955,0.25345373680047095,10.172183193013687,0.0747846237233681,12.054068826214518,0.41494903869101324,1.111150799748333,0.44220795473727714,0.04457004487854852,0.007071375525931922,64.0,0.0,-0.4640734528346924,-0.1989941162397805,-0.6279204739384207,-0.4029962759698278,0.3136310234450513
8530,2018,Biotech,PFE,-0.018769381366574703,1.0,0.0,0.0,0.0,0.0,0.0,0.0,0.0,0.0,0.0,0.3596374953815276,2.3927612840475985,0.35963749538152767,9.880690308848752,0.1019222615253105,11.979310053380576,0.39761137107801936,1.3703729054868836,0.49101755090263577,0.051561265070065615,0.012450134588398122,65.0,0.0,-0.4640734528346924,-0.1989941162397805,-0.6279204739384207,-0.4029962759698278,0.3136310234450513
8530,2019,Biotech,PFE,0.00271815179023234,0.0,0.0,0.0,0.0,1.0,0.0,1.0,0.0,0.0,0.0,0.2648327126992322,0.4380195914029396,0.2648327126992322,9.6929217560845,0.09875010145029954,12.02867295644899,0.37689639319597107,1.2339445648269232,0.5136456722531032,0.05242732358542949,0.011969956448265113,58.0,0.0,-0.5785338499267407,4.652875614304953,-0.3273906229614829,1.2116139238194628,-1.5290643393810546
8530,2020,Biotech,PFE,-0.019811040837848994,0.0,0.0,0.0,0.0,1.0,0.0,1.0,0.0,0.0,0.0,0.2490526442110893,0.9178500329760462,0.24905264421108939,9.886635856955008,0.08390204512506234,11.946193789873778,0.41002664868474803,1.1757204703045747,0.551660193608206,0.0668162278170772,0.022544864303477175,59.0,0.0,-0.5785338499267407,4.652875614304953,-0.3273906229614829,1.2116139238194628,-1.5290643393810546
8530,2021,Biotech,PFE,0.029508123155781676,0.0,0.0,0.0,0.0,1.0,0.0,1.0,0.0,0.0,0.0,0.2543195130804773,3.7785113950284486,0.25431951308047734,10.09836816321734,0.06943496357164071,12.108878692538742,0.425406114307126,1.4583037962342589,0.5372501046970398,0.07620291388392955,0.016426581312048487,60.0,0.0,-0.5785338499267407,4.652875614304953,-0.3273906229614829,1.2116139238194628,-1.5290643393810546
8530,2022,Biotech,PFE,0.0696789205574161,0.0,0.0,0.0,0.0,1.0,0.0,1.0,0.0,0.0,0.0,0.3043570089366366,1.9142832241771843,0.3043570089366366,10.326913920460848,0.05688569684372945,12.191999075798813,0.48508404959306306,1.1013294518643797,0.5950761897517811,0.06379655688243199,0.016980886506471247,61.0,0.0,-0.5785338499267407,4.652875614304953,-0.3273906229614829,1.2116139238194628,-1.5290643393810546
12945,2019,Semiconductors/Hardware,PLXS,-0.04015643398262015,1.0,0.0,1.0,0.0,0.0,0.0,0.0,0.0,1.0,0.0,0.5306535903701537,0.0441607238367594,0.5306535903701537,8.782550050525359,0.14705925210917864,7.601343862109634,0.43259700842078225,0.7393651141777673,0.5801903459622577,0.0,0.017246234351821568,54.0,0.0,-0.3380658161690637,-0.2226681896520303,-0.4972407948776628,-0.41223923039133614,-0.1021530084299651
12945,2021,Semiconductors/Hardware,PLXS,-0.035179437389250785,1.0,0.0,1.0,0.0,0.0,0.0,0.0,0.0,1.0,0.0,0.6662503946822479,0.0,0.6662503946822479,8.938954262778847,0.13117814635047312,7.808685845198823,0.41765909403861173,0.8915181056376635,0.5812628737317178,0.0,0.017241140485215394,56.0,0.0,-0.3380658161690637,-0.2226681896520303,-0.4972407948776628,-0.41223923039133614,-0.1021530084299651
13421,2016,Software,CDNS,0.04446366129791767,1.0,0.0,1.0,0.0,0.0,0.0,0.0,0.0,1.0,1.0,0.4232731236505904,4.816879734101932,0.42327312365059044,8.937315161028035,0.08540566904436049,7.648219157741128,0.35374465641792585,2.2465752738714055,0.05328893780747654,0.35067823671806303,0.013654637108025683,57.0,0.0,2.3755811374767,-0.17834579329031966,-0.37916319539383575,-0.8178813656929672,-0.34096780122902637
13421,2017,Software,CDNS,0.02125593805015455,1.0,0.0,1.0,0.0,0.0,0.0,0.0,0.0,1.0,1.0,0.433335743955741,3.662796362169902,0.433335743955741,8.982780583425564,0.08788727527851478,7.790991272946398,0.40897849022249017,2.478620767890325,0.13948445330865905,0.3325002459984934,0.01268698102358904,58.0,0.0,2.3755811374767,-0.17834579329031966,-0.37916319539383575,-0.8178813656929672,-0.34096780122902637
13421,2018,Software,CDNS,0.05133865810660804,1.0,0.0,1.0,0.0,0.0,0.0,0.0,0.0,1.0,1.0,0.3639338369968217,4.386038901228738,0.36393383699682175,8.930145930452916,0.09594556538273413,7.8114283418173995,0.5219042441751659,2.245987041802716,0.30297036360705065,0.3584204185762768,0.019797975880755596,59.0,0.0,2.3755811374767,-0.17834579329031966,-0.37916319539383575,-0.8178813656929672,-0.34096780122902637
13421,2019,Software,CDNS,0.20014181391558153,1.0,0.0,1.0,0.0,0.0,0.0,0.0,0.0,1.0,1.0,0.7455763845988803,5.6695371219764015,0.7455763845988803,9.859878135093002,0.03786581774811094,8.118870018862705,0.6263786311611524,2.2225121741164906,0.5137463232282614,0.27878322126160743,0.016387787662102277,60.0,0.0,2.3755811374767,-0.17834579329031966,-0.37916319539383575,-0.8178813656929672,-0.34096780122902637
13421,2020,Software,CDNS,0.06734053000284637,1.0,0.0,1.0,0.0,0.0,0.0,0.0,0.0,1.0,1.0,0.390436289126922,22.578569732962404,0.390436289126922,9.170001594021329,0.07693593929600694,8.281669572327361,0.631018392547304,2.7255626487851647,0.5904922692578817,0.2616523045420087,0.02910561612498136,61.0,0.0,2.3755811374767,-0.17834579329031966,-0.37916319539383575,-0.8178813656929672,-0.34096780122902637
13421,2021,Software,CDNS,0.0670613436755408,1.0,0.0,0.0,0.0,1.0,1.0,0.0,0.0,1.0,1.0,0.1150156281385441,1.7522813291292694,0.11501562813854418,9.986715673696533,0.027825438537004903,8.386241098108894,0.6248263057306399,2.934947879289504,0.6869064329631883,0.2585954582667529,0.020819649889571034,52.0,0.0,2.0773907570415733,-0.3782551279654841,-0.46740131634680554,2.2241112694781515,0.6914124260053306
13421,2022,Software,CDNS,0.07585566420571586,1.0,0.0,0.0,0.0,1.0,1.0,0.0,0.0,1.0,1.0,0.7858973267783365,0.9577199353588961,0.7858973267783365,10.380219557906944,0.022504321916223455,8.54423835166823,0.5343731865882329,2.7698689274659065,0.7404225092470009,0.24362988169717725,0.025704210957575687,53.0,0.0,2.0773907570415733,-0.3782551279654841,-0.46740131634680554,2.2241112694781515,0.6914124260053306
13421,2023,Software,CDNS,0.11780298547477747,1.0,0.0,0.0,0.0,1.0,1.0,0.0,0.0,1.0,1.0,0.4441732381447851,3.071738202045432,0.44417323814478515,9.760878626345763,0.04324795111389999,8.642854621969061,0.6004544323291103,3.0790959366749293,0.8539796606079805,0.2543078382168699,0.017323957193976523,54.0,0.0,2.0773907570415733,-0.3782551279654841,-0.46740131634680554,2.2241112694781515,0.6914124260053306
13421,2024,Software,CDNS,0.041524633930881544,1.0,0.0,0.0,0.0,1.0,1.0,0.0,0.0,1.0,1.0,0.4502316780772302,5.578130945476593,0.45023167807723025,9.867471853832589,0.03887520452893023,9.102140495813417,0.5207629810834765,2.868218572161073,0.646435081155659,0.172610853751782,0.02196232870492502,55.0,0.0,2.0773907570415733,-0.3782551279654841,-0.46740131634680554,2.2241112694781515,0.6914124260053306
16101,2015,Biotech,ABBV,0.037838844356705634,0.0,0.0,0.0,0.0,0.0,0.0,0.0,0.0,0.0,0.0,0.5308265569926831,0.6125954627693497,0.5308265569926831,9.818081450040046,0.08650435252557251,10.87899014404213,0.07436380772855797,3.1853157522622637,-0.00590009425070688,0.08360037700282752,0.02001647568666257,61.0,0.0,-0.39744844197594303,-0.17004527827909008,-0.6110103972989658,-0.3072674721144954,-0.7525776838489204
16101,2016,Biotech,ABBV,0.037675318713570195,0.0,0.0,0.0,0.0,0.0,0.0,0.0,0.0,0.0,0.0,0.5253493932623998,0.49884744350855237,0.5253493932623998,9.783486665514616,0.09019982813550247,11.098908897132299,0.07013721841480204,3.0685460621169223,0.027110848878197855,0.06907820088049743,0.01718254317439932,62.0,0.0,-0.39744844197594303,-0.17004527827909008,-0.6110103972989658,-0.3072674721144954,-0.7525776838489204
16101,2017,Biotech,ABBV,0.011872546077886986,0.0,0.0,0.0,0.0,0.0,0.0,0.0,0.0,0.0,0.0,0.5022004032822371,1.2566383663697474,0.5022004032822371,9.858936687327517,0.0856553655247795,11.167416520015664,0.07200576385160908,3.4081380488399766,0.03859520244116068,0.07500070635436386,0.01103855952740356,63.0,0.0,-0.39744844197594303,-0.17004527827909008,-0.6110103972989658,-0.3072674721144954,-0.7525776838489204
16101,2020,Biotech,ABBV,-0.051502030326032504,0.0,0.0,0.0,0.0,0.0,0.0,0.0,0.0,0.0,0.0,0.5345798205757617,1.332192697063313,0.5345798205757617,9.98890606158493,0.07751120850612502,11.922150163619541,0.08684621259920965,2.6716772747115525,-0.01369508185833361,0.05150599408893169,0.021966172008886276,66.0,0.0,-0.39744844197594303,-0.17004527827909008,-0.6110103972989658,-0.3072674721144954,-0.7525776838489204
16101,2021,Biotech,ABBV,-0.012834920084666065,0.0,0.0,0.0,0.0,0.0,0.0,0.0,0.0,0.0,0.0,0.5435822698220811,1.4917609626252655,0.5435822698220811,10.04893594851831,0.07349393314066682,11.894978640067734,0.10515324611510349,2.743386627836552,0.0015560059783387588,0.054910632025059886,0.012677918830826748,67.0,0.0,-0.39744844197594303,-0.17004527827909008,-0.6110103972989658,-0.3072674721144954,-0.7525776838489204
16101,2022,Biotech,ABBV,-0.004133563483621636,0.0,0.0,0.0,0.0,0.0,0.0,0.0,0.0,0.0,0.0,0.5919732732600173,2.265943466123511,0.5919732732600173,10.159987385560035,0.06576918551943593,11.840825349460781,0.12430387954324412,2.807658752343327,0.018623248442059002,0.051921760743489066,0.014092842923214268,68.0,0.0,-0.39744844197594303,-0.17004527827909008,-0.6110103972989658,-0.3072674721144954,-0.7525776838489204
16101,2023,Biotech,ABBV,-0.029737278526425444,0.0,0.0,0.0,0.0,0.0,0.0,0.0,0.0,0.0,0.0,0.563160317095237,1.8320376816516784,0.563160317095237,10.099480067811909,0.06987156291506791,11.810887022018932,0.0769053752106361,3.2739630057580653,-0.0245340024199954,0.06742582268708569,0.012333345411385596,69.0,0.0,-0.39744844197594303,-0.17004527827909008,-0.6110103972989658,-0.3072674721144954,-0.7525776838489204
16721,2015,Software,EA,0.10484534832392511,0.0,0.0,0.0,0.0,0.0,0.0,0.0,0.0,0.0,0.0,0.8139436068063354,2.684876975013668,0.8139436068063354,9.725001052502192,0.06091978061656331,8.860782895806315,0.4817021276595745,1.766753604570936,0.12851063829787235,0.15730496453900708,0.019496734079181066,41.0,0.0,-0.39744844197594303,-0.17004527827909008,-0.6110103972989658,-0.3072674721144954,-0.7525776838489204
16721,2016,Software,EA,0.0729049681340738,0.0,0.0,0.0,0.0,0.0,0.0,0.0,0.0,0.0,0.0,0.8086201387312433,3.457794577583281,0.8086201387312433,9.902122521304765,0.054266324693514424,8.951310542097564,0.5260430163254729,1.9168144434806906,0.26483544959834154,0.15612853070743715,0.018707294472948593,42.0,0.0,-0.39744844197594303,-0.17004527827909008,-0.6110103972989658,-0.3072674721144954,-0.7525776838489204
16721,2017,Software,EA,0.05837696553899377,0.0,0.0,0.0,0.0,0.0,0.0,0.0,0.0,0.0,0.0,0.8963578727872555,2.3923418507380174,0.8963578727872555,10.48371132965128,0.03195551438486689,9.057655284310535,0.5352982292637465,2.08984153924548,0.3504193849021435,0.15377446411929171,0.015156970961889771,43.0,0.0,-0.39744844197594303,-0.17004527827909008,-0.6110103972989658,-0.3072674721144954,-0.7525776838489204
16721,2018,Software,EA,0.02503741161871377,0.0,0.0,0.0,0.0,0.0,0.0,0.0,0.0,0.0,0.0,0.932889237553215,3.355588722577073,0.932889237553215,9.815752568351403,0.0650820586294639,9.100190628475195,0.5951769565702802,1.737497132788243,0.43932120129507646,0.15998660265713965,0.02004346989108514,44.0,0.0,-0.39744844197594303,-0.17004527827909008,-0.6110103972989658,-0.3072674721144954,-0.7525776838489204
13421,2015,Software,CDNS,0.04823883388696615,1.0,0.0,1.0,0.0,0.0,0.0,0.0,0.0,1.0,1.0,0.3617509962487518,5.739428311999019,0.3617509962487518,8.687693990866165,0.10962151401477327,7.762602428783433,0.5853280391660624,1.5430231311313392,-0.036756890109165614,0.2711879762570635,0.01538685300724904,56.0,0.0,2.3755811374767,-0.17834579329031966,-0.37916319539383575,-0.8178813656929672,-0.34096780122902637
12945,2022,Semiconductors/Hardware,PLXS,-0.048663378895352924,1.0,0.0,1.0,0.0,0.0,0.0,0.0,0.0,1.0,0.0,0.5479527852724456,0.0,0.5479527852724456,8.914689969875212,0.13750143640022983,8.129536075582967,0.32291728370502987,0.793821276156967,0.45272742007971767,0.0,0.018623138982412378,57.0,0.0,-0.3380658161690637,-0.2226681896520303,-0.4972407948776628,-0.41223923039133614,-0.1021530084299651
12141,2025,Software,MSFT,0.0827434874657982,1.0,0.0,1.0,1.0,0.0,0.0,0.0,0.0,1.0,0.0,0.873039362241998,0.0,0.873039362241998,11.477265022525104,0.02590759754806352,13.335865398181644,0.554890687121064,2.376352733163516,0.37864759944620624,0.05248439829855429,0.015283541848834528,58.0,0.0,-0.17533000597862355,-0.1196192210311571,1.7030218618703117,-0.22872315126400367,-0.37606235226159784
12945,2023,Semiconductors/Hardware,PLXS,-0.02395578178765681,1.0,0.0,1.0,0.0,0.0,0.0,0.0,0.0,1.0,0.0,0.6094501567220879,0.0,0.6094501567220879,9.118920674421942,0.11876012590362015,8.108073011664635,0.3656486324707061,0.7433427079733996,0.507952614318078,0.0,0.01865142566694068,58.0,0.0,-0.3380658161690637,-0.2226681896520303,-0.4972407948776628,-0.41223923039133614,-0.1021530084299651
12945,2024,Semiconductors/Hardware,PLXS,-0.04063100874592848,1.0,0.0,1.0,0.0,0.0,0.0,0.0,0.0,1.0,0.0,0.730692999179146,0.0,0.730692999179146,9.034365194249235,0.1251111920888945,8.056370012583347,0.42006981372753877,1.0291714463837631,0.5814397836782748,0.0,0.01950560652764695,59.0,0.0,-0.3380658161690637,-0.2226681896520303,-0.4972407948776628,-0.41223923039133614,-0.1021530084299651
12945,2025,Semiconductors/Hardware,PLXS,-0.026656576914835896,1.0,0.0,1.0,0.0,0.0,0.0,0.0,0.0,1.0,0.0,0.7164867742791988,0.0,0.7164867742791988,9.290929822466314,0.10148296128757153,8.051057272924963,0.4636713408200541,0.9815616629907061,0.6419408308921268,0.0,0.023985338416520292,60.0,0.0,-0.3380658161690637,-0.2226681896520303,-0.4972407948776628,-0.41223923039133614,-0.1021530084299651
13721,2015,Biotech,ZTS,-0.016285388151557827,1.0,0.0,0.0,0.0,0.0,0.0,0.0,0.0,0.0,0.0,0.4299899322601552,1.366227195981842,0.4299899322601552,9.069028734443522,0.12842386371083692,8.976262255609193,0.1349677745482118,3.1053844656563583,0.03209907746745861,0.04625300139011753,0.018591742654663946,64.0,0.0,-0.4640734528346924,-0.1989941162397805,-0.6279204739384207,-0.4029962759698278,0.3136310234450513
13721,2016,Biotech,ZTS,0.0549477338962451,1.0,0.0,0.0,0.0,0.0,0.0,0.0,0.0,0.0,0.0,0.4436593354379903,1.9337811592007546,0.4436593354379903,9.155527839697314,0.12147939508754227,8.942330199321866,0.1944044973199111,2.875941311079688,0.11491698261210616,0.049156752516668845,0.014089979038677156,65.0,0.0,-0.4640734528346924,-0.1989941162397805,-0.6279204739384207,-0.4029962759698278,0.3136310234450513
13721,2017,Biotech,ZTS,0.037500770541133197,1.0,0.0,0.0,0.0,0.0,0.0,0.0,0.0,0.0,0.0,0.4622172829511218,3.6751851047354163,0.4622172829511218,9.261866694210635,0.11302365927108858,9.057888248784506,0.20614954577218728,2.984962772583314,0.18681574656417424,0.04449103191241556,0.009332670358572026,66.0,0.0,-0.4640734528346924,-0.1989941162397805,-0.6279204739384207,-0.4029962759698278,0.3136310234450513
13721,2018,Biotech,ZTS,0.04377604936428628,1.0,0.0,0.0,0.0,0.0,0.0,0.0,0.0,0.0,0.0,0.46274375717689,3.290657788746637,0.46274375717689,9.364725310077114,0.10283305054244435,9.285169512596832,0.20274658996010023,2.932486182589444,0.24505892177786026,0.04008536698524636,0.014787670284464679,67.0,0.0,-0.4640734528346924,-0.1989941162397805,-0.6279204739384207,-0.4029962759698278,0.3136310234450513
13721,2020,Biotech,ZTS,0.03820163972377526,1.0,0.0,1.0,1.0,0.0,0.0,0.0,0.0,0.0,0.0,0.547972723396019,2.5623041797856088,0.547972723396019,9.247088029647067,0.10603112765453748,9.518486617560317,0.2769490778161511,3.038390255271295,0.3621867881548975,0.03402160335072379,0.02459313768116306,49.0,1.0,-0.30750637691746363,-0.07890428096156032,1.6954389051964547,-0.2922982752130367,0.11888928142782612
13721,2021,Biotech,ZTS,0.05494245214567446,1.0,0.0,1.0,1.0,0.0,0.0,0.0,0.0,0.0,0.0,0.5290530794730477,3.2811174203196383,0.5290530794730477,9.480252311714574,0.09161360648337277,9.539644119118783,0.3268345323741007,3.234142651223395,0.4620143884892086,0.036546762589928054,0.012520236385163627,50.0,1.0,-0.30750637691746363,-0.07890428096156032,1.6954389051964547,-0.2922982752130367,0.11888928142782612
13721,2022,Biotech,ZTS,0.05223727404998736,1.0,0.0,1.0,1.0,0.0,0.0,0.0,0.0,0.0,0.0,0.5998369697947804,0.9694522242233035,0.5998369697947804,9.547065433777274,0.08569261772380411,9.610792938260802,0.295142378559464,2.736341802273438,0.5260301507537688,0.03611390284757119,0.020202974666498286,51.0,1.0,-0.30750637691746363,-0.07890428096156032,1.6954389051964547,-0.2922982752130367,0.11888928142782612
13721,2023,Biotech,ZTS,0.0982399380425524,1.0,0.0,1.0,1.0,0.0,0.0,0.0,0.0,0.0,0.0,0.5758593418639752,1.4899829391975365,0.5758593418639752,9.63153794005113,0.07875125189880754,9.567035315714918,0.3497830043399132,2.896157301702175,0.6619067618647627,0.042979140417191655,0.015734162511929484,52.0,1.0,-0.30750637691746363,-0.07890428096156032,1.6954389051964547,-0.2922982752130367,0.11888928142782612
13721,2024,Biotech,ZTS,0.09853061054866026,1.0,0.0,1.0,1.0,0.0,0.0,0.0,0.0,0.0,0.0,0.5557319913801321,0.6399383730580307,0.5557319913801321,9.75305760884395,0.0755517017730241,9.563599488613745,0.33504249490763505,2.7290675558502984,0.7746013907424317,0.048184308491957574,0.015729501483270483,53.0,1.0,-0.30750637691746363,-0.07890428096156032,1.6954389051964547,-0.2922982752130367,0.11888928142782612
12141,2024,Software,MSFT,0.09600101176245411,1.0,0.0,1.0,1.0,0.0,0.0,0.0,0.0,1.0,0.0,0.9005161075715157,0.0,0.9005161075715157,11.278546317578245,0.03160309226397638,13.146398212731052,0.524202255922431,2.515745554209197,0.3271497550584482,0.057618375400019135,0.012574280100010365,57.0,0.0,-0.17533000597862355,-0.1196192210311571,1.7030218618703117,-0.22872315126400367,-0.37606235226159784
12142,2015,Software,ORCL,0.02021941153793401,1.0,0.0,0.0,0.0,0.0,0.0,0.0,0.0,0.0,0.0,0.5318334543718509,4.789638104235271,0.5318334543718509,10.624296008015477,0.02310204762932137,11.627860003062327,0.4215457300766625,1.256108793727088,0.22737564628275986,0.05158673560349438,0.013549099340445145,58.0,0.0,-0.4640734528346924,-0.1989941162397805,-0.6279204739384207,-0.4029962759698278,0.3136310234450513
12142,2016,Software,ORCL,0.016766200163959917,1.0,0.0,0.0,0.0,0.0,0.0,0.0,0.0,0.0,0.0,0.5434579098560725,7.473499091245923,0.5434579098560725,10.617228199557294,0.02326590685766033,11.812963388531578,0.39898956226711413,1.2488746165641957,0.17091509804357327,0.04562526390648265,0.012058041538807072,59.0,0.0,-0.4640734528346924,-0.1989941162397805,-0.6279204739384207,-0.4029962759698278,0.3136310234450513
12142,2017,Software,ORCL,-0.0352621502519985,1.0,0.0,0.0,0.0,0.0,0.0,0.0,0.0,0.0,0.0,0.9575693981800067,3.0470005994642984,0.9575693981800069,11.592614476254417,0.008772332963076244,11.829661357812746,0.33312449003380346,1.4070493543371227,0.19520777479892762,0.0443743443291759,0.01118550712688137,60.0,0.0,-0.4640734528346924,-0.1989941162397805,-0.6279204739384207,-0.4029962759698278,0.3136310234450513
12142,2018,Software,ORCL,0.013222722237047901,1.0,0.0,0.0,0.0,0.0,0.0,0.0,0.0,0.0,0.0,0.0,158.08580272931755,0.0,7.816677328678588,0.382810441134634,11.596429866369977,0.2003973912003606,2.05437322735417,0.15432024947336467,0.055432392902151614,0.016048826649204706,61.0,0.0,-0.4640734528346924,-0.1989941162397805,-0.6279204739384207,-0.4029962759698278,0.3136310234450513
12142,2019,Software,ORCL,-0.006644421219236529,1.0,1.0,0.0,0.0,0.0,0.0,0.0,0.0,0.0,0.0,0.0,426.8480532749688,0.0,6.87114834692494,0.9854209562732418,11.656488868280348,0.10459294166565603,2.6143611955794666,-0.04438746340026681,0.05255635059512465,0.012488288651727084,58.0,1.0,-0.4755329544490174,-0.17733390111643768,-0.6042665717453427,-0.3997711596856314,0.7326001837308856
12142,2020,Software,ORCL,0.022685774677459053,1.0,1.0,0.0,0.0,0.0,0.0,0.0,0.0,0.0,0.0,0.0,55.89973044493564,0.0,9.271550516458408,0.08935942741488914,11.783769062681817,0.03995210019297215,3.7448184981222683,-0.10992548071422578,0.049783764406172056,0.025577282585844196,59.0,1.0,-0.4755329544490174,-0.17733390111643768,-0.6042665717453427,-0.3997711596856314,0.7326001837308856
12142,2022,Software,ORCL,-0.02613036533357968,1.0,1.0,0.0,0.0,0.0,0.0,0.0,0.0,0.0,0.0,0.0,86.63306466971896,0.0,8.566112871007709,0.18092894634599707,11.808456652365408,0.007984581497797356,5.590469466144614,-0.24577330634599356,0.06416686510298845,0.019234366648882655,61.0,1.0,-0.4755329544490174,-0.17733390111643768,-0.6042665717453427,-0.3997711596856314,0.7326001837308856
12142,2023,Software,ORCL,0.008409899862927853,1.0,1.0,0.0,0.0,0.0,0.0,0.0,0.0,0.0,0.0,0.0,76.64481205352405,0.0,8.77403980004076,0.14696250166686414,11.85634494210651,0.06174100556123028,3.613431301761802,-0.20671603677221656,0.06323771422086029,0.01902324287941182,62.0,1.0,-0.4755329544490174,-0.17733390111643768,-0.6042665717453427,-0.3997711596856314,0.7326001837308856
12142,2024,Software,ORCL,-0.002178163251937981,1.0,1.0,0.0,0.0,0.0,0.0,0.0,0.0,0.0,0.0,0.0,893.3747365093222,0.0,7.015188944179638,0.8532292932477231,12.03386576251999,0.12147112454784659,3.1232369636030617,-0.14290720535040777,0.05856463195158024,0.02032300677974544,63.0,1.0,-0.4755329544490174,-0.17733390111643768,-0.6042665717453427,-0.3997711596856314,0.7326001837308856
13599,2015,Biotech,CELG,8.993393388265214e-05,1.0,1.0,1.0,0.0,0.0,0.0,0.0,0.0,0.0,0.0,0.2416792714713607,7.861011514662629,0.24167927147136073,10.020065951798243,0.06600537571632907,10.205567969536718,0.21878950520082502,2.767286805418357,0.3268387707275241,0.13666674059452785,0.02108651459870487,61.0,0.0,-0.4817016887222286,-0.16029303445909074,-0.4811698493584415,-0.4725892380561727,0.8117677855452932
10499,2020,Semiconductors/Hardware,TXN,0.2069724588443587,1.0,0.0,0.0,0.0,0.0,0.0,0.0,0.0,0.0,0.0,0.3446969731117856,13.368578169604099,0.34469697311178565,9.844651196444003,0.26948122419523,9.870499376709148,0.47475582657227017,2.7987853259628555,2.154462301689835,0.07906568136013643,0.027147318841070397,62.0,0.0,-0.4640734528346924,-0.1989941162397805,-0.6279204739384207,-0.4029962759698278,0.3136310234450513
10499,2019,Semiconductors/Hardware,TXN,0.18400331086199231,1.0,0.0,0.0,0.0,0.0,0.0,0.0,0.0,0.0,0.0,0.3526649539566536,11.081714833945599,0.35266495395665365,9.821801190636096,0.2629144062582079,9.799126537211386,0.49433899433899436,2.5970677116894945,2.195082695082695,0.0856920856920857,0.016864683872888645,61.0,0.0,-0.4640734528346924,-0.1989941162397805,-0.6279204739384207,-0.4029962759698278,0.3136310234450513
10499,2018,Semiconductors/Hardware,TXN,0.23688289234031307,1.0,0.0,0.0,0.0,0.0,0.0,0.0,0.0,0.0,0.0,0.3413754285334552,7.889788386857155,0.34137542853345526,9.774302358635031,0.06436262988000153,9.74899514766085,0.5248293166832001,2.2956305122252187,2.1843379821438993,0.09097274902258272,0.01940086029211343,60.0,0.0,-0.4640734528346924,-0.1989941162397805,-0.6279204739384207,-0.4029962759698278,0.3136310234450513
2403,2021,Biotech,BMY,-0.027623484566506915,0.0,0.0,0.0,0.0,0.0,0.0,1.0,0.0,0.0,0.0,0.705894649959906,0.0,0.705894649959906,9.892669497819476,0.08592452642318182,11.60197975379374,0.32883253746089247,1.3282341887898987,0.20630477340505332,0.10386592751157217,0.01174726177241419,57.0,0.0,-0.40595935922754506,4.821658127503832,-0.36438818908390164,-0.8513381014531174,-1.101316916483172
1632,2018,Semiconductors/Hardware,ADI,-0.01560130872881467,1.0,0.0,0.0,0.0,0.0,0.0,0.0,0.0,0.0,0.0,0.4496813182710161,0.5853956111231683,0.44968131827101615,9.306349489284955,0.08944791419017847,9.925727354566588,0.5373427262954774,1.036685598741801,0.27602371644211904,0.056988879928726865,0.01727121357043937,58.0,0.0,-0.4640734528346924,-0.1989941162397805,-0.6279204739384207,-0.4029962759698278,0.3136310234450513
1632,2019,Semiconductors/Hardware,ADI,-0.030726454898639607,1.0,0.0,0.0,0.0,0.0,0.0,0.0,0.0,0.0,0.0,0.5891617261308052,0.7842984277270142,0.5891617261308052,9.388355502747272,0.08626812517857989,9.9708022633655,0.547346538466195,1.210139040076944,0.3137272298450668,0.052838169910858594,0.018190441402768643,59.0,0.0,-0.4640734528346924,-0.1989941162397805,-0.6279204739384207,-0.4029962759698278,0.3136310234450513
1632,2020,Semiconductors/Hardware,ADI,-0.025297266404330727,1.0,0.0,0.0,0.0,0.0,0.0,0.0,0.0,0.0,0.0,0.6073837842264368,1.4767727055641573,0.6073837842264368,9.422052270221018,0.08496576850566576,9.974346821219745,0.558860071146688,1.29478557315128,0.32544162282007827,0.048932806666553946,0.03151873854204899,60.0,0.0,-0.4640734528346924,-0.1989941162397805,-0.6279204739384207,-0.4029962759698278,0.3136310234450513
1632,2021,Semiconductors/Hardware,ADI,-0.06503001830662011,1.0,0.0,0.0,0.0,0.0,0.0,0.0,0.0,0.0,0.0,0.7454654884066716,1.3207576367532876,0.7454654884066716,10.336059365098741,0.0340640084779802,10.865173568681014,0.7261284057353158,0.8750033446652276,0.140108196405299,0.02477206989761548,0.017104360157730616,61.0,0.0,-0.4640734528346924,-0.1989941162397805,-0.6279204739384207,-0.4029962759698278,0.3136310234450513
1632,2022,Semiconductors/Hardware,ADI,-0.034763459948708456,1.0,0.0,0.0,0.0,0.0,0.0,0.0,0.0,0.0,0.0,0.6787931829129805,1.0151332942202103,0.6787931829129805,10.003255735208414,0.04864628696467307,10.825807074678409,0.7249228515168774,0.6890960973547722,0.1694388631942643,0.03380593550798323,0.023161625963337065,62.0,0.0,-0.4640734528346924,-0.1989941162397805,-0.6279204739384207,-0.4029962759698278,0.3136310234450513
1632,2023,Semiconductors/Hardware,ADI,0.0020926069965391675,1.0,0.0,0.0,0.0,0.0,0.0,0.0,0.0,0.0,0.0,0.7300461207548848,0.664983297161576,0.7300461207548848,9.930329706863969,0.05494741973041133,10.79537242970094,0.7288759601035183,0.786328805821021,0.20839440069427526,0.034024218888047124,0.016469781835919847,63.0,0.0,-0.4640734528346924,-0.1989941162397805,-0.6279204739384207,-0.4029962759698278,0.3136310234450513
1632,2024,Semiconductors/Hardware,ADI,-0.042177894204376724,1.0,0.0,0.0,0.0,0.0,0.0,0.0,0.0,0.0,0.0,0.8913683280655303,3.443698748674878,0.8913683280655303,10.018449501555807,0.0507069359615967,10.78370078777217,0.7293712151483247,1.1467111385811497,0.20758270091216402,0.030850428266388202,0.019931679404136232,64.0,0.0,-0.4640734528346924,-0.1989941162397805,-0.6279204739384207,-0.4029962759698278,0.3136310234450513
1632,2025,Semiconductors/Hardware,ADI,-0.03452275124188766,1.0,0.0,0.0,0.0,0.0,0.0,0.0,0.0,0.0,0.0,0.8013573222723483,2.626857586055496,0.8013573222723483,10.220349654047638,0.04370587186567437,10.778804445028847,0.7046018778851255,1.220893438753917,0.21638616713304304,0.03679727455285294,0.0247830698406494,65.0,0.0,-0.4640734528346924,-0.1989941162397805,-0.6279204739384207,-0.4029962759698278,0.3136310234450513
2403,2015,Biotech,BMY,-0.009831839137260809,0.0,0.0,0.0,0.0,0.0,0.0,1.0,0.0,0.0,0.0,0.6677498844821279,0.20101324534602197,0.6677498844821279,9.657614954885425,0.08249916546449439,10.365585010210767,0.4493511402293058,2.085403946361774,0.9180105833438327,0.18646843895678467,0.015285064906495248,51.0,0.0,-0.40595935922754506,4.821658127503832,-0.36438818908390164,-0.8513381014531174,-1.101316916483172
2403,2016,Biotech,BMY,0.0798411690102539,0.0,0.0,0.0,0.0,0.0,0.0,1.0,0.0,0.0,0.0,0.6982347436715248,0.0,0.6982347436715248,9.73707032867043,0.08935217243465723,10.425460809904182,0.47992998486961164,1.7984306211974515,0.9199869463316225,0.14655709496543745,0.01828951108416418,52.0,0.0,-0.40595935922754506,4.821658127503832,-0.36438818908390164,-0.8513381014531174,-1.101316916483172
2403,2017,Biotech,BMY,-0.03311415175214079,0.0,0.0,0.0,0.0,0.0,0.0,1.0,0.0,0.0,0.0,0.6769649881364831,0.0,0.6769649881364831,9.835589956016502,0.08495154658103336,10.420821948214945,0.3499448600637835,2.142785349772589,0.8605108640577032,0.19108223301838992,0.01432067999559682,53.0,0.0,-0.40595935922754506,4.821658127503832,-0.36438818908390164,-0.8513381014531174,-1.101316916483172
2403,2018,Biotech,BMY,0.0518993214730078,0.0,0.0,0.0,0.0,0.0,0.0,1.0,0.0,0.0,0.0,0.6713986838326903,0.0,0.6713986838326903,9.871984243465983,0.08449539222761071,10.46270326045021,0.4010461327388098,1.7993961183434006,0.8947293202995484,0.1813582575887498,0.016390276960924394,54.0,0.0,-0.40595935922754506,4.821658127503832,-0.36438818908390164,-0.8513381014531174,-1.101316916483172
2403,2019,Biotech,BMY,-0.06797522101403386,0.0,0.0,0.0,0.0,0.0,0.0,1.0,0.0,0.0,0.0,0.66849174295736,0.0,0.66849174295736,9.839868715026558,0.08791910504532043,11.774858867399232,0.3970787416117712,1.0297390852018637,0.2536015514375423,0.04731268854275688,0.01610793171965691,55.0,0.0,-0.40595935922754506,4.821658127503832,-0.36438818908390164,-0.8513381014531174,-1.101316916483172
2403,2020,Biotech,BMY,-0.15824803489203346,0.0,0.0,0.0,0.0,0.0,0.0,1.0,0.0,0.0,0.0,0.6678236041245201,0.0,0.6678236041245201,9.91100433064093,0.08372404371774525,11.682507889149141,0.31922417940429265,1.302987182740395,0.16409382095019454,0.19058752036191456,0.018669970074003388,56.0,0.0,-0.40595935922754506,4.821658127503832,-0.36438818908390164,-0.8513381014531174,-1.101316916483172
2403,2022,Biotech,BMY,-0.024056198407666887,0.0,0.0,0.0,0.0,0.0,0.0,1.0,0.0,0.0,0.0,0.7125857576051342,0.0,0.7125857576051342,9.906135643246966,0.08477521005302341,11.480608863493686,0.32081181574054946,1.5810029303550523,0.2501755835571163,0.10663086139227432,0.012419113917791226,58.0,0.0,-0.40595935922754506,4.821658127503832,-0.36438818908390164,-0.8513381014531174,-1.101316916483172
1632,2016,Semiconductors/Hardware,ADI,0.055723096225408365,1.0,0.0,0.0,0.0,0.0,0.0,0.0,0.0,0.0,0.0,0.4996502109643268,1.716862768572525,0.4996502109643268,8.874870992325777,0.11576073031363251,8.98347465197895,0.6481101412021011,1.3413191617452254,0.5911945605912365,0.08203176852802374,0.01483935306255152,56.0,0.0,-0.4640734528346924,-0.1989941162397805,-0.6279204739384207,-0.4029962759698278,0.3136310234450513
2403,2023,Biotech,BMY,0.01849575774987436,1.0,0.0,0.0,0.0,1.0,1.0,0.0,0.0,1.0,1.0,0.0,0.0,0.0,8.05059336266335,0.4008479886977362,11.463304455744613,0.3092718502716506,1.259463541129976,0.28604756250065677,0.10731512521148814,0.012172994746477426,53.0,0.0,2.0773907570415733,-0.3782551279654841,-0.46740131634680554,2.2241112694781515,0.6914124260053306
2403,2024,Biotech,BMY,-0.172712367161731,1.0,0.0,0.0,0.0,1.0,1.0,0.0,0.0,1.0,1.0,0.7261731103964324,0.0,0.7261731103964324,9.840953314813296,0.08178460941669136,11.436076817517693,0.17639817284537218,1.9495350373789617,0.14766260272345388,0.26491582346144293,0.01798158153452624,54.0,0.0,2.0773907570415733,-0.3782551279654841,-0.46740131634680554,2.2241112694781515,0.6914124260053306
3969,2017,Semiconductors/Hardware,DIOD,-0.06434064952025303,1.0,0.0,0.0,0.0,1.0,0.0,0.0,0.0,1.0,0.0,0.5979336197001655,0.5045143135756628,0.5979336197001655,8.617095357350228,0.12128269995153217,7.305640398089267,0.5585538261256837,0.5270850168711407,0.3017499477722777,0.05231303315100092,0.018050863031798033,71.0,0.0,-0.504471572595048,-0.4084915695082569,-0.5833399511421452,1.7235308732517858,-0.6090680331422544
3969,2018,Semiconductors/Hardware,DIOD,-0.020579133637055158,1.0,0.0,0.0,0.0,1.0,0.0,0.0,0.0,1.0,0.0,0.6001782949495791,0.1725015028786595,0.6001782949495791,8.723373517314732,0.11652037128832911,7.330648301561758,0.610246787969635,0.5535048702413092,0.35041415226049233,0.056530162064137746,0.022662728809929627,72.0,0.0,-0.504471572595048,-0.4084915695082569,-0.5833399511421452,1.7235308732517858,-0.6090680331422544
3969,2019,Semiconductors/Hardware,DIOD,-0.0009602335426592279,1.0,0.0,0.0,0.0,1.0,0.0,0.0,0.0,1.0,0.0,0.6778795519101267,1.5878668362093438,0.6778795519101267,8.874017484201875,0.10522550351879442,7.402075840503133,0.6749022803687238,0.9589248714545388,0.4158995085959116,0.0539940611839569,0.0238642713864574,73.0,0.0,-0.504471572595048,-0.4084915695082569,-0.5833399511421452,1.7235308732517858,-0.6090680331422544
3969,2020,Semiconductors/Hardware,DIOD,-0.032606902267607554,1.0,0.0,0.0,0.0,1.0,0.0,0.0,0.0,1.0,0.0,0.6970428081823888,1.1311910542354744,0.6970428081823888,8.928003190113976,0.09658239562536454,7.5905778436530085,0.4869113095156904,1.1751509241574776,0.4114461693282552,0.047633265082292764,0.032991821131474995,74.0,0.0,-0.504471572595048,-0.4084915695082569,-0.5833399511421452,1.7235308732517858,-0.6090680331422544
3969,2021,Semiconductors/Hardware,DIOD,0.012639718364196653,1.0,0.0,0.0,0.0,1.0,0.0,0.0,0.0,1.0,0.0,0.656173180405619,0.0,0.656173180405619,8.956850751106824,0.11549054114753511,7.693707230702362,0.5637934923524547,1.385151807959288,0.4858940211757147,0.05431773597114598,0.02442693912264349,75.0,0.0,-0.504471572595048,-0.4084915695082569,-0.5833399511421452,1.7235308732517858,-0.6090680331422544
3969,2022,Semiconductors/Hardware,DIOD,0.05536751238420427,1.0,0.0,0.0,0.0,1.0,0.0,0.0,0.0,1.0,0.0,0.6909965302643946,0.0,0.6909965302643946,9.110038815953466,0.10634044268369555,7.735569706839376,0.661467929198466,0.827350590491623,0.576782798849108,0.055200514615139896,0.030701266625232666,76.0,0.0,-0.504471572595048,-0.4084915695082569,-0.5833399511421452,1.7235308732517858,-0.6090680331422544
3969,2023,Semiconductors/Hardware,DIOD,0.030115381607011354,1.0,0.0,0.0,0.0,1.0,0.0,0.0,0.0,1.0,0.0,0.8820942962200026,0.0,0.8820942962200026,9.157342045900508,0.08496084276624515,7.769656982256036,0.7352160931958529,0.7537320984151279,0.6470724880567683,0.05696259469796959,0.02282963416472469,77.0,0.0,-0.504471572595048,-0.4084915695082569,-0.5833399511421452,1.7235308732517858,-0.6090680331422544
3969,2024,Semiconductors/Hardware,DIOD,-0.057636036860884365,1.0,0.0,0.0,0.0,1.0,0.0,0.0,0.0,1.0,0.0,0.7923326022183903,0.0,0.7923326022183903,8.481198485102801,0.1534640604723767,7.777491366050388,0.752342662075422,0.464724064308902,0.6590062109198372,0.056175697665111525,0.02762223946286906,78.0,0.0,-0.504471572595048,-0.4084915695082569,-0.5833399511421452,1.7235308732517858,-0.6090680331422544
6008,2015,Semiconductors/Hardware,INTC,0.05167757875896352,1.0,0.0,0.0,0.0,0.0,0.0,0.0,0.0,0.0,0.0,0.6696279085659617,0.8927995353128096,0.6696279085659617,9.591068699851933,0.07516998667441145,11.543115136133286,0.5926842283995537,0.9801102215493505,0.3655363120360937,0.11767331295784214,0.015386660034657737,55.0,0.0,-0.4640734528346924,-0.1989941162397805,-0.6279204739384207,-0.4029962759698278,0.3136310234450513
6008,2016,Semiconductors/Hardware,INTC,0.03864205813695178,1.0,0.0,0.0,0.0,0.0,0.0,0.0,0.0,0.0,0.0,0.6138918012161879,0.6320584504088907,0.6138918012161879,9.856186279418115,0.06552736422730132,11.638032724009816,0.5843797153370336,0.9518430207167736,0.3604877919648451,0.11241804689085566,0.01416024576706541,56.0,0.0,-0.4640734528346924,-0.1989941162397805,-0.6279204739384207,-0.4029962759698278,0.3136310234450513
1632,2017,Semiconductors/Hardware,ADI,-0.028728231870959214,1.0,0.0,0.0,0.0,0.0,0.0,0.0,0.0,0.0,0.0,0.4106214933920205,2.9246190053217536,0.41062149339202053,9.260250004545075,0.08352549111419104,9.95898346852537,0.48064891392173065,1.1975952104657581,0.2293889863127583,0.045815644018762515,0.012750162705186668,57.0,0.0,-0.4640734528346924,-0.1989941162397805,-0.6279204739384207,-0.4029962759698278,0.3136310234450513
1632,2015,Semiconductors/Hardware,ADI,0.039551207263642765,1.0,0.0,0.0,0.0,0.0,0.0,0.0,0.0,0.0,0.0,0.4357930563720905,1.0845016998571573,0.4357930563720905,8.96369607876146,0.10048289098826162,8.862508781494954,0.718327830309573,1.3078616908733576,0.6211205664881287,0.09026379680602782,0.020179615195362845,55.0,0.0,-0.4640734528346924,-0.1989941162397805,-0.6279204739384207,-0.4029962759698278,0.3136310234450513
10499,2017,Semiconductors/Hardware,TXN,0.1455783355856703,1.0,0.0,0.0,0.0,0.0,0.0,0.0,0.0,0.0,0.0,0.3357668449035936,0.5128326191890769,0.3357668449035936,9.7038434632668,0.07252575082824372,9.778037701818713,0.5859313003060878,2.295898630075207,1.9429769867361977,0.08547783697993425,0.009986752522611563,59.0,0.0,-0.4640734528346924,-0.1989941162397805,-0.6279204739384207,-0.4029962759698278,0.3136310234450513
1327,2020,Semiconductors/Hardware,SWKS,0.07739520855057963,1.0,0.0,1.0,0.0,0.0,0.0,0.0,0.0,0.0,0.0,0.7995522108728081,0.04111082161644444,0.7995522108728081,9.989685432059735,0.04788380418009912,8.538308682020313,0.8154385415238804,1.7554718692416127,0.9424089921084067,0.09279965535473006,0.03533828822883242,54.0,0.0,-0.47024218710790366,-0.18195324958243347,-0.5048237515515195,-0.47581435434036906,0.39279862525945874
1161,2017,Semiconductors/Hardware,AMD,-0.05098126762110964,1.0,1.0,0.0,0.0,1.0,1.0,0.0,0.0,1.0,1.0,0.6407392687534076,2.4896958371042386,0.6407392687534076,9.296042725902177,0.08490245823244441,8.17188200612782,0.17259887005649718,2.789301796308718,-2.190395480225989,0.327683615819209,0.03667224395124945,48.0,1.0,2.065931255427248,-0.3565949128421414,-0.44374741415372754,2.227336385762348,1.1103815862911641
1161,2018,Semiconductors/Hardware,AMD,-0.014759964842797832,1.0,1.0,0.0,0.0,1.0,1.0,0.0,0.0,1.0,1.0,0.6455936119879072,1.3393342798463626,0.6455936119879072,9.499750425608177,0.07195483091879672,8.424200324567073,0.2778753292361721,2.684731446863761,-1.6338893766461808,0.3147497805092186,0.039739239384261604,49.0,1.0,2.065931255427248,-0.3565949128421414,-0.44374741415372754,2.227336385762348,1.1103815862911641
1161,2019,Semiconductors/Hardware,AMD,-0.03787112451609269,1.0,1.0,0.0,0.0,1.0,1.0,0.0,0.0,1.0,1.0,0.9084650878735367,3.071703510398837,0.9084650878735369,10.977367998261032,0.01753573875305806,8.704170559746386,0.46897810218978103,2.9433809475279697,-1.177007299270073,0.256635700066357,0.03390689556600131,50.0,1.0,2.065931255427248,-0.3565949128421414,-0.44374741415372754,2.227336385762348,1.1103815862911641
1161,2020,Semiconductors/Hardware,AMD,0.1956798821716322,1.0,1.0,0.0,0.0,1.0,1.0,0.0,0.0,1.0,1.0,0.6941517458740327,10.527581437069314,0.6941517458740327,10.208833127752428,0.04036470873533512,9.100748695346088,0.6513055121624637,2.945860922920154,-0.5119392992635572,0.221267574202187,0.03849295069976493,51.0,1.0,2.065931255427248,-0.3565949128421414,-0.44374741415372754,2.227336385762348,1.1103815862911641
1161,2021,Semiconductors/Hardware,AMD,0.1630055615261144,1.0,1.0,0.0,0.0,1.0,1.0,0.0,0.0,1.0,1.0,0.6756299311003245,11.307224900906352,0.6756299311003245,10.292081370777435,0.036487663428707476,9.426982836948033,0.603671793220066,3.1427536154877918,-0.11707866978017553,0.22908446734841775,0.02679069840763014,52.0,1.0,2.065931255427248,-0.3565949128421414,-0.44374741415372754,2.227336385762348,1.1103815862911641
1161,2022,Semiconductors/Hardware,AMD,-0.06987186095124948,1.0,1.0,0.0,0.0,1.0,1.0,0.0,0.0,1.0,1.0,0.7246964676049286,2.7893808855423545,0.7246964676049286,10.316256621660507,0.03801760434780753,11.121067360268281,0.81015093222847,0.6455408085826521,-0.0025451316957679788,0.07406037289138799,0.03849522336866249,53.0,1.0,2.065931255427248,-0.3565949128421414,-0.44374741415372754,2.227336385762348,1.1103815862911641
1161,2023,Semiconductors/Hardware,AMD,-0.053256681726753616,1.0,1.0,0.0,0.0,1.0,1.0,0.0,0.0,1.0,1.0,0.0,1.6412045002701758,0.0,9.0478241483571,0.14117608858234856,11.125570376034382,0.8233335788465788,1.449750522939889,0.010503056639905722,0.08649922663327686,0.029525946372883513,54.0,1.0,2.065931255427248,-0.3565949128421414,-0.44374741415372754,2.227336385762348,1.1103815862911641
1161,2024,Semiconductors/Hardware,AMD,-0.05237986175499605,1.0,1.0,0.0,0.0,1.0,1.0,0.0,0.0,1.0,1.0,0.7000616071702797,0.8249126543502224,0.7000616071702797,10.341626089597005,0.039682037832016064,11.145131793583074,0.8315950654378412,1.2247465985422856,0.033152283823996764,0.09325975789443272,0.030161134166752,55.0,1.0,2.065931255427248,-0.3565949128421414,-0.44374741415372754,2.227336385762348,1.1103815862911641
1327,2015,Semiconductors/Hardware,SWKS,0.15550510927827715,1.0,0.0,1.0,0.0,0.0,0.0,0.0,0.0,0.0,0.0,0.4531566328396528,2.9914271974310043,0.4531566328396528,9.226022265798196,0.07596286887598068,8.22131764393593,0.8493843092971984,1.623841343371565,0.3928052911759961,0.08151852449319782,0.02433082728268502,58.0,0.0,-0.47024218710790366,-0.18195324958243347,-0.5048237515515195,-0.47581435434036906,0.39279862525945874
1327,2016,Semiconductors/Hardware,SWKS,0.20574489382134042,1.0,0.0,1.0,0.0,0.0,0.0,0.0,0.0,0.0,0.0,0.5149670003268089,0.9449113744506185,0.5149670003268089,8.814137684898144,0.09814729525140282,8.25723004196349,0.9185557918763293,1.380111481175314,0.584297349172589,0.08102920578928256,0.024373298576821256,50.0,0.0,-0.47024218710790366,-0.18195324958243347,-0.5048237515515195,-0.47581435434036906,0.39279862525945874
1327,2017,Semiconductors/Hardware,SWKS,0.15774817346499592,1.0,0.0,1.0,0.0,0.0,0.0,0.0,0.0,0.0,0.0,0.6132717158483032,0.7079186183090304,0.6132717158483032,9.071291959977668,0.09768027728327935,8.428055919949761,0.8889496239286337,1.5236831830302306,0.6671112471576001,0.07766311002273919,0.01688457373577777,51.0,0.0,-0.47024218710790366,-0.18195324958243347,-0.5048237515515195,-0.47581435434036906,0.39279862525945874
1327,2018,Semiconductors/Hardware,SWKS,0.10145988345825016,1.0,0.0,1.0,0.0,0.0,0.0,0.0,0.0,0.0,0.0,0.7653941886594607,0.22853245299002486,0.7653941886594607,9.142287736899839,0.0957821854648943,8.48237397743796,0.8484333906272651,1.368064396955461,0.7712108347656816,0.08376648926256498,0.02081828783789661,52.0,0.0,-0.47024218710790366,-0.18195324958243347,-0.5048237515515195,-0.47581435434036906,0.39279862525945874
1327,2019,Semiconductors/Hardware,SWKS,0.08193774549367466,1.0,0.0,1.0,0.0,0.0,0.0,0.0,0.0,0.0,0.0,0.8534722467758171,0.0,0.8534722467758171,9.522270543602737,0.07115357290858457,8.484587351667322,0.8517852715100421,1.1848273731533676,0.889474336722043,0.08763120919084222,0.022486217859179758,53.0,0.0,-0.47024218710790366,-0.18195324958243347,-0.5048237515515195,-0.47581435434036906,0.39279862525945874
1327,2021,Semiconductors/Hardware,SWKS,0.08280522544921258,1.0,0.0,1.0,0.0,0.0,0.0,0.0,0.0,0.0,0.0,0.7190366740284975,0.07126390079862314,0.7190366740284975,9.68970139642249,0.06626595059039019,9.058435501762936,0.6166086582001467,1.63745847573756,0.6027331882151629,0.061962354639319255,0.022779243760728613,55.0,0.0,-0.47024218710790366,-0.18195324958243347,-0.5048237515515195,-0.47581435434036906,0.39279862525945874
1327,2022,Semiconductors/Hardware,SWKS,0.054299670445255285,1.0,0.0,1.0,0.0,0.0,0.0,0.0,0.0,0.0,0.0,0.7852442425411117,0.006031980729532718,0.7852442425411117,9.721195715300542,0.06745533522743703,9.090858393934143,0.6163086839910749,0.9153946640414443,0.6104600058599473,0.0696319502355248,0.027139610256167443,56.0,0.0,-0.47024218710790366,-0.18195324958243347,-0.5048237515515195,-0.47581435434036906,0.39279862525945874
1327,2023,Semiconductors/Hardware,SWKS,0.05079250506234305,1.0,0.0,1.0,0.0,0.0,0.0,0.0,0.0,0.0,0.0,0.0,0.0,0.0,7.903415261039001,0.43247651033988416,9.039160515281063,0.7218365433681037,0.9498098034781419,0.6966428139129195,0.07200920882433218,0.019755209901580032,57.0,0.0,-0.47024218710790366,-0.18195324958243347,-0.5048237515515195,-0.47581435434036906,0.39279862525945874
1327,2024,Semiconductors/Hardware,SWKS,-0.004132828290281568,1.0,0.0,1.0,0.0,0.0,0.0,0.0,0.0,0.0,0.0,0.8578023838496747,0.0,0.8578023838496747,9.803475320389852,0.06492969617871983,9.021996718703699,0.7649970422416187,0.9132291275701464,0.727644779254645,0.09411707894196758,0.022571744330830774,58.0,0.0,-0.47024218710790366,-0.18195324958243347,-0.5048237515515195,-0.47581435434036906,0.39279862525945874
1327,2025,Semiconductors/Hardware,SWKS,-0.021503490261325878,1.0,0.0,0.0,0.0,0.0,0.0,0.0,0.0,1.0,0.0,0.9214227917259624,0.0,0.9214227917259624,10.107921403891435,0.023277628535910793,8.976767625171433,0.72718201338891,0.6872873466386907,0.7138815207780725,0.09921687507894404,0.03178648726683516,55.0,0.0,-0.33189708189585243,-0.23970905630937728,-0.620337517264564,-0.33942115202079487,-0.18132061024437243
1602,2015,Biotech,AMGN,0.03781962077310773,1.0,0.0,1.0,1.0,0.0,0.0,0.0,0.0,0.0,0.0,0.6336277933624613,1.895026834244912,0.6336277933624613,9.686432553313724,0.09353930626423106,11.178515101227433,0.39235218508997427,1.4721039782908554,-0.035850005588465406,0.05686263552028613,0.017831431777988755,52.0,0.0,-0.30750637691746363,-0.07890428096156032,1.6954389051964547,-0.2922982752130367,0.11888928142782612
1602,2016,Biotech,AMGN,0.047090421194507674,1.0,0.0,1.0,1.0,0.0,0.0,0.0,0.0,0.0,0.0,0.4569568274803069,1.0608177411977602,0.45695682748030697,9.732105995127688,0.09090391151905569,11.259657701600467,0.3848581660783758,1.2844814457914329,-0.011709994074150413,0.04946796176538788,0.015415278755826576,53.0,0.0,-0.30750637691746363,-0.07890428096156032,1.6954389051964547,-0.2922982752130367,0.11888928142782612
1602,2017,Biotech,AMGN,-0.038376428030435394,1.0,0.0,1.0,1.0,0.0,0.0,0.0,0.0,0.0,0.0,0.4970365014616454,1.5980029691494964,0.49703650146164546,9.735056415626124,0.09206990690830519,11.289206748280122,0.31569402406383673,1.604557594681936,-0.07192885909397904,0.04955349325862371,0.011125391020967946,54.0,0.0,-0.30750637691746363,-0.07890428096156032,1.6954389051964547,-0.2922982752130367,0.11888928142782612
1602,2018,Biotech,AMGN,0.03765685021324397,1.0,0.0,1.0,1.0,0.0,0.0,0.0,0.0,0.0,0.0,0.4715544363524618,2.0608437518492058,0.47155443635246186,9.828508909150498,0.08439652657094757,11.10369327029282,0.1882076608046254,2.2829065911139876,-0.2822512647554806,0.06123524451939292,0.014992563440480906,55.0,0.0,-0.30750637691746363,-0.07890428096156032,1.6954389051964547,-0.2922982752130367,0.11888928142782612
1602,2019,Biotech,AMGN,0.036900916175562265,1.0,0.0,1.0,1.0,0.0,0.0,0.0,0.0,0.0,0.0,0.4996593804870117,3.7213661001775726,0.4996593804870117,9.883937336381576,0.08162646696979874,10.997204545438429,0.16200780478000903,2.690486176983717,-0.36608772840705445,0.06893664059490512,0.013179314283500825,56.0,0.0,-0.30750637691746363,-0.07890428096156032,1.6954389051964547,-0.2922982752130367,0.11888928142782612
1602,2020,Biotech,AMGN,0.033236949745939354,1.0,0.0,1.0,1.0,0.0,0.0,0.0,0.0,0.0,0.0,0.50069403988037,2.157446563101796,0.50069403988037,9.910036461542965,0.08183918382658581,11.050064267720755,0.14947258054267015,2.6484022304881214,-0.35573806951769715,0.06683294147550359,0.024133323658798327,57.0,0.0,-0.30750637691746363,-0.07890428096156032,1.6954389051964547,-0.2922982752130367,0.11888928142782612
1602,2021,Biotech,AMGN,0.004741639036658696,1.0,0.0,1.0,1.0,0.0,0.0,0.0,0.0,0.0,0.0,0.512800655066485,1.2933912719370253,0.512800655066485,9.986041903391548,0.07707053686005817,11.021330409481017,0.10953976947600752,2.931000706918665,-0.41520477397204286,0.10339246300989127,0.012577692404377025,58.0,0.0,-0.30750637691746363,-0.07890428096156032,1.6954389051964547,-0.2922982752130367,0.11888928142782612
1602,2022,Biotech,AMGN,0.01120843859030693,1.0,0.0,1.0,1.0,0.0,0.0,0.0,0.0,0.0,0.0,0.5204992043592319,1.9224211348805145,0.5204992043592319,9.971133724296594,0.08048231255969408,11.084002356823872,0.05621842416424809,3.645688499033296,-0.4430675204619094,0.06808863500253375,0.013695258509395552,59.0,0.0,-0.30750637691746363,-0.07890428096156032,1.6954389051964547,-0.2922982752130367,0.11888928142782612
1602,2023,Biotech,AMGN,0.0033008773161810473,1.0,0.0,1.0,1.0,0.0,0.0,0.0,0.0,0.0,0.0,0.4919040437385315,3.6489543426081927,0.4919040437385315,10.027634738403991,0.07891735652158552,11.484052627401113,0.06414558330073904,3.2085914657049046,-0.2762418428474381,0.057300780204623585,0.013057782357853737,60.0,0.0,-0.30750637691746363,-0.07890428096156032,1.6954389051964547,-0.2922982752130367,0.11888928142782612
1602,2024,Biotech,AMGN,-0.03155037105817325,1.0,0.0,1.0,1.0,0.0,0.0,0.0,0.0,0.0,0.0,0.5157882219105189,2.3280231139904446,0.5157882219105189,10.10350555776962,0.07651891776386552,11.42779232299237,0.06399242152026917,3.1701502956696084,-0.3011356830975947,0.06705212382539008,0.016227234146804187,61.0,0.0,-0.30750637691746363,-0.07890428096156032,1.6954389051964547,-0.2922982752130367,0.11888928142782612
6008,2017,Semiconductors/Hardware,INTC,0.014771051887516345,1.0,0.0,0.0,0.0,0.0,0.0,0.0,0.0,0.0,0.0,0.6074452914152464,0.0,0.6074452914152464,9.977095756969621,0.06410345740603966,11.721961978281758,0.5599964299913184,1.1425245121295584,0.34844096098142785,0.10627266752671422,0.01080577046587366,57.0,0.0,-0.4640734528346924,-0.1989941162397805,-0.6279204739384207,-0.4029962759698278,0.3136310234450513
6008,2019,Semiconductors/Hardware,INTC,0.059730227680585335,1.0,0.0,1.0,0.0,1.0,0.0,0.0,0.0,0.0,0.0,0.9221260594217384,0.2990359318205246,0.9221260594217383,11.111478772205587,0.01833567141903127,11.824255702327717,0.5676950572793062,1.1977986170132806,0.3826653189182854,0.09787290146787378,0.017035988306482897,59.0,0.0,-0.6428166778070994,-0.3507357627813131,-0.46782618542910065,1.5871376709322116,-0.03494879763842325
6008,2020,Semiconductors/Hardware,INTC,0.05435369115485858,1.0,0.0,1.0,0.0,1.0,0.0,0.0,0.0,0.0,0.0,0.7549074342883941,0.0,0.7549074342883941,10.016347377945506,0.05582974161995578,11.938787794810091,0.5293452913626536,0.9151737925271148,0.36241189880528574,0.08854864100436995,0.033622603920171995,60.0,0.0,-0.6428166778070994,-0.3507357627813131,-0.46782618542910065,1.5871376709322116,-0.03494879763842325
7346,2016,Semiconductors/Hardware,MSCC,-0.05975712113438949,0.0,0.0,0.0,0.0,0.0,0.0,0.0,0.0,0.0,0.0,0.9695444161174266,0.0,0.9695444161174266,10.238486597400188,0.028792385476319588,8.394573477868327,0.39088853719195116,1.0146361735688072,0.07877006556635767,0.06988469364684603,0.02262029568644738,61.0,0.0,-0.39744844197594303,-0.17004527827909008,-0.6110103972989658,-0.3072674721144954,-0.7525776838489204
7257,2024,Biotech,MRK,0.07008189265160154,1.0,0.0,1.0,1.0,0.0,0.0,0.0,0.0,0.0,0.0,0.5767590069164996,0.43496242819918646,0.5767590069164996,10.028982375772266,0.07161774186733759,11.670834786531072,0.39547930934367154,1.6918187939180283,0.49633665226376106,0.15317746315304084,0.013331189485227813,58.0,0.0,-0.30750637691746363,-0.07890428096156032,1.6954389051964547,-0.2922982752130367,0.11888928142782612
7343,2017,Semiconductors/Hardware,MU,0.08088927237011583,1.0,1.0,0.0,0.0,0.0,0.0,0.0,0.0,1.0,1.0,0.4479028396881655,0.14026841560015574,0.4479028396881655,9.640369694188083,0.02521897770809729,10.472657553276363,0.5269696626669685,0.6466681828005153,0.2911761376499887,0.05161874575503735,0.022327849015965358,59.0,0.0,2.370290370135587,-0.17372644482432392,-0.47860601558765886,-0.7418381710382295,-0.0011662427575989973
7343,2018,Semiconductors/Hardware,MU,0.23714309147929774,1.0,1.0,0.0,0.0,0.0,0.0,0.0,0.0,1.0,1.0,0.5266234799881446,1.084727168321106,0.5266234799881446,9.563921344517851,0.08426029606399794,10.677661571738447,0.7445130947989672,0.6355942976909206,0.5626383253412025,0.04935909258576171,0.03107311800842821,60.0,0.0,2.370290370135587,-0.17372644482432392,-0.47860601558765886,-0.7418381710382295,-0.0011662427575989973
7343,2019,Semiconductors/Hardware,MU,0.0346940671616017,1.0,1.0,0.0,0.0,0.0,0.0,0.0,0.0,1.0,1.0,0.7081817254204561,0.6069238196536496,0.7081817254204561,9.737713389333008,0.0759027972733267,10.797266791448184,0.7339579029189764,0.3331865570657505,0.6294106817763414,0.04993147462515597,0.027746973842219438,61.0,0.0,2.370290370135587,-0.17372644482432392,-0.47860601558765886,-0.7418381710382295,-0.0011662427575989973
7343,2020,Semiconductors/Hardware,MU,-0.032102133958189276,1.0,1.0,0.0,0.0,0.0,0.0,0.0,0.0,1.0,1.0,0.7501686755616405,0.5228740365263421,0.7501686755616405,9.903261877073337,0.06846739966873525,10.89075851312733,0.7264801222102165,0.26153207755493313,0.6232534744215508,0.04843697604232647,0.03621727246816169,62.0,0.0,2.370290370135587,-0.17372644482432392,-0.47860601558765886,-0.7418381710382295,-0.0011662427575989973
7343,2021,Semiconductors/Hardware,MU,0.007989565407502605,1.0,1.0,0.0,0.0,0.0,0.0,0.0,0.0,1.0,1.0,0.7307424910560057,1.2060970088963776,0.7307424910560057,10.139219891507143,0.053324466462050815,10.98273012019061,0.746537749154616,0.6297724824069796,0.6636136552872606,0.045251406141140885,0.02507042558090361,63.0,0.0,2.370290370135587,-0.17372644482432392,-0.47860601558765886,-0.7418381710382295,-0.0011662427575989973
7343,2022,Semiconductors/Hardware,MU,0.04165497897196409,1.0,1.0,0.0,0.0,0.0,0.0,0.0,0.0,1.0,1.0,0.4074078851255525,0.4636166759399849,0.4074078851255525,10.26954664232307,0.04888534853512604,11.101688733038813,0.752938159105653,0.21445090120679158,0.7047659279151517,0.04701054569044853,0.029827490935455316,64.0,0.0,2.370290370135587,-0.17372644482432392,-0.47860601558765886,-0.7418381710382295,-0.0011662427575989973
7343,2023,Semiconductors/Hardware,MU,-0.15661712094662544,1.0,1.0,0.0,0.0,0.0,0.0,0.0,0.0,1.0,1.0,0.939591297274189,0.8459658153430986,0.939591297274189,10.137648350494901,0.04966880107468645,11.07059925762893,0.6866498583745759,0.5542148803372668,0.6304977122046876,0.04846390886170511,0.02279638523561369,65.0,0.0,2.370290370135587,-0.17372644482432392,-0.47860601558765886,-0.7418381710382295,-0.0011662427575989973
7343,2024,Semiconductors/Hardware,MU,-0.06487703738604658,1.0,1.0,0.0,0.0,0.0,0.0,0.0,0.0,1.0,1.0,0.7900706404224653,0.0,0.7900706404224653,10.310954854914947,0.0471358303687749,11.147872667473326,0.6501527025469632,0.8607344082316164,0.5869396104644462,0.04941223925319811,0.03251625557739723,66.0,0.0,2.370290370135587,-0.17372644482432392,-0.47860601558765886,-0.7418381710382295,-0.0011662427575989973
7343,2025,Semiconductors/Hardware,MU,0.021364294357508862,1.0,1.0,0.0,0.0,0.0,0.0,0.0,0.0,1.0,1.0,0.0,0.0,0.0,8.626965022897473,0.2591675049107393,11.324159185492253,0.6541824681755598,0.9022853868973223,0.5863788980410155,0.04587067320466678,0.03943447020538654,67.0,0.0,2.370290370135587,-0.17372644482432392,-0.47860601558765886,-0.7418381710382295,-0.0011662427575989973
7346,2015,Semiconductors/Hardware,MSCC,-0.024597079992070676,0.0,0.0,0.0,0.0,0.0,0.0,0.0,0.0,0.0,0.0,0.7865588884863137,0.0,0.7865588884863137,8.912158435038615,0.09903440778704181,7.80388411903234,0.49271458307824173,0.9499081477596502,0.1551365250397943,0.08175176523407209,0.020563857633543736,60.0,0.0,-0.39744844197594303,-0.17004527827909008,-0.6110103972989658,-0.3072674721144954,-0.7525776838489204
7346,2017,Semiconductors/Hardware,MSCC,-0.022347239178190918,0.0,0.0,0.0,0.0,0.0,0.0,0.0,0.0,0.0,0.0,0.2436917358186702,0.0,0.24369173581867026,8.17379430082005,0.22696668749309232,8.37172801648429,0.46131248409705994,1.0993180516933687,0.12197265850894032,0.079017371793389,0.015203910185662937,62.0,0.0,-0.39744844197594303,-0.17004527827909008,-0.6110103972989658,-0.3072674721144954,-0.7525776838489204
6008,2021,Semiconductors/Hardware,INTC,0.02637248373172589,1.0,0.0,0.0,0.0,0.0,0.0,0.0,0.0,1.0,1.0,0.9529862499957844,0.0,0.9529862499957843,12.089007227324783,0.016011318374821674,12.03413300960933,0.5664346876002043,0.7872405727428569,0.4001341994940798,0.09019868650760662,0.019808676005772647,61.0,0.0,2.3817498717499115,-0.1953866599476667,-0.5022599177807368,-0.7450632873224258,-0.42013540304343333
10499,2015,Semiconductors/Hardware,TXN,0.12485400054400614,1.0,0.0,0.0,0.0,0.0,0.0,0.0,0.0,0.0,0.0,0.3285988219303678,5.941674917374448,0.3285988219303678,9.609911611983417,0.07646602179259826,9.694616660508636,0.6128157732593962,1.7179071877504104,1.8881084411583486,0.07886629698089957,0.017081691164963955,57.0,0.0,-0.4640734528346924,-0.1989941162397805,-0.6279204739384207,-0.4029962759698278,0.3136310234450513
10499,2016,Semiconductors/Hardware,TXN,0.16640718536548757,1.0,0.0,0.0,0.0,0.0,0.0,0.0,0.0,0.0,0.0,0.3272706264466138,8.123787232095717,0.3272706264466138,9.613968126516918,0.07774825321014275,9.706925073451831,0.6373927332481285,1.9372237952029217,1.9828981802690038,0.08337897875966162,0.01327233887838336,58.0,0.0,-0.4640734528346924,-0.1989941162397805,-0.6279204739384207,-0.4029962759698278,0.3136310234450513
7257,2023,Biotech,MRK,-0.06241517273617882,1.0,0.0,1.0,1.0,0.0,0.0,0.0,0.0,0.0,0.0,0.5095057497343305,0.18621929002181414,0.5095057497343305,9.884412984140734,0.08169813828513162,11.577542108056202,0.3522943520037497,1.9938972971746596,0.4568455589407078,0.2862057651745957,0.011855046788513629,57.0,0.0,-0.30750637691746363,-0.07890428096156032,1.6954389051964547,-0.2922982752130367,0.11888928142782612
7257,2022,Biotech,MRK,0.04360232883410704,1.0,0.0,1.0,1.0,0.0,0.0,0.0,0.0,0.0,0.0,0.4801660372258895,1.7556311009617087,0.4801660372258895,9.823894085605524,0.08330410549439698,11.600569974822275,0.4213173323561744,1.8119448855275824,0.5158757786735068,0.12411139611579333,0.012554122357522624,56.0,0.0,-0.30750637691746363,-0.07890428096156032,1.6954389051964547,-0.2922982752130367,0.11888928142782612
7257,2021,Biotech,MRK,0.031855867049265435,1.0,0.0,1.0,1.0,0.0,0.0,0.0,0.0,0.0,0.0,0.4689567278521357,0.4744593493291542,0.46895672785213577,9.509443055275721,0.09787275123881464,11.568303405819542,0.36126932465419037,1.6239743724038016,0.4661286354949193,0.11585331239237799,0.014818760789901462,55.0,0.0,-0.30750637691746363,-0.07890428096156032,1.6954389051964547,-0.2922982752130367,0.11888928142782612
7257,2020,Biotech,MRK,-0.004999122318528185,1.0,0.0,0.0,0.0,0.0,0.0,0.0,0.0,0.0,0.0,0.5443744650195245,4.989977821984761,0.5443744650195245,9.8934265095546,0.08596081937847011,11.425055537713588,0.2764226754596672,2.1011097635779183,0.4446870769096388,0.14803249333973884,0.02005820070669818,66.0,0.0,-0.4640734528346924,-0.1989941162397805,-0.6279204739384207,-0.4029962759698278,0.3136310234450513
6008,2022,Semiconductors/Hardware,INTC,-0.04539620561667763,1.0,0.0,0.0,0.0,0.0,0.0,0.0,0.0,1.0,1.0,0.763652957028593,0.0,0.763652957028593,9.36002681620112,0.11210793218938069,12.112327740044577,0.5569540315096402,0.0751707262015737,0.38353569133951665,0.09625321933191655,0.02413029198795836,62.0,0.0,2.3817498717499115,-0.1953866599476667,-0.5022599177807368,-0.7450632873224258,-0.42013540304343333
6008,2023,Semiconductors/Hardware,INTC,-0.057020251911604786,1.0,0.0,0.0,0.0,0.0,0.0,0.0,0.0,1.0,1.0,0.7421909528530644,0.0,0.7421909528530644,9.725759429752307,0.06376841023925846,12.163018996052674,0.5511765811287662,0.6991759451287533,0.3598699183596768,0.08375963084375587,0.024211884803458983,63.0,0.0,2.3817498717499115,-0.1953866599476667,-0.5022599177807368,-0.7450632873224258,-0.42013540304343333
6266,2015,Biotech,JNJ,0.05637393823944825,1.0,0.0,1.0,1.0,0.0,0.0,0.0,0.0,0.0,0.0,0.5072398686285545,2.043255117567463,0.5072398686285545,9.956155806233747,0.07653414129232518,11.801189867834738,0.5333143443943903,1.3806927584597455,0.6799589239268127,0.0694845252640337,0.010309338007222257,55.0,0.0,-0.30750637691746363,-0.07890428096156032,1.6954389051964547,-0.2922982752130367,0.11888928142782612
6266,2016,Biotech,JNJ,0.06474561564643772,1.0,0.0,1.0,1.0,0.0,0.0,0.0,0.0,0.0,0.0,0.6668731191177002,2.298198721746496,0.6668731191177002,10.367751302648333,0.050287819190146105,11.857989259660116,0.4986827941759674,1.4879679892851185,0.6773695541329103,0.06461390289502011,0.008495826127930615,56.0,0.0,-0.30750637691746363,-0.07890428096156032,1.6954389051964547,-0.2922982752130367,0.11888928142782612
6266,2017,Biotech,JNJ,-0.0548638550820432,1.0,0.0,1.0,1.0,0.0,0.0,0.0,0.0,0.0,0.0,0.5408279933565114,0.0,0.5408279933565114,10.036418389863412,0.07004205149666731,11.965929160701757,0.3824466157670229,1.8293912554408276,0.5632060418428129,0.06968716426260148,0.007206850757282064,57.0,0.0,-0.30750637691746363,-0.07890428096156032,1.6954389051964547,-0.2922982752130367,0.11888928142782612
6266,2018,Biotech,JNJ,0.011282102491097235,1.0,0.0,1.0,1.0,0.0,0.0,0.0,0.0,0.0,0.0,0.4760514567675467,5.007523330668073,0.47605145676754673,9.83426318997147,0.08800115483873248,11.937892501574447,0.39065339906115565,1.7491966886740975,0.594910888240909,0.07780770689226826,0.01379591604558612,58.0,0.0,-0.30750637691746363,-0.07890428096156032,1.6954389051964547,-0.2922982752130367,0.11888928142782612
6266,2019,Biotech,JNJ,0.0014144218481185328,1.0,0.0,1.0,1.0,0.0,0.0,0.0,0.0,0.0,0.0,0.508216953314307,7.270532761411149,0.508216953314307,9.88281417324544,0.08422330569124441,11.968627309505104,0.3770478291742747,1.8651636394118358,0.6008318117265166,0.07763364779874214,0.01036296997251675,59.0,0.0,-0.30750637691746363,-0.07890428096156032,1.6954389051964547,-0.2922982752130367,0.11888928142782612
6266,2020,Biotech,JNJ,0.0019710735866166895,1.0,0.0,1.0,1.0,0.0,0.0,0.0,0.0,0.0,0.0,0.5945405988788061,7.69547822309567,0.5945405988788061,10.049316877151531,0.07130517951316627,12.071935355100928,0.3618077235353986,1.8790640691296467,0.5640445069585006,0.0705570231111416,0.01906630318168182,60.0,0.0,-0.30750637691746363,-0.07890428096156032,1.6954389051964547,-0.2922982752130367,0.11888928142782612
6266,2021,Biotech,JNJ,0.023098631023073815,1.0,0.0,1.0,1.0,0.0,0.0,0.0,0.0,0.0,0.0,0.5679615798476157,8.59428351495099,0.5679615798476157,10.167352344495091,0.06336638408715711,12.111860862267442,0.40667955916447823,1.804287206353233,0.6043468228416969,0.08578272478546078,0.009130970666640939,61.0,0.0,-0.30750637691746363,-0.07890428096156032,1.6954389051964547,-0.2922982752130367,0.11888928142782612
6266,2022,Biotech,JNJ,0.006343366138082451,1.0,0.0,1.0,0.0,0.0,0.0,0.0,0.0,1.0,0.0,0.4535161567777425,5.275540942939215,0.45351615677774254,9.480328348117114,0.1138183502911221,12.140883245950512,0.40988803381400163,1.793641085136492,0.6157499813211796,0.08211209426933791,0.010964212257120314,61.0,0.0,-0.3380658161690637,-0.2226681896520303,-0.4972407948776628,-0.41223923039133614,-0.1021530084299651
6266,2023,Biotech,JNJ,0.1439592305104492,1.0,0.0,1.0,0.0,0.0,0.0,0.0,0.0,1.0,0.0,0.5000550516237912,1.4211421501087604,0.5000550516237912,9.999098459844676,0.0720062970151205,12.029084838966819,0.41044891918022414,1.702176178846895,0.8433855739505126,0.09189653731842108,0.010419331496881729,62.0,0.0,-0.3380658161690637,-0.2226681896520303,-0.4972407948776628,-0.41223923039133614,-0.1021530084299651
6266,2024,Biotech,JNJ,0.0020144922955401684,1.0,0.0,1.0,0.0,0.0,0.0,0.0,0.0,1.0,0.0,0.4992122956115133,0.8134003691163975,0.4992122956115133,9.98083555582978,0.0740454157557538,12.10128974080081,0.39693732510105273,1.5829007857599062,0.7998156620619198,0.09684959801003865,0.009524956571043412,63.0,0.0,-0.3380658161690637,-0.2226681896520303,-0.4972407948776628,-0.41223923039133614,-0.1021530084299651
6266,2025,Biotech,JNJ,0.05278526229814774,1.0,0.0,1.0,0.0,0.0,0.0,0.0,0.0,1.0,0.0,0.5473655886682511,2.606099915088659,0.5473655886682511,10.22037183453162,0.058273203278712646,12.20211482367583,0.4093368806786808,1.8101056612284243,0.7732945133276442,0.07402238843431555,0.012318655645146951,64.0,0.0,-0.3380658161690637,-0.2226681896520303,-0.4972407948776628,-0.41223923039133614,-0.1021530084299651
6730,2015,Biotech,LLY,0.008584554394636054,1.0,0.0,0.0,0.0,1.0,1.0,0.0,0.0,1.0,1.0,0.6852830188679245,0.0,0.6852830188679245,9.714896382728577,0.09056603773584905,10.479226939527571,0.4096640604573096,1.8086472313675175,0.32137906991782145,0.14988936964595473,0.016983437898090526,62.0,0.0,2.0773907570415733,-0.3782551279654841,-0.46740131634680554,2.2241112694781515,0.6914124260053306
6730,2017,Biotech,LLY,-0.0676656316532804,1.0,0.0,1.0,0.0,0.0,0.0,0.0,0.0,0.0,0.0,0.7035453165953924,0.0,0.7035453165953924,9.581765987860823,0.09656504345426956,10.713995457369334,0.257713256708388,2.0347433745461556,0.18175451857450925,0.1421577999599831,0.009409744633131604,50.0,0.0,-0.47024218710790366,-0.18195324958243347,-0.5048237515515195,-0.47581435434036906,0.39279862525945874
6730,2018,Biotech,LLY,-0.015120574693767888,1.0,0.0,1.0,0.0,0.0,0.0,0.0,0.0,0.0,0.0,0.6740971912617031,0.0,0.6740971912617031,9.661479683575521,0.08916629514043692,10.689860924722895,0.22384555119293803,2.472877172749665,0.12905731021854588,0.1660502318462982,0.014169264031873364,51.0,0.0,-0.47024218710790366,-0.18195324958243347,-0.5048237515515195,-0.47581435434036906,0.39279862525945874
6730,2019,Biotech,LLY,0.11729854443518681,1.0,0.0,1.0,0.0,0.0,0.0,0.0,0.0,0.0,0.0,0.7351578947368421,0.0,0.7351578947368421,9.718662865524054,0.08421052631578947,10.578626045727015,0.06635680304229741,3.8232795514286577,-0.04080832660915693,0.1485156327556057,0.013020785829534441,52.0,0.0,-0.47024218710790366,-0.18195324958243347,-0.5048237515515195,-0.47581435434036906,0.39279862525945874
6730,2020,Biotech,LLY,0.05065779097729162,1.0,0.0,1.0,0.0,0.0,0.0,0.0,0.0,0.0,0.0,0.7622847054130769,0.0,0.7622847054130769,9.788340695355926,0.08321781482498589,10.750065868398963,0.12097844663983309,3.300718836933852,0.02860200158256689,0.14466333998812003,0.02682666115416304,53.0,0.0,-0.47024218710790366,-0.18195324958243347,-0.5048237515515195,-0.47581435434036906,0.39279862525945874
6730,2021,Biotech,LLY,0.022760726641350634,1.0,0.0,1.0,0.0,0.0,0.0,0.0,0.0,0.0,0.0,0.7848854741644924,0.0,0.7848854741644924,9.855753705267507,0.07866685896343302,10.795608535103078,0.18397737983034873,3.3249770163272507,0.09456624185550956,0.16188173585214932,0.019945075335684497,54.0,0.0,-0.47024218710790366,-0.18195324958243347,-0.5048237515515195,-0.47581435434036906,0.39279862525945874
6730,2022,Biotech,LLY,0.036779310233434406,1.0,0.0,1.0,0.0,0.0,0.0,0.0,0.0,0.0,0.0,0.7935855157470499,0.0,0.7935855157470499,9.971059047679491,0.07009956708844019,10.809521866717317,0.21519181730376763,3.431496652833661,0.12523792781542864,0.16365594526548904,0.01717143232963642,55.0,0.0,-0.47024218710790366,-0.18195324958243347,-0.5048237515515195,-0.47581435434036906,0.39279862525945874
6730,2023,Biotech,LLY,0.016036410184721253,1.0,0.0,1.0,0.0,0.0,0.0,0.0,0.0,0.0,0.0,0.7498335383673665,0.0,0.7498335383673665,10.131654863610962,0.0645212054011178,11.066736794997157,0.1682943710228524,3.885058310268992,0.09351110750035543,0.2048735827566974,0.01816578993936649,56.0,0.0,-0.47024218710790366,-0.18195324958243347,-0.5048237515515195,-0.47581435434036906,0.39279862525945874
6730,2024,Biotech,LLY,0.05845132706536964,1.0,0.0,1.0,0.0,0.0,0.0,0.0,0.0,0.0,0.0,0.7182501387543109,0.0,0.7182501387543109,10.221811929834272,0.06147649716001448,11.273587743042027,0.18029750403036784,3.8881992585760132,0.11717095492721201,0.1812998555546663,0.019068059952494106,57.0,0.0,-0.47024218710790366,-0.18195324958243347,-0.5048237515515195,-0.47581435434036906,0.39279862525945874
7257,2015,Biotech,MRK,-0.015482702182390236,1.0,0.0,0.0,0.0,0.0,0.0,0.0,0.0,0.0,0.0,0.4981780982004719,1.9885195511326068,0.4981780982004719,9.898396515169578,0.0753828014038087,11.530559074981568,0.43895106063136796,1.190310422558445,0.40479863233083446,0.06586820463946394,0.013770774270769583,61.0,0.0,-0.4640734528346924,-0.1989941162397805,-0.6279204739384207,-0.4029962759698278,0.3136310234450513
7257,2016,Biotech,MRK,-0.011286502599124351,1.0,0.0,0.0,0.0,0.0,0.0,0.0,0.0,0.0,0.0,0.4626177320953816,2.619691526343676,0.46261773209538165,9.742368818777203,0.08972157835315459,11.465592738222727,0.420310976440861,1.3953939360128575,0.40792853622990866,0.10614718433165228,0.013216683099755499,62.0,0.0,-0.4640734528346924,-0.1989941162397805,-0.6279204739384207,-0.4029962759698278,0.3136310234450513
7257,2017,Biotech,MRK,-0.03588398693343244,1.0,0.0,0.0,0.0,0.0,0.0,0.0,0.0,0.0,0.0,0.514327596770976,0.0,0.514327596770976,9.749078531008193,0.0917360628561696,11.383636489127642,0.39075018208302986,1.4859633372530443,0.41469410050983246,0.11616897305171157,0.00990198533080966,63.0,0.0,-0.4640734528346924,-0.1989941162397805,-0.6279204739384207,-0.4029962759698278,0.3136310234450513
7257,2018,Biotech,MRK,-0.01345941084644009,1.0,0.0,0.0,0.0,0.0,0.0,0.0,0.0,0.0,0.0,0.4516947714643728,4.852191148163816,0.4516947714643728,9.949153985791394,0.07693408929105748,11.32221280110167,0.3231119232305142,2.0040583643085412,0.4481527645001634,0.1180100923315222,0.012563991811266103,64.0,0.0,-0.4640734528346924,-0.1989941162397805,-0.6279204739384207,-0.4029962759698278,0.3136310234450513
7257,2019,Biotech,MRK,0.02218690068959793,1.0,0.0,0.0,0.0,0.0,0.0,0.0,0.0,0.0,0.0,0.5062132016867454,5.987561988465563,0.5062132016867454,10.024391402271338,0.07352493946920044,11.343287134928612,0.3069658874130597,2.187573700754354,0.4787966396909843,0.11697098238089032,0.01158638184763813,65.0,0.0,-0.4640734528346924,-0.1989941162397805,-0.6279204739384207,-0.4029962759698278,0.3136310234450513
16721,2019,Software,EA,0.17904765336853787,0.0,0.0,0.0,0.0,0.0,0.0,0.0,0.0,0.0,0.0,0.7499364871407288,2.4049281766445665,0.7499364871407288,9.969544545212035,0.056164650792539385,9.31578088443418,0.6714362850971922,1.3538174908299878,0.4794816414686825,0.14029877609791216,0.023388651401042744,45.0,0.0,-0.39744844197594303,-0.17004527827909008,-0.6110103972989658,-0.3072674721144954,-0.7525776838489204
16721,2020,Software,EA,-0.019170722582590602,0.0,0.0,0.0,0.0,0.0,0.0,0.0,0.0,0.0,0.0,0.8392579294905609,0.0,0.8392579294905609,10.575559706643313,0.03190575353714029,9.49461665129313,0.5900060204695966,1.5986340214965347,0.5612582781456954,0.13380493678506925,0.02290366118517517,46.0,0.0,-0.39744844197594303,-0.17004527827909008,-0.6110103972989658,-0.3072674721144954,-0.7525776838489204
16721,2021,Software,EA,-0.034430397400775324,0.0,0.0,0.0,0.0,0.0,0.0,0.0,0.0,0.0,0.0,0.7036621374815135,0.0,0.7036621374815135,9.896389369938447,0.06510665260923777,9.532423871145296,0.552536231884058,1.536105484391362,0.5678985507246377,0.15840579710144928,0.015721683144545605,47.0,0.0,-0.39744844197594303,-0.17004527827909008,-0.6110103972989658,-0.3072674721144954,-0.7525776838489204
24975,2022,Software,SNPS,0.015138619480868615,0.0,0.0,0.0,0.0,1.0,0.0,0.0,0.0,1.0,0.0,0.5137315757743505,5.867849427986053,0.5137315757743505,9.216172929494938,0.05368595861647706,9.150387268390903,0.5856523729288124,2.089621797332656,0.5627501635947937,0.1784204159507127,0.02669566579593205,68.0,0.0,-0.437846561736299,-0.3795427315475665,-0.5664298745026903,1.8192596771071183,-1.675276740436226
24975,2015,Software,SNPS,-0.01434909563524224,0.0,0.0,0.0,0.0,1.0,0.0,0.0,0.0,1.0,0.0,0.2541156084428596,3.0697502144176045,0.2541156084428596,8.500888794172067,0.10164380392584962,8.526299403725332,0.6211159554626191,0.9059985198932338,0.3211327419036142,0.15383851602312368,0.013255833868434085,61.0,0.0,-0.437846561736299,-0.3795427315475665,-0.5664298745026903,1.8192596771071183,-1.675276740436226
24975,2016,Software,SNPS,-0.0014691125321337276,0.0,0.0,0.0,0.0,1.0,0.0,0.0,0.0,1.0,0.0,0.3062078875222833,3.4016943327899734,0.3062078875222833,8.65085867505016,0.08748826782328491,8.564146431377736,0.6097182161929561,1.0336718121637787,0.3516945861595519,0.16348193303329064,0.01133851556945217,62.0,0.0,-0.437846561736299,-0.3795427315475665,-0.5664298745026903,1.8192596771071183,-1.675276740436226
24975,2017,Software,SNPS,-0.03782191060771536,0.0,0.0,0.0,0.0,1.0,0.0,0.0,0.0,1.0,0.0,0.2781021840751684,0.0,0.27810218407516846,8.80269569032235,0.07892182860523933,8.593489937883437,0.6069993888534126,1.3797107268472157,0.38505088749677097,0.16841572940845534,0.009819934422234602,63.0,0.0,-0.437846561736299,-0.3795427315475665,-0.5664298745026903,1.8192596771071183,-1.675276740436226
24975,2018,Software,SNPS,-0.018354158735005496,0.0,0.0,0.0,0.0,1.0,0.0,0.0,0.0,1.0,0.0,0.3027092216214645,4.046442838238326,0.3027092216214645,8.91366276071221,0.07199136372711573,8.72355251228773,0.5660863518133985,1.3457531494680464,0.39546392483925247,0.1765093701990929,0.015430621671908677,64.0,0.0,-0.437846561736299,-0.3795427315475665,-0.5664298745026903,1.8192596771071183,-1.675276740436226
24975,2019,Software,SNPS,-0.011325135568222053,0.0,0.0,0.0,0.0,1.0,0.0,0.0,0.0,1.0,0.0,0.5777701146440581,5.7230992067098585,0.5777701146440581,9.17239184924539,0.05608859921320159,8.764859194502824,0.6374568316794584,1.6090640132159695,0.47956600615753553,0.1775025135984113,0.015599030432005794,65.0,0.0,-0.437846561736299,-0.3795427315475665,-0.5664298745026903,1.8192596771071183,-1.675276740436226
24975,2020,Software,SNPS,0.0005726012596704022,0.0,0.0,0.0,0.0,1.0,0.0,0.0,0.0,1.0,0.0,0.3398121551891494,13.28847823896524,0.3398121551891494,8.82004452663097,0.07978056208656309,8.990947527957077,0.6111290298879387,1.8947592985975066,0.46591458447020706,0.15927921851661916,0.026824800174562353,66.0,0.0,-0.437846561736299,-0.3795427315475665,-0.5664298745026903,1.8192596771071183,-1.675276740436226
24975,2021,Software,SNPS,-0.005053408163014236,0.0,0.0,0.0,0.0,1.0,0.0,0.0,0.0,1.0,0.0,0.5263492626805955,11.658008307781916,0.5263492626805955,9.207835737997534,0.054135419752510905,9.077067231715933,0.6050022508472097,2.2649818213828494,0.5141653698587565,0.17193536298053302,0.019587995183109986,67.0,0.0,-0.437846561736299,-0.3795427315475665,-0.5664298745026903,1.8192596771071183,-1.675276740436226
24975,2023,Software,SNPS,0.05318696949357331,0.0,0.0,0.0,0.0,1.0,0.0,0.0,0.0,1.0,0.0,0.5946325059482335,5.9881236418739245,0.5946325059482335,9.44786608243514,0.05352463781464602,9.243110613962308,0.5949124229626045,2.4520000978408105,0.6334270803302504,0.18840494715493303,0.017269198225605173,69.0,0.0,-0.437846561736299,-0.3795427315475665,-0.5664298745026903,1.8192596771071183,-1.675276740436226
24782,2015,Biotech,PRGO,-0.05263560815582753,1.0,0.0,1.0,1.0,1.0,0.0,0.0,0.0,0.0,0.0,0.8508711713667233,1.1122121226651687,0.8508711713667233,9.331003965949071,0.09856012695111604,9.889419053657255,0.5406833463484885,0.9305982213011722,0.10348062432177521,0.009523036824437392,0.020654853330501242,59.0,0.0,-0.4800808676166594,-0.24768679416043995,1.7324364713188738,1.7706537500595445,-0.30885814147005586
24782,2016,Biotech,PRGO,-0.34169954077094217,1.0,0.0,1.0,0.0,0.0,0.0,0.0,0.0,0.0,0.0,0.5926036272713119,0.0,0.5926036272713119,8.665595437756135,0.13974748172252024,9.537490723088222,0.4295643146047974,0.6947388706353916,-0.15694912077057843,0.013518287539383278,0.024944002529747968,54.0,0.0,-0.47024218710790366,-0.18195324958243347,-0.5048237515515195,-0.47581435434036906,0.39279862525945874
24782,2017,Biotech,PRGO,-0.052843350149894594,1.0,0.0,1.0,0.0,0.0,0.0,0.0,0.0,0.0,0.0,0.5046726063414021,0.23088153426203487,0.5046726063414021,9.026685406587985,0.10814410418170421,9.361240058761798,0.5306222482113374,0.687550802907123,-0.14811502476609797,0.01551320858558063,0.021715304516619828,55.0,0.0,-0.47024218710790366,-0.18195324958243347,-0.5048237515515195,-0.47581435434036906,0.39279862525945874
24344,2015,Biotech,VRTX,-0.28176006808509013,1.0,1.0,0.0,0.0,1.0,1.0,1.0,1.0,1.0,1.0,0.2504956792259141,2.5499042236062244,0.2504956792259141,10.243518663131846,0.046181495928124254,7.823595909575907,0.3761560702316042,3.495665746686937,-2.104931219048572,0.3985481466659997,0.025655271124247453,60.0,0.0,1.7670176862294449,5.065213882824072,-0.2265584585896077,2.1570113871316585,3.8951318115026767
24344,2016,Biotech,VRTX,-0.09106803526666937,1.0,1.0,0.0,0.0,1.0,1.0,1.0,1.0,1.0,1.0,0.5625839348629297,1.1361052776967395,0.5625839348629297,9.765360358231927,0.07462790240828833,7.971357470730784,0.39926373599439663,2.761012997840593,-1.8477930893779901,0.3616731226700479,0.0270335951199644,61.0,0.0,1.7670176862294449,5.065213882824072,-0.2265584585896077,2.1570113871316585,3.8951318115026767
24344,2017,Biotech,VRTX,0.01117611488994942,1.0,1.0,0.0,0.0,1.0,1.0,1.0,1.0,1.0,1.0,0.5079213511158829,3.593270704447551,0.5079213511158829,9.75425067186585,0.07546161758014212,8.173579434736906,0.5720730375006979,2.9289996870753288,-1.4470599946869922,0.4186743199547435,0.02437243102530372,62.0,0.0,1.7670176862294449,5.065213882824072,-0.2265584585896077,2.1570113871316585,3.8951318115026767
24344,2018,Biotech,VRTX,0.2469953440099369,1.0,1.0,0.0,0.0,1.0,1.0,1.0,1.0,1.0,1.0,0.5213155682010465,3.125776770616241,0.5213155682010465,9.841566775448259,0.0691520737616446,8.739680207258191,0.710098531868436,2.254848434262326,-0.4785251055973056,0.22678500353351913,0.021389782426119934,63.0,0.0,1.7670176862294449,5.065213882824072,-0.2265584585896077,2.1570113871316585,3.8951318115026767
24344,2019,Biotech,VRTX,0.047029142496515575,1.0,1.0,0.0,0.0,1.0,1.0,1.0,1.0,1.0,1.0,0.4967902316047618,2.519824842861769,0.4967902316047618,9.841079294110227,0.06918579232500717,9.026233021601614,0.7315344838260424,2.2320223243338586,-0.2229919822948104,0.21092112547206726,0.016923860752316593,64.0,0.0,1.7670176862294449,5.065213882824072,-0.2265584585896077,2.1570113871316585,3.8951318115026767
24468,2016,Biotech,BIIB,0.10947174369232304,1.0,1.0,0.0,0.0,1.0,0.0,0.0,0.0,0.0,0.0,0.7334954607554799,0.0,0.7334954607554799,9.783227025430694,0.08458429750034228,10.037878575572533,0.530672996223248,1.61804030601832,0.6448323192054833,0.08679098475311232,0.022153933988023143,68.0,0.0,-0.6481074451482132,-0.3461164143153173,-0.5672690056229239,1.6631808655869496,0.3048527608330036
24800,2015,Semiconductors/Hardware,QCOM,0.04464173034763949,1.0,0.0,0.0,0.0,0.0,0.0,0.0,0.0,1.0,0.0,0.7712864762721954,0.0,0.7712864762721954,9.246896480529387,0.11008968577440448,10.835572890308924,0.6185723285298055,0.9578335028223018,0.6185723285298055,0.10807937632884479,0.01962272675188695,47.0,0.0,-0.33189708189585243,-0.23970905630937728,-0.620337517264564,-0.33942115202079487,-0.18132061024437243
27928,2015,Software,INTU,0.014343926458025902,1.0,0.0,1.0,0.0,0.0,0.0,0.0,0.0,0.0,0.0,0.6477442145903821,2.835382359565344,0.6477442145903821,9.68130172995331,0.06244017060902456,8.510772623613315,0.4694041867954911,2.533348377998619,1.2071256038647342,0.1606280193236715,0.016821904999279387,51.0,0.0,-0.47024218710790366,-0.18195324958243347,-0.5048237515515195,-0.47581435434036906,0.39279862525945874
27928,2016,Software,INTU,0.17796638300839357,1.0,0.0,1.0,0.0,0.0,0.0,0.0,0.0,0.0,0.0,0.6161671160134307,1.8383204304148548,0.6161671160134307,9.84099413874021,0.053224372398159824,8.354674261918463,0.2731764705882353,3.2047927805666028,1.5658823529411765,0.20729411764705882,0.012471614744885395,52.0,0.0,-0.47024218710790366,-0.18195324958243347,-0.5048237515515195,-0.47581435434036906,0.39279862525945874
27928,2017,Software,INTU,0.17556407177858702,1.0,0.0,1.0,0.0,0.0,0.0,0.0,0.0,0.0,0.0,0.7198072627547473,2.282467716148264,0.7198072627547473,10.036932060136257,0.043753801384956575,8.31090675716845,0.3328416912487709,3.2545738732702705,1.7883480825958702,0.24532940019665683,0.01122989736922589,53.0,0.0,-0.47024218710790366,-0.18195324958243347,-0.5048237515515195,-0.47581435434036906,0.39279862525945874
27928,2019,Software,INTU,0.1533710874078685,1.0,0.0,1.0,1.0,0.0,0.0,0.0,0.0,0.0,0.0,0.6396599423180082,3.5755677105369568,0.6396599423180082,9.770337629999782,0.05202409343589306,8.745602852402946,0.5966894795479867,2.9572652964357,1.5255451217571223,0.19624383256406175,0.015254825191441912,51.0,0.0,-0.30750637691746363,-0.07890428096156032,1.6954389051964547,-0.2922982752130367,0.11888928142782612
27928,2020,Software,INTU,0.08488795983948325,1.0,0.0,1.0,1.0,0.0,0.0,0.0,0.0,0.0,0.0,0.8363658486549342,3.5897404319787705,0.8363658486549342,9.6533674464827,0.0666785881343727,9.299358068293836,0.4671118836337023,2.7539735686715705,0.9928643308023054,0.12734425029731955,0.02982251878563032,52.0,0.0,-0.30750637691746363,-0.07890428096156032,1.6954389051964547,-0.2922982752130367,0.11888928142782612
27928,2021,Software,INTU,0.04129076560627491,1.0,0.0,1.0,1.0,0.0,0.0,0.0,0.0,0.0,0.0,0.8332828011200684,4.042345542837195,0.8332828011200684,9.861580855355257,0.05213985891475576,9.649627028559857,0.6360531064707399,2.6859988217634,0.7909254962619232,0.10814642949213715,0.01856612313926221,53.0,0.0,-0.30750637691746363,-0.07890428096156032,1.6954389051964547,-0.2922982752130367,0.11888928142782612
27928,2022,Software,INTU,-0.01491086538761556,1.0,0.0,1.0,1.0,0.0,0.0,0.0,0.0,0.0,0.0,0.6436030555744967,2.160789364963356,0.6436030555744967,10.210047449786053,0.04047859387079755,10.23041437631381,0.5928102689839186,2.0569979601544652,0.487524338357251,0.08462536958246196,0.03023607385648035,54.0,0.0,-0.30750637691746363,-0.07890428096156032,1.6954389051964547,-0.2922982752130367,0.11888928142782612
27928,2023,Software,INTU,0.01998035420615138,1.0,0.0,1.0,1.0,0.0,0.0,0.0,0.0,0.0,0.0,0.6533621207709279,2.791668682444066,0.6533621207709279,10.214840825870999,0.040285029032138625,10.232071616308335,0.6216342692584593,2.1173622955924554,0.5403887688984881,0.09139668826493881,0.01838862085971412,55.0,0.0,-0.30750637691746363,-0.07890428096156032,1.6954389051964547,-0.2922982752130367,0.11888928142782612
27928,2024,Software,INTU,0.016128541752249495,1.0,0.0,1.0,1.0,0.0,0.0,0.0,0.0,0.0,0.0,0.662997657247167,2.45969970217946,0.662997657247167,10.507048042832063,0.03281166432792415,10.377607697293703,0.5737582472301755,2.2865728409215023,0.5270446906510644,0.0857089505788622,0.017757236599725616,56.0,0.0,-0.30750637691746363,-0.07890428096156032,1.6954389051964547,-0.2922982752130367,0.11888928142782612
27928,2025,Software,INTU,0.022920184737969904,1.0,0.0,1.0,1.0,0.0,0.0,0.0,0.0,0.0,0.0,0.6591130457212311,2.127865230516834,0.6591130457212311,10.514490184768887,0.03528241346472431,10.51753741173737,0.5333080794415282,2.4086419495749043,0.53081876724931,0.07922506629146599,0.019222300737690087,57.0,0.0,-0.30750637691746363,-0.07890428096156032,1.6954389051964547,-0.2922982752130367,0.11888928142782612
24800,2016,Semiconductors/Hardware,QCOM,0.05657274204774069,1.0,0.0,0.0,0.0,0.0,0.0,0.0,0.0,1.0,0.0,0.7229446344356033,0.0,0.7229446344356033,9.311633707860143,0.10290012336874385,10.865879121292947,0.6069252659523673,1.1573952449802851,0.5990183158578277,0.09837850226322123,0.01763379358936429,48.0,0.0,-0.33189708189585243,-0.23970905630937728,-0.620337517264564,-0.33942115202079487,-0.18132061024437243
27794,2015,Semiconductors/Hardware,WOLF,-0.08080615019829346,1.0,0.0,0.0,0.0,0.0,0.0,0.0,0.0,0.0,0.0,0.6665710307831231,0.0,0.6665710307831231,8.597182420736756,0.14393662036449825,7.991050863538353,0.8348077443812619,0.10752998378603575,0.06115319523422691,0.06187279989168697,,49.0,0.0,-0.4640734528346924,-0.1989941162397805,-0.6279204739384207,-0.4029962759698278,0.3136310234450513
27794,2016,Semiconductors/Hardware,WOLF,-0.06017236180212691,1.0,0.0,0.0,0.0,0.0,0.0,0.0,0.0,0.0,0.0,0.8271166658400702,0.0,0.8271166658400702,8.70763171631214,0.12977566169055532,7.925179203963405,0.8560277072803917,0.03992047805872629,0.002933775840003471,0.061042782875281094,,50.0,0.0,-0.4640734528346924,-0.1989941162397805,-0.6279204739384207,-0.4029962759698278,0.3136310234450513
24800,2017,Semiconductors/Hardware,QCOM,-0.025471256510786494,1.0,0.0,0.0,0.0,0.0,0.0,0.0,0.0,1.0,0.0,0.6901752260961013,0.0,0.6901752260961013,9.358010958419381,0.09973669930318489,11.08959165831958,0.46950493235195306,0.9103819413207564,0.46532083193354307,0.08375836056561708,0.017149247266561213,49.0,0.0,-0.33189708189585243,-0.23970905630937728,-0.620337517264564,-0.33942115202079487,-0.18132061024437243
24800,2018,Semiconductors/Hardware,QCOM,-0.2375382461957324,1.0,0.0,0.0,0.0,0.0,0.0,0.0,0.0,1.0,0.0,0.5006175573723615,0.0,0.5006175573723615,9.902260399892224,0.06962233483143727,10.394702130653004,0.028391360215382733,4.5498370955963425,0.028391360215382733,0.1720920271675947,0.018795326473598363,50.0,0.0,-0.33189708189585243,-0.23970905630937728,-0.620337517264564,-0.33942115202079487,-0.18132061024437243
24800,2019,Semiconductors/Hardware,QCOM,0.038642033859485836,1.0,0.0,0.0,0.0,0.0,0.0,0.0,0.0,1.0,0.0,0.9364909761967596,0.0,0.9364909761967597,10.046073893843172,0.051970788881343565,10.402958960463414,0.1489516642898322,2.878745162662506,0.13854416360712443,0.1637891798403981,0.025080083684453185,51.0,0.0,-0.33189708189585243,-0.23970905630937728,-0.620337517264564,-0.33942115202079487,-0.18132061024437243
24800,2020,Semiconductors/Hardware,QCOM,0.06387596300123477,1.0,0.0,0.0,0.0,0.0,0.0,0.0,0.0,1.0,0.0,0.6941685583441304,0.824690119109446,0.6941685583441304,10.163182449718452,0.0589517309007871,10.479932363309931,0.17073102208237342,3.0865601202739477,0.15426757318649212,0.16786537056807327,0.03321034919189094,52.0,0.0,-0.33189708189585243,-0.23970905630937728,-0.620337517264564,-0.33942115202079487,-0.18132061024437243
24800,2021,Semiconductors/Hardware,QCOM,0.12767309013770567,1.0,0.0,0.0,0.0,0.0,0.0,0.0,0.0,0.0,0.0,0.7752423527505601,0.0,0.7752423527505601,9.934934086453644,0.050046310553786624,10.627163938130897,0.241270611057226,2.6798678380681134,0.241270611057226,0.1740058195926285,0.021568654403050665,51.0,0.0,-0.4640734528346924,-0.1989941162397805,-0.6279204739384207,-0.4029962759698278,0.3136310234450513
24800,2022,Semiconductors/Hardware,QCOM,0.17452032598489758,1.0,0.0,0.0,0.0,0.0,0.0,0.0,0.0,0.0,0.0,0.0,0.0,0.0,8.46676541709495,0.2418958068518775,10.799861250569924,0.3675072428285796,1.9503382365457176,0.3635287876933121,0.167176725017342,0.02946289833897346,52.0,0.0,-0.4640734528346924,-0.1989941162397805,-0.6279204739384207,-0.4029962759698278,0.3136310234450513
24800,2023,Semiconductors/Hardware,QCOM,0.07585600954557375,1.0,0.0,0.0,0.0,0.0,0.0,0.0,0.0,0.0,0.0,0.8986777327781832,0.0,0.8986777327781832,10.06434433893909,0.05730671784800004,10.840364918018672,0.42282523510971787,1.7462144393592267,0.41322492163009406,0.175705329153605,0.019809588177309555,53.0,0.0,-0.4640734528346924,-0.1989941162397805,-0.6279204739384207,-0.4029962759698278,0.3136310234450513
24800,2024,Semiconductors/Hardware,QCOM,0.10780029356223196,1.0,0.0,0.0,0.0,0.0,0.0,0.0,0.0,0.0,0.0,0.7712637883068725,0.0,0.7712637883068725,10.163216578580128,0.05206008705834825,10.91788455151661,0.4763752402364289,1.974571726699296,0.4763752402364289,0.16123943866265367,0.024145288190952116,54.0,0.0,-0.4640734528346924,-0.1989941162397805,-0.6279204739384207,-0.4029962759698278,0.3136310234450513
24800,2025,Semiconductors/Hardware,QCOM,0.02873774263688736,1.0,0.0,0.0,0.0,0.0,0.0,0.0,0.0,0.0,0.0,0.0,0.0,0.0,8.619579007037757,0.24372392830977996,10.82263420239148,0.4229104760385298,2.1312599504577774,0.4229104760385298,0.18032427258042,0.024136436445757612,55.0,0.0,-0.4640734528346924,-0.1989941162397805,-0.6279204739384207,-0.4029962759698278,0.3136310234450513
24856,2016,Biotech,GILD,0.18456870448176413,1.0,0.0,0.0,0.0,1.0,0.0,0.0,0.0,0.0,0.0,0.3121409276012449,6.138281642216854,0.31214092760124496,9.542174153291533,0.10515699366468197,10.950402956613187,0.3314846341506222,1.6027880115181996,0.3234989557189743,0.08947470031767205,0.016895840270128443,56.0,0.0,-0.6366479435338882,-0.3677766294386601,-0.5909229078160019,1.659955749302753,-0.11411639945283054
24856,2017,Biotech,GILD,0.00271991109213289,1.0,0.0,0.0,0.0,1.0,0.0,0.0,0.0,0.0,0.0,0.3170328722575226,3.6380923769658615,0.3170328722575226,9.644617012898365,0.09971604031205446,11.160285227787263,0.29085269553092497,1.5225612223206333,0.27285403298094846,0.05312806795384375,0.013293183987714117,57.0,0.0,-0.6366479435338882,-0.3677766294386601,-0.5909229078160019,1.659955749302753,-0.11411639945283054
26156,2018,Semiconductors/Hardware,HPE,-0.054345643233258994,1.0,0.0,0.0,0.0,0.0,0.0,0.0,0.0,0.0,0.0,0.7291284376047833,0.9967258492160229,0.7291284376047833,9.443140191109284,0.07526965552168685,10.924012165653831,0.38273295730993095,0.021720615637231915,-0.16429099165660535,0.029967743679382985,0.020782734663680334,51.0,0.0,-0.4640734528346924,-0.1989941162397805,-0.6279204739384207,-0.4029962759698278,0.3136310234450513
26156,2019,Semiconductors/Hardware,HPE,-0.07419067509872529,1.0,0.0,0.0,0.0,0.0,0.0,0.0,0.0,0.0,0.0,0.7503984886774479,0.5725427946324515,0.7503984886774479,9.522621052600059,0.08049537144296443,10.855203341628478,0.33005810474296854,0.2169527252131097,-0.21927301507634692,0.0355577862285968,0.017360476872782818,52.0,0.0,-0.4640734528346924,-0.1989941162397805,-0.6279204739384207,-0.4029962759698278,0.3136310234450513
26156,2020,Semiconductors/Hardware,HPE,-0.0881211927816562,1.0,0.0,0.0,0.0,0.0,0.0,0.0,0.0,0.0,0.0,0.803736904530554,0.04894028158149423,0.803736904530554,9.506810664648501,0.08007441216751794,10.897017064751084,0.29712117004535776,-0.3669222609314816,-0.22797371100620198,0.034694066463019535,0.03454850100295382,53.0,0.0,-0.4640734528346924,-0.1989941162397805,-0.6279204739384207,-0.4029962759698278,0.3136310234450513
26156,2021,Semiconductors/Hardware,HPE,-0.03220986686637529,1.0,0.0,0.0,0.0,0.0,0.0,0.0,0.0,0.0,0.0,0.6891468646992981,0.17194475151820277,0.6891468646992981,9.85410422247859,0.0643506592974568,10.962995121323477,0.3461238496334425,-0.051612856100832716,-0.14752422052375258,0.03429868801885648,0.01786051283229828,54.0,0.0,-0.4640734528346924,-0.1989941162397805,-0.6279204739384207,-0.4029962759698278,0.3136310234450513
26156,2022,Semiconductors/Hardware,HPE,-0.07420898662861353,1.0,0.0,0.0,0.0,0.0,0.0,0.0,0.0,0.0,0.0,0.0,0.5944658519394268,0.0,8.288950411104173,0.32037953038642797,10.95296211664269,0.3477408399418798,-0.08307971053502738,-0.14789139225880993,0.03579994047931656,0.021888674147890044,55.0,0.0,-0.4640734528346924,-0.1989941162397805,-0.6279204739384207,-0.4029962759698278,0.3136310234450513
26156,2023,Semiconductors/Hardware,HPE,-0.03040556946302369,1.0,0.0,0.0,0.0,0.0,0.0,0.0,0.0,0.0,0.0,0.0,0.05788275834720878,0.0,8.409328654423215,0.2896131792710035,10.953487161283544,0.37061921508932166,-0.07117114289581082,-0.12300316693786853,0.041100204713663324,0.018014085461627274,56.0,0.0,-0.4640734528346924,-0.1989941162397805,-0.6279204739384207,-0.4029962759698278,0.3136310234450513
26156,2024,Semiconductors/Hardware,HPE,-0.03989443209364173,1.0,0.0,0.0,0.0,0.0,0.0,0.0,0.0,0.0,0.0,0.6857201851234599,0.0,0.6857201851234599,9.381398315105146,0.10956045609175098,11.174118505002296,0.3482360865538436,0.018665713223484606,-0.07079509415958014,0.031517498807218436,0.02427554492911667,57.0,0.0,-0.4640734528346924,-0.1989941162397805,-0.6279204739384207,-0.4029962759698278,0.3136310234450513
26156,2025,Semiconductors/Hardware,HPE,-0.08101528726095947,1.0,0.0,0.0,0.0,0.0,0.0,0.0,0.0,0.0,0.0,0.8363770614085135,0.0,0.8363770614085135,10.063436788196967,0.05752262577918657,11.237251011642725,0.32524438120833665,0.26542213240367607,-0.07323531736621611,0.03317260822596369,0.028302731083369444,58.0,0.0,-0.4640734528346924,-0.1989941162397805,-0.6279204739384207,-0.4029962759698278,0.3136310234450513
16721,2022,Software,EA,-0.029815887465542847,0.0,0.0,0.0,0.0,0.0,0.0,0.0,0.0,0.0,0.0,0.7491942948278257,0.0,0.7491942948278257,9.660678840726744,0.08286360822188019,9.507403306233716,0.5418678950887882,1.5057211933178967,0.5663125046437328,0.17296976001188796,0.016553646669968742,48.0,0.0,-0.39744844197594303,-0.17004527827909008,-0.6110103972989658,-0.3072674721144954,-0.7525776838489204
17928,2016,Biotech,IQV,-0.04696407608584391,0.0,0.0,1.0,1.0,0.0,0.0,0.0,0.0,1.0,0.0,0.0,13.69675968597174,0.0,8.800853989370609,0.05875635098778417,9.962133747968862,0.40706337231233497,0.7293298652959554,-0.04569030554507733,0.0,,55.0,0.0,-0.10870499511987426,-0.09067038307046668,1.7199319385097669,-0.1329943474086712,-1.4422710595555694
17928,2017,Biotech,IQV,-0.005569458315347685,0.0,0.0,1.0,1.0,0.0,0.0,0.0,0.0,1.0,0.0,0.0,13.300296207626504,0.0,9.002498648263211,0.19696293009933333,10.031968714184668,0.35656494591504706,0.9212354479914961,0.030824026031131827,0.0,0.006110759738767859,56.0,0.0,-0.10870499511987426,-0.09067038307046668,1.7199319385097669,-0.1329943474086712,-1.4422710595555694
17928,2018,Biotech,IQV,-0.07724226122584595,0.0,0.0,1.0,1.0,0.0,0.0,0.0,0.0,1.0,0.0,0.2446793057539505,3.4775780461283436,0.24467930575395053,9.679420199648611,0.10009242284094075,10.023445998049512,0.2977515632622289,1.2288430423265797,0.02585480509113486,0.0,0.01621547802612212,57.0,0.0,-0.10870499511987426,-0.09067038307046668,1.7199319385097669,-0.1329943474086712,-1.4422710595555694
17928,2019,Biotech,IQV,-0.08622576713879442,0.0,0.0,1.0,1.0,0.0,0.0,0.0,0.0,1.0,0.0,0.306151787035187,2.231567516622712,0.306151787035187,9.978404793572007,0.07814427039206298,10.054103420843255,0.2581824437658595,1.5993008485052178,0.029547116253064384,0.0,0.014690424802703198,58.0,0.0,-0.10870499511987426,-0.09067038307046668,1.7199319385097669,-0.1329943474086712,-1.4422710595555694
17928,2020,Biotech,IQV,-0.07080180073487408,0.0,0.0,1.0,1.0,0.0,0.0,0.0,0.0,1.0,0.0,0.3370164283883212,2.6966722105240466,0.3370164283883212,10.113633479510977,0.06659327357011313,10.10903723544929,0.2443006025077349,1.7419736754395945,0.04364110079791565,0.0,0.03118568011683187,59.0,0.0,-0.10870499511987426,-0.09067038307046668,1.7199319385097669,-0.1329943474086712,-1.4422710595555694
17928,2021,Biotech,IQV,-0.05247757384090797,0.0,0.0,1.0,1.0,0.0,0.0,0.0,0.0,1.0,0.0,0.502447800437545,6.136904105623897,0.502447800437545,10.24282396918913,0.06410185185976566,10.114113079291366,0.24472437117744744,2.1860900309198406,0.07440560573534773,0.0,0.013427801653971323,60.0,0.0,-0.10870499511987426,-0.09067038307046668,1.7199319385097669,-0.1329943474086712,-1.4422710595555694
17928,2022,Biotech,IQV,-0.04634470981918154,0.0,0.0,1.0,1.0,0.0,0.0,0.0,0.0,1.0,0.0,0.5449861543034837,3.117448653571933,0.5449861543034837,10.299383252897371,0.06057692045580632,10.140021056969097,0.22753285708647433,1.8870452854146085,0.10289300232861033,0.0,0.023345470461184195,61.0,0.0,-0.10870499511987426,-0.09067038307046668,1.7199319385097669,-0.1329943474086712,-1.4422710595555694
17928,2023,Biotech,IQV,-0.014939137905931245,0.0,0.0,1.0,1.0,0.0,0.0,0.0,0.0,1.0,0.0,0.6964882792632073,0.6627800057569888,0.6964882792632073,10.067050087288456,0.07642020584207,10.191706980586526,0.2290768711817398,1.927307703459292,0.14336044376147822,0.0,0.016214838701114127,62.0,0.0,-0.10870499511987426,-0.09067038307046668,1.7199319385097669,-0.1329943474086712,-1.4422710595555694
17928,2024,Biotech,IQV,-0.025042038402337652,0.0,0.0,1.0,1.0,0.0,0.0,0.0,0.0,1.0,0.0,0.605178913720096,3.0109152942610375,0.605178913720096,10.166821577403198,0.0691636645153437,10.199844390177743,0.2255474181196327,1.7411458081595383,0.18688427079073572,0.0,0.018856554914424,63.0,0.0,-0.10870499511987426,-0.09067038307046668,1.7199319385097669,-0.1329943474086712,-1.4422710595555694
17928,2025,Biotech,IQV,-0.03634810222884313,0.0,0.0,1.0,1.0,0.0,0.0,0.0,0.0,1.0,0.0,0.5740115575993743,2.9823687586414027,0.5740115575993743,10.219698661766055,0.06560149997100778,10.307084249584264,0.21717205450173657,1.7713448016825197,0.21647074539139727,0.0,0.02407056231086806,64.0,0.0,-0.10870499511987426,-0.09067038307046668,1.7199319385097669,-0.1329943474086712,-1.4422710595555694
18888,2018,Biotech,AMRX,-0.12772130421616737,1.0,0.0,0.0,0.0,0.0,0.0,0.0,0.0,0.0,0.0,0.4279424382724635,0.0,0.4279424382724635,9.36595897387846,0.05431578154548112,8.378559891884061,0.11556800136741581,1.2313890584863731,-0.00658781051733898,0.053632703660410376,0.032449982946631255,51.0,0.0,-0.4640734528346924,-0.1989941162397805,-0.6279204739384207,-0.4029962759698278,0.3136310234450513
15855,2023,Software,GEN,-0.026780224501191392,1.0,0.0,1.0,1.0,0.0,0.0,0.0,0.0,1.0,0.0,0.8713821355926225,0.0,0.8713821355926225,9.639706039245802,0.06183757715946421,9.665991494997519,0.13929748922140503,1.8487594052638372,-0.0380420999239158,0.021049961957900078,0.019504287502174235,51.0,0.0,-0.17533000597862355,-0.1196192210311571,1.7030218618703117,-0.22872315126400367,-0.37606235226159784
18699,2024,Software,PTC,-0.017131193892161653,1.0,0.0,0.0,0.0,0.0,0.0,0.0,0.0,0.0,0.0,0.8517366840523386,0.0,0.8517366840523386,9.705030699160652,0.04878077632532339,8.761478394701438,0.5035445838689555,1.9100040158262894,0.19548535906868003,0.06783804351878628,0.013653273685351809,47.0,0.0,-0.4640734528346924,-0.1989941162397805,-0.6279204739384207,-0.4029962759698278,0.3136310234450513
15855,2024,Software,GEN,-0.03458757091738645,1.0,0.0,1.0,1.0,0.0,0.0,0.0,0.0,1.0,0.0,0.8810141910352894,0.0,0.8810141910352894,10.021723685528409,0.042203095779215084,9.648272670221848,0.14643433365601807,1.9764275680296075,-0.001936108422071636,0.02123265569538561,0.018957008045954543,52.0,0.0,-0.17533000597862355,-0.1196192210311571,1.7030218618703117,-0.22872315126400367,-0.37606235226159784
15855,2022,Software,GEN,-0.004811553625523615,1.0,0.0,1.0,1.0,0.0,0.0,0.0,0.0,1.0,0.0,0.922694798113696,0.0,0.9226947981136959,10.138218272571013,0.03718205945713327,9.677026002747972,0.1379569825045463,1.6078366310671266,-0.12190380635856274,0.019627516147237727,0.018318823064541287,50.0,0.0,-0.17533000597862355,-0.1196192210311571,1.7030218618703117,-0.22872315126400367,-0.37606235226159784
16401,2017,Semiconductors/Hardware,CRUS,0.05014578863819236,1.0,0.0,0.0,0.0,1.0,0.0,0.0,0.0,1.0,0.0,0.4477543609005851,1.0793177611810671,0.4477543609005851,8.689667085419812,0.13060686015831136,7.265511538088846,0.8123307393730723,0.7733318947110908,-0.07522950919400301,0.2562335808888364,0.020088853858789675,48.0,0.0,-0.504471572595048,-0.4084915695082569,-0.5833399511421452,1.7235308732517858,-0.6090680331422544
16721,2023,Software,EA,0.029021639845178054,0.0,0.0,0.0,0.0,0.0,0.0,0.0,0.0,0.0,0.0,0.7739244633299058,0.0,0.7739244633299058,10.053214160573463,0.05596131575040272,9.504501410525673,0.5598360655737705,1.5485299529470646,0.5432190760059612,0.18032786885245902,0.012920350456706364,49.0,0.0,-0.39744844197594303,-0.17004527827909008,-0.6110103972989658,-0.3072674721144954,-0.7525776838489204
16721,2024,Software,EA,0.014552299975323174,0.0,0.0,0.0,0.0,0.0,0.0,0.0,0.0,0.0,0.0,0.8421568606577795,0.0,0.8421568606577795,10.326459681194175,0.042581297933644256,9.422867770827203,0.5163324708926261,1.7422328399165674,0.6072121604139715,0.20771345407503233,0.011382887203445739,50.0,0.0,-0.39744844197594303,-0.17004527827909008,-0.6110103972989658,-0.3072674721144954,-0.7525776838489204
14256,2015,Semiconductors/Hardware,MXIM,-0.010398920371626576,1.0,0.0,0.0,0.0,0.0,0.0,0.0,0.0,1.0,0.0,0.7274114574624921,1.4008679201404832,0.7274114574624921,8.681197167686008,0.12731079705895085,8.349575165950162,0.5415827890749753,1.4586829821202212,0.5349272913718338,0.1255023195622725,0.018164707656393844,57.0,0.0,-0.33189708189585243,-0.23970905630937728,-0.620337517264564,-0.33942115202079487,-0.18132061024437243
14256,2016,Semiconductors/Hardware,MXIM,0.0013314176767221172,1.0,0.0,0.0,0.0,0.0,0.0,0.0,0.0,1.0,0.0,0.5723584102105115,1.9618895873093694,0.5723584102105115,8.487683017992293,0.12359398962428458,8.351047930011713,0.497758002142343,1.570117631307622,0.4976909358487287,0.11683774868842889,0.014939357260315476,58.0,0.0,-0.33189708189585243,-0.23970905630937728,-0.620337517264564,-0.33942115202079487,-0.18132061024437243
14256,2017,Semiconductors/Hardware,MXIM,0.061944893985745667,1.0,0.0,0.0,0.0,0.0,0.0,0.0,0.0,1.0,0.0,0.5729285877123425,1.4095454532337583,0.5729285877123425,8.792415816312648,0.10024120159432112,8.427319467271289,0.48196536150345065,1.7521372543149232,0.48190343905879635,0.09933344755070474,0.01234898518933464,59.0,0.0,-0.33189708189585243,-0.23970905630937728,-0.620337517264564,-0.33942115202079487,-0.18132061024437243
14256,2018,Semiconductors/Hardware,MXIM,0.016250097701718286,1.0,0.0,0.0,0.0,0.0,0.0,0.0,0.0,1.0,0.0,0.6085264778820167,0.6413071038521716,0.6085264778820167,8.997771956283984,0.08657955114686984,8.401010100165934,0.4337669415290502,2.1360026085797776,0.4337042668852567,0.10129997095400917,0.02063096531645335,60.0,0.0,-0.33189708189585243,-0.23970905630937728,-0.620337517264564,-0.33942115202079487,-0.18132061024437243
14256,2019,Semiconductors/Hardware,MXIM,0.12657715483199686,1.0,0.0,0.0,0.0,0.0,0.0,0.0,0.0,1.0,0.0,0.7660706151774128,0.5886183894306352,0.7660706151774128,9.120829692512304,0.08749112101826541,8.227905029893618,0.4928645490282806,2.1762137149824423,0.4927918991063525,0.11624575118149606,0.017172933922495682,61.0,0.0,-0.33189708189585243,-0.23970905630937728,-0.620337517264564,-0.33942115202079487,-0.18132061024437243
14256,2020,Semiconductors/Hardware,MXIM,0.09823122517296004,1.0,0.0,0.0,0.0,0.0,0.0,0.0,0.0,1.0,0.0,0.7137976931657536,0.0,0.7137976931657536,8.89979614063102,0.11254380511832855,8.196795897803137,0.45668741353367304,2.2779081865248987,0.4566141212238273,0.12128113855470321,0.02746553543466165,62.0,0.0,-0.33189708189585243,-0.23970905630937728,-0.620337517264564,-0.33942115202079487,-0.18132061024437243
15414,2022,Biotech,TECH,0.02914654669715583,1.0,0.0,1.0,0.0,0.0,0.0,0.0,0.0,1.0,0.0,0.5025563821724012,11.618863996408717,0.5025563821724012,9.640208619887204,0.07696536558548653,7.738403151564457,0.7415749922106671,2.0765184302273543,0.45656210440538525,0.03797272535139152,0.026134121472415717,62.0,0.0,-0.3380658161690637,-0.2226681896520303,-0.4972407948776628,-0.41223923039133614,-0.1021530084299651
15414,2023,Biotech,TECH,0.04227094870938583,1.0,0.0,1.0,0.0,0.0,0.0,0.0,0.0,1.0,0.0,0.9588213614649234,3.86731272726274,0.9588213614649234,10.328253331916263,0.03871877665144639,7.878038618816748,0.7452616675231516,1.8785047527233305,0.47121717881435193,0.03505259423987339,0.020006999913361242,63.0,0.0,-0.3380658161690637,-0.2226681896520303,-0.4972407948776628,-0.41223923039133614,-0.1021530084299651
16401,2015,Semiconductors/Hardware,CRUS,0.04547797997675765,1.0,0.0,0.0,0.0,1.0,0.0,0.0,0.0,1.0,0.0,0.4140729359685796,3.0238183475411646,0.41407293596857964,8.725886438165741,0.1068935374456097,7.074864208295154,0.7272149612102043,0.9757568130386104,-0.34074692672624957,0.2277865067862047,0.029819131270360857,46.0,0.0,-0.504471572595048,-0.4084915695082569,-0.5833399511421452,1.7235308732517858,-0.6090680331422544
16401,2016,Semiconductors/Hardware,CRUS,0.13241326071736093,1.0,0.0,0.0,0.0,1.0,0.0,0.0,0.0,1.0,0.0,0.3925093635002094,3.522479560966715,0.39250936350020943,8.899993652554329,0.0983580442085689,7.25380295299614,0.8147976257012883,1.2202733631727942,-0.24338188995875396,0.21483158468166993,0.029531756867722962,47.0,0.0,-0.504471572595048,-0.4084915695082569,-0.5833399511421452,1.7235308732517858,-0.6090680331422544
16401,2018,Semiconductors/Hardware,CRUS,-0.022198461080143228,1.0,0.0,0.0,0.0,1.0,0.0,0.0,0.0,1.0,0.0,0.4405841116880774,2.5520431264826713,0.4405841116880774,8.499298227372908,0.162888966125407,7.209813517378425,0.8429737402413058,0.7770983308507033,-0.11141619351786135,0.27733839011118994,0.02514843302304502,49.0,0.0,-0.504471572595048,-0.4084915695082569,-0.5833399511421452,1.7235308732517858,-0.6090680331422544
16401,2019,Semiconductors/Hardware,CRUS,0.005704131731194481,1.0,0.0,0.0,0.0,1.0,0.0,0.0,0.0,1.0,0.0,0.3483608146858279,2.39686682962216,0.3483608146858279,8.71782459519739,0.13091423464838317,7.37317152726692,0.7721458902213066,1.1340498950175104,-0.14032726032962115,0.21827840798856266,0.025355581816826404,50.0,0.0,-0.504471572595048,-0.4084915695082569,-0.5833399511421452,1.7235308732517858,-0.6090680331422544
16401,2020,Semiconductors/Hardware,CRUS,0.03656749207144039,1.0,0.0,0.0,0.0,1.0,0.0,0.0,0.0,1.0,0.0,0.0,7.996425511021766,0.0,7.677358743680198,0.3206747849609294,7.512406708687195,0.758764545666099,1.2582596070768801,-0.11206622477485696,0.18723717834562612,0.036922866022796916,51.0,0.0,-0.504471572595048,-0.4084915695082569,-0.5833399511421452,1.7235308732517858,-0.6090680331422544
15855,2016,Software,GEN,-0.05821906614650776,1.0,0.0,0.0,0.0,0.0,0.0,0.0,0.0,0.0,0.0,0.0,51.71871412234062,0.0,7.489935702684697,0.37245277347750233,9.807747280255292,0.19186750302630132,1.6769888117895713,-0.034829976890062724,0.045284472323098936,0.051020256144273746,51.0,0.0,-0.4640734528346924,-0.1989941162397805,-0.6279204739384207,-0.4029962759698278,0.3136310234450513
15855,2017,Software,GEN,0.009084543575290371,1.0,0.0,0.0,0.0,0.0,0.0,0.0,0.0,0.0,0.0,0.9213183670968303,4.039755283459983,0.9213183670968305,9.761208352023504,0.05764492467278291,9.665166909622071,0.31873849863570025,1.1666783255738211,-0.04752839647185735,0.06066374769972714,0.03371948521502673,52.0,0.0,-0.4640734528346924,-0.1989941162397805,-0.6279204739384207,-0.4029962759698278,0.3136310234450513
15855,2018,Software,GEN,-0.0867833211518316,1.0,0.0,0.0,0.0,0.0,0.0,0.0,0.0,0.0,0.0,0.3392868371635801,13.480387637473372,0.33928683716358016,8.394129789129725,0.22619122477572012,9.676461473957694,0.36002007780148076,0.9259131616193584,0.02083071903626553,0.0572844773497302,0.056346810049229215,53.0,0.0,-0.4640734528346924,-0.1989941162397805,-0.6279204739384207,-0.4029962759698278,0.3136310234450513
15855,2019,Software,GEN,0.4080805408215752,1.0,0.0,1.0,1.0,0.0,0.0,0.0,0.0,1.0,0.0,0.9441541280017064,0.013618824682320885,0.9441541280017065,9.932876000462375,0.02761392705194297,8.953510763007166,0.001292824822236587,7.004899230943539,0.11971557853910796,0.042404654169360054,0.03561134830111478,47.0,0.0,-0.17533000597862355,-0.1196192210311571,1.7030218618703117,-0.22872315126400367,-0.37606235226159784
18699,2025,Software,PTC,0.02915684897802337,1.0,0.0,0.0,0.0,0.0,0.0,0.0,0.0,0.0,0.0,0.8932897703318785,0.0,0.8932897703318785,10.09885402819087,0.032901326577374934,8.797423367326942,0.5782272245605827,1.8472870757476525,0.30261326137510103,0.06916746307939405,0.02124782193783655,48.0,0.0,-0.4640734528346924,-0.1989941162397805,-0.6279204739384207,-0.4029962759698278,0.3136310234450513
19998,2021,Biotech,MEDP,0.017946967166014294,0.0,0.0,1.0,0.0,0.0,0.0,1.0,0.0,0.0,0.0,0.0,15.135411903457205,0.0,8.421165214056876,0.30990911218435674,7.414533723957442,0.5740754909077765,2.102004770802022,0.13864277818107337,0.0,0.022806139165697587,65.0,0.0,-0.41212809350075624,4.838698994161179,-0.2412914666970005,-0.9241561798236588,-1.0221493146687641
19998,2022,Biotech,MEDP,0.09201451829347725,0.0,0.0,1.0,0.0,0.0,0.0,1.0,0.0,0.0,0.0,0.0,0.0,0.0,8.714156860702982,0.2533875754927446,7.209706313856132,0.2856846051186881,2.8363110691071314,-0.2752091504959353,0.0,0.03924029783487411,66.0,0.0,-0.41212809350075624,4.838698994161179,-0.2412914666970005,-0.9241561798236588,-1.0221493146687641
22734,2015,Biotech,BXLT,0.018414474681719598,0.0,0.0,0.0,0.0,1.0,0.0,0.0,0.0,1.0,0.0,0.3714769189827054,0.3398245594069633,0.3714769189827054,8.427114423881573,0.11542193808411624,9.419709489868552,0.31827398815800145,1.910508951304861,-0.015086381701678968,0.0953848649525509,0.026649430338666777,53.0,0.0,-0.437846561736299,-0.3795427315475665,-0.5664298745026903,1.8192596771071183,-1.675276740436226
22734,2015,Biotech,BXLT,0.018414474681719598,0.0,0.0,0.0,0.0,1.0,0.0,0.0,0.0,1.0,0.0,0.2420551657911836,0.6532040396707669,0.24205516579118366,9.829842573184695,0.060238388217800955,9.419709489868552,0.31827398815800145,1.910508951304861,-0.015086381701678968,0.0953848649525509,0.026649430338666777,53.0,0.0,-0.437846561736299,-0.3795427315475665,-0.5664298745026903,1.8192596771071183,-1.675276740436226
23084,2015,Semiconductors/Hardware,BHE,-0.008752921978881618,1.0,0.0,0.0,0.0,0.0,0.0,0.0,0.0,0.0,0.0,0.4209620269041422,0.39171490389138,0.42096202690414225,8.067494024310824,0.27925653005550155,7.5463818577326025,0.6979879379769975,-0.24256834320715492,0.36532923451246596,0.0,0.015139504267183404,56.0,1.0,-0.4640734528346924,-0.1989941162397805,-0.6279204739384207,-0.4029962759698278,0.3136310234450513
23084,2016,Semiconductors/Hardware,BHE,-0.020341716303395152,1.0,0.0,1.0,1.0,0.0,0.0,0.0,0.0,0.0,0.0,0.7262599498959298,0.0,0.7262599498959298,7.758217271077831,0.2202695058973106,7.600236237665563,0.683187502876916,0.09700878991051234,0.3674642311779645,0.0,0.01673584632590455,62.0,0.0,-0.30750637691746363,-0.07890428096156032,1.6954389051964547,-0.2922982752130367,0.11888928142782612
23084,2017,Semiconductors/Hardware,BHE,-0.07836906091286136,1.0,0.0,1.0,1.0,0.0,0.0,0.0,0.0,0.0,0.0,0.4203378993578422,0.0,0.42033789935784227,8.3622410905369,0.23352040653100534,7.648414187812856,0.6335804268024338,0.07342673265589805,0.3288549132057767,0.0,0.015289626000362086,63.0,0.0,-0.30750637691746363,-0.07890428096156032,1.6954389051964547,-0.2922982752130367,0.11888928142782612
23084,2019,Semiconductors/Hardware,BHE,-0.0811298555720627,1.0,0.0,0.0,0.0,0.0,0.0,0.0,0.0,1.0,0.0,0.8178669953238458,0.0,0.8178669953238458,8.698055016653631,0.12974058159501994,7.472997494560355,0.5766503738335813,0.22416981122898322,0.2836095084079883,0.0,0.01648169200040311,54.0,0.0,-0.33189708189585243,-0.23970905630937728,-0.620337517264564,-0.33942115202079487,-0.18132061024437243
23084,2024,Semiconductors/Hardware,BHE,-0.04648535832338413,1.0,0.0,0.0,0.0,0.0,0.0,0.0,0.0,1.0,0.0,0.641770553274978,0.0,0.641770553274978,8.78636423709665,0.15350769628055763,7.668310609354007,0.5203700553035714,0.38371326292337016,0.26865093313091504,0.0,0.02667817622588649,59.0,0.0,-0.33189708189585243,-0.23970905630937728,-0.620337517264564,-0.33942115202079487,-0.18132061024437243
19998,2023,Biotech,MEDP,0.10485685826482416,0.0,0.0,1.0,0.0,0.0,0.0,1.0,0.0,0.0,0.0,0.0,14.379947279243222,0.0,7.406122214595511,0.989469214127802,7.412660209986856,0.33736151248047475,2.822931769574867,-0.1398557967393115,0.0,0.024590960967840022,67.0,0.0,-0.41212809350075624,4.838698994161179,-0.2412914666970005,-0.9241561798236588,-1.0221493146687641
24302,2018,Biotech,ALKS,-0.16506285990095637,1.0,1.0,0.0,0.0,0.0,0.0,0.0,0.0,0.0,0.0,0.2859056407901546,1.813485522404634,0.2859056407901546,9.744245718080178,0.058766864202574584,7.509339101625675,0.641797538310812,1.3671695737224807,-0.6513114744217419,0.2330982840065819,0.031128782325220938,56.0,0.0,-0.4755329544490174,-0.17733390111643768,-0.6042665717453427,-0.3997711596856314,0.7326001837308856
24302,2019,Biotech,ALKS,-0.20334690010682346,1.0,1.0,0.0,0.0,0.0,0.0,0.0,0.0,0.0,0.0,0.7265995210678692,0.3732284713680883,0.7265995210678692,9.591317891475123,0.07087446754480228,7.498539114544296,0.6012186752763787,1.0869876642656409,-0.7664792846804841,0.33201839146162937,0.026681946427580573,57.0,0.0,-0.4755329544490174,-0.17733390111643768,-0.6042665717453427,-0.3997711596856314,0.7326001837308856
24302,2020,Biotech,ALKS,-0.13901955348618447,1.0,1.0,0.0,0.0,0.0,0.0,0.0,0.0,0.0,0.0,0.3173101913002993,0.28202984890511984,0.31731019130029936,8.992396031311808,0.13351800402452116,7.575446180432647,0.54724602893734,1.0905560304292894,-0.7663614962071672,0.20238084247562485,0.032436736415898074,58.0,0.0,-0.4755329544490174,-0.17733390111643768,-0.6042665717453427,-0.3997711596856314,0.7326001837308856
24302,2021,Biotech,ALKS,-0.11539753380388498,1.0,1.0,0.0,0.0,0.0,0.0,0.0,0.0,0.0,0.0,0.3506091840153514,0.5925311543840405,0.35060918401535146,9.087787126940421,0.1250112472740903,7.613070132255014,0.5495642346395427,1.2195020009891524,-0.7630294929473387,0.20080474827165837,0.024075230920889163,59.0,0.0,-0.4755329544490174,-0.17733390111643768,-0.6042665717453427,-0.3997711596856314,0.7326001837308856
24302,2022,Biotech,ALKS,-0.16998918189084403,1.0,1.0,0.0,0.0,0.0,0.0,0.0,0.0,0.0,0.0,0.4030494158910671,0.44087387722446353,0.40304941589106713,9.241274150834082,0.11097652821767952,7.582727287222345,0.5314484174466312,1.414668499278478,-0.87077044651213,0.20053279619221803,0.025308036652844194,60.0,0.0,-0.4755329544490174,-0.17733390111643768,-0.6042665717453427,-0.3997711596856314,0.7326001837308856
24302,2023,Biotech,ALKS,0.10069873576600874,1.0,1.0,0.0,0.0,0.0,0.0,0.0,0.0,0.0,0.0,0.0,2.6737219728192954,0.0,7.867195151470368,0.4516721489337738,7.66679459537977,0.5629964661929021,1.3484367918793163,-0.630382689447684,0.12676860046914576,0.020763199565442158,61.0,0.0,-0.4755329544490174,-0.17733390111643768,-0.6042665717453427,-0.3997711596856314,0.7326001837308856
24302,2024,Biotech,ALKS,0.10248877227688687,1.0,1.0,0.0,0.0,0.0,0.0,0.0,0.0,0.0,0.0,0.3593673519002155,0.8207823106321241,0.35936735190021557,9.223374359311466,0.11986140230474339,7.628307001282265,0.712687545577449,1.15807904256372,-0.4759878904457991,0.11934711931063302,0.02242281651521726,62.0,0.0,-0.4755329544490174,-0.17733390111643768,-0.6042665717453427,-0.3997711596856314,0.7326001837308856
24468,2015,Biotech,BIIB,0.12272638928100105,1.0,1.0,0.0,0.0,1.0,0.0,0.0,0.0,0.0,0.0,0.7713010713397217,0.0,0.7713010713397217,9.733552129893589,0.091171435808094,9.878415868107105,0.48053812394897666,1.9664046582806876,0.6144333702473237,0.10319511094704893,0.025952406860844067,67.0,0.0,-0.6481074451482132,-0.3461164143153173,-0.5672690056229239,1.6631808655869496,0.3048527608330036
22039,2021,Biotech,SYNH,-0.0630953449633491,1.0,0.0,0.0,0.0,0.0,0.0,0.0,0.0,1.0,0.0,0.8502355786531428,0.0,0.8502355786531428,9.031753034299344,0.13328742508527097,9.016402769395905,0.41429118258103914,1.1385198891897819,-0.00759624785103191,0.0,0.01803850993494346,51.0,0.0,-0.33189708189585243,-0.23970905630937728,-0.620337517264564,-0.33942115202079487,-0.18132061024437243
22039,2020,Biotech,SYNH,-0.058250710022045536,1.0,0.0,0.0,0.0,0.0,0.0,0.0,0.0,1.0,0.0,0.783886697013599,0.19451641279045917,0.783886697013599,8.958919895215192,0.19869671322431806,8.99507892509971,0.40208222285003203,0.7812031002579414,-0.02736768268499298,0.0,0.04041444342688546,50.0,0.0,-0.33189708189585243,-0.23970905630937728,-0.620337517264564,-0.33942115202079487,-0.18132061024437243
19998,2024,Biotech,MEDP,0.11640055650141991,0.0,0.0,1.0,0.0,0.0,0.0,1.0,0.0,0.0,0.0,0.0,14.128715574482651,0.0,9.059519342704984,0.17628455574966373,7.650104919658239,0.39295461966636613,2.5095084121305953,-0.003130137762237096,0.0,0.02643668881980228,68.0,0.0,-0.41212809350075624,4.838698994161179,-0.2412914666970005,-0.9241561798236588,-1.0221493146687641
20228,2015,Biotech,CTLT,0.008337314752892414,1.0,0.0,0.0,0.0,0.0,0.0,0.0,0.0,1.0,1.0,0.0865365311762811,2.6547794780870766,0.0865365311762811,8.499313090880605,0.292365263304064,8.053696347056626,0.20156418897437528,1.749412771381076,-0.4263050804349209,0.0038786799771094293,0.020516585232937166,51.0,0.0,2.3817498717499115,-0.1953866599476667,-0.5022599177807368,-0.7450632873224258,-0.42013540304343333
20228,2016,Biotech,CTLT,-0.016315256689638936,1.0,0.0,0.0,0.0,0.0,0.0,0.0,0.0,1.0,1.0,0.1382560463734413,0.6375597975843973,0.13825604637344135,8.618266188789583,0.17625407485863068,8.036282293598449,0.2057196467277021,1.506025099512108,-0.43408495357639676,0.0024586716702791884,0.022823309011915847,52.0,0.0,2.3817498717499115,-0.1953866599476667,-0.5022599177807368,-0.7450632873224258,-0.42013540304343333
20228,2017,Biotech,CTLT,-0.03134169123788729,1.0,0.0,0.0,0.0,0.0,0.0,0.0,0.0,1.0,1.0,0.1422675474957777,1.6265992161685199,0.14226754749577777,8.75252061697142,0.15411084758595237,8.147375110754215,0.20944909243551516,1.8028142417239097,-0.36759980314390756,0.0020264597747734706,0.0183927597805284,53.0,0.0,2.3817498717499115,-0.1953866599476667,-0.5022599177807368,-0.7450632873224258,-0.42013540304343333
20228,2018,Biotech,CTLT,-0.07027809223044007,1.0,0.0,0.0,0.0,0.0,0.0,0.0,0.0,1.0,1.0,0.2704884993542178,1.1129724169563293,0.2704884993542178,9.050977515659337,0.1193415777819502,8.418720014606778,0.2398313875217938,1.6376783022347672,-0.2643728895853104,0.0013903908543179359,0.02039687776524141,54.0,0.0,2.3817498717499115,-0.1953866599476667,-0.5022599177807368,-0.7450632873224258,-0.42013540304343333
20228,2019,Biotech,CTLT,-0.07222183886251057,1.0,0.0,0.0,0.0,0.0,0.0,0.0,0.0,1.0,1.0,0.4871141905442721,0.6585011815050335,0.48711419054427213,9.049583066378066,0.12037599117884738,8.729720590267258,0.27192755498059507,1.547174882229056,-0.17420763260025873,0.0005336351875808538,0.017682512408196006,55.0,0.0,2.3817498717499115,-0.1953866599476667,-0.5022599177807368,-0.7450632873224258,-0.42013540304343333
20228,2020,Biotech,CTLT,-0.05377950896113201,1.0,0.0,0.0,0.0,0.0,0.0,0.0,0.0,1.0,1.0,0.5040489537916224,2.0356981277400275,0.5040489537916224,9.123277539117268,0.105159774584765,8.958861644484616,0.3727640969587861,1.4149572124354883,-0.11849803896354401,0.00033434064167684694,0.03293432456369081,56.0,0.0,2.3817498717499115,-0.1953866599476667,-0.5022599177807368,-0.7450632873224258,-0.42013540304343333
20228,2021,Biotech,CTLT,-0.027403256888502925,1.0,0.0,0.0,0.0,0.0,0.0,0.0,0.0,1.0,1.0,0.5317224457976341,1.1795635514399772,0.5317224457976341,9.439954066696425,0.08366245695242697,9.117347505127018,0.42965320456540823,1.5496937584476362,-0.03204565408252853,0.0023046532045654083,0.018728392570243765,57.0,0.0,2.3817498717499115,-0.1953866599476667,-0.5022599177807368,-0.7450632873224258,-0.42013540304343333
22325,2018,Semiconductors/Hardware,XLNX,0.08399342261409137,1.0,0.0,0.0,0.0,0.0,0.0,0.0,0.0,1.0,1.0,0.6345436216872513,0.0,0.6345436216872513,8.793279340269507,0.10622465877983983,8.547013706980678,0.5554874180505763,2.420332828548065,0.28129122707299137,0.1442393330833017,0.023162847990021874,58.0,0.0,2.3817498717499115,-0.1953866599476667,-0.5022599177807368,-0.7450632873224258,-0.42013540304343333
22325,2019,Semiconductors/Hardware,XLNX,0.07446313058531642,1.0,0.0,0.0,0.0,0.0,0.0,0.0,0.0,1.0,1.0,0.8308646963194197,0.0,0.8308646963194197,9.325653871949003,0.07908394856932459,8.453898483089368,0.49326321118420297,2.1051424007407595,0.39493438992409235,0.18187263041581955,0.025783416238799924,59.0,0.0,2.3817498717499115,-0.1953866599476667,-0.5022599177807368,-0.7450632873224258,-0.42013540304343333
22325,2020,Semiconductors/Hardware,XLNX,0.034978084052151054,1.0,0.0,0.0,0.0,0.0,0.0,0.0,0.0,1.0,1.0,0.8162953954081537,0.0,0.8162953954081537,9.588860982235843,0.06506301627075364,8.615988382417562,0.5230758944999466,2.356065861284409,0.21153931520160255,0.16390760184309286,0.030977615359701966,60.0,0.0,2.3817498717499115,-0.1953866599476667,-0.5022599177807368,-0.7450632873224258,-0.42013540304343333
22039,2016,Biotech,SYNH,0.035024686008322474,1.0,0.0,0.0,0.0,0.0,0.0,0.0,0.0,1.0,0.0,0.5633986605250051,1.1694058989772589,0.5633986605250051,8.38314921029782,0.13338538286362978,7.161239462751315,0.23397078944856334,2.2386211580546322,-0.2112840675293188,0.0,,46.0,0.0,-0.33189708189585243,-0.23970905630937728,-0.620337517264564,-0.33942115202079487,-0.18132061024437243
22039,2017,Biotech,SYNH,-0.08213331093322095,1.0,0.0,0.0,0.0,0.0,0.0,0.0,0.0,1.0,0.0,0.724006205032509,0.3321983675163209,0.724006205032509,8.677622519216275,0.14526273433690956,8.89369172321579,0.41485508862569137,0.40976587449943463,-0.053920007049264,0.0,,47.0,0.0,-0.33189708189585243,-0.23970905630937728,-0.620337517264564,-0.33942115202079487,-0.18132061024437243
22039,2018,Biotech,SYNH,-0.08538110736396197,1.0,0.0,0.0,0.0,0.0,0.0,0.0,0.0,1.0,0.0,0.8016586912415916,0.21054118723231316,0.8016586912415916,8.932434621839622,0.134286731341506,8.88943362216588,0.3936843315333107,0.35360236487344765,-0.075470002449376,0.0,0.02779497101365246,48.0,0.0,-0.33189708189585243,-0.23970905630937728,-0.620337517264564,-0.33942115202079487,-0.18132061024437243
22039,2019,Biotech,SYNH,-0.07683091432737008,1.0,0.0,0.0,0.0,0.0,0.0,0.0,0.0,1.0,0.0,0.7678784006916998,0.4064989556180797,0.7678784006916998,8.93542433253207,0.13176220344509784,8.916478577648673,0.40645791841605516,0.7124539624477325,-0.05538869797197266,0.0,0.026187448121025088,49.0,0.0,-0.33189708189585243,-0.23970905630937728,-0.620337517264564,-0.33942115202079487,-0.18132061024437243
